community,sku_from,sku_to,elasticity_cross
Agrícola_|_Implementos_Community_02,Firestone_Agrícola_Implementos_0000,BFGoodrich_Agrícola_Implementos_0021,0.3606
Agrícola_|_Implementos_Community_02,Firestone_Agrícola_Implementos_0064,BFGoodrich_Agrícola_Implementos_0021,0.203
Agrícola_|_Implementos_Community_02,General Tire_Agrícola_Implementos_0028,BFGoodrich_Agrícola_Implementos_0021,0.0987
Agrícola_|_Implementos_Community_02,Hankook_Agrícola_Implementos_0006,BFGoodrich_Agrícola_Implementos_0021,0.5623
Agrícola_|_Implementos_Community_02,Toyo Tires_Agrícola_Implementos_0032,BFGoodrich_Agrícola_Implementos_0021,0.4919
Agrícola_|_Implementos_Community_02,Hankook_Agrícola_Implementos_0006,Bridgestone_Agrícola_Implementos_0076,0.172
Agrícola_|_Implementos_Community_02,Hankook_Agrícola_Implementos_0010,Bridgestone_Agrícola_Implementos_0076,0.6096
Agrícola_|_Implementos_Community_02,Hankook_Agrícola_Implementos_0013,Bridgestone_Agrícola_Implementos_0076,0.6993
Agrícola_|_Implementos_Community_02,Nokian_Agrícola_Implementos_0068,Bridgestone_Agrícola_Implementos_0076,0.0907
Agrícola_|_Implementos_Community_02,Roadmarch_Agrícola_Implementos_0023,Bridgestone_Agrícola_Implementos_0076,0.2901
Agrícola_|_Implementos_Community_02,Falken_Agrícola_Implementos_0034,Continental_Agrícola_Implementos_0071,0.1229
Agrícola_|_Implementos_Community_02,Nokian_Agrícola_Implementos_0011,Continental_Agrícola_Implementos_0071,0.0977
Agrícola_|_Implementos_Community_02,Roadmarch_Agrícola_Implementos_0004,Continental_Agrícola_Implementos_0071,0.4223
Agrícola_|_Implementos_Community_02,Toyo Tires_Agrícola_Implementos_0043,Continental_Agrícola_Implementos_0071,0.9135
Agrícola_|_Implementos_Community_02,Triangle_Agrícola_Implementos_0047,Continental_Agrícola_Implementos_0071,0.0531
Agrícola_|_Implementos_Community_02,Firestone_Agrícola_Implementos_0000,Dunlop_Agrícola_Implementos_0058,0.4013
Agrícola_|_Implementos_Community_02,Firestone_Agrícola_Implementos_0070,Dunlop_Agrícola_Implementos_0058,0.2126
Agrícola_|_Implementos_Community_02,General Tire_Agrícola_Implementos_0028,Dunlop_Agrícola_Implementos_0058,0.3948
Agrícola_|_Implementos_Community_02,General Tire_Agrícola_Implementos_0054,Dunlop_Agrícola_Implementos_0058,0.2206
Agrícola_|_Implementos_Community_02,Kumho_Agrícola_Implementos_0003,Dunlop_Agrícola_Implementos_0058,0.1872
Agrícola_|_Implementos_Community_02,Toyo Tires_Agrícola_Implementos_0032,Dunlop_Agrícola_Implementos_0058,0.1965
Agrícola_|_Implementos_Community_02,Uniroyal_Agrícola_Implementos_0055,Dunlop_Agrícola_Implementos_0058,0.0713
Agrícola_|_Implementos_Community_02,General Tire_Agrícola_Implementos_0028,Falken_Agrícola_Implementos_0034,0.6471
Agrícola_|_Implementos_Community_02,Goodyear_Agrícola_Implementos_0007,Falken_Agrícola_Implementos_0034,0.1472
Agrícola_|_Implementos_Community_02,Roadmarch_Agrícola_Implementos_0023,Falken_Agrícola_Implementos_0034,0.2083
Agrícola_|_Implementos_Community_02,Tracmax_Agrícola_Implementos_0036,Falken_Agrícola_Implementos_0034,0.1006
Agrícola_|_Implementos_Community_02,Triangle_Agrícola_Implementos_0047,Falken_Agrícola_Implementos_0034,0.2355
Agrícola_|_Implementos_Community_02,Vredestein_Agrícola_Implementos_0062,Falken_Agrícola_Implementos_0034,0.36
Agrícola_|_Implementos_Community_02,Wanli_Agrícola_Implementos_0063,Falken_Agrícola_Implementos_0034,0.0827
Agrícola_|_Implementos_Community_02,BFGoodrich_Agrícola_Implementos_0021,Firestone_Agrícola_Implementos_0000,0.6258
Agrícola_|_Implementos_Community_02,Bridgestone_Agrícola_Implementos_0076,Firestone_Agrícola_Implementos_0000,0.1519
Agrícola_|_Implementos_Community_02,Dunlop_Agrícola_Implementos_0058,Firestone_Agrícola_Implementos_0000,0.101
Agrícola_|_Implementos_Community_02,General Tire_Agrícola_Implementos_0020,Firestone_Agrícola_Implementos_0000,0.0573
Agrícola_|_Implementos_Community_02,General Tire_Agrícola_Implementos_0028,Firestone_Agrícola_Implementos_0000,0.0501
Agrícola_|_Implementos_Community_02,Goodyear_Agrícola_Implementos_0007,Firestone_Agrícola_Implementos_0000,0.1333
Agrícola_|_Implementos_Community_02,Nokian_Agrícola_Implementos_0068,Firestone_Agrícola_Implementos_0000,0.1631
Agrícola_|_Implementos_Community_02,Toyo Tires_Agrícola_Implementos_0043,Firestone_Agrícola_Implementos_0000,0.0978
Agrícola_|_Implementos_Community_02,Tracmax_Agrícola_Implementos_0036,Firestone_Agrícola_Implementos_0000,0.243
Agrícola_|_Implementos_Community_02,Triangle_Agrícola_Implementos_0060,Firestone_Agrícola_Implementos_0000,0.1244
Agrícola_|_Implementos_Community_02,General Tire_Agrícola_Implementos_0054,Firestone_Agrícola_Implementos_0064,0.3361
Agrícola_|_Implementos_Community_02,Kumho_Agrícola_Implementos_0003,Firestone_Agrícola_Implementos_0064,0.2498
Agrícola_|_Implementos_Community_02,Toyo Tires_Agrícola_Implementos_0032,Firestone_Agrícola_Implementos_0064,0.0672
Agrícola_|_Implementos_Community_02,Toyo Tires_Agrícola_Implementos_0043,Firestone_Agrícola_Implementos_0064,1.0392
Agrícola_|_Implementos_Community_02,Tracmax_Agrícola_Implementos_0036,Firestone_Agrícola_Implementos_0064,0.055
Agrícola_|_Implementos_Community_02,Continental_Agrícola_Implementos_0071,Firestone_Agrícola_Implementos_0070,0.1684
Agrícola_|_Implementos_Community_02,General Tire_Agrícola_Implementos_0028,Firestone_Agrícola_Implementos_0070,0.2946
Agrícola_|_Implementos_Community_02,Michelin_Agrícola_Implementos_0051,Firestone_Agrícola_Implementos_0070,0.7865
Agrícola_|_Implementos_Community_02,Toyo Tires_Agrícola_Implementos_0052,Firestone_Agrícola_Implementos_0070,0.4481
Agrícola_|_Implementos_Community_02,Bridgestone_Agrícola_Implementos_0076,Firestone_Agrícola_Implementos_0073,0.7162
Agrícola_|_Implementos_Community_02,Dunlop_Agrícola_Implementos_0058,Firestone_Agrícola_Implementos_0073,0.075
Agrícola_|_Implementos_Community_02,General Tire_Agrícola_Implementos_0020,Firestone_Agrícola_Implementos_0073,0.0508
Agrícola_|_Implementos_Community_02,General Tire_Agrícola_Implementos_0028,Firestone_Agrícola_Implementos_0073,0.3019
Agrícola_|_Implementos_Community_02,Kumho_Agrícola_Implementos_0003,Firestone_Agrícola_Implementos_0073,0.2466
Agrícola_|_Implementos_Community_02,Vredestein_Agrícola_Implementos_0062,Firestone_Agrícola_Implementos_0073,0.149
Agrícola_|_Implementos_Community_02,Wanli_Agrícola_Implementos_0008,Firestone_Agrícola_Implementos_0073,0.0603
Agrícola_|_Implementos_Community_02,Bridgestone_Agrícola_Implementos_0076,Fulda_Agrícola_Implementos_0018,0.0994
Agrícola_|_Implementos_Community_02,General Tire_Agrícola_Implementos_0054,Fulda_Agrícola_Implementos_0018,0.8225
Agrícola_|_Implementos_Community_02,Triangle_Agrícola_Implementos_0060,Fulda_Agrícola_Implementos_0018,0.12
Agrícola_|_Implementos_Community_02,Wanli_Agrícola_Implementos_0008,Fulda_Agrícola_Implementos_0018,0.7001
Agrícola_|_Implementos_Community_02,Firestone_Agrícola_Implementos_0064,Fulda_Agrícola_Implementos_0027,0.1697
Agrícola_|_Implementos_Community_02,Fulda_Agrícola_Implementos_0077,Fulda_Agrícola_Implementos_0027,0.5483
Agrícola_|_Implementos_Community_02,General Tire_Agrícola_Implementos_0028,Fulda_Agrícola_Implementos_0027,0.8518
Agrícola_|_Implementos_Community_02,Toyo Tires_Agrícola_Implementos_0052,Fulda_Agrícola_Implementos_0027,0.2943
Agrícola_|_Implementos_Community_02,Tracmax_Agrícola_Implementos_0036,Fulda_Agrícola_Implementos_0027,0.0749
Agrícola_|_Implementos_Community_02,Firestone_Agrícola_Implementos_0064,Fulda_Agrícola_Implementos_0077,0.214
Agrícola_|_Implementos_Community_02,Firestone_Agrícola_Implementos_0073,Fulda_Agrícola_Implementos_0077,0.2922
Agrícola_|_Implementos_Community_02,Goodyear_Agrícola_Implementos_0007,Fulda_Agrícola_Implementos_0077,0.3814
Agrícola_|_Implementos_Community_02,Hankook_Agrícola_Implementos_0010,Fulda_Agrícola_Implementos_0077,0.0776
Agrícola_|_Implementos_Community_02,Hankook_Agrícola_Implementos_0013,Fulda_Agrícola_Implementos_0077,0.068
Agrícola_|_Implementos_Community_02,Triangle_Agrícola_Implementos_0060,Fulda_Agrícola_Implementos_0077,0.5995
Agrícola_|_Implementos_Community_02,Bridgestone_Agrícola_Implementos_0076,General Tire_Agrícola_Implementos_0020,0.285
Agrícola_|_Implementos_Community_02,Continental_Agrícola_Implementos_0071,General Tire_Agrícola_Implementos_0020,0.2267
Agrícola_|_Implementos_Community_02,Firestone_Agrícola_Implementos_0070,General Tire_Agrícola_Implementos_0020,0.1861
Agrícola_|_Implementos_Community_02,Nokian_Agrícola_Implementos_0068,General Tire_Agrícola_Implementos_0020,0.3998
Agrícola_|_Implementos_Community_02,Toyo Tires_Agrícola_Implementos_0052,General Tire_Agrícola_Implementos_0020,0.1065
Agrícola_|_Implementos_Community_02,Triangle_Agrícola_Implementos_0047,General Tire_Agrícola_Implementos_0020,0.1879
Agrícola_|_Implementos_Community_02,Wanli_Agrícola_Implementos_0008,General Tire_Agrícola_Implementos_0020,0.1807
Agrícola_|_Implementos_Community_02,Firestone_Agrícola_Implementos_0073,General Tire_Agrícola_Implementos_0028,0.2498
Agrícola_|_Implementos_Community_02,Fulda_Agrícola_Implementos_0077,General Tire_Agrícola_Implementos_0028,0.2404
Agrícola_|_Implementos_Community_02,Nokian_Agrícola_Implementos_0011,General Tire_Agrícola_Implementos_0028,0.8741
Agrícola_|_Implementos_Community_02,Uniroyal_Agrícola_Implementos_0055,General Tire_Agrícola_Implementos_0028,0.1592
Agrícola_|_Implementos_Community_02,Wanli_Agrícola_Implementos_0063,General Tire_Agrícola_Implementos_0028,0.1793
Agrícola_|_Implementos_Community_02,Continental_Agrícola_Implementos_0071,General Tire_Agrícola_Implementos_0054,0.715
Agrícola_|_Implementos_Community_02,Firestone_Agrícola_Implementos_0073,General Tire_Agrícola_Implementos_0054,0.1442
Agrícola_|_Implementos_Community_02,Fulda_Agrícola_Implementos_0077,General Tire_Agrícola_Implementos_0054,0.2197
Agrícola_|_Implementos_Community_02,Hankook_Agrícola_Implementos_0010,General Tire_Agrícola_Implementos_0054,0.2273
Agrícola_|_Implementos_Community_02,Roadmarch_Agrícola_Implementos_0004,General Tire_Agrícola_Implementos_0054,0.2187
Agrícola_|_Implementos_Community_02,Wanli_Agrícola_Implementos_0008,General Tire_Agrícola_Implementos_0054,0.2582
Agrícola_|_Implementos_Community_02,Bridgestone_Agrícola_Implementos_0076,Goodyear_Agrícola_Implementos_0007,0.2469
Agrícola_|_Implementos_Community_02,Firestone_Agrícola_Implementos_0073,Goodyear_Agrícola_Implementos_0007,0.5094
Agrícola_|_Implementos_Community_02,Fulda_Agrícola_Implementos_0077,Goodyear_Agrícola_Implementos_0007,0.2068
Agrícola_|_Implementos_Community_02,General Tire_Agrícola_Implementos_0028,Goodyear_Agrícola_Implementos_0007,0.6163
Agrícola_|_Implementos_Community_02,Kumho_Agrícola_Implementos_0003,Goodyear_Agrícola_Implementos_0007,0.0812
Agrícola_|_Implementos_Community_02,Wanli_Agrícola_Implementos_0008,Goodyear_Agrícola_Implementos_0007,0.1496
Agrícola_|_Implementos_Community_02,Firestone_Agrícola_Implementos_0073,Hankook_Agrícola_Implementos_0006,0.3661
Agrícola_|_Implementos_Community_02,Fulda_Agrícola_Implementos_0027,Hankook_Agrícola_Implementos_0006,0.352
Agrícola_|_Implementos_Community_02,General Tire_Agrícola_Implementos_0028,Hankook_Agrícola_Implementos_0006,0.0771
Agrícola_|_Implementos_Community_02,Hankook_Agrícola_Implementos_0010,Hankook_Agrícola_Implementos_0006,0.2415
Agrícola_|_Implementos_Community_02,Nokian_Agrícola_Implementos_0011,Hankook_Agrícola_Implementos_0006,0.4152
Agrícola_|_Implementos_Community_02,Roadmarch_Agrícola_Implementos_0023,Hankook_Agrícola_Implementos_0006,0.1014
Agrícola_|_Implementos_Community_02,Triangle_Agrícola_Implementos_0060,Hankook_Agrícola_Implementos_0006,0.1358
Agrícola_|_Implementos_Community_02,Falken_Agrícola_Implementos_0034,Hankook_Agrícola_Implementos_0010,0.252
Agrícola_|_Implementos_Community_02,Fulda_Agrícola_Implementos_0027,Hankook_Agrícola_Implementos_0010,0.2849
Agrícola_|_Implementos_Community_02,Hankook_Agrícola_Implementos_0013,Hankook_Agrícola_Implementos_0010,0.3876
Agrícola_|_Implementos_Community_02,Kumho_Agrícola_Implementos_0001,Hankook_Agrícola_Implementos_0010,0.4207
Agrícola_|_Implementos_Community_02,Triangle_Agrícola_Implementos_0047,Hankook_Agrícola_Implementos_0010,0.3712
Agrícola_|_Implementos_Community_02,BFGoodrich_Agrícola_Implementos_0021,Hankook_Agrícola_Implementos_0013,0.2811
Agrícola_|_Implementos_Community_02,Dunlop_Agrícola_Implementos_0058,Hankook_Agrícola_Implementos_0013,0.118
Agrícola_|_Implementos_Community_02,General Tire_Agrícola_Implementos_0054,Hankook_Agrícola_Implementos_0013,0.0715
Agrícola_|_Implementos_Community_02,Nokian_Agrícola_Implementos_0079,Hankook_Agrícola_Implementos_0013,0.4468
Agrícola_|_Implementos_Community_02,Roadmarch_Agrícola_Implementos_0023,Hankook_Agrícola_Implementos_0013,0.4237
Agrícola_|_Implementos_Community_02,Vredestein_Agrícola_Implementos_0062,Hankook_Agrícola_Implementos_0013,0.4979
Agrícola_|_Implementos_Community_02,Firestone_Agrícola_Implementos_0000,Kumho_Agrícola_Implementos_0001,0.0522
Agrícola_|_Implementos_Community_02,Firestone_Agrícola_Implementos_0070,Kumho_Agrícola_Implementos_0001,0.3814
Agrícola_|_Implementos_Community_02,Hankook_Agrícola_Implementos_0013,Kumho_Agrícola_Implementos_0001,0.2275
Agrícola_|_Implementos_Community_02,Kumho_Agrícola_Implementos_0003,Kumho_Agrícola_Implementos_0001,0.5082
Agrícola_|_Implementos_Community_02,Nokian_Agrícola_Implementos_0068,Kumho_Agrícola_Implementos_0001,0.4775
Agrícola_|_Implementos_Community_02,Firestone_Agrícola_Implementos_0000,Kumho_Agrícola_Implementos_0003,0.5824
Agrícola_|_Implementos_Community_02,Kumho_Agrícola_Implementos_0050,Kumho_Agrícola_Implementos_0003,0.4117
Agrícola_|_Implementos_Community_02,Minerva_Agrícola_Implementos_0012,Kumho_Agrícola_Implementos_0003,0.3481
Agrícola_|_Implementos_Community_02,Nexen_Agrícola_Implementos_0035,Kumho_Agrícola_Implementos_0003,0.149
Agrícola_|_Implementos_Community_02,Roadmarch_Agrícola_Implementos_0023,Kumho_Agrícola_Implementos_0003,0.2782
Agrícola_|_Implementos_Community_02,Firestone_Agrícola_Implementos_0064,Kumho_Agrícola_Implementos_0050,0.7412
Agrícola_|_Implementos_Community_02,Fulda_Agrícola_Implementos_0027,Kumho_Agrícola_Implementos_0050,0.4692
Agrícola_|_Implementos_Community_02,Nokian_Agrícola_Implementos_0068,Kumho_Agrícola_Implementos_0050,0.2572
Agrícola_|_Implementos_Community_02,Toyo Tires_Agrícola_Implementos_0032,Kumho_Agrícola_Implementos_0050,0.3268
Agrícola_|_Implementos_Community_02,Wanli_Agrícola_Implementos_0063,Kumho_Agrícola_Implementos_0050,0.0634
Agrícola_|_Implementos_Community_02,Falken_Agrícola_Implementos_0034,Michelin_Agrícola_Implementos_0016,0.6409
Agrícola_|_Implementos_Community_02,Firestone_Agrícola_Implementos_0070,Michelin_Agrícola_Implementos_0016,0.0686
Agrícola_|_Implementos_Community_02,Hankook_Agrícola_Implementos_0006,Michelin_Agrícola_Implementos_0016,0.0575
Agrícola_|_Implementos_Community_02,Hankook_Agrícola_Implementos_0010,Michelin_Agrícola_Implementos_0016,0.1417
Agrícola_|_Implementos_Community_02,Nokian_Agrícola_Implementos_0011,Michelin_Agrícola_Implementos_0016,0.3367
Agrícola_|_Implementos_Community_02,Toyo Tires_Agrícola_Implementos_0052,Michelin_Agrícola_Implementos_0016,0.4479
Agrícola_|_Implementos_Community_02,Falken_Agrícola_Implementos_0034,Michelin_Agrícola_Implementos_0051,0.1062
Agrícola_|_Implementos_Community_02,Fulda_Agrícola_Implementos_0018,Michelin_Agrícola_Implementos_0051,0.1835
Agrícola_|_Implementos_Community_02,Fulda_Agrícola_Implementos_0077,Michelin_Agrícola_Implementos_0051,0.188
Agrícola_|_Implementos_Community_02,General Tire_Agrícola_Implementos_0020,Michelin_Agrícola_Implementos_0051,0.1059
Agrícola_|_Implementos_Community_02,Hankook_Agrícola_Implementos_0010,Michelin_Agrícola_Implementos_0051,0.2729
Agrícola_|_Implementos_Community_02,Tracmax_Agrícola_Implementos_0042,Michelin_Agrícola_Implementos_0051,0.4245
Agrícola_|_Implementos_Community_02,Triangle_Agrícola_Implementos_0060,Michelin_Agrícola_Implementos_0051,0.1126
Agrícola_|_Implementos_Community_02,Wanli_Agrícola_Implementos_0008,Michelin_Agrícola_Implementos_0051,0.2406
Agrícola_|_Implementos_Community_02,Continental_Agrícola_Implementos_0071,Minerva_Agrícola_Implementos_0012,0.1031
Agrícola_|_Implementos_Community_02,General Tire_Agrícola_Implementos_0054,Minerva_Agrícola_Implementos_0012,0.5287
Agrícola_|_Implementos_Community_02,Hankook_Agrícola_Implementos_0013,Minerva_Agrícola_Implementos_0012,0.089
Agrícola_|_Implementos_Community_02,Kumho_Agrícola_Implementos_0001,Minerva_Agrícola_Implementos_0012,0.403
Agrícola_|_Implementos_Community_02,Nexen_Agrícola_Implementos_0035,Minerva_Agrícola_Implementos_0012,0.3002
Agrícola_|_Implementos_Community_02,Toyo Tires_Agrícola_Implementos_0043,Minerva_Agrícola_Implementos_0012,0.0841
Agrícola_|_Implementos_Community_02,Toyo Tires_Agrícola_Implementos_0052,Minerva_Agrícola_Implementos_0012,0.0796
Agrícola_|_Implementos_Community_02,Vredestein_Agrícola_Implementos_0062,Minerva_Agrícola_Implementos_0012,0.0599
Agrícola_|_Implementos_Community_02,Wanli_Agrícola_Implementos_0008,Minerva_Agrícola_Implementos_0012,0.093
Agrícola_|_Implementos_Community_02,Fulda_Agrícola_Implementos_0077,Nexen_Agrícola_Implementos_0035,0.4385
Agrícola_|_Implementos_Community_02,General Tire_Agrícola_Implementos_0028,Nexen_Agrícola_Implementos_0035,0.8432
Agrícola_|_Implementos_Community_02,Kumho_Agrícola_Implementos_0050,Nexen_Agrícola_Implementos_0035,0.349
Agrícola_|_Implementos_Community_02,Vredestein_Agrícola_Implementos_0062,Nexen_Agrícola_Implementos_0035,0.0825
Agrícola_|_Implementos_Community_02,Fulda_Agrícola_Implementos_0018,Nokian_Agrícola_Implementos_0011,0.8174
Agrícola_|_Implementos_Community_02,General Tire_Agrícola_Implementos_0020,Nokian_Agrícola_Implementos_0011,0.1165
Agrícola_|_Implementos_Community_02,Hankook_Agrícola_Implementos_0006,Nokian_Agrícola_Implementos_0011,0.1696
Agrícola_|_Implementos_Community_02,Toyo Tires_Agrícola_Implementos_0032,Nokian_Agrícola_Implementos_0011,0.5107
Agrícola_|_Implementos_Community_02,Tracmax_Agrícola_Implementos_0042,Nokian_Agrícola_Implementos_0011,0.1963
Agrícola_|_Implementos_Community_02,Firestone_Agrícola_Implementos_0000,Nokian_Agrícola_Implementos_0068,0.9501
Agrícola_|_Implementos_Community_02,Minerva_Agrícola_Implementos_0012,Nokian_Agrícola_Implementos_0068,0.0752
Agrícola_|_Implementos_Community_02,Roadmarch_Agrícola_Implementos_0004,Nokian_Agrícola_Implementos_0068,0.3256
Agrícola_|_Implementos_Community_02,Roadmarch_Agrícola_Implementos_0023,Nokian_Agrícola_Implementos_0068,0.4406
Agrícola_|_Implementos_Community_02,Triangle_Agrícola_Implementos_0047,Nokian_Agrícola_Implementos_0068,0.0818
Agrícola_|_Implementos_Community_02,Dunlop_Agrícola_Implementos_0058,Nokian_Agrícola_Implementos_0079,0.0745
Agrícola_|_Implementos_Community_02,Firestone_Agrícola_Implementos_0000,Nokian_Agrícola_Implementos_0079,0.3514
Agrícola_|_Implementos_Community_02,Hankook_Agrícola_Implementos_0006,Nokian_Agrícola_Implementos_0079,0.0617
Agrícola_|_Implementos_Community_02,Kumho_Agrícola_Implementos_0003,Nokian_Agrícola_Implementos_0079,0.7373
Agrícola_|_Implementos_Community_02,Toyo Tires_Agrícola_Implementos_0043,Nokian_Agrícola_Implementos_0079,0.27
Agrícola_|_Implementos_Community_02,Triangle_Agrícola_Implementos_0060,Nokian_Agrícola_Implementos_0079,0.1484
Agrícola_|_Implementos_Community_02,Wanli_Agrícola_Implementos_0008,Nokian_Agrícola_Implementos_0079,0.1783
Agrícola_|_Implementos_Community_02,BFGoodrich_Agrícola_Implementos_0021,Roadmarch_Agrícola_Implementos_0004,0.3929
Agrícola_|_Implementos_Community_02,Firestone_Agrícola_Implementos_0070,Roadmarch_Agrícola_Implementos_0004,0.7934
Agrícola_|_Implementos_Community_02,Toyo Tires_Agrícola_Implementos_0052,Roadmarch_Agrícola_Implementos_0004,0.1585
Agrícola_|_Implementos_Community_02,Uniroyal_Agrícola_Implementos_0055,Roadmarch_Agrícola_Implementos_0004,0.3938
Agrícola_|_Implementos_Community_02,Firestone_Agrícola_Implementos_0000,Roadmarch_Agrícola_Implementos_0023,0.1076
Agrícola_|_Implementos_Community_02,Firestone_Agrícola_Implementos_0073,Roadmarch_Agrícola_Implementos_0023,0.2225
Agrícola_|_Implementos_Community_02,Kumho_Agrícola_Implementos_0003,Roadmarch_Agrícola_Implementos_0023,0.3642
Agrícola_|_Implementos_Community_02,Michelin_Agrícola_Implementos_0016,Roadmarch_Agrícola_Implementos_0023,0.1016
Agrícola_|_Implementos_Community_02,Nexen_Agrícola_Implementos_0035,Roadmarch_Agrícola_Implementos_0023,0.4897
Agrícola_|_Implementos_Community_02,Roadmarch_Agrícola_Implementos_0004,Roadmarch_Agrícola_Implementos_0023,0.1195
Agrícola_|_Implementos_Community_02,Triangle_Agrícola_Implementos_0060,Roadmarch_Agrícola_Implementos_0023,0.1829
Agrícola_|_Implementos_Community_02,Continental_Agrícola_Implementos_0071,Toyo Tires_Agrícola_Implementos_0032,0.1229
Agrícola_|_Implementos_Community_02,Fulda_Agrícola_Implementos_0077,Toyo Tires_Agrícola_Implementos_0032,0.1838
Agrícola_|_Implementos_Community_02,General Tire_Agrícola_Implementos_0054,Toyo Tires_Agrícola_Implementos_0032,0.2646
Agrícola_|_Implementos_Community_02,Kumho_Agrícola_Implementos_0050,Toyo Tires_Agrícola_Implementos_0032,0.1444
Agrícola_|_Implementos_Community_02,Nokian_Agrícola_Implementos_0079,Toyo Tires_Agrícola_Implementos_0032,0.6516
Agrícola_|_Implementos_Community_02,Roadmarch_Agrícola_Implementos_0004,Toyo Tires_Agrícola_Implementos_0032,0.0596
Agrícola_|_Implementos_Community_02,Triangle_Agrícola_Implementos_0060,Toyo Tires_Agrícola_Implementos_0032,0.3474
Agrícola_|_Implementos_Community_02,Fulda_Agrícola_Implementos_0077,Toyo Tires_Agrícola_Implementos_0043,0.2069
Agrícola_|_Implementos_Community_02,General Tire_Agrícola_Implementos_0020,Toyo Tires_Agrícola_Implementos_0043,0.5188
Agrícola_|_Implementos_Community_02,Nexen_Agrícola_Implementos_0035,Toyo Tires_Agrícola_Implementos_0043,0.3349
Agrícola_|_Implementos_Community_02,Nokian_Agrícola_Implementos_0011,Toyo Tires_Agrícola_Implementos_0043,0.3882
Agrícola_|_Implementos_Community_02,Toyo Tires_Agrícola_Implementos_0032,Toyo Tires_Agrícola_Implementos_0043,0.1192
Agrícola_|_Implementos_Community_02,Vredestein_Agrícola_Implementos_0062,Toyo Tires_Agrícola_Implementos_0043,0.1644
Agrícola_|_Implementos_Community_02,Continental_Agrícola_Implementos_0071,Toyo Tires_Agrícola_Implementos_0052,0.597
Agrícola_|_Implementos_Community_02,Firestone_Agrícola_Implementos_0064,Toyo Tires_Agrícola_Implementos_0052,0.2052
Agrícola_|_Implementos_Community_02,General Tire_Agrícola_Implementos_0020,Toyo Tires_Agrícola_Implementos_0052,0.2537
Agrícola_|_Implementos_Community_02,Hankook_Agrícola_Implementos_0013,Toyo Tires_Agrícola_Implementos_0052,0.2784
Agrícola_|_Implementos_Community_02,Nokian_Agrícola_Implementos_0079,Toyo Tires_Agrícola_Implementos_0052,0.4169
Agrícola_|_Implementos_Community_02,Firestone_Agrícola_Implementos_0000,Tracmax_Agrícola_Implementos_0036,0.1369
Agrícola_|_Implementos_Community_02,Firestone_Agrícola_Implementos_0064,Tracmax_Agrícola_Implementos_0036,0.5217
Agrícola_|_Implementos_Community_02,Firestone_Agrícola_Implementos_0070,Tracmax_Agrícola_Implementos_0036,0.0543
Agrícola_|_Implementos_Community_02,General Tire_Agrícola_Implementos_0028,Tracmax_Agrícola_Implementos_0036,0.0765
Agrícola_|_Implementos_Community_02,Toyo Tires_Agrícola_Implementos_0052,Tracmax_Agrícola_Implementos_0036,0.5958
Agrícola_|_Implementos_Community_02,Wanli_Agrícola_Implementos_0008,Tracmax_Agrícola_Implementos_0036,0.2907
Agrícola_|_Implementos_Community_02,Wanli_Agrícola_Implementos_0063,Tracmax_Agrícola_Implementos_0036,0.2331
Agrícola_|_Implementos_Community_02,Firestone_Agrícola_Implementos_0070,Tracmax_Agrícola_Implementos_0042,0.0625
Agrícola_|_Implementos_Community_02,General Tire_Agrícola_Implementos_0020,Tracmax_Agrícola_Implementos_0042,0.7577
Agrícola_|_Implementos_Community_02,General Tire_Agrícola_Implementos_0054,Tracmax_Agrícola_Implementos_0042,0.24
Agrícola_|_Implementos_Community_02,Nexen_Agrícola_Implementos_0035,Tracmax_Agrícola_Implementos_0042,0.1665
Agrícola_|_Implementos_Community_02,Triangle_Agrícola_Implementos_0047,Tracmax_Agrícola_Implementos_0042,0.595
Agrícola_|_Implementos_Community_02,Fulda_Agrícola_Implementos_0077,Triangle_Agrícola_Implementos_0047,0.7006
Agrícola_|_Implementos_Community_02,Toyo Tires_Agrícola_Implementos_0032,Triangle_Agrícola_Implementos_0047,0.4125
Agrícola_|_Implementos_Community_02,Wanli_Agrícola_Implementos_0008,Triangle_Agrícola_Implementos_0047,0.6071
Agrícola_|_Implementos_Community_02,Bridgestone_Agrícola_Implementos_0076,Triangle_Agrícola_Implementos_0060,0.1524
Agrícola_|_Implementos_Community_02,Firestone_Agrícola_Implementos_0073,Triangle_Agrícola_Implementos_0060,0.1176
Agrícola_|_Implementos_Community_02,Fulda_Agrícola_Implementos_0018,Triangle_Agrícola_Implementos_0060,0.1886
Agrícola_|_Implementos_Community_02,Goodyear_Agrícola_Implementos_0007,Triangle_Agrícola_Implementos_0060,0.1629
Agrícola_|_Implementos_Community_02,Kumho_Agrícola_Implementos_0003,Triangle_Agrícola_Implementos_0060,0.5735
Agrícola_|_Implementos_Community_02,Michelin_Agrícola_Implementos_0016,Triangle_Agrícola_Implementos_0060,0.2831
Agrícola_|_Implementos_Community_02,Minerva_Agrícola_Implementos_0012,Triangle_Agrícola_Implementos_0060,0.1053
Agrícola_|_Implementos_Community_02,Bridgestone_Agrícola_Implementos_0076,Uniroyal_Agrícola_Implementos_0055,0.2026
Agrícola_|_Implementos_Community_02,Firestone_Agrícola_Implementos_0000,Uniroyal_Agrícola_Implementos_0055,0.5472
Agrícola_|_Implementos_Community_02,Fulda_Agrícola_Implementos_0027,Uniroyal_Agrícola_Implementos_0055,0.0698
Agrícola_|_Implementos_Community_02,General Tire_Agrícola_Implementos_0020,Uniroyal_Agrícola_Implementos_0055,0.407
Agrícola_|_Implementos_Community_02,Kumho_Agrícola_Implementos_0003,Uniroyal_Agrícola_Implementos_0055,0.1822
Agrícola_|_Implementos_Community_02,Nexen_Agrícola_Implementos_0035,Uniroyal_Agrícola_Implementos_0055,0.2598
Agrícola_|_Implementos_Community_02,Triangle_Agrícola_Implementos_0047,Uniroyal_Agrícola_Implementos_0055,0.0824
Agrícola_|_Implementos_Community_02,Dunlop_Agrícola_Implementos_0058,Vredestein_Agrícola_Implementos_0062,0.4094
Agrícola_|_Implementos_Community_02,Firestone_Agrícola_Implementos_0073,Vredestein_Agrícola_Implementos_0062,0.528
Agrícola_|_Implementos_Community_02,Fulda_Agrícola_Implementos_0027,Vredestein_Agrícola_Implementos_0062,0.2091
Agrícola_|_Implementos_Community_02,Nexen_Agrícola_Implementos_0035,Vredestein_Agrícola_Implementos_0062,0.0504
Agrícola_|_Implementos_Community_02,Nokian_Agrícola_Implementos_0011,Vredestein_Agrícola_Implementos_0062,0.1502
Agrícola_|_Implementos_Community_02,Nokian_Agrícola_Implementos_0068,Vredestein_Agrícola_Implementos_0062,0.1409
Agrícola_|_Implementos_Community_02,Wanli_Agrícola_Implementos_0063,Vredestein_Agrícola_Implementos_0062,0.1348
Agrícola_|_Implementos_Community_02,Falken_Agrícola_Implementos_0034,Wanli_Agrícola_Implementos_0008,0.5233
Agrícola_|_Implementos_Community_02,General Tire_Agrícola_Implementos_0054,Wanli_Agrícola_Implementos_0008,0.3446
Agrícola_|_Implementos_Community_02,Hankook_Agrícola_Implementos_0006,Wanli_Agrícola_Implementos_0008,0.4885
Agrícola_|_Implementos_Community_02,Kumho_Agrícola_Implementos_0001,Wanli_Agrícola_Implementos_0008,0.2721
Agrícola_|_Implementos_Community_02,Falken_Agrícola_Implementos_0034,Wanli_Agrícola_Implementos_0063,0.4219
Agrícola_|_Implementos_Community_02,Firestone_Agrícola_Implementos_0000,Wanli_Agrícola_Implementos_0063,0.0531
Agrícola_|_Implementos_Community_02,Fulda_Agrícola_Implementos_0077,Wanli_Agrícola_Implementos_0063,0.4908
Agrícola_|_Implementos_Community_02,Hankook_Agrícola_Implementos_0010,Wanli_Agrícola_Implementos_0063,0.2129
Agrícola_|_Implementos_Community_02,Roadmarch_Agrícola_Implementos_0023,Wanli_Agrícola_Implementos_0063,0.2071
Agrícola_|_Implementos_Community_02,Uniroyal_Agrícola_Implementos_0055,Wanli_Agrícola_Implementos_0063,0.2047
Agrícola_|_Implementos_Community_01,Fulda_Agrícola_Implementos_0017,BFGoodrich_Agrícola_Implementos_0069,0.3061
Agrícola_|_Implementos_Community_01,General Tire_Agrícola_Implementos_0075,BFGoodrich_Agrícola_Implementos_0069,0.0736
Agrícola_|_Implementos_Community_01,Michelin_Agrícola_Implementos_0038,BFGoodrich_Agrícola_Implementos_0069,0.615
Agrícola_|_Implementos_Community_01,Nexen_Agrícola_Implementos_0045,BFGoodrich_Agrícola_Implementos_0069,0.1146
Agrícola_|_Implementos_Community_01,Toyo Tires_Agrícola_Implementos_0033,BFGoodrich_Agrícola_Implementos_0069,0.1469
Agrícola_|_Implementos_Community_01,Vredestein_Agrícola_Implementos_0044,BFGoodrich_Agrícola_Implementos_0069,0.336
Agrícola_|_Implementos_Community_01,Hankook_Agrícola_Implementos_0024,BFGoodrich_Agrícola_Implementos_0072,0.0758
Agrícola_|_Implementos_Community_01,Nexen_Agrícola_Implementos_0002,BFGoodrich_Agrícola_Implementos_0072,0.5832
Agrícola_|_Implementos_Community_01,Nokian_Agrícola_Implementos_0078,BFGoodrich_Agrícola_Implementos_0072,0.2909
Agrícola_|_Implementos_Community_01,Vredestein_Agrícola_Implementos_0056,BFGoodrich_Agrícola_Implementos_0072,0.0709
Agrícola_|_Implementos_Community_01,Wanli_Agrícola_Implementos_0022,BFGoodrich_Agrícola_Implementos_0072,0.5864
Agrícola_|_Implementos_Community_01,BFGoodrich_Agrícola_Implementos_0069,Continental_Agrícola_Implementos_0040,0.2939
Agrícola_|_Implementos_Community_01,BFGoodrich_Agrícola_Implementos_0072,Continental_Agrícola_Implementos_0040,0.5702
Agrícola_|_Implementos_Community_01,Dunlop_Agrícola_Implementos_0057,Continental_Agrícola_Implementos_0040,0.1034
Agrícola_|_Implementos_Community_01,General Tire_Agrícola_Implementos_0075,Continental_Agrícola_Implementos_0040,0.1353
Agrícola_|_Implementos_Community_01,Wanli_Agrícola_Implementos_0022,Continental_Agrícola_Implementos_0040,0.3496
Agrícola_|_Implementos_Community_01,Yokohama_Agrícola_Implementos_0041,Continental_Agrícola_Implementos_0040,0.3073
Agrícola_|_Implementos_Community_01,Fulda_Agrícola_Implementos_0017,Cooper Tires_Agrícola_Implementos_0031,0.6092
Agrícola_|_Implementos_Community_01,Hankook_Agrícola_Implementos_0046,Cooper Tires_Agrícola_Implementos_0031,0.1166
Agrícola_|_Implementos_Community_01,Nokian_Agrícola_Implementos_0014,Cooper Tires_Agrícola_Implementos_0031,0.4203
Agrícola_|_Implementos_Community_01,Tracmax_Agrícola_Implementos_0015,Cooper Tires_Agrícola_Implementos_0031,0.5474
Agrícola_|_Implementos_Community_01,BFGoodrich_Agrícola_Implementos_0069,Dunlop_Agrícola_Implementos_0009,0.101
Agrícola_|_Implementos_Community_01,Continental_Agrícola_Implementos_0040,Dunlop_Agrícola_Implementos_0009,0.9009
Agrícola_|_Implementos_Community_01,Cooper Tires_Agrícola_Implementos_0031,Dunlop_Agrícola_Implementos_0009,0.1845
Agrícola_|_Implementos_Community_01,Dunlop_Agrícola_Implementos_0057,Dunlop_Agrícola_Implementos_0009,0.1334
Agrícola_|_Implementos_Community_01,Westlake_Agrícola_Implementos_0026,Dunlop_Agrícola_Implementos_0009,0.0808
Agrícola_|_Implementos_Community_01,Yokohama_Agrícola_Implementos_0039,Dunlop_Agrícola_Implementos_0009,0.1794
Agrícola_|_Implementos_Community_01,Continental_Agrícola_Implementos_0040,Dunlop_Agrícola_Implementos_0057,0.1129
Agrícola_|_Implementos_Community_01,Fulda_Agrícola_Implementos_0017,Dunlop_Agrícola_Implementos_0057,0.5052
Agrícola_|_Implementos_Community_01,Uniroyal_Agrícola_Implementos_0074,Dunlop_Agrícola_Implementos_0057,0.5889
Agrícola_|_Implementos_Community_01,Wanli_Agrícola_Implementos_0022,Dunlop_Agrícola_Implementos_0057,0.1096
Agrícola_|_Implementos_Community_01,Yokohama_Agrícola_Implementos_0039,Dunlop_Agrícola_Implementos_0057,0.4517
Agrícola_|_Implementos_Community_01,Nexen_Agrícola_Implementos_0045,Fulda_Agrícola_Implementos_0017,0.1981
Agrícola_|_Implementos_Community_01,Wanli_Agrícola_Implementos_0022,Fulda_Agrícola_Implementos_0017,0.9185
Agrícola_|_Implementos_Community_01,Wanli_Agrícola_Implementos_0025,Fulda_Agrícola_Implementos_0017,0.4755
Agrícola_|_Implementos_Community_01,BFGoodrich_Agrícola_Implementos_0072,Fulda_Agrícola_Implementos_0048,0.2884
Agrícola_|_Implementos_Community_01,Hankook_Agrícola_Implementos_0049,Fulda_Agrícola_Implementos_0048,0.3767
Agrícola_|_Implementos_Community_01,Linglong_Agrícola_Implementos_0053,Fulda_Agrícola_Implementos_0048,0.4144
Agrícola_|_Implementos_Community_01,Nokian_Agrícola_Implementos_0014,Fulda_Agrícola_Implementos_0048,0.5469
Agrícola_|_Implementos_Community_01,Toyo Tires_Agrícola_Implementos_0033,Fulda_Agrícola_Implementos_0048,0.0997
Agrícola_|_Implementos_Community_01,Dunlop_Agrícola_Implementos_0057,General Tire_Agrícola_Implementos_0075,0.4852
Agrícola_|_Implementos_Community_01,Hankook_Agrícola_Implementos_0046,General Tire_Agrícola_Implementos_0075,0.1635
Agrícola_|_Implementos_Community_01,Hankook_Agrícola_Implementos_0049,General Tire_Agrícola_Implementos_0075,0.1354
Agrícola_|_Implementos_Community_01,Pirelli_Agrícola_Implementos_0059,General Tire_Agrícola_Implementos_0075,0.5737
Agrícola_|_Implementos_Community_01,Uniroyal_Agrícola_Implementos_0074,General Tire_Agrícola_Implementos_0075,0.0654
Agrícola_|_Implementos_Community_01,Vredestein_Agrícola_Implementos_0030,General Tire_Agrícola_Implementos_0075,0.1014
Agrícola_|_Implementos_Community_01,Yokohama_Agrícola_Implementos_0039,General Tire_Agrícola_Implementos_0075,0.2523
Agrícola_|_Implementos_Community_01,Cooper Tires_Agrícola_Implementos_0031,Hankook_Agrícola_Implementos_0024,0.5282
Agrícola_|_Implementos_Community_01,Hankook_Agrícola_Implementos_0049,Hankook_Agrícola_Implementos_0024,0.1345
Agrícola_|_Implementos_Community_01,Michelin_Agrícola_Implementos_0037,Hankook_Agrícola_Implementos_0024,0.3124
Agrícola_|_Implementos_Community_01,Pirelli_Agrícola_Implementos_0059,Hankook_Agrícola_Implementos_0024,0.2965
Agrícola_|_Implementos_Community_01,Vredestein_Agrícola_Implementos_0030,Hankook_Agrícola_Implementos_0024,0.5033
Agrícola_|_Implementos_Community_01,BFGoodrich_Agrícola_Implementos_0072,Hankook_Agrícola_Implementos_0046,0.1764
Agrícola_|_Implementos_Community_01,Dunlop_Agrícola_Implementos_0009,Hankook_Agrícola_Implementos_0046,0.0625
Agrícola_|_Implementos_Community_01,Dunlop_Agrícola_Implementos_0057,Hankook_Agrícola_Implementos_0046,0.6692
Agrícola_|_Implementos_Community_01,Pirelli_Agrícola_Implementos_0029,Hankook_Agrícola_Implementos_0046,0.4954
Agrícola_|_Implementos_Community_01,Toyo Tires_Agrícola_Implementos_0033,Hankook_Agrícola_Implementos_0046,0.1442
Agrícola_|_Implementos_Community_01,Vredestein_Agrícola_Implementos_0030,Hankook_Agrícola_Implementos_0046,0.1254
Agrícola_|_Implementos_Community_01,Wanli_Agrícola_Implementos_0061,Hankook_Agrícola_Implementos_0046,0.1481
Agrícola_|_Implementos_Community_01,Cooper Tires_Agrícola_Implementos_0031,Hankook_Agrícola_Implementos_0049,0.2889
Agrícola_|_Implementos_Community_01,Fulda_Agrícola_Implementos_0048,Hankook_Agrícola_Implementos_0049,0.1314
Agrícola_|_Implementos_Community_01,Vredestein_Agrícola_Implementos_0056,Hankook_Agrícola_Implementos_0049,0.0668
Agrícola_|_Implementos_Community_01,Wanli_Agrícola_Implementos_0022,Hankook_Agrícola_Implementos_0049,0.0593
Agrícola_|_Implementos_Community_01,Wanli_Agrícola_Implementos_0061,Hankook_Agrícola_Implementos_0049,1.0721
Agrícola_|_Implementos_Community_01,Yokohama_Agrícola_Implementos_0041,Hankook_Agrícola_Implementos_0049,0.1744
Agrícola_|_Implementos_Community_01,BFGoodrich_Agrícola_Implementos_0069,Kumho_Agrícola_Implementos_0005,0.2537
Agrícola_|_Implementos_Community_01,Hankook_Agrícola_Implementos_0046,Kumho_Agrícola_Implementos_0005,0.0849
Agrícola_|_Implementos_Community_01,Michelin_Agrícola_Implementos_0066,Kumho_Agrícola_Implementos_0005,0.1608
Agrícola_|_Implementos_Community_01,Nokian_Agrícola_Implementos_0067,Kumho_Agrícola_Implementos_0005,0.3659
Agrícola_|_Implementos_Community_01,Nokian_Agrícola_Implementos_0078,Kumho_Agrícola_Implementos_0005,0.0836
Agrícola_|_Implementos_Community_01,Yokohama_Agrícola_Implementos_0039,Kumho_Agrícola_Implementos_0005,0.7865
Agrícola_|_Implementos_Community_01,BFGoodrich_Agrícola_Implementos_0069,Linglong_Agrícola_Implementos_0053,0.3868
Agrícola_|_Implementos_Community_01,Fulda_Agrícola_Implementos_0048,Linglong_Agrícola_Implementos_0053,0.0963
Agrícola_|_Implementos_Community_01,Pirelli_Agrícola_Implementos_0059,Linglong_Agrícola_Implementos_0053,0.5515
Agrícola_|_Implementos_Community_01,Uniroyal_Agrícola_Implementos_0019,Linglong_Agrícola_Implementos_0053,0.582
Agrícola_|_Implementos_Community_01,Yokohama_Agrícola_Implementos_0039,Linglong_Agrícola_Implementos_0053,0.1789
Agrícola_|_Implementos_Community_01,Fulda_Agrícola_Implementos_0048,Michelin_Agrícola_Implementos_0037,0.2299
Agrícola_|_Implementos_Community_01,Nexen_Agrícola_Implementos_0002,Michelin_Agrícola_Implementos_0037,0.2715
Agrícola_|_Implementos_Community_01,Tracmax_Agrícola_Implementos_0015,Michelin_Agrícola_Implementos_0037,0.1251
Agrícola_|_Implementos_Community_01,Vredestein_Agrícola_Implementos_0044,Michelin_Agrícola_Implementos_0037,0.2864
Agrícola_|_Implementos_Community_01,Vredestein_Agrícola_Implementos_0056,Michelin_Agrícola_Implementos_0037,0.1147
Agrícola_|_Implementos_Community_01,Wanli_Agrícola_Implementos_0022,Michelin_Agrícola_Implementos_0037,0.6016
Agrícola_|_Implementos_Community_01,Continental_Agrícola_Implementos_0040,Michelin_Agrícola_Implementos_0038,0.3936
Agrícola_|_Implementos_Community_01,Cooper Tires_Agrícola_Implementos_0031,Michelin_Agrícola_Implementos_0038,0.0952
Agrícola_|_Implementos_Community_01,Fulda_Agrícola_Implementos_0017,Michelin_Agrícola_Implementos_0038,0.4283
Agrícola_|_Implementos_Community_01,Fulda_Agrícola_Implementos_0048,Michelin_Agrícola_Implementos_0038,0.0634
Agrícola_|_Implementos_Community_01,Nokian_Agrícola_Implementos_0014,Michelin_Agrícola_Implementos_0038,0.1732
Agrícola_|_Implementos_Community_01,Nokian_Agrícola_Implementos_0078,Michelin_Agrícola_Implementos_0038,0.0889
Agrícola_|_Implementos_Community_01,Pirelli_Agrícola_Implementos_0059,Michelin_Agrícola_Implementos_0038,0.2334
Agrícola_|_Implementos_Community_01,Uniroyal_Agrícola_Implementos_0074,Michelin_Agrícola_Implementos_0038,0.0884
Agrícola_|_Implementos_Community_01,Continental_Agrícola_Implementos_0040,Michelin_Agrícola_Implementos_0066,0.0743
Agrícola_|_Implementos_Community_01,Nokian_Agrícola_Implementos_0014,Michelin_Agrícola_Implementos_0066,0.3945
Agrícola_|_Implementos_Community_01,Tracmax_Agrícola_Implementos_0015,Michelin_Agrícola_Implementos_0066,0.2763
Agrícola_|_Implementos_Community_01,Vredestein_Agrícola_Implementos_0056,Michelin_Agrícola_Implementos_0066,0.3577
Agrícola_|_Implementos_Community_01,Westlake_Agrícola_Implementos_0026,Michelin_Agrícola_Implementos_0066,0.6062
Agrícola_|_Implementos_Community_01,Kumho_Agrícola_Implementos_0005,Nexen_Agrícola_Implementos_0002,0.9164
Agrícola_|_Implementos_Community_01,Vredestein_Agrícola_Implementos_0056,Nexen_Agrícola_Implementos_0002,0.148
Agrícola_|_Implementos_Community_01,Wanli_Agrícola_Implementos_0061,Nexen_Agrícola_Implementos_0002,0.3572
Agrícola_|_Implementos_Community_01,Yokohama_Agrícola_Implementos_0041,Nexen_Agrícola_Implementos_0002,0.3379
Agrícola_|_Implementos_Community_01,Dunlop_Agrícola_Implementos_0057,Nexen_Agrícola_Implementos_0045,0.6126
Agrícola_|_Implementos_Community_01,Hankook_Agrícola_Implementos_0024,Nexen_Agrícola_Implementos_0045,0.0805
Agrícola_|_Implementos_Community_01,Nexen_Agrícola_Implementos_0002,Nexen_Agrícola_Implementos_0045,0.091
Agrícola_|_Implementos_Community_01,Nokian_Agrícola_Implementos_0014,Nexen_Agrícola_Implementos_0045,0.7149
Agrícola_|_Implementos_Community_01,Fulda_Agrícola_Implementos_0048,Nokian_Agrícola_Implementos_0014,0.4032
Agrícola_|_Implementos_Community_01,Hankook_Agrícola_Implementos_0046,Nokian_Agrícola_Implementos_0014,0.4324
Agrícola_|_Implementos_Community_01,Hankook_Agrícola_Implementos_0049,Nokian_Agrícola_Implementos_0014,0.1025
Agrícola_|_Implementos_Community_01,Michelin_Agrícola_Implementos_0066,Nokian_Agrícola_Implementos_0014,0.0929
Agrícola_|_Implementos_Community_01,Tracmax_Agrícola_Implementos_0015,Nokian_Agrícola_Implementos_0014,0.1843
Agrícola_|_Implementos_Community_01,Yokohama_Agrícola_Implementos_0041,Nokian_Agrícola_Implementos_0014,0.4866
Agrícola_|_Implementos_Community_01,Fulda_Agrícola_Implementos_0048,Nokian_Agrícola_Implementos_0067,0.1639
Agrícola_|_Implementos_Community_01,Hankook_Agrícola_Implementos_0024,Nokian_Agrícola_Implementos_0067,0.063
Agrícola_|_Implementos_Community_01,Hankook_Agrícola_Implementos_0049,Nokian_Agrícola_Implementos_0067,0.7153
Agrícola_|_Implementos_Community_01,Tracmax_Agrícola_Implementos_0015,Nokian_Agrícola_Implementos_0067,0.0751
Agrícola_|_Implementos_Community_01,Wanli_Agrícola_Implementos_0025,Nokian_Agrícola_Implementos_0067,0.7059
Agrícola_|_Implementos_Community_01,Cooper Tires_Agrícola_Implementos_0031,Nokian_Agrícola_Implementos_0078,1.1355
Agrícola_|_Implementos_Community_01,Nexen_Agrícola_Implementos_0002,Nokian_Agrícola_Implementos_0078,0.128
Agrícola_|_Implementos_Community_01,Nexen_Agrícola_Implementos_0045,Nokian_Agrícola_Implementos_0078,0.1612
Agrícola_|_Implementos_Community_01,Nokian_Agrícola_Implementos_0067,Nokian_Agrícola_Implementos_0078,0.3135
Agrícola_|_Implementos_Community_01,BFGoodrich_Agrícola_Implementos_0069,Pirelli_Agrícola_Implementos_0029,0.3446
Agrícola_|_Implementos_Community_01,Linglong_Agrícola_Implementos_0053,Pirelli_Agrícola_Implementos_0029,0.4297
Agrícola_|_Implementos_Community_01,Toyo Tires_Agrícola_Implementos_0033,Pirelli_Agrícola_Implementos_0029,0.1285
Agrícola_|_Implementos_Community_01,Uniroyal_Agrícola_Implementos_0074,Pirelli_Agrícola_Implementos_0029,0.9413
Agrícola_|_Implementos_Community_01,Michelin_Agrícola_Implementos_0037,Pirelli_Agrícola_Implementos_0059,0.4405
Agrícola_|_Implementos_Community_01,Michelin_Agrícola_Implementos_0066,Pirelli_Agrícola_Implementos_0059,0.2609
Agrícola_|_Implementos_Community_01,Nokian_Agrícola_Implementos_0014,Pirelli_Agrícola_Implementos_0059,0.1383
Agrícola_|_Implementos_Community_01,Pirelli_Agrícola_Implementos_0029,Pirelli_Agrícola_Implementos_0059,0.5111
Agrícola_|_Implementos_Community_01,Wanli_Agrícola_Implementos_0022,Pirelli_Agrícola_Implementos_0059,0.2843
Agrícola_|_Implementos_Community_01,Cooper Tires_Agrícola_Implementos_0031,Toyo Tires_Agrícola_Implementos_0033,0.4926
Agrícola_|_Implementos_Community_01,Fulda_Agrícola_Implementos_0048,Toyo Tires_Agrícola_Implementos_0033,0.0937
Agrícola_|_Implementos_Community_01,Michelin_Agrícola_Implementos_0038,Toyo Tires_Agrícola_Implementos_0033,0.9616
Agrícola_|_Implementos_Community_01,Westlake_Agrícola_Implementos_0026,Toyo Tires_Agrícola_Implementos_0033,0.1443
Agrícola_|_Implementos_Community_01,Dunlop_Agrícola_Implementos_0009,Tracmax_Agrícola_Implementos_0015,0.1125
Agrícola_|_Implementos_Community_01,Kumho_Agrícola_Implementos_0005,Tracmax_Agrícola_Implementos_0015,0.3587
Agrícola_|_Implementos_Community_01,Nokian_Agrícola_Implementos_0014,Tracmax_Agrícola_Implementos_0015,0.2695
Agrícola_|_Implementos_Community_01,Nokian_Agrícola_Implementos_0067,Tracmax_Agrícola_Implementos_0015,0.4848
Agrícola_|_Implementos_Community_01,Nokian_Agrícola_Implementos_0078,Tracmax_Agrícola_Implementos_0015,0.2328
Agrícola_|_Implementos_Community_01,Uniroyal_Agrícola_Implementos_0019,Tracmax_Agrícola_Implementos_0015,0.1995
Agrícola_|_Implementos_Community_01,Cooper Tires_Agrícola_Implementos_0031,Uniroyal_Agrícola_Implementos_0019,0.1037
Agrícola_|_Implementos_Community_01,Dunlop_Agrícola_Implementos_0009,Uniroyal_Agrícola_Implementos_0019,0.2942
Agrícola_|_Implementos_Community_01,Michelin_Agrícola_Implementos_0038,Uniroyal_Agrícola_Implementos_0019,0.5176
Agrícola_|_Implementos_Community_01,Toyo Tires_Agrícola_Implementos_0033,Uniroyal_Agrícola_Implementos_0019,0.2144
Agrícola_|_Implementos_Community_01,Vredestein_Agrícola_Implementos_0056,Uniroyal_Agrícola_Implementos_0019,0.4503
Agrícola_|_Implementos_Community_01,Wanli_Agrícola_Implementos_0061,Uniroyal_Agrícola_Implementos_0019,0.0648
Agrícola_|_Implementos_Community_01,Kumho_Agrícola_Implementos_0005,Uniroyal_Agrícola_Implementos_0074,0.1294
Agrícola_|_Implementos_Community_01,Nexen_Agrícola_Implementos_0002,Uniroyal_Agrícola_Implementos_0074,0.8735
Agrícola_|_Implementos_Community_01,Nokian_Agrícola_Implementos_0067,Uniroyal_Agrícola_Implementos_0074,0.1826
Agrícola_|_Implementos_Community_01,Pirelli_Agrícola_Implementos_0059,Uniroyal_Agrícola_Implementos_0074,0.2376
Agrícola_|_Implementos_Community_01,Westlake_Agrícola_Implementos_0026,Uniroyal_Agrícola_Implementos_0074,0.163
Agrícola_|_Implementos_Community_01,Yokohama_Agrícola_Implementos_0039,Uniroyal_Agrícola_Implementos_0074,0.0754
Agrícola_|_Implementos_Community_01,Continental_Agrícola_Implementos_0040,Vredestein_Agrícola_Implementos_0030,0.4182
Agrícola_|_Implementos_Community_01,Fulda_Agrícola_Implementos_0048,Vredestein_Agrícola_Implementos_0030,0.0954
Agrícola_|_Implementos_Community_01,Hankook_Agrícola_Implementos_0024,Vredestein_Agrícola_Implementos_0030,0.2699
Agrícola_|_Implementos_Community_01,Hankook_Agrícola_Implementos_0046,Vredestein_Agrícola_Implementos_0030,0.1328
Agrícola_|_Implementos_Community_01,Nexen_Agrícola_Implementos_0045,Vredestein_Agrícola_Implementos_0030,0.2081
Agrícola_|_Implementos_Community_01,Toyo Tires_Agrícola_Implementos_0033,Vredestein_Agrícola_Implementos_0030,0.5112
Agrícola_|_Implementos_Community_01,Uniroyal_Agrícola_Implementos_0074,Vredestein_Agrícola_Implementos_0030,0.089
Agrícola_|_Implementos_Community_01,Fulda_Agrícola_Implementos_0017,Vredestein_Agrícola_Implementos_0044,0.3276
Agrícola_|_Implementos_Community_01,Hankook_Agrícola_Implementos_0024,Vredestein_Agrícola_Implementos_0044,0.237
Agrícola_|_Implementos_Community_01,Kumho_Agrícola_Implementos_0005,Vredestein_Agrícola_Implementos_0044,0.0886
Agrícola_|_Implementos_Community_01,Nokian_Agrícola_Implementos_0014,Vredestein_Agrícola_Implementos_0044,0.2805
Agrícola_|_Implementos_Community_01,Toyo Tires_Agrícola_Implementos_0033,Vredestein_Agrícola_Implementos_0044,0.0505
Agrícola_|_Implementos_Community_01,Vredestein_Agrícola_Implementos_0030,Vredestein_Agrícola_Implementos_0044,0.2951
Agrícola_|_Implementos_Community_01,Wanli_Agrícola_Implementos_0022,Vredestein_Agrícola_Implementos_0044,0.2698
Agrícola_|_Implementos_Community_01,General Tire_Agrícola_Implementos_0075,Vredestein_Agrícola_Implementos_0056,0.5742
Agrícola_|_Implementos_Community_01,Hankook_Agrícola_Implementos_0049,Vredestein_Agrícola_Implementos_0056,0.1117
Agrícola_|_Implementos_Community_01,Linglong_Agrícola_Implementos_0053,Vredestein_Agrícola_Implementos_0056,0.5912
Agrícola_|_Implementos_Community_01,Michelin_Agrícola_Implementos_0038,Vredestein_Agrícola_Implementos_0056,0.2117
Agrícola_|_Implementos_Community_01,Nokian_Agrícola_Implementos_0078,Vredestein_Agrícola_Implementos_0056,0.1515
Agrícola_|_Implementos_Community_01,Continental_Agrícola_Implementos_0040,Wanli_Agrícola_Implementos_0022,0.1006
Agrícola_|_Implementos_Community_01,Fulda_Agrícola_Implementos_0048,Wanli_Agrícola_Implementos_0022,0.3243
Agrícola_|_Implementos_Community_01,Linglong_Agrícola_Implementos_0053,Wanli_Agrícola_Implementos_0022,0.7758
Agrícola_|_Implementos_Community_01,Uniroyal_Agrícola_Implementos_0019,Wanli_Agrícola_Implementos_0022,0.4697
Agrícola_|_Implementos_Community_01,BFGoodrich_Agrícola_Implementos_0069,Wanli_Agrícola_Implementos_0025,0.3652
Agrícola_|_Implementos_Community_01,BFGoodrich_Agrícola_Implementos_0072,Wanli_Agrícola_Implementos_0025,0.2447
Agrícola_|_Implementos_Community_01,Dunlop_Agrícola_Implementos_0057,Wanli_Agrícola_Implementos_0025,0.3814
Agrícola_|_Implementos_Community_01,Fulda_Agrícola_Implementos_0017,Wanli_Agrícola_Implementos_0025,0.0508
Agrícola_|_Implementos_Community_01,Michelin_Agrícola_Implementos_0037,Wanli_Agrícola_Implementos_0025,0.3056
Agrícola_|_Implementos_Community_01,Michelin_Agrícola_Implementos_0038,Wanli_Agrícola_Implementos_0025,0.0828
Agrícola_|_Implementos_Community_01,Tracmax_Agrícola_Implementos_0015,Wanli_Agrícola_Implementos_0025,0.2527
Agrícola_|_Implementos_Community_01,BFGoodrich_Agrícola_Implementos_0072,Wanli_Agrícola_Implementos_0061,0.2828
Agrícola_|_Implementos_Community_01,Dunlop_Agrícola_Implementos_0009,Wanli_Agrícola_Implementos_0061,0.2122
Agrícola_|_Implementos_Community_01,Nexen_Agrícola_Implementos_0002,Wanli_Agrícola_Implementos_0061,0.3071
Agrícola_|_Implementos_Community_01,Vredestein_Agrícola_Implementos_0044,Wanli_Agrícola_Implementos_0061,0.4546
Agrícola_|_Implementos_Community_01,Wanli_Agrícola_Implementos_0065,Wanli_Agrícola_Implementos_0061,0.1734
Agrícola_|_Implementos_Community_01,Westlake_Agrícola_Implementos_0026,Wanli_Agrícola_Implementos_0061,0.3155
Agrícola_|_Implementos_Community_01,Cooper Tires_Agrícola_Implementos_0031,Wanli_Agrícola_Implementos_0065,0.338
Agrícola_|_Implementos_Community_01,Nokian_Agrícola_Implementos_0067,Wanli_Agrícola_Implementos_0065,0.6329
Agrícola_|_Implementos_Community_01,Uniroyal_Agrícola_Implementos_0019,Wanli_Agrícola_Implementos_0065,0.6335
Agrícola_|_Implementos_Community_01,Uniroyal_Agrícola_Implementos_0074,Wanli_Agrícola_Implementos_0065,0.2158
Agrícola_|_Implementos_Community_01,BFGoodrich_Agrícola_Implementos_0069,Westlake_Agrícola_Implementos_0026,0.2637
Agrícola_|_Implementos_Community_01,Vredestein_Agrícola_Implementos_0044,Westlake_Agrícola_Implementos_0026,0.187
Agrícola_|_Implementos_Community_01,Vredestein_Agrícola_Implementos_0056,Westlake_Agrícola_Implementos_0026,0.2856
Agrícola_|_Implementos_Community_01,Wanli_Agrícola_Implementos_0022,Westlake_Agrícola_Implementos_0026,0.083
Agrícola_|_Implementos_Community_01,Yokohama_Agrícola_Implementos_0039,Westlake_Agrícola_Implementos_0026,0.8097
Agrícola_|_Implementos_Community_01,Kumho_Agrícola_Implementos_0005,Yokohama_Agrícola_Implementos_0039,0.1216
Agrícola_|_Implementos_Community_01,Michelin_Agrícola_Implementos_0038,Yokohama_Agrícola_Implementos_0039,0.3513
Agrícola_|_Implementos_Community_01,Nexen_Agrícola_Implementos_0045,Yokohama_Agrícola_Implementos_0039,0.1169
Agrícola_|_Implementos_Community_01,Nokian_Agrícola_Implementos_0014,Yokohama_Agrícola_Implementos_0039,0.1024
Agrícola_|_Implementos_Community_01,Toyo Tires_Agrícola_Implementos_0033,Yokohama_Agrícola_Implementos_0039,0.1085
Agrícola_|_Implementos_Community_01,Tracmax_Agrícola_Implementos_0015,Yokohama_Agrícola_Implementos_0039,0.3258
Agrícola_|_Implementos_Community_01,Uniroyal_Agrícola_Implementos_0019,Yokohama_Agrícola_Implementos_0039,0.2201
Agrícola_|_Implementos_Community_01,Vredestein_Agrícola_Implementos_0044,Yokohama_Agrícola_Implementos_0039,0.1544
Agrícola_|_Implementos_Community_01,Wanli_Agrícola_Implementos_0065,Yokohama_Agrícola_Implementos_0039,0.1497
Agrícola_|_Implementos_Community_01,Kumho_Agrícola_Implementos_0005,Yokohama_Agrícola_Implementos_0041,0.1324
Agrícola_|_Implementos_Community_01,Nokian_Agrícola_Implementos_0067,Yokohama_Agrícola_Implementos_0041,0.1048
Agrícola_|_Implementos_Community_01,Pirelli_Agrícola_Implementos_0059,Yokohama_Agrícola_Implementos_0041,0.9093
Agrícola_|_Implementos_Community_01,Vredestein_Agrícola_Implementos_0056,Yokohama_Agrícola_Implementos_0041,0.5889
Agrícola_|_Premium_Radial_Community_03,GT Radial_Agrícola_Premium Radial_0032,BFGoodrich_Agrícola_Premium Radial_0047,0.1158
Agrícola_|_Premium_Radial_Community_03,Kumho_Agrícola_Premium Radial_0058,BFGoodrich_Agrícola_Premium Radial_0047,0.0676
Agrícola_|_Premium_Radial_Community_03,Linglong_Agrícola_Premium Radial_0063,BFGoodrich_Agrícola_Premium Radial_0047,0.0546
Agrícola_|_Premium_Radial_Community_03,Pirelli_Agrícola_Premium Radial_0078,BFGoodrich_Agrícola_Premium Radial_0047,0.5325
Agrícola_|_Premium_Radial_Community_03,Uniroyal_Agrícola_Premium Radial_0073,BFGoodrich_Agrícola_Premium Radial_0047,0.3621
Agrícola_|_Premium_Radial_Community_03,Tomket_Agrícola_Premium Radial_0030,Bridgestone_Agrícola_Premium Radial_0026,0.257
Agrícola_|_Premium_Radial_Community_03,Toyo Tires_Agrícola_Premium Radial_0045,Bridgestone_Agrícola_Premium Radial_0026,0.2029
Agrícola_|_Premium_Radial_Community_03,Triangle_Agrícola_Premium Radial_0004,Bridgestone_Agrícola_Premium Radial_0026,0.0988
Agrícola_|_Premium_Radial_Community_03,Uniroyal_Agrícola_Premium Radial_0073,Bridgestone_Agrícola_Premium Radial_0026,0.0568
Agrícola_|_Premium_Radial_Community_03,Vredestein_Agrícola_Premium Radial_0041,Bridgestone_Agrícola_Premium Radial_0026,0.2475
Agrícola_|_Premium_Radial_Community_03,Wanli_Agrícola_Premium Radial_0006,Bridgestone_Agrícola_Premium Radial_0026,0.1732
Agrícola_|_Premium_Radial_Community_03,Bridgestone_Agrícola_Premium Radial_0026,Continental_Agrícola_Premium Radial_0002,0.142
Agrícola_|_Premium_Radial_Community_03,Kumho_Agrícola_Premium Radial_0058,Continental_Agrícola_Premium Radial_0002,0.1872
Agrícola_|_Premium_Radial_Community_03,Linglong_Agrícola_Premium Radial_0063,Continental_Agrícola_Premium Radial_0002,0.3918
Agrícola_|_Premium_Radial_Community_03,Roadmarch_Agrícola_Premium Radial_0011,Continental_Agrícola_Premium Radial_0002,0.2538
Agrícola_|_Premium_Radial_Community_03,Tomket_Agrícola_Premium Radial_0050,Continental_Agrícola_Premium Radial_0002,0.125
Agrícola_|_Premium_Radial_Community_03,Dunlop_Agrícola_Premium Radial_0028,Cooper Tires_Agrícola_Premium Radial_0023,0.5261
Agrícola_|_Premium_Radial_Community_03,Toyo Tires_Agrícola_Premium Radial_0045,Cooper Tires_Agrícola_Premium Radial_0023,0.1289
Agrícola_|_Premium_Radial_Community_03,Uniroyal_Agrícola_Premium Radial_0073,Cooper Tires_Agrícola_Premium Radial_0023,0.2367
Agrícola_|_Premium_Radial_Community_03,Wanli_Agrícola_Premium Radial_0006,Cooper Tires_Agrícola_Premium Radial_0023,0.1181
Agrícola_|_Premium_Radial_Community_03,BFGoodrich_Agrícola_Premium Radial_0047,Dunlop_Agrícola_Premium Radial_0028,0.2239
Agrícola_|_Premium_Radial_Community_03,Cooper Tires_Agrícola_Premium Radial_0023,Dunlop_Agrícola_Premium Radial_0028,0.4776
Agrícola_|_Premium_Radial_Community_03,GT Radial_Agrícola_Premium Radial_0020,Dunlop_Agrícola_Premium Radial_0028,0.2134
Agrícola_|_Premium_Radial_Community_03,Tomket_Agrícola_Premium Radial_0030,Dunlop_Agrícola_Premium Radial_0028,0.1926
Agrícola_|_Premium_Radial_Community_03,BFGoodrich_Agrícola_Premium Radial_0047,Falken_Agrícola_Premium Radial_0022,0.1446
Agrícola_|_Premium_Radial_Community_03,Bridgestone_Agrícola_Premium Radial_0026,Falken_Agrícola_Premium Radial_0022,0.7513
Agrícola_|_Premium_Radial_Community_03,Vredestein_Agrícola_Premium Radial_0015,Falken_Agrícola_Premium Radial_0022,0.0738
Agrícola_|_Premium_Radial_Community_03,Westlake_Agrícola_Premium Radial_0043,Falken_Agrícola_Premium Radial_0022,0.2575
Agrícola_|_Premium_Radial_Community_03,Cooper Tires_Agrícola_Premium Radial_0023,Firestone_Agrícola_Premium Radial_0013,0.2847
Agrícola_|_Premium_Radial_Community_03,GT Radial_Agrícola_Premium Radial_0038,Firestone_Agrícola_Premium Radial_0013,0.3395
Agrícola_|_Premium_Radial_Community_03,Triangle_Agrícola_Premium Radial_0037,Firestone_Agrícola_Premium Radial_0013,0.4956
Agrícola_|_Premium_Radial_Community_03,Pirelli_Agrícola_Premium Radial_0016,GT Radial_Agrícola_Premium Radial_0020,0.7743
Agrícola_|_Premium_Radial_Community_03,Roadmarch_Agrícola_Premium Radial_0011,GT Radial_Agrícola_Premium Radial_0020,0.2148
Agrícola_|_Premium_Radial_Community_03,Triangle_Agrícola_Premium Radial_0004,GT Radial_Agrícola_Premium Radial_0020,0.0606
Agrícola_|_Premium_Radial_Community_03,Continental_Agrícola_Premium Radial_0002,GT Radial_Agrícola_Premium Radial_0032,0.1076
Agrícola_|_Premium_Radial_Community_03,Goodyear_Agrícola_Premium Radial_0017,GT Radial_Agrícola_Premium Radial_0032,0.0913
Agrícola_|_Premium_Radial_Community_03,Triangle_Agrícola_Premium Radial_0037,GT Radial_Agrícola_Premium Radial_0032,0.0762
Agrícola_|_Premium_Radial_Community_03,Uniroyal_Agrícola_Premium Radial_0073,GT Radial_Agrícola_Premium Radial_0032,0.0649
Agrícola_|_Premium_Radial_Community_03,Vredestein_Agrícola_Premium Radial_0015,GT Radial_Agrícola_Premium Radial_0032,0.0517
Agrícola_|_Premium_Radial_Community_03,Vredestein_Agrícola_Premium Radial_0041,GT Radial_Agrícola_Premium Radial_0032,0.5664
Agrícola_|_Premium_Radial_Community_03,Wanli_Agrícola_Premium Radial_0006,GT Radial_Agrícola_Premium Radial_0032,0.075
Agrícola_|_Premium_Radial_Community_03,Bridgestone_Agrícola_Premium Radial_0026,GT Radial_Agrícola_Premium Radial_0038,0.4614
Agrícola_|_Premium_Radial_Community_03,GT Radial_Agrícola_Premium Radial_0048,GT Radial_Agrícola_Premium Radial_0038,0.427
Agrícola_|_Premium_Radial_Community_03,Vredestein_Agrícola_Premium Radial_0015,GT Radial_Agrícola_Premium Radial_0038,0.1702
Agrícola_|_Premium_Radial_Community_03,Vredestein_Agrícola_Premium Radial_0041,GT Radial_Agrícola_Premium Radial_0038,0.1645
Agrícola_|_Premium_Radial_Community_03,Cooper Tires_Agrícola_Premium Radial_0023,GT Radial_Agrícola_Premium Radial_0048,0.3929
Agrícola_|_Premium_Radial_Community_03,Falken_Agrícola_Premium Radial_0022,GT Radial_Agrícola_Premium Radial_0048,0.3692
Agrícola_|_Premium_Radial_Community_03,Linglong_Agrícola_Premium Radial_0063,GT Radial_Agrícola_Premium Radial_0048,0.1445
Agrícola_|_Premium_Radial_Community_03,Tomket_Agrícola_Premium Radial_0030,GT Radial_Agrícola_Premium Radial_0048,0.1328
Agrícola_|_Premium_Radial_Community_03,BFGoodrich_Agrícola_Premium Radial_0047,Goodyear_Agrícola_Premium Radial_0017,0.204
Agrícola_|_Premium_Radial_Community_03,GT Radial_Agrícola_Premium Radial_0020,Goodyear_Agrícola_Premium Radial_0017,0.2218
Agrícola_|_Premium_Radial_Community_03,Pirelli_Agrícola_Premium Radial_0064,Goodyear_Agrícola_Premium Radial_0017,0.0946
Agrícola_|_Premium_Radial_Community_03,Tomket_Agrícola_Premium Radial_0077,Goodyear_Agrícola_Premium Radial_0017,0.062
Agrícola_|_Premium_Radial_Community_03,Vredestein_Agrícola_Premium Radial_0041,Goodyear_Agrícola_Premium Radial_0017,0.531
Agrícola_|_Premium_Radial_Community_03,GT Radial_Agrícola_Premium Radial_0038,Kumho_Agrícola_Premium Radial_0058,0.1873
Agrícola_|_Premium_Radial_Community_03,Roadmarch_Agrícola_Premium Radial_0011,Kumho_Agrícola_Premium Radial_0058,0.1185
Agrícola_|_Premium_Radial_Community_03,Tomket_Agrícola_Premium Radial_0030,Kumho_Agrícola_Premium Radial_0058,0.1226
Agrícola_|_Premium_Radial_Community_03,Wanli_Agrícola_Premium Radial_0006,Kumho_Agrícola_Premium Radial_0058,0.7084
Agrícola_|_Premium_Radial_Community_03,Dunlop_Agrícola_Premium Radial_0028,Linglong_Agrícola_Premium Radial_0063,0.2686
Agrícola_|_Premium_Radial_Community_03,Goodyear_Agrícola_Premium Radial_0017,Linglong_Agrícola_Premium Radial_0063,0.1341
Agrícola_|_Premium_Radial_Community_03,Tomket_Agrícola_Premium Radial_0050,Linglong_Agrícola_Premium Radial_0063,0.5073
Agrícola_|_Premium_Radial_Community_03,Vredestein_Agrícola_Premium Radial_0041,Linglong_Agrícola_Premium Radial_0063,0.2052
Agrícola_|_Premium_Radial_Community_03,Goodyear_Agrícola_Premium Radial_0017,Pirelli_Agrícola_Premium Radial_0007,0.4279
Agrícola_|_Premium_Radial_Community_03,Toyo Tires_Agrícola_Premium Radial_0045,Pirelli_Agrícola_Premium Radial_0007,0.2338
Agrícola_|_Premium_Radial_Community_03,Vredestein_Agrícola_Premium Radial_0041,Pirelli_Agrícola_Premium Radial_0007,0.3598
Agrícola_|_Premium_Radial_Community_03,Bridgestone_Agrícola_Premium Radial_0026,Pirelli_Agrícola_Premium Radial_0016,0.0926
Agrícola_|_Premium_Radial_Community_03,Dunlop_Agrícola_Premium Radial_0028,Pirelli_Agrícola_Premium Radial_0016,0.1105
Agrícola_|_Premium_Radial_Community_03,Linglong_Agrícola_Premium Radial_0063,Pirelli_Agrícola_Premium Radial_0016,0.4541
Agrícola_|_Premium_Radial_Community_03,Pirelli_Agrícola_Premium Radial_0078,Pirelli_Agrícola_Premium Radial_0016,0.0585
Agrícola_|_Premium_Radial_Community_03,Tomket_Agrícola_Premium Radial_0050,Pirelli_Agrícola_Premium Radial_0016,0.1329
Agrícola_|_Premium_Radial_Community_03,Westlake_Agrícola_Premium Radial_0043,Pirelli_Agrícola_Premium Radial_0016,0.3873
Agrícola_|_Premium_Radial_Community_03,BFGoodrich_Agrícola_Premium Radial_0047,Pirelli_Agrícola_Premium Radial_0064,0.1313
Agrícola_|_Premium_Radial_Community_03,Kumho_Agrícola_Premium Radial_0058,Pirelli_Agrícola_Premium Radial_0064,0.5032
Agrícola_|_Premium_Radial_Community_03,Pirelli_Agrícola_Premium Radial_0078,Pirelli_Agrícola_Premium Radial_0064,0.1556
Agrícola_|_Premium_Radial_Community_03,Tomket_Agrícola_Premium Radial_0077,Pirelli_Agrícola_Premium Radial_0064,0.3572
Agrícola_|_Premium_Radial_Community_03,Cooper Tires_Agrícola_Premium Radial_0023,Pirelli_Agrícola_Premium Radial_0078,0.0521
Agrícola_|_Premium_Radial_Community_03,Dunlop_Agrícola_Premium Radial_0028,Pirelli_Agrícola_Premium Radial_0078,0.0825
Agrícola_|_Premium_Radial_Community_03,GT Radial_Agrícola_Premium Radial_0048,Pirelli_Agrícola_Premium Radial_0078,0.34
Agrícola_|_Premium_Radial_Community_03,Pirelli_Agrícola_Premium Radial_0016,Pirelli_Agrícola_Premium Radial_0078,0.0804
Agrícola_|_Premium_Radial_Community_03,Pirelli_Agrícola_Premium Radial_0064,Pirelli_Agrícola_Premium Radial_0078,0.0674
Agrícola_|_Premium_Radial_Community_03,Tomket_Agrícola_Premium Radial_0030,Pirelli_Agrícola_Premium Radial_0078,0.0876
Agrícola_|_Premium_Radial_Community_03,Wanli_Agrícola_Premium Radial_0006,Pirelli_Agrícola_Premium Radial_0078,0.374
Agrícola_|_Premium_Radial_Community_03,Continental_Agrícola_Premium Radial_0002,Roadmarch_Agrícola_Premium Radial_0011,0.126
Agrícola_|_Premium_Radial_Community_03,Cooper Tires_Agrícola_Premium Radial_0023,Roadmarch_Agrícola_Premium Radial_0011,0.1515
Agrícola_|_Premium_Radial_Community_03,GT Radial_Agrícola_Premium Radial_0020,Roadmarch_Agrícola_Premium Radial_0011,0.3607
Agrícola_|_Premium_Radial_Community_03,GT Radial_Agrícola_Premium Radial_0048,Roadmarch_Agrícola_Premium Radial_0011,0.1059
Agrícola_|_Premium_Radial_Community_03,Pirelli_Agrícola_Premium Radial_0064,Roadmarch_Agrícola_Premium Radial_0011,0.2263
Agrícola_|_Premium_Radial_Community_03,Toyo Tires_Agrícola_Premium Radial_0045,Roadmarch_Agrícola_Premium Radial_0011,0.1036
Agrícola_|_Premium_Radial_Community_03,BFGoodrich_Agrícola_Premium Radial_0047,Tomket_Agrícola_Premium Radial_0030,0.6382
Agrícola_|_Premium_Radial_Community_03,Dunlop_Agrícola_Premium Radial_0028,Tomket_Agrícola_Premium Radial_0030,0.1204
Agrícola_|_Premium_Radial_Community_03,GT Radial_Agrícola_Premium Radial_0032,Tomket_Agrícola_Premium Radial_0030,0.1161
Agrícola_|_Premium_Radial_Community_03,Pirelli_Agrícola_Premium Radial_0064,Tomket_Agrícola_Premium Radial_0030,0.0961
Agrícola_|_Premium_Radial_Community_03,Falken_Agrícola_Premium Radial_0022,Tomket_Agrícola_Premium Radial_0050,0.2509
Agrícola_|_Premium_Radial_Community_03,Linglong_Agrícola_Premium Radial_0063,Tomket_Agrícola_Premium Radial_0050,0.1171
Agrícola_|_Premium_Radial_Community_03,Tomket_Agrícola_Premium Radial_0077,Tomket_Agrícola_Premium Radial_0050,0.3686
Agrícola_|_Premium_Radial_Community_03,Toyo Tires_Agrícola_Premium Radial_0045,Tomket_Agrícola_Premium Radial_0050,0.2098
Agrícola_|_Premium_Radial_Community_03,Vredestein_Agrícola_Premium Radial_0041,Tomket_Agrícola_Premium Radial_0050,0.1294
Agrícola_|_Premium_Radial_Community_03,Goodyear_Agrícola_Premium Radial_0017,Tomket_Agrícola_Premium Radial_0077,0.1296
Agrícola_|_Premium_Radial_Community_03,Pirelli_Agrícola_Premium Radial_0016,Tomket_Agrícola_Premium Radial_0077,0.2243
Agrícola_|_Premium_Radial_Community_03,Triangle_Agrícola_Premium Radial_0037,Tomket_Agrícola_Premium Radial_0077,0.3656
Agrícola_|_Premium_Radial_Community_03,Vredestein_Agrícola_Premium Radial_0041,Tomket_Agrícola_Premium Radial_0077,0.1283
Agrícola_|_Premium_Radial_Community_03,Wanli_Agrícola_Premium Radial_0006,Tomket_Agrícola_Premium Radial_0077,0.2611
Agrícola_|_Premium_Radial_Community_03,GT Radial_Agrícola_Premium Radial_0048,Toyo Tires_Agrícola_Premium Radial_0045,0.163
Agrícola_|_Premium_Radial_Community_03,Goodyear_Agrícola_Premium Radial_0017,Toyo Tires_Agrícola_Premium Radial_0045,0.2073
Agrícola_|_Premium_Radial_Community_03,Kumho_Agrícola_Premium Radial_0058,Toyo Tires_Agrícola_Premium Radial_0045,0.0592
Agrícola_|_Premium_Radial_Community_03,Pirelli_Agrícola_Premium Radial_0078,Toyo Tires_Agrícola_Premium Radial_0045,0.2439
Agrícola_|_Premium_Radial_Community_03,Tomket_Agrícola_Premium Radial_0030,Toyo Tires_Agrícola_Premium Radial_0045,0.2711
Agrícola_|_Premium_Radial_Community_03,Wanli_Agrícola_Premium Radial_0006,Toyo Tires_Agrícola_Premium Radial_0045,0.1609
Agrícola_|_Premium_Radial_Community_03,Pirelli_Agrícola_Premium Radial_0007,Triangle_Agrícola_Premium Radial_0004,0.4413
Agrícola_|_Premium_Radial_Community_03,Pirelli_Agrícola_Premium Radial_0064,Triangle_Agrícola_Premium Radial_0004,0.0807
Agrícola_|_Premium_Radial_Community_03,Roadmarch_Agrícola_Premium Radial_0011,Triangle_Agrícola_Premium Radial_0004,0.245
Agrícola_|_Premium_Radial_Community_03,Toyo Tires_Agrícola_Premium Radial_0045,Triangle_Agrícola_Premium Radial_0004,0.1622
Agrícola_|_Premium_Radial_Community_03,Triangle_Agrícola_Premium Radial_0037,Triangle_Agrícola_Premium Radial_0004,0.066
Agrícola_|_Premium_Radial_Community_03,Kumho_Agrícola_Premium Radial_0058,Triangle_Agrícola_Premium Radial_0037,0.1006
Agrícola_|_Premium_Radial_Community_03,Pirelli_Agrícola_Premium Radial_0007,Triangle_Agrícola_Premium Radial_0037,0.6381
Agrícola_|_Premium_Radial_Community_03,Tomket_Agrícola_Premium Radial_0050,Triangle_Agrícola_Premium Radial_0037,0.1137
Agrícola_|_Premium_Radial_Community_03,Vredestein_Agrícola_Premium Radial_0015,Triangle_Agrícola_Premium Radial_0037,0.0645
Agrícola_|_Premium_Radial_Community_03,Vredestein_Agrícola_Premium Radial_0041,Triangle_Agrícola_Premium Radial_0037,0.1195
Agrícola_|_Premium_Radial_Community_03,GT Radial_Agrícola_Premium Radial_0048,Uniroyal_Agrícola_Premium Radial_0073,0.1164
Agrícola_|_Premium_Radial_Community_03,Pirelli_Agrícola_Premium Radial_0007,Uniroyal_Agrícola_Premium Radial_0073,0.2755
Agrícola_|_Premium_Radial_Community_03,Pirelli_Agrícola_Premium Radial_0064,Uniroyal_Agrícola_Premium Radial_0073,0.3023
Agrícola_|_Premium_Radial_Community_03,Pirelli_Agrícola_Premium Radial_0078,Uniroyal_Agrícola_Premium Radial_0073,0.2979
Agrícola_|_Premium_Radial_Community_03,Tomket_Agrícola_Premium Radial_0050,Uniroyal_Agrícola_Premium Radial_0073,0.1342
Agrícola_|_Premium_Radial_Community_03,Dunlop_Agrícola_Premium Radial_0028,Vredestein_Agrícola_Premium Radial_0015,0.1684
Agrícola_|_Premium_Radial_Community_03,Firestone_Agrícola_Premium Radial_0013,Vredestein_Agrícola_Premium Radial_0015,0.348
Agrícola_|_Premium_Radial_Community_03,Pirelli_Agrícola_Premium Radial_0007,Vredestein_Agrícola_Premium Radial_0015,0.2265
Agrícola_|_Premium_Radial_Community_03,Triangle_Agrícola_Premium Radial_0037,Vredestein_Agrícola_Premium Radial_0015,0.3614
Agrícola_|_Premium_Radial_Community_03,Bridgestone_Agrícola_Premium Radial_0026,Vredestein_Agrícola_Premium Radial_0041,0.3818
Agrícola_|_Premium_Radial_Community_03,Kumho_Agrícola_Premium Radial_0058,Vredestein_Agrícola_Premium Radial_0041,0.0524
Agrícola_|_Premium_Radial_Community_03,Tomket_Agrícola_Premium Radial_0050,Vredestein_Agrícola_Premium Radial_0041,0.087
Agrícola_|_Premium_Radial_Community_03,Vredestein_Agrícola_Premium Radial_0015,Vredestein_Agrícola_Premium Radial_0041,0.5662
Agrícola_|_Premium_Radial_Community_03,Dunlop_Agrícola_Premium Radial_0028,Wanli_Agrícola_Premium Radial_0006,0.7238
Agrícola_|_Premium_Radial_Community_03,GT Radial_Agrícola_Premium Radial_0038,Wanli_Agrícola_Premium Radial_0006,0.1116
Agrícola_|_Premium_Radial_Community_03,Roadmarch_Agrícola_Premium Radial_0011,Wanli_Agrícola_Premium Radial_0006,0.1785
Agrícola_|_Premium_Radial_Community_03,Tomket_Agrícola_Premium Radial_0030,Wanli_Agrícola_Premium Radial_0006,0.1652
Agrícola_|_Premium_Radial_Community_03,Dunlop_Agrícola_Premium Radial_0028,Westlake_Agrícola_Premium Radial_0043,0.5543
Agrícola_|_Premium_Radial_Community_03,Pirelli_Agrícola_Premium Radial_0078,Westlake_Agrícola_Premium Radial_0043,0.286
Agrícola_|_Premium_Radial_Community_03,Tomket_Agrícola_Premium Radial_0077,Westlake_Agrícola_Premium Radial_0043,0.246
Agrícola_|_Premium_Radial_Community_03,Wanli_Agrícola_Premium Radial_0006,Westlake_Agrícola_Premium Radial_0043,0.1374
Agrícola_|_Premium_Radial_Community_02,Continental_Agrícola_Premium Radial_0005,BFGoodrich_Agrícola_Premium Radial_0065,0.1496
Agrícola_|_Premium_Radial_Community_02,Cooper Tires_Agrícola_Premium Radial_0036,BFGoodrich_Agrícola_Premium Radial_0065,0.0741
Agrícola_|_Premium_Radial_Community_02,Minerva_Agrícola_Premium Radial_0055,BFGoodrich_Agrícola_Premium Radial_0065,0.1194
Agrícola_|_Premium_Radial_Community_02,Toyo Tires_Agrícola_Premium Radial_0001,BFGoodrich_Agrícola_Premium Radial_0065,0.3792
Agrícola_|_Premium_Radial_Community_02,Tracmax_Agrícola_Premium Radial_0060,BFGoodrich_Agrícola_Premium Radial_0065,0.3083
Agrícola_|_Premium_Radial_Community_02,Continental_Agrícola_Premium Radial_0005,Bridgestone_Agrícola_Premium Radial_0003,0.2855
Agrícola_|_Premium_Radial_Community_02,Dunlop_Agrícola_Premium Radial_0044,Bridgestone_Agrícola_Premium Radial_0003,0.1962
Agrícola_|_Premium_Radial_Community_02,Mazzini_Agrícola_Premium Radial_0067,Bridgestone_Agrícola_Premium Radial_0003,0.4977
Agrícola_|_Premium_Radial_Community_02,Wanli_Agrícola_Premium Radial_0071,Bridgestone_Agrícola_Premium Radial_0003,0.1547
Agrícola_|_Premium_Radial_Community_02,Bridgestone_Agrícola_Premium Radial_0075,Bridgestone_Agrícola_Premium Radial_0051,0.076
Agrícola_|_Premium_Radial_Community_02,Goodyear_Agrícola_Premium Radial_0057,Bridgestone_Agrícola_Premium Radial_0051,0.2105
Agrícola_|_Premium_Radial_Community_02,Kumho_Agrícola_Premium Radial_0034,Bridgestone_Agrícola_Premium Radial_0051,0.3634
Agrícola_|_Premium_Radial_Community_02,Mazzini_Agrícola_Premium Radial_0040,Bridgestone_Agrícola_Premium Radial_0051,0.1798
Agrícola_|_Premium_Radial_Community_02,Minerva_Agrícola_Premium Radial_0055,Bridgestone_Agrícola_Premium Radial_0051,0.2046
Agrícola_|_Premium_Radial_Community_02,Falken_Agrícola_Premium Radial_0000,Bridgestone_Agrícola_Premium Radial_0075,0.2359
Agrícola_|_Premium_Radial_Community_02,Goodyear_Agrícola_Premium Radial_0035,Bridgestone_Agrícola_Premium Radial_0075,0.0578
Agrícola_|_Premium_Radial_Community_02,Kumho_Agrícola_Premium Radial_0034,Bridgestone_Agrícola_Premium Radial_0075,0.1442
Agrícola_|_Premium_Radial_Community_02,Nexen_Agrícola_Premium Radial_0039,Bridgestone_Agrícola_Premium Radial_0075,0.6196
Agrícola_|_Premium_Radial_Community_02,Nexen_Agrícola_Premium Radial_0054,Bridgestone_Agrícola_Premium Radial_0075,0.0779
Agrícola_|_Premium_Radial_Community_02,Pirelli_Agrícola_Premium Radial_0072,Bridgestone_Agrícola_Premium Radial_0075,0.0591
Agrícola_|_Premium_Radial_Community_02,Bridgestone_Agrícola_Premium Radial_0003,Continental_Agrícola_Premium Radial_0005,0.112
Agrícola_|_Premium_Radial_Community_02,Bridgestone_Agrícola_Premium Radial_0075,Continental_Agrícola_Premium Radial_0005,0.3424
Agrícola_|_Premium_Radial_Community_02,Falken_Agrícola_Premium Radial_0000,Continental_Agrícola_Premium Radial_0005,0.1378
Agrícola_|_Premium_Radial_Community_02,General Tire_Agrícola_Premium Radial_0019,Continental_Agrícola_Premium Radial_0005,0.315
Agrícola_|_Premium_Radial_Community_02,Goodyear_Agrícola_Premium Radial_0035,Continental_Agrícola_Premium Radial_0005,0.1136
Agrícola_|_Premium_Radial_Community_02,Goodyear_Agrícola_Premium Radial_0035,Cooper Tires_Agrícola_Premium Radial_0036,0.1812
Agrícola_|_Premium_Radial_Community_02,Goodyear_Agrícola_Premium Radial_0059,Cooper Tires_Agrícola_Premium Radial_0036,0.0792
Agrícola_|_Premium_Radial_Community_02,Goodyear_Agrícola_Premium Radial_0076,Cooper Tires_Agrícola_Premium Radial_0036,0.3693
Agrícola_|_Premium_Radial_Community_02,Mazzini_Agrícola_Premium Radial_0040,Cooper Tires_Agrícola_Premium Radial_0036,0.1378
Agrícola_|_Premium_Radial_Community_02,Toyo Tires_Agrícola_Premium Radial_0069,Cooper Tires_Agrícola_Premium Radial_0036,0.2804
Agrícola_|_Premium_Radial_Community_02,Continental_Agrícola_Premium Radial_0005,Dunlop_Agrícola_Premium Radial_0044,0.1547
Agrícola_|_Premium_Radial_Community_02,General Tire_Agrícola_Premium Radial_0012,Dunlop_Agrícola_Premium Radial_0044,0.4497
Agrícola_|_Premium_Radial_Community_02,Goodyear_Agrícola_Premium Radial_0035,Dunlop_Agrícola_Premium Radial_0044,0.1524
Agrícola_|_Premium_Radial_Community_02,Mazzini_Agrícola_Premium Radial_0040,Dunlop_Agrícola_Premium Radial_0044,0.3073
Agrícola_|_Premium_Radial_Community_02,Nexen_Agrícola_Premium Radial_0054,Falken_Agrícola_Premium Radial_0000,0.4296
Agrícola_|_Premium_Radial_Community_02,Pirelli_Agrícola_Premium Radial_0056,Falken_Agrícola_Premium Radial_0000,0.1111
Agrícola_|_Premium_Radial_Community_02,Pirelli_Agrícola_Premium Radial_0072,Falken_Agrícola_Premium Radial_0000,0.4204
Agrícola_|_Premium_Radial_Community_02,Sailun_Agrícola_Premium Radial_0066,Falken_Agrícola_Premium Radial_0000,0.1336
Agrícola_|_Premium_Radial_Community_02,General Tire_Agrícola_Premium Radial_0019,General Tire_Agrícola_Premium Radial_0012,0.2886
Agrícola_|_Premium_Radial_Community_02,Mazzini_Agrícola_Premium Radial_0067,General Tire_Agrícola_Premium Radial_0012,0.418
Agrícola_|_Premium_Radial_Community_02,Roadmarch_Agrícola_Premium Radial_0027,General Tire_Agrícola_Premium Radial_0012,0.3125
Agrícola_|_Premium_Radial_Community_02,Westlake_Agrícola_Premium Radial_0024,General Tire_Agrícola_Premium Radial_0012,0.1451
Agrícola_|_Premium_Radial_Community_02,Continental_Agrícola_Premium Radial_0005,General Tire_Agrícola_Premium Radial_0019,0.2281
Agrícola_|_Premium_Radial_Community_02,Mazzini_Agrícola_Premium Radial_0040,General Tire_Agrícola_Premium Radial_0019,0.3971
Agrícola_|_Premium_Radial_Community_02,Nexen_Agrícola_Premium Radial_0039,General Tire_Agrícola_Premium Radial_0019,0.107
Agrícola_|_Premium_Radial_Community_02,Nexen_Agrícola_Premium Radial_0054,General Tire_Agrícola_Premium Radial_0019,0.2363
Agrícola_|_Premium_Radial_Community_02,Westlake_Agrícola_Premium Radial_0024,General Tire_Agrícola_Premium Radial_0019,0.1195
Agrícola_|_Premium_Radial_Community_02,Mazzini_Agrícola_Premium Radial_0067,General Tire_Agrícola_Premium Radial_0042,0.0802
Agrícola_|_Premium_Radial_Community_02,Nexen_Agrícola_Premium Radial_0039,General Tire_Agrícola_Premium Radial_0042,0.6611
Agrícola_|_Premium_Radial_Community_02,Toyo Tires_Agrícola_Premium Radial_0001,General Tire_Agrícola_Premium Radial_0042,0.0755
Agrícola_|_Premium_Radial_Community_02,Tracmax_Agrícola_Premium Radial_0060,General Tire_Agrícola_Premium Radial_0042,0.1557
Agrícola_|_Premium_Radial_Community_02,Westlake_Agrícola_Premium Radial_0024,General Tire_Agrícola_Premium Radial_0042,0.1954
Agrícola_|_Premium_Radial_Community_02,Bridgestone_Agrícola_Premium Radial_0075,Goodyear_Agrícola_Premium Radial_0035,0.2164
Agrícola_|_Premium_Radial_Community_02,General Tire_Agrícola_Premium Radial_0012,Goodyear_Agrícola_Premium Radial_0035,0.531
Agrícola_|_Premium_Radial_Community_02,General Tire_Agrícola_Premium Radial_0042,Goodyear_Agrícola_Premium Radial_0035,0.1995
Agrícola_|_Premium_Radial_Community_02,Yokohama_Agrícola_Premium Radial_0068,Goodyear_Agrícola_Premium Radial_0035,0.1414
Agrícola_|_Premium_Radial_Community_02,BFGoodrich_Agrícola_Premium Radial_0065,Goodyear_Agrícola_Premium Radial_0057,0.2306
Agrícola_|_Premium_Radial_Community_02,Bridgestone_Agrícola_Premium Radial_0075,Goodyear_Agrícola_Premium Radial_0057,0.2131
Agrícola_|_Premium_Radial_Community_02,Continental_Agrícola_Premium Radial_0005,Goodyear_Agrícola_Premium Radial_0057,0.1303
Agrícola_|_Premium_Radial_Community_02,Goodyear_Agrícola_Premium Radial_0059,Goodyear_Agrícola_Premium Radial_0057,0.212
Agrícola_|_Premium_Radial_Community_02,Pirelli_Agrícola_Premium Radial_0053,Goodyear_Agrícola_Premium Radial_0057,0.2112
Agrícola_|_Premium_Radial_Community_02,Roadmarch_Agrícola_Premium Radial_0027,Goodyear_Agrícola_Premium Radial_0057,0.1761
Agrícola_|_Premium_Radial_Community_02,General Tire_Agrícola_Premium Radial_0012,Goodyear_Agrícola_Premium Radial_0059,0.0558
Agrícola_|_Premium_Radial_Community_02,Mazzini_Agrícola_Premium Radial_0040,Goodyear_Agrícola_Premium Radial_0059,0.6298
Agrícola_|_Premium_Radial_Community_02,Wanli_Agrícola_Premium Radial_0071,Goodyear_Agrícola_Premium Radial_0059,0.3409
Agrícola_|_Premium_Radial_Community_02,Cooper Tires_Agrícola_Premium Radial_0036,Goodyear_Agrícola_Premium Radial_0076,0.055
Agrícola_|_Premium_Radial_Community_02,Dunlop_Agrícola_Premium Radial_0044,Goodyear_Agrícola_Premium Radial_0076,0.502
Agrícola_|_Premium_Radial_Community_02,General Tire_Agrícola_Premium Radial_0012,Goodyear_Agrícola_Premium Radial_0076,0.0966
Agrícola_|_Premium_Radial_Community_02,Goodyear_Agrícola_Premium Radial_0035,Goodyear_Agrícola_Premium Radial_0076,0.076
Agrícola_|_Premium_Radial_Community_02,Kumho_Agrícola_Premium Radial_0031,Goodyear_Agrícola_Premium Radial_0076,0.2208
Agrícola_|_Premium_Radial_Community_02,Continental_Agrícola_Premium Radial_0005,Kumho_Agrícola_Premium Radial_0031,0.3052
Agrícola_|_Premium_Radial_Community_02,Goodyear_Agrícola_Premium Radial_0035,Kumho_Agrícola_Premium Radial_0031,0.1492
Agrícola_|_Premium_Radial_Community_02,Goodyear_Agrícola_Premium Radial_0059,Kumho_Agrícola_Premium Radial_0031,0.16
Agrícola_|_Premium_Radial_Community_02,Goodyear_Agrícola_Premium Radial_0076,Kumho_Agrícola_Premium Radial_0031,0.0846
Agrícola_|_Premium_Radial_Community_02,Kumho_Agrícola_Premium Radial_0034,Kumho_Agrícola_Premium Radial_0031,0.0937
Agrícola_|_Premium_Radial_Community_02,Nexen_Agrícola_Premium Radial_0039,Kumho_Agrícola_Premium Radial_0031,0.0785
Agrícola_|_Premium_Radial_Community_02,Pirelli_Agrícola_Premium Radial_0053,Kumho_Agrícola_Premium Radial_0031,0.1922
Agrícola_|_Premium_Radial_Community_02,Goodyear_Agrícola_Premium Radial_0035,Kumho_Agrícola_Premium Radial_0034,0.11
Agrícola_|_Premium_Radial_Community_02,Nexen_Agrícola_Premium Radial_0029,Kumho_Agrícola_Premium Radial_0034,0.0914
Agrícola_|_Premium_Radial_Community_02,Nexen_Agrícola_Premium Radial_0054,Kumho_Agrícola_Premium Radial_0034,0.3753
Agrícola_|_Premium_Radial_Community_02,Pirelli_Agrícola_Premium Radial_0056,Kumho_Agrícola_Premium Radial_0034,0.1167
Agrícola_|_Premium_Radial_Community_02,Toyo Tires_Agrícola_Premium Radial_0001,Kumho_Agrícola_Premium Radial_0034,0.2358
Agrícola_|_Premium_Radial_Community_02,Westlake_Agrícola_Premium Radial_0024,Kumho_Agrícola_Premium Radial_0034,0.0663
Agrícola_|_Premium_Radial_Community_02,General Tire_Agrícola_Premium Radial_0012,Mazzini_Agrícola_Premium Radial_0040,0.2055
Agrícola_|_Premium_Radial_Community_02,General Tire_Agrícola_Premium Radial_0042,Mazzini_Agrícola_Premium Radial_0040,0.2428
Agrícola_|_Premium_Radial_Community_02,Goodyear_Agrícola_Premium Radial_0035,Mazzini_Agrícola_Premium Radial_0040,0.2626
Agrícola_|_Premium_Radial_Community_02,Kumho_Agrícola_Premium Radial_0034,Mazzini_Agrícola_Premium Radial_0040,0.0976
Agrícola_|_Premium_Radial_Community_02,Roadmarch_Agrícola_Premium Radial_0027,Mazzini_Agrícola_Premium Radial_0040,0.0871
Agrícola_|_Premium_Radial_Community_02,Wanli_Agrícola_Premium Radial_0071,Mazzini_Agrícola_Premium Radial_0040,0.0821
Agrícola_|_Premium_Radial_Community_02,Bridgestone_Agrícola_Premium Radial_0003,Mazzini_Agrícola_Premium Radial_0067,0.1341
Agrícola_|_Premium_Radial_Community_02,Dunlop_Agrícola_Premium Radial_0044,Mazzini_Agrícola_Premium Radial_0067,0.1378
Agrícola_|_Premium_Radial_Community_02,Goodyear_Agrícola_Premium Radial_0057,Mazzini_Agrícola_Premium Radial_0067,0.1195
Agrícola_|_Premium_Radial_Community_02,Goodyear_Agrícola_Premium Radial_0059,Mazzini_Agrícola_Premium Radial_0067,0.4862
Agrícola_|_Premium_Radial_Community_02,Kumho_Agrícola_Premium Radial_0031,Mazzini_Agrícola_Premium Radial_0067,0.2627
Agrícola_|_Premium_Radial_Community_02,Bridgestone_Agrícola_Premium Radial_0075,Minerva_Agrícola_Premium Radial_0055,0.0795
Agrícola_|_Premium_Radial_Community_02,Cooper Tires_Agrícola_Premium Radial_0036,Minerva_Agrícola_Premium Radial_0055,0.2422
Agrícola_|_Premium_Radial_Community_02,Goodyear_Agrícola_Premium Radial_0059,Minerva_Agrícola_Premium Radial_0055,0.193
Agrícola_|_Premium_Radial_Community_02,Kumho_Agrícola_Premium Radial_0034,Minerva_Agrícola_Premium Radial_0055,0.1599
Agrícola_|_Premium_Radial_Community_02,Pirelli_Agrícola_Premium Radial_0056,Minerva_Agrícola_Premium Radial_0055,0.4292
Agrícola_|_Premium_Radial_Community_02,Kumho_Agrícola_Premium Radial_0034,Nexen_Agrícola_Premium Radial_0014,0.5957
Agrícola_|_Premium_Radial_Community_02,Nexen_Agrícola_Premium Radial_0054,Nexen_Agrícola_Premium Radial_0014,0.0585
Agrícola_|_Premium_Radial_Community_02,Tomket_Agrícola_Premium Radial_0009,Nexen_Agrícola_Premium Radial_0014,0.1496
Agrícola_|_Premium_Radial_Community_02,Tracmax_Agrícola_Premium Radial_0060,Nexen_Agrícola_Premium Radial_0014,0.341
Agrícola_|_Premium_Radial_Community_02,Goodyear_Agrícola_Premium Radial_0057,Nexen_Agrícola_Premium Radial_0029,0.5601
Agrícola_|_Premium_Radial_Community_02,Kumho_Agrícola_Premium Radial_0034,Nexen_Agrícola_Premium Radial_0029,0.5263
Agrícola_|_Premium_Radial_Community_02,Minerva_Agrícola_Premium Radial_0055,Nexen_Agrícola_Premium Radial_0039,0.5747
Agrícola_|_Premium_Radial_Community_02,Nexen_Agrícola_Premium Radial_0054,Nexen_Agrícola_Premium Radial_0039,0.2871
Agrícola_|_Premium_Radial_Community_02,BFGoodrich_Agrícola_Premium Radial_0065,Nexen_Agrícola_Premium Radial_0054,0.1183
Agrícola_|_Premium_Radial_Community_02,Bridgestone_Agrícola_Premium Radial_0003,Nexen_Agrícola_Premium Radial_0054,0.1658
Agrícola_|_Premium_Radial_Community_02,Falken_Agrícola_Premium Radial_0000,Nexen_Agrícola_Premium Radial_0054,0.129
Agrícola_|_Premium_Radial_Community_02,Kumho_Agrícola_Premium Radial_0034,Nexen_Agrícola_Premium Radial_0054,0.0575
Agrícola_|_Premium_Radial_Community_02,Pirelli_Agrícola_Premium Radial_0056,Nexen_Agrícola_Premium Radial_0054,0.1455
Agrícola_|_Premium_Radial_Community_02,Tracmax_Agrícola_Premium Radial_0060,Nexen_Agrícola_Premium Radial_0054,0.0915
Agrícola_|_Premium_Radial_Community_02,Westlake_Agrícola_Premium Radial_0024,Nexen_Agrícola_Premium Radial_0054,0.2337
Agrícola_|_Premium_Radial_Community_02,General Tire_Agrícola_Premium Radial_0019,Pirelli_Agrícola_Premium Radial_0053,0.1601
Agrícola_|_Premium_Radial_Community_02,Goodyear_Agrícola_Premium Radial_0076,Pirelli_Agrícola_Premium Radial_0053,0.1826
Agrícola_|_Premium_Radial_Community_02,Sailun_Agrícola_Premium Radial_0066,Pirelli_Agrícola_Premium Radial_0053,0.172
Agrícola_|_Premium_Radial_Community_02,Toyo Tires_Agrícola_Premium Radial_0001,Pirelli_Agrícola_Premium Radial_0053,0.3934
Agrícola_|_Premium_Radial_Community_02,Toyo Tires_Agrícola_Premium Radial_0069,Pirelli_Agrícola_Premium Radial_0053,0.1536
Agrícola_|_Premium_Radial_Community_02,Bridgestone_Agrícola_Premium Radial_0003,Pirelli_Agrícola_Premium Radial_0056,0.2451
Agrícola_|_Premium_Radial_Community_02,Bridgestone_Agrícola_Premium Radial_0075,Pirelli_Agrícola_Premium Radial_0056,0.0998
Agrícola_|_Premium_Radial_Community_02,Kumho_Agrícola_Premium Radial_0034,Pirelli_Agrícola_Premium Radial_0056,0.0866
Agrícola_|_Premium_Radial_Community_02,Tracmax_Agrícola_Premium Radial_0060,Pirelli_Agrícola_Premium Radial_0056,0.592
Agrícola_|_Premium_Radial_Community_02,Wanli_Agrícola_Premium Radial_0071,Pirelli_Agrícola_Premium Radial_0056,0.1363
Agrícola_|_Premium_Radial_Community_02,Falken_Agrícola_Premium Radial_0000,Pirelli_Agrícola_Premium Radial_0072,0.2464
Agrícola_|_Premium_Radial_Community_02,General Tire_Agrícola_Premium Radial_0012,Pirelli_Agrícola_Premium Radial_0072,0.1301
Agrícola_|_Premium_Radial_Community_02,Mazzini_Agrícola_Premium Radial_0067,Pirelli_Agrícola_Premium Radial_0072,0.4009
Agrícola_|_Premium_Radial_Community_02,Nexen_Agrícola_Premium Radial_0054,Pirelli_Agrícola_Premium Radial_0072,0.1656
Agrícola_|_Premium_Radial_Community_02,Roadmarch_Agrícola_Premium Radial_0027,Pirelli_Agrícola_Premium Radial_0072,0.2847
Agrícola_|_Premium_Radial_Community_02,Bridgestone_Agrícola_Premium Radial_0075,Roadmarch_Agrícola_Premium Radial_0027,0.1645
Agrícola_|_Premium_Radial_Community_02,Falken_Agrícola_Premium Radial_0000,Roadmarch_Agrícola_Premium Radial_0027,0.2722
Agrícola_|_Premium_Radial_Community_02,General Tire_Agrícola_Premium Radial_0042,Roadmarch_Agrícola_Premium Radial_0027,0.0588
Agrícola_|_Premium_Radial_Community_02,Goodyear_Agrícola_Premium Radial_0035,Roadmarch_Agrícola_Premium Radial_0027,0.4026
Agrícola_|_Premium_Radial_Community_02,Toyo Tires_Agrícola_Premium Radial_0069,Roadmarch_Agrícola_Premium Radial_0027,0.2212
Agrícola_|_Premium_Radial_Community_02,Bridgestone_Agrícola_Premium Radial_0075,Sailun_Agrícola_Premium Radial_0066,0.3574
Agrícola_|_Premium_Radial_Community_02,Mazzini_Agrícola_Premium Radial_0040,Sailun_Agrícola_Premium Radial_0066,0.5032
Agrícola_|_Premium_Radial_Community_02,Nexen_Agrícola_Premium Radial_0039,Sailun_Agrícola_Premium Radial_0066,0.0554
Agrícola_|_Premium_Radial_Community_02,Toyo Tires_Agrícola_Premium Radial_0001,Sailun_Agrícola_Premium Radial_0066,0.2287
Agrícola_|_Premium_Radial_Community_02,Bridgestone_Agrícola_Premium Radial_0003,Tomket_Agrícola_Premium Radial_0009,0.0682
Agrícola_|_Premium_Radial_Community_02,Bridgestone_Agrícola_Premium Radial_0051,Tomket_Agrícola_Premium Radial_0009,0.1831
Agrícola_|_Premium_Radial_Community_02,Cooper Tires_Agrícola_Premium Radial_0036,Tomket_Agrícola_Premium Radial_0009,0.0656
Agrícola_|_Premium_Radial_Community_02,General Tire_Agrícola_Premium Radial_0042,Tomket_Agrícola_Premium Radial_0009,0.2223
Agrícola_|_Premium_Radial_Community_02,Goodyear_Agrícola_Premium Radial_0035,Tomket_Agrícola_Premium Radial_0009,0.1114
Agrícola_|_Premium_Radial_Community_02,Kumho_Agrícola_Premium Radial_0034,Tomket_Agrícola_Premium Radial_0009,0.4035
Agrícola_|_Premium_Radial_Community_02,Nexen_Agrícola_Premium Radial_0029,Tomket_Agrícola_Premium Radial_0009,0.0854
Agrícola_|_Premium_Radial_Community_02,Roadmarch_Agrícola_Premium Radial_0027,Toyo Tires_Agrícola_Premium Radial_0001,0.0907
Agrícola_|_Premium_Radial_Community_02,Westlake_Agrícola_Premium Radial_0024,Toyo Tires_Agrícola_Premium Radial_0001,0.242
Agrícola_|_Premium_Radial_Community_02,Yokohama_Agrícola_Premium Radial_0068,Toyo Tires_Agrícola_Premium Radial_0001,0.7732
Agrícola_|_Premium_Radial_Community_02,Mazzini_Agrícola_Premium Radial_0067,Toyo Tires_Agrícola_Premium Radial_0069,0.0928
Agrícola_|_Premium_Radial_Community_02,Nexen_Agrícola_Premium Radial_0039,Toyo Tires_Agrícola_Premium Radial_0069,0.1824
Agrícola_|_Premium_Radial_Community_02,Pirelli_Agrícola_Premium Radial_0053,Toyo Tires_Agrícola_Premium Radial_0069,0.1301
Agrícola_|_Premium_Radial_Community_02,Sailun_Agrícola_Premium Radial_0066,Toyo Tires_Agrícola_Premium Radial_0069,0.4932
Agrícola_|_Premium_Radial_Community_02,Westlake_Agrícola_Premium Radial_0024,Toyo Tires_Agrícola_Premium Radial_0069,0.2641
Agrícola_|_Premium_Radial_Community_02,General Tire_Agrícola_Premium Radial_0042,Tracmax_Agrícola_Premium Radial_0060,0.2466
Agrícola_|_Premium_Radial_Community_02,Minerva_Agrícola_Premium Radial_0055,Tracmax_Agrícola_Premium Radial_0060,0.4019
Agrícola_|_Premium_Radial_Community_02,Toyo Tires_Agrícola_Premium Radial_0001,Tracmax_Agrícola_Premium Radial_0060,0.2228
Agrícola_|_Premium_Radial_Community_02,Toyo Tires_Agrícola_Premium Radial_0069,Tracmax_Agrícola_Premium Radial_0060,0.0675
Agrícola_|_Premium_Radial_Community_02,Westlake_Agrícola_Premium Radial_0024,Tracmax_Agrícola_Premium Radial_0060,0.114
Agrícola_|_Premium_Radial_Community_02,BFGoodrich_Agrícola_Premium Radial_0065,Wanli_Agrícola_Premium Radial_0071,0.0698
Agrícola_|_Premium_Radial_Community_02,Continental_Agrícola_Premium Radial_0005,Wanli_Agrícola_Premium Radial_0071,0.097
Agrícola_|_Premium_Radial_Community_02,Goodyear_Agrícola_Premium Radial_0035,Wanli_Agrícola_Premium Radial_0071,0.0652
Agrícola_|_Premium_Radial_Community_02,Goodyear_Agrícola_Premium Radial_0057,Wanli_Agrícola_Premium Radial_0071,0.0762
Agrícola_|_Premium_Radial_Community_02,Nexen_Agrícola_Premium Radial_0039,Wanli_Agrícola_Premium Radial_0071,0.1705
Agrícola_|_Premium_Radial_Community_02,Nexen_Agrícola_Premium Radial_0054,Wanli_Agrícola_Premium Radial_0071,0.1352
Agrícola_|_Premium_Radial_Community_02,Pirelli_Agrícola_Premium Radial_0053,Wanli_Agrícola_Premium Radial_0071,0.0868
Agrícola_|_Premium_Radial_Community_02,Pirelli_Agrícola_Premium Radial_0056,Wanli_Agrícola_Premium Radial_0071,0.2771
Agrícola_|_Premium_Radial_Community_02,Toyo Tires_Agrícola_Premium Radial_0001,Wanli_Agrícola_Premium Radial_0071,0.1701
Agrícola_|_Premium_Radial_Community_02,Bridgestone_Agrícola_Premium Radial_0075,Westlake_Agrícola_Premium Radial_0024,0.217
Agrícola_|_Premium_Radial_Community_02,Nexen_Agrícola_Premium Radial_0054,Westlake_Agrícola_Premium Radial_0024,0.8776
Agrícola_|_Premium_Radial_Community_02,Continental_Agrícola_Premium Radial_0005,Yokohama_Agrícola_Premium Radial_0068,0.1461
Agrícola_|_Premium_Radial_Community_02,General Tire_Agrícola_Premium Radial_0019,Yokohama_Agrícola_Premium Radial_0068,0.1007
Agrícola_|_Premium_Radial_Community_02,Nexen_Agrícola_Premium Radial_0029,Yokohama_Agrícola_Premium Radial_0068,0.1128
Agrícola_|_Premium_Radial_Community_02,Nexen_Agrícola_Premium Radial_0039,Yokohama_Agrícola_Premium Radial_0068,0.3157
Agrícola_|_Premium_Radial_Community_02,Nexen_Agrícola_Premium Radial_0054,Yokohama_Agrícola_Premium Radial_0068,0.137
Agrícola_|_Premium_Radial_Community_02,Pirelli_Agrícola_Premium Radial_0053,Yokohama_Agrícola_Premium Radial_0068,0.1611
Agrícola_|_Premium_Radial_Community_02,Pirelli_Agrícola_Premium Radial_0072,Yokohama_Agrícola_Premium Radial_0068,0.0623
Agrícola_|_Premium_Radial_Community_02,Tomket_Agrícola_Premium Radial_0009,Yokohama_Agrícola_Premium Radial_0068,0.0816
Agrícola_|_Premium_Radial_Community_02,Wanli_Agrícola_Premium Radial_0071,Yokohama_Agrícola_Premium Radial_0068,0.1252
Agrícola_|_Tractor_Community_02,Bridgestone_Agrícola_Tractor_0010,BFGoodrich_Agrícola_Tractor_0069,0.447
Agrícola_|_Tractor_Community_02,Goodyear_Agrícola_Tractor_0037,BFGoodrich_Agrícola_Tractor_0069,0.4216
Agrícola_|_Tractor_Community_02,Kumho_Agrícola_Tractor_0005,BFGoodrich_Agrícola_Tractor_0069,0.1486
Agrícola_|_Tractor_Community_02,Tomket_Agrícola_Tractor_0054,BFGoodrich_Agrícola_Tractor_0069,0.3978
Agrícola_|_Tractor_Community_02,Bridgestone_Agrícola_Tractor_0027,Bridgestone_Agrícola_Tractor_0010,0.2445
Agrícola_|_Tractor_Community_02,General Tire_Agrícola_Tractor_0000,Bridgestone_Agrícola_Tractor_0010,0.1496
Agrícola_|_Tractor_Community_02,General Tire_Agrícola_Tractor_0051,Bridgestone_Agrícola_Tractor_0010,0.0917
Agrícola_|_Tractor_Community_02,Goodyear_Agrícola_Tractor_0037,Bridgestone_Agrícola_Tractor_0010,0.5537
Agrícola_|_Tractor_Community_02,Nokian_Agrícola_Tractor_0026,Bridgestone_Agrícola_Tractor_0010,0.0902
Agrícola_|_Tractor_Community_02,Uniroyal_Agrícola_Tractor_0044,Bridgestone_Agrícola_Tractor_0010,0.1566
Agrícola_|_Tractor_Community_02,Wanli_Agrícola_Tractor_0015,Bridgestone_Agrícola_Tractor_0010,0.2234
Agrícola_|_Tractor_Community_02,General Tire_Agrícola_Tractor_0075,Bridgestone_Agrícola_Tractor_0027,0.208
Agrícola_|_Tractor_Community_02,Kumho_Agrícola_Tractor_0024,Bridgestone_Agrícola_Tractor_0027,0.1181
Agrícola_|_Tractor_Community_02,Pirelli_Agrícola_Tractor_0074,Bridgestone_Agrícola_Tractor_0027,0.4535
Agrícola_|_Tractor_Community_02,Uniroyal_Agrícola_Tractor_0044,Bridgestone_Agrícola_Tractor_0027,0.1913
Agrícola_|_Tractor_Community_02,Wanli_Agrícola_Tractor_0015,Bridgestone_Agrícola_Tractor_0027,0.3714
Agrícola_|_Tractor_Community_02,Dunlop_Agrícola_Tractor_0057,Bridgestone_Agrícola_Tractor_0056,0.2044
Agrícola_|_Tractor_Community_02,GT Radial_Agrícola_Tractor_0050,Bridgestone_Agrícola_Tractor_0056,0.385
Agrícola_|_Tractor_Community_02,General Tire_Agrícola_Tractor_0051,Bridgestone_Agrícola_Tractor_0056,0.6382
Agrícola_|_Tractor_Community_02,Westlake_Agrícola_Tractor_0011,Bridgestone_Agrícola_Tractor_0056,0.1453
Agrícola_|_Tractor_Community_02,Bridgestone_Agrícola_Tractor_0056,Cooper Tires_Agrícola_Tractor_0013,0.8088
Agrícola_|_Tractor_Community_02,Dunlop_Agrícola_Tractor_0057,Cooper Tires_Agrícola_Tractor_0013,0.2768
Agrícola_|_Tractor_Community_02,Pirelli_Agrícola_Tractor_0074,Cooper Tires_Agrícola_Tractor_0013,0.3987
Agrícola_|_Tractor_Community_02,Bridgestone_Agrícola_Tractor_0010,Dunlop_Agrícola_Tractor_0029,0.0915
Agrícola_|_Tractor_Community_02,Cooper Tires_Agrícola_Tractor_0013,Dunlop_Agrícola_Tractor_0029,0.7346
Agrícola_|_Tractor_Community_02,General Tire_Agrícola_Tractor_0000,Dunlop_Agrícola_Tractor_0029,0.4565
Agrícola_|_Tractor_Community_02,General Tire_Agrícola_Tractor_0062,Dunlop_Agrícola_Tractor_0029,0.126
Agrícola_|_Tractor_Community_02,General Tire_Agrícola_Tractor_0051,Dunlop_Agrícola_Tractor_0057,0.0507
Agrícola_|_Tractor_Community_02,General Tire_Agrícola_Tractor_0062,Dunlop_Agrícola_Tractor_0057,0.1854
Agrícola_|_Tractor_Community_02,Goodyear_Agrícola_Tractor_0037,Dunlop_Agrícola_Tractor_0057,0.5151
Agrícola_|_Tractor_Community_02,Wanli_Agrícola_Tractor_0015,Dunlop_Agrícola_Tractor_0057,0.8227
Agrícola_|_Tractor_Community_02,Bridgestone_Agrícola_Tractor_0027,GT Radial_Agrícola_Tractor_0050,0.6375
Agrícola_|_Tractor_Community_02,Goodyear_Agrícola_Tractor_0037,GT Radial_Agrícola_Tractor_0050,0.3464
Agrícola_|_Tractor_Community_02,Tomket_Agrícola_Tractor_0054,GT Radial_Agrícola_Tractor_0050,0.0587
Agrícola_|_Tractor_Community_02,Uniroyal_Agrícola_Tractor_0044,GT Radial_Agrícola_Tractor_0050,0.2418
Agrícola_|_Tractor_Community_02,Westlake_Agrícola_Tractor_0011,GT Radial_Agrícola_Tractor_0050,0.0963
Agrícola_|_Tractor_Community_02,Dunlop_Agrícola_Tractor_0057,General Tire_Agrícola_Tractor_0000,0.0956
Agrícola_|_Tractor_Community_02,General Tire_Agrícola_Tractor_0051,General Tire_Agrícola_Tractor_0000,0.323
Agrícola_|_Tractor_Community_02,Goodyear_Agrícola_Tractor_0037,General Tire_Agrícola_Tractor_0000,0.1306
Agrícola_|_Tractor_Community_02,Wanli_Agrícola_Tractor_0015,General Tire_Agrícola_Tractor_0000,0.0558
Agrícola_|_Tractor_Community_02,Wanli_Agrícola_Tractor_0043,General Tire_Agrícola_Tractor_0000,0.7294
Agrícola_|_Tractor_Community_02,BFGoodrich_Agrícola_Tractor_0069,General Tire_Agrícola_Tractor_0051,0.2368
Agrícola_|_Tractor_Community_02,Bridgestone_Agrícola_Tractor_0010,General Tire_Agrícola_Tractor_0051,0.3395
Agrícola_|_Tractor_Community_02,General Tire_Agrícola_Tractor_0075,General Tire_Agrícola_Tractor_0051,0.3176
Agrícola_|_Tractor_Community_02,Pirelli_Agrícola_Tractor_0074,General Tire_Agrícola_Tractor_0051,0.2865
Agrícola_|_Tractor_Community_02,Triangle_Agrícola_Tractor_0040,General Tire_Agrícola_Tractor_0051,0.1498
Agrícola_|_Tractor_Community_02,Wanli_Agrícola_Tractor_0043,General Tire_Agrícola_Tractor_0051,0.1633
Agrícola_|_Tractor_Community_02,Bridgestone_Agrícola_Tractor_0010,General Tire_Agrícola_Tractor_0062,0.3377
Agrícola_|_Tractor_Community_02,Dunlop_Agrícola_Tractor_0057,General Tire_Agrícola_Tractor_0062,0.1401
Agrícola_|_Tractor_Community_02,Michelin_Agrícola_Tractor_0038,General Tire_Agrícola_Tractor_0062,0.1779
Agrícola_|_Tractor_Community_02,Nexen_Agrícola_Tractor_0078,General Tire_Agrícola_Tractor_0062,0.3174
Agrícola_|_Tractor_Community_02,Uniroyal_Agrícola_Tractor_0044,General Tire_Agrícola_Tractor_0062,0.4319
Agrícola_|_Tractor_Community_02,Cooper Tires_Agrícola_Tractor_0013,General Tire_Agrícola_Tractor_0075,0.1693
Agrícola_|_Tractor_Community_02,Dunlop_Agrícola_Tractor_0029,General Tire_Agrícola_Tractor_0075,0.3133
Agrícola_|_Tractor_Community_02,General Tire_Agrícola_Tractor_0051,General Tire_Agrícola_Tractor_0075,0.163
Agrícola_|_Tractor_Community_02,Goodyear_Agrícola_Tractor_0031,General Tire_Agrícola_Tractor_0075,0.3692
Agrícola_|_Tractor_Community_02,Kumho_Agrícola_Tractor_0005,General Tire_Agrícola_Tractor_0075,0.1311
Agrícola_|_Tractor_Community_02,Uniroyal_Agrícola_Tractor_0044,General Tire_Agrícola_Tractor_0075,0.072
Agrícola_|_Tractor_Community_02,Westlake_Agrícola_Tractor_0011,General Tire_Agrícola_Tractor_0075,0.1431
Agrícola_|_Tractor_Community_02,BFGoodrich_Agrícola_Tractor_0069,Goodride_Agrícola_Tractor_0061,0.0798
Agrícola_|_Tractor_Community_02,Bridgestone_Agrícola_Tractor_0010,Goodride_Agrícola_Tractor_0061,0.1992
Agrícola_|_Tractor_Community_02,Bridgestone_Agrícola_Tractor_0027,Goodride_Agrícola_Tractor_0061,0.3311
Agrícola_|_Tractor_Community_02,Dunlop_Agrícola_Tractor_0029,Goodride_Agrícola_Tractor_0061,0.2614
Agrícola_|_Tractor_Community_02,Goodyear_Agrícola_Tractor_0031,Goodride_Agrícola_Tractor_0061,0.3972
Agrícola_|_Tractor_Community_02,Nexen_Agrícola_Tractor_0078,Goodride_Agrícola_Tractor_0061,0.2641
Agrícola_|_Tractor_Community_02,BFGoodrich_Agrícola_Tractor_0069,Goodyear_Agrícola_Tractor_0031,0.5154
Agrícola_|_Tractor_Community_02,Cooper Tires_Agrícola_Tractor_0013,Goodyear_Agrícola_Tractor_0031,0.3338
Agrícola_|_Tractor_Community_02,Dunlop_Agrícola_Tractor_0057,Goodyear_Agrícola_Tractor_0031,0.054
Agrícola_|_Tractor_Community_02,Pirelli_Agrícola_Tractor_0074,Goodyear_Agrícola_Tractor_0031,0.5058
Agrícola_|_Tractor_Community_02,Wanli_Agrícola_Tractor_0015,Goodyear_Agrícola_Tractor_0031,0.052
Agrícola_|_Tractor_Community_02,Bridgestone_Agrícola_Tractor_0027,Goodyear_Agrícola_Tractor_0037,0.8844
Agrícola_|_Tractor_Community_02,Dunlop_Agrícola_Tractor_0029,Goodyear_Agrícola_Tractor_0037,0.1918
Agrícola_|_Tractor_Community_02,General Tire_Agrícola_Tractor_0062,Goodyear_Agrícola_Tractor_0037,0.0534
Agrícola_|_Tractor_Community_02,Tomket_Agrícola_Tractor_0054,Goodyear_Agrícola_Tractor_0037,0.1759
Agrícola_|_Tractor_Community_02,Uniroyal_Agrícola_Tractor_0044,Goodyear_Agrícola_Tractor_0037,0.1863
Agrícola_|_Tractor_Community_02,Bridgestone_Agrícola_Tractor_0056,Kumho_Agrícola_Tractor_0005,0.1487
Agrícola_|_Tractor_Community_02,General Tire_Agrícola_Tractor_0051,Kumho_Agrícola_Tractor_0005,0.0994
Agrícola_|_Tractor_Community_02,Goodyear_Agrícola_Tractor_0037,Kumho_Agrícola_Tractor_0005,0.8532
Agrícola_|_Tractor_Community_02,Nexen_Agrícola_Tractor_0078,Kumho_Agrícola_Tractor_0005,0.3627
Agrícola_|_Tractor_Community_02,Wanli_Agrícola_Tractor_0015,Kumho_Agrícola_Tractor_0005,0.0802
Agrícola_|_Tractor_Community_02,BFGoodrich_Agrícola_Tractor_0069,Kumho_Agrícola_Tractor_0024,0.3144
Agrícola_|_Tractor_Community_02,Bridgestone_Agrícola_Tractor_0010,Kumho_Agrícola_Tractor_0024,0.0717
Agrícola_|_Tractor_Community_02,Dunlop_Agrícola_Tractor_0029,Kumho_Agrícola_Tractor_0024,0.3359
Agrícola_|_Tractor_Community_02,General Tire_Agrícola_Tractor_0075,Kumho_Agrícola_Tractor_0024,0.054
Agrícola_|_Tractor_Community_02,Goodride_Agrícola_Tractor_0061,Kumho_Agrícola_Tractor_0024,0.1515
Agrícola_|_Tractor_Community_02,Nexen_Agrícola_Tractor_0078,Kumho_Agrícola_Tractor_0024,0.3419
Agrícola_|_Tractor_Community_02,Pirelli_Agrícola_Tractor_0074,Kumho_Agrícola_Tractor_0024,0.1455
Agrícola_|_Tractor_Community_02,Bridgestone_Agrícola_Tractor_0027,Michelin_Agrícola_Tractor_0038,0.6305
Agrícola_|_Tractor_Community_02,Cooper Tires_Agrícola_Tractor_0013,Michelin_Agrícola_Tractor_0038,0.1573
Agrícola_|_Tractor_Community_02,Dunlop_Agrícola_Tractor_0057,Michelin_Agrícola_Tractor_0038,0.3514
Agrícola_|_Tractor_Community_02,Wanli_Agrícola_Tractor_0015,Michelin_Agrícola_Tractor_0038,0.3401
Agrícola_|_Tractor_Community_02,Bridgestone_Agrícola_Tractor_0056,Nexen_Agrícola_Tractor_0078,0.2299
Agrícola_|_Tractor_Community_02,Dunlop_Agrícola_Tractor_0029,Nexen_Agrícola_Tractor_0078,0.6782
Agrícola_|_Tractor_Community_02,GT Radial_Agrícola_Tractor_0050,Nexen_Agrícola_Tractor_0078,0.1118
Agrícola_|_Tractor_Community_02,Triangle_Agrícola_Tractor_0040,Nexen_Agrícola_Tractor_0078,0.3336
Agrícola_|_Tractor_Community_02,Bridgestone_Agrícola_Tractor_0010,Nokian_Agrícola_Tractor_0026,0.123
Agrícola_|_Tractor_Community_02,Dunlop_Agrícola_Tractor_0029,Nokian_Agrícola_Tractor_0026,0.1441
Agrícola_|_Tractor_Community_02,Dunlop_Agrícola_Tractor_0057,Nokian_Agrícola_Tractor_0026,0.3066
Agrícola_|_Tractor_Community_02,GT Radial_Agrícola_Tractor_0050,Nokian_Agrícola_Tractor_0026,0.3544
Agrícola_|_Tractor_Community_02,Goodyear_Agrícola_Tractor_0031,Nokian_Agrícola_Tractor_0026,0.2213
Agrícola_|_Tractor_Community_02,Goodyear_Agrícola_Tractor_0037,Nokian_Agrícola_Tractor_0026,0.179
Agrícola_|_Tractor_Community_02,Cooper Tires_Agrícola_Tractor_0013,Pirelli_Agrícola_Tractor_0074,0.1281
Agrícola_|_Tractor_Community_02,Dunlop_Agrícola_Tractor_0029,Pirelli_Agrícola_Tractor_0074,0.7851
Agrícola_|_Tractor_Community_02,Goodride_Agrícola_Tractor_0061,Pirelli_Agrícola_Tractor_0074,0.0786
Agrícola_|_Tractor_Community_02,Goodyear_Agrícola_Tractor_0031,Pirelli_Agrícola_Tractor_0074,0.0817
Agrícola_|_Tractor_Community_02,Michelin_Agrícola_Tractor_0038,Pirelli_Agrícola_Tractor_0074,0.5064
Agrícola_|_Tractor_Community_02,Dunlop_Agrícola_Tractor_0029,Pirelli_Agrícola_Tractor_0076,0.1986
Agrícola_|_Tractor_Community_02,General Tire_Agrícola_Tractor_0075,Pirelli_Agrícola_Tractor_0076,0.1976
Agrícola_|_Tractor_Community_02,Kumho_Agrícola_Tractor_0005,Pirelli_Agrícola_Tractor_0076,0.112
Agrícola_|_Tractor_Community_02,Uniroyal_Agrícola_Tractor_0044,Pirelli_Agrícola_Tractor_0076,0.331
Agrícola_|_Tractor_Community_02,Wanli_Agrícola_Tractor_0043,Pirelli_Agrícola_Tractor_0076,0.4643
Agrícola_|_Tractor_Community_02,General Tire_Agrícola_Tractor_0051,Tomket_Agrícola_Tractor_0054,0.4657
Agrícola_|_Tractor_Community_02,Goodride_Agrícola_Tractor_0061,Tomket_Agrícola_Tractor_0054,0.1127
Agrícola_|_Tractor_Community_02,Pirelli_Agrícola_Tractor_0076,Tomket_Agrícola_Tractor_0054,0.2231
Agrícola_|_Tractor_Community_02,Triangle_Agrícola_Tractor_0040,Tomket_Agrícola_Tractor_0054,0.5105
Agrícola_|_Tractor_Community_02,Cooper Tires_Agrícola_Tractor_0013,Triangle_Agrícola_Tractor_0040,0.4557
Agrícola_|_Tractor_Community_02,GT Radial_Agrícola_Tractor_0050,Triangle_Agrícola_Tractor_0040,0.408
Agrícola_|_Tractor_Community_02,General Tire_Agrícola_Tractor_0075,Triangle_Agrícola_Tractor_0040,0.0822
Agrícola_|_Tractor_Community_02,Michelin_Agrícola_Tractor_0038,Triangle_Agrícola_Tractor_0040,0.3273
Agrícola_|_Tractor_Community_02,Nexen_Agrícola_Tractor_0078,Triangle_Agrícola_Tractor_0040,0.2189
Agrícola_|_Tractor_Community_02,General Tire_Agrícola_Tractor_0051,Uniroyal_Agrícola_Tractor_0044,0.1771
Agrícola_|_Tractor_Community_02,Goodride_Agrícola_Tractor_0061,Uniroyal_Agrícola_Tractor_0044,0.2892
Agrícola_|_Tractor_Community_02,Goodyear_Agrícola_Tractor_0037,Uniroyal_Agrícola_Tractor_0044,0.1328
Agrícola_|_Tractor_Community_02,Kumho_Agrícola_Tractor_0024,Uniroyal_Agrícola_Tractor_0044,0.3243
Agrícola_|_Tractor_Community_02,Nexen_Agrícola_Tractor_0078,Uniroyal_Agrícola_Tractor_0044,0.1121
Agrícola_|_Tractor_Community_02,Wanli_Agrícola_Tractor_0043,Uniroyal_Agrícola_Tractor_0044,0.4895
Agrícola_|_Tractor_Community_02,Bridgestone_Agrícola_Tractor_0010,Wanli_Agrícola_Tractor_0015,0.1085
Agrícola_|_Tractor_Community_02,Dunlop_Agrícola_Tractor_0057,Wanli_Agrícola_Tractor_0015,1.1465
Agrícola_|_Tractor_Community_02,General Tire_Agrícola_Tractor_0075,Wanli_Agrícola_Tractor_0015,0.089
Agrícola_|_Tractor_Community_02,Kumho_Agrícola_Tractor_0024,Wanli_Agrícola_Tractor_0015,0.1071
Agrícola_|_Tractor_Community_02,BFGoodrich_Agrícola_Tractor_0069,Wanli_Agrícola_Tractor_0043,0.7024
Agrícola_|_Tractor_Community_02,Cooper Tires_Agrícola_Tractor_0013,Wanli_Agrícola_Tractor_0043,0.358
Agrícola_|_Tractor_Community_02,Goodyear_Agrícola_Tractor_0031,Wanli_Agrícola_Tractor_0043,0.139
Agrícola_|_Tractor_Community_02,Westlake_Agrícola_Tractor_0011,Wanli_Agrícola_Tractor_0043,0.3723
Agrícola_|_Tractor_Community_02,Dunlop_Agrícola_Tractor_0057,Westlake_Agrícola_Tractor_0011,0.1045
Agrícola_|_Tractor_Community_02,Kumho_Agrícola_Tractor_0005,Westlake_Agrícola_Tractor_0011,0.2242
Agrícola_|_Tractor_Community_02,Pirelli_Agrícola_Tractor_0074,Westlake_Agrícola_Tractor_0011,0.9346
Camión_|_Long_Haul_Community_03,Falken_Camión_Long Haul_0048,BFGoodrich_Camión_Long Haul_0026,0.1064
Camión_|_Long_Haul_Community_03,GT Radial_Camión_Long Haul_0056,BFGoodrich_Camión_Long Haul_0026,0.4037
Camión_|_Long_Haul_Community_03,Nexen_Camión_Long Haul_0003,BFGoodrich_Camión_Long Haul_0026,0.3984
Camión_|_Long_Haul_Community_03,Nokian_Camión_Long Haul_0078,BFGoodrich_Camión_Long Haul_0026,0.6867
Camión_|_Long_Haul_Community_03,GT Radial_Camión_Long Haul_0053,BFGoodrich_Camión_Long Haul_0059,0.1088
Camión_|_Long_Haul_Community_03,Goodride_Camión_Long Haul_0071,BFGoodrich_Camión_Long Haul_0059,0.8744
Camión_|_Long_Haul_Community_03,Nokian_Camión_Long Haul_0058,BFGoodrich_Camión_Long Haul_0059,0.0937
Camión_|_Long_Haul_Community_03,Tomket_Camión_Long Haul_0050,BFGoodrich_Camión_Long Haul_0059,0.3055
Camión_|_Long_Haul_Community_03,BFGoodrich_Camión_Long Haul_0076,BFGoodrich_Camión_Long Haul_0068,0.6261
Camión_|_Long_Haul_Community_03,Dunlop_Camión_Long Haul_0038,BFGoodrich_Camión_Long Haul_0068,0.4198
Camión_|_Long_Haul_Community_03,Tomket_Camión_Long Haul_0031,BFGoodrich_Camión_Long Haul_0068,0.4398
Camión_|_Long_Haul_Community_03,BFGoodrich_Camión_Long Haul_0026,BFGoodrich_Camión_Long Haul_0076,0.3777
Camión_|_Long_Haul_Community_03,Cooper Tires_Camión_Long Haul_0067,BFGoodrich_Camión_Long Haul_0076,0.6664
Camión_|_Long_Haul_Community_03,Hankook_Camión_Long Haul_0055,BFGoodrich_Camión_Long Haul_0076,0.0628
Camión_|_Long_Haul_Community_03,Nexen_Camión_Long Haul_0003,BFGoodrich_Camión_Long Haul_0076,0.3502
Camión_|_Long_Haul_Community_03,BFGoodrich_Camión_Long Haul_0076,Cooper Tires_Camión_Long Haul_0017,0.0947
Camión_|_Long_Haul_Community_03,Nexen_Camión_Long Haul_0003,Cooper Tires_Camión_Long Haul_0017,0.8628
Camión_|_Long_Haul_Community_03,Nokian_Camión_Long Haul_0078,Cooper Tires_Camión_Long Haul_0017,0.5888
Camión_|_Long_Haul_Community_03,Falken_Camión_Long Haul_0029,Cooper Tires_Camión_Long Haul_0049,0.3378
Camión_|_Long_Haul_Community_03,Hankook_Camión_Long Haul_0015,Cooper Tires_Camión_Long Haul_0049,0.5676
Camión_|_Long_Haul_Community_03,Roadmarch_Camión_Long Haul_0014,Cooper Tires_Camión_Long Haul_0049,0.1472
Camión_|_Long_Haul_Community_03,Tomket_Camión_Long Haul_0028,Cooper Tires_Camión_Long Haul_0049,0.1183
Camión_|_Long_Haul_Community_03,Tomket_Camión_Long Haul_0077,Cooper Tires_Camión_Long Haul_0049,0.1317
Camión_|_Long_Haul_Community_03,Tracmax_Camión_Long Haul_0063,Cooper Tires_Camión_Long Haul_0049,0.2405
Camión_|_Long_Haul_Community_03,Cooper Tires_Camión_Long Haul_0049,Cooper Tires_Camión_Long Haul_0067,0.3406
Camión_|_Long_Haul_Community_03,GT Radial_Camión_Long Haul_0011,Cooper Tires_Camión_Long Haul_0067,0.3243
Camión_|_Long_Haul_Community_03,GT Radial_Camión_Long Haul_0027,Cooper Tires_Camión_Long Haul_0067,0.0791
Camión_|_Long_Haul_Community_03,Hankook_Camión_Long Haul_0055,Cooper Tires_Camión_Long Haul_0067,0.2923
Camión_|_Long_Haul_Community_03,Tracmax_Camión_Long Haul_0018,Cooper Tires_Camión_Long Haul_0067,0.1744
Camión_|_Long_Haul_Community_03,Triangle_Camión_Long Haul_0041,Cooper Tires_Camión_Long Haul_0067,0.0852
Camión_|_Long_Haul_Community_03,Yokohama_Camión_Long Haul_0022,Cooper Tires_Camión_Long Haul_0067,0.3245
Camión_|_Long_Haul_Community_03,Falken_Camión_Long Haul_0048,Cooper Tires_Camión_Long Haul_0072,0.461
Camión_|_Long_Haul_Community_03,Goodyear_Camión_Long Haul_0047,Cooper Tires_Camión_Long Haul_0072,0.3597
Camión_|_Long_Haul_Community_03,Hifly_Camión_Long Haul_0046,Cooper Tires_Camión_Long Haul_0072,0.2032
Camión_|_Long_Haul_Community_03,Tracmax_Camión_Long Haul_0018,Cooper Tires_Camión_Long Haul_0072,0.4509
Camión_|_Long_Haul_Community_03,BFGoodrich_Camión_Long Haul_0059,Dunlop_Camión_Long Haul_0038,0.099
Camión_|_Long_Haul_Community_03,Cooper Tires_Camión_Long Haul_0049,Dunlop_Camión_Long Haul_0038,0.0767
Camión_|_Long_Haul_Community_03,Pirelli_Camión_Long Haul_0033,Dunlop_Camión_Long Haul_0038,0.5235
Camión_|_Long_Haul_Community_03,Roadmarch_Camión_Long Haul_0014,Dunlop_Camión_Long Haul_0038,0.6653
Camión_|_Long_Haul_Community_03,GT Radial_Camión_Long Haul_0011,Dunlop_Camión_Long Haul_0075,0.5487
Camión_|_Long_Haul_Community_03,Tomket_Camión_Long Haul_0031,Dunlop_Camión_Long Haul_0075,0.4916
Camión_|_Long_Haul_Community_03,Tracmax_Camión_Long Haul_0034,Dunlop_Camión_Long Haul_0075,0.3194
Camión_|_Long_Haul_Community_03,Yokohama_Camión_Long Haul_0022,Dunlop_Camión_Long Haul_0075,0.1077
Camión_|_Long_Haul_Community_03,Dunlop_Camión_Long Haul_0038,Falken_Camión_Long Haul_0029,0.447
Camión_|_Long_Haul_Community_03,Falken_Camión_Long Haul_0048,Falken_Camión_Long Haul_0029,0.396
Camión_|_Long_Haul_Community_03,Mazzini_Camión_Long Haul_0066,Falken_Camión_Long Haul_0029,0.3308
Camión_|_Long_Haul_Community_03,Pirelli_Camión_Long Haul_0033,Falken_Camión_Long Haul_0029,0.1693
Camión_|_Long_Haul_Community_03,Tomket_Camión_Long Haul_0050,Falken_Camión_Long Haul_0029,0.1979
Camión_|_Long_Haul_Community_03,Cooper Tires_Camión_Long Haul_0067,Falken_Camión_Long Haul_0048,0.1501
Camión_|_Long_Haul_Community_03,Hankook_Camión_Long Haul_0015,Falken_Camión_Long Haul_0048,0.1999
Camión_|_Long_Haul_Community_03,Michelin_Camión_Long Haul_0044,Falken_Camión_Long Haul_0048,0.0896
Camión_|_Long_Haul_Community_03,Nokian_Camión_Long Haul_0078,Falken_Camión_Long Haul_0048,0.139
Camión_|_Long_Haul_Community_03,Triangle_Camión_Long Haul_0019,Falken_Camión_Long Haul_0048,0.7363
Camión_|_Long_Haul_Community_03,Triangle_Camión_Long Haul_0041,Falken_Camión_Long Haul_0048,0.1731
Camión_|_Long_Haul_Community_03,BFGoodrich_Camión_Long Haul_0068,GT Radial_Camión_Long Haul_0011,0.102
Camión_|_Long_Haul_Community_03,General Tire_Camión_Long Haul_0016,GT Radial_Camión_Long Haul_0011,0.4043
Camión_|_Long_Haul_Community_03,Tomket_Camión_Long Haul_0025,GT Radial_Camión_Long Haul_0011,0.4902
Camión_|_Long_Haul_Community_03,Tracmax_Camión_Long Haul_0063,GT Radial_Camión_Long Haul_0011,0.0677
Camión_|_Long_Haul_Community_03,Yokohama_Camión_Long Haul_0022,GT Radial_Camión_Long Haul_0011,0.3854
Camión_|_Long_Haul_Community_03,Dunlop_Camión_Long Haul_0075,GT Radial_Camión_Long Haul_0027,0.4718
Camión_|_Long_Haul_Community_03,GT Radial_Camión_Long Haul_0011,GT Radial_Camión_Long Haul_0027,0.0835
Camión_|_Long_Haul_Community_03,Roadmarch_Camión_Long Haul_0014,GT Radial_Camión_Long Haul_0027,0.3356
Camión_|_Long_Haul_Community_03,Tracmax_Camión_Long Haul_0063,GT Radial_Camión_Long Haul_0027,0.705
Camión_|_Long_Haul_Community_03,Goodride_Camión_Long Haul_0071,GT Radial_Camión_Long Haul_0053,0.2855
Camión_|_Long_Haul_Community_03,Hifly_Camión_Long Haul_0046,GT Radial_Camión_Long Haul_0053,0.0952
Camión_|_Long_Haul_Community_03,Kumho_Camión_Long Haul_0074,GT Radial_Camión_Long Haul_0053,0.1974
Camión_|_Long_Haul_Community_03,Michelin_Camión_Long Haul_0035,GT Radial_Camión_Long Haul_0053,0.8847
Camión_|_Long_Haul_Community_03,BFGoodrich_Camión_Long Haul_0068,GT Radial_Camión_Long Haul_0056,0.2222
Camión_|_Long_Haul_Community_03,Cooper Tires_Camión_Long Haul_0067,GT Radial_Camión_Long Haul_0056,0.2418
Camión_|_Long_Haul_Community_03,Nokian_Camión_Long Haul_0007,GT Radial_Camión_Long Haul_0056,0.2992
Camión_|_Long_Haul_Community_03,Tomket_Camión_Long Haul_0025,GT Radial_Camión_Long Haul_0056,0.4623
Camión_|_Long_Haul_Community_03,Triangle_Camión_Long Haul_0041,GT Radial_Camión_Long Haul_0056,0.1498
Camión_|_Long_Haul_Community_03,BFGoodrich_Camión_Long Haul_0026,General Tire_Camión_Long Haul_0016,0.3055
Camión_|_Long_Haul_Community_03,BFGoodrich_Camión_Long Haul_0059,General Tire_Camión_Long Haul_0016,0.6957
Camión_|_Long_Haul_Community_03,Hankook_Camión_Long Haul_0015,General Tire_Camión_Long Haul_0016,0.2756
Camión_|_Long_Haul_Community_03,Hankook_Camión_Long Haul_0055,General Tire_Camión_Long Haul_0016,0.0506
Camión_|_Long_Haul_Community_03,GT Radial_Camión_Long Haul_0053,Goodride_Camión_Long Haul_0071,0.0832
Camión_|_Long_Haul_Community_03,Hankook_Camión_Long Haul_0051,Goodride_Camión_Long Haul_0071,0.1162
Camión_|_Long_Haul_Community_03,Kumho_Camión_Long Haul_0074,Goodride_Camión_Long Haul_0071,0.5747
Camión_|_Long_Haul_Community_03,Tomket_Camión_Long Haul_0031,Goodride_Camión_Long Haul_0071,0.5311
Camión_|_Long_Haul_Community_03,Tracmax_Camión_Long Haul_0018,Goodride_Camión_Long Haul_0071,0.2457
Camión_|_Long_Haul_Community_03,Tracmax_Camión_Long Haul_0034,Goodride_Camión_Long Haul_0071,0.0527
Camión_|_Long_Haul_Community_03,BFGoodrich_Camión_Long Haul_0026,Goodyear_Camión_Long Haul_0047,0.1203
Camión_|_Long_Haul_Community_03,Cooper Tires_Camión_Long Haul_0017,Goodyear_Camión_Long Haul_0047,0.1488
Camión_|_Long_Haul_Community_03,Dunlop_Camión_Long Haul_0075,Goodyear_Camión_Long Haul_0047,0.4875
Camión_|_Long_Haul_Community_03,GT Radial_Camión_Long Haul_0053,Goodyear_Camión_Long Haul_0047,0.095
Camión_|_Long_Haul_Community_03,Pirelli_Camión_Long Haul_0033,Goodyear_Camión_Long Haul_0047,0.4149
Camión_|_Long_Haul_Community_03,Yokohama_Camión_Long Haul_0022,Goodyear_Camión_Long Haul_0047,0.0886
Camión_|_Long_Haul_Community_03,Cooper Tires_Camión_Long Haul_0072,Hankook_Camión_Long Haul_0015,0.4541
Camión_|_Long_Haul_Community_03,Falken_Camión_Long Haul_0048,Hankook_Camión_Long Haul_0015,0.0733
Camión_|_Long_Haul_Community_03,Hifly_Camión_Long Haul_0046,Hankook_Camión_Long Haul_0015,0.5548
Camión_|_Long_Haul_Community_03,Roadmarch_Camión_Long Haul_0014,Hankook_Camión_Long Haul_0015,0.4656
Camión_|_Long_Haul_Community_03,Cooper Tires_Camión_Long Haul_0049,Hankook_Camión_Long Haul_0051,0.7301
Camión_|_Long_Haul_Community_03,Tomket_Camión_Long Haul_0025,Hankook_Camión_Long Haul_0051,0.0964
Camión_|_Long_Haul_Community_03,Tomket_Camión_Long Haul_0031,Hankook_Camión_Long Haul_0051,0.2466
Camión_|_Long_Haul_Community_03,Tracmax_Camión_Long Haul_0018,Hankook_Camión_Long Haul_0051,0.2733
Camión_|_Long_Haul_Community_03,Triangle_Camión_Long Haul_0041,Hankook_Camión_Long Haul_0051,0.09
Camión_|_Long_Haul_Community_03,BFGoodrich_Camión_Long Haul_0026,Hankook_Camión_Long Haul_0055,0.6745
Camión_|_Long_Haul_Community_03,Hankook_Camión_Long Haul_0051,Hankook_Camión_Long Haul_0055,0.457
Camión_|_Long_Haul_Community_03,Nexen_Camión_Long Haul_0003,Hankook_Camión_Long Haul_0055,0.4072
Camión_|_Long_Haul_Community_03,Nexen_Camión_Long Haul_0003,Hifly_Camión_Long Haul_0010,0.353
Camión_|_Long_Haul_Community_03,Nokian_Camión_Long Haul_0078,Hifly_Camión_Long Haul_0010,0.3344
Camión_|_Long_Haul_Community_03,Tomket_Camión_Long Haul_0031,Hifly_Camión_Long Haul_0010,0.1724
Camión_|_Long_Haul_Community_03,Yokohama_Camión_Long Haul_0022,Hifly_Camión_Long Haul_0010,0.4466
Camión_|_Long_Haul_Community_03,GT Radial_Camión_Long Haul_0027,Hifly_Camión_Long Haul_0046,0.2779
Camión_|_Long_Haul_Community_03,GT Radial_Camión_Long Haul_0056,Hifly_Camión_Long Haul_0046,0.0868
Camión_|_Long_Haul_Community_03,Triangle_Camión_Long Haul_0019,Hifly_Camión_Long Haul_0046,0.6662
Camión_|_Long_Haul_Community_03,Triangle_Camión_Long Haul_0041,Hifly_Camión_Long Haul_0046,0.3594
Camión_|_Long_Haul_Community_03,Dunlop_Camión_Long Haul_0038,Kumho_Camión_Long Haul_0074,0.3657
Camión_|_Long_Haul_Community_03,Falken_Camión_Long Haul_0048,Kumho_Camión_Long Haul_0074,0.293
Camión_|_Long_Haul_Community_03,GT Radial_Camión_Long Haul_0056,Kumho_Camión_Long Haul_0074,0.4423
Camión_|_Long_Haul_Community_03,Mazzini_Camión_Long Haul_0066,Kumho_Camión_Long Haul_0074,0.058
Camión_|_Long_Haul_Community_03,Triangle_Camión_Long Haul_0041,Kumho_Camión_Long Haul_0074,0.1554
Camión_|_Long_Haul_Community_03,BFGoodrich_Camión_Long Haul_0059,Linglong_Camión_Long Haul_0060,0.2214
Camión_|_Long_Haul_Community_03,Cooper Tires_Camión_Long Haul_0072,Linglong_Camión_Long Haul_0060,0.4321
Camión_|_Long_Haul_Community_03,GT Radial_Camión_Long Haul_0053,Linglong_Camión_Long Haul_0060,0.2363
Camión_|_Long_Haul_Community_03,Hifly_Camión_Long Haul_0046,Linglong_Camión_Long Haul_0060,0.1423
Camión_|_Long_Haul_Community_03,Michelin_Camión_Long Haul_0035,Linglong_Camión_Long Haul_0060,0.0887
Camión_|_Long_Haul_Community_03,Nexen_Camión_Long Haul_0003,Linglong_Camión_Long Haul_0060,0.1122
Camión_|_Long_Haul_Community_03,Tomket_Camión_Long Haul_0028,Linglong_Camión_Long Haul_0060,0.0847
Camión_|_Long_Haul_Community_03,Tracmax_Camión_Long Haul_0034,Linglong_Camión_Long Haul_0060,0.1944
Camión_|_Long_Haul_Community_03,BFGoodrich_Camión_Long Haul_0059,Mazzini_Camión_Long Haul_0066,0.2246
Camión_|_Long_Haul_Community_03,BFGoodrich_Camión_Long Haul_0076,Mazzini_Camión_Long Haul_0066,0.3988
Camión_|_Long_Haul_Community_03,Dunlop_Camión_Long Haul_0038,Mazzini_Camión_Long Haul_0066,0.4406
Camión_|_Long_Haul_Community_03,Tomket_Camión_Long Haul_0050,Mazzini_Camión_Long Haul_0066,0.1033
Camión_|_Long_Haul_Community_03,Yokohama_Camión_Long Haul_0022,Mazzini_Camión_Long Haul_0066,0.1744
Camión_|_Long_Haul_Community_03,Dunlop_Camión_Long Haul_0038,Michelin_Camión_Long Haul_0035,0.1769
Camión_|_Long_Haul_Community_03,Dunlop_Camión_Long Haul_0075,Michelin_Camión_Long Haul_0035,0.0883
Camión_|_Long_Haul_Community_03,Linglong_Camión_Long Haul_0060,Michelin_Camión_Long Haul_0035,0.3885
Camión_|_Long_Haul_Community_03,Tomket_Camión_Long Haul_0031,Michelin_Camión_Long Haul_0035,0.5948
Camión_|_Long_Haul_Community_03,Triangle_Camión_Long Haul_0019,Michelin_Camión_Long Haul_0035,0.3762
Camión_|_Long_Haul_Community_03,BFGoodrich_Camión_Long Haul_0059,Michelin_Camión_Long Haul_0044,0.4409
Camión_|_Long_Haul_Community_03,Hankook_Camión_Long Haul_0051,Michelin_Camión_Long Haul_0044,0.6595
Camión_|_Long_Haul_Community_03,Tracmax_Camión_Long Haul_0063,Michelin_Camión_Long Haul_0044,0.5235
Camión_|_Long_Haul_Community_03,BFGoodrich_Camión_Long Haul_0026,Nexen_Camión_Long Haul_0003,0.3049
Camión_|_Long_Haul_Community_03,BFGoodrich_Camión_Long Haul_0076,Nexen_Camión_Long Haul_0003,0.1083
Camión_|_Long_Haul_Community_03,GT Radial_Camión_Long Haul_0011,Nexen_Camión_Long Haul_0003,0.4099
Camión_|_Long_Haul_Community_03,Nokian_Camión_Long Haul_0058,Nexen_Camión_Long Haul_0003,0.4519
Camión_|_Long_Haul_Community_03,Nokian_Camión_Long Haul_0078,Nexen_Camión_Long Haul_0003,0.092
Camión_|_Long_Haul_Community_03,Tracmax_Camión_Long Haul_0063,Nexen_Camión_Long Haul_0003,0.1798
Camión_|_Long_Haul_Community_03,Dunlop_Camión_Long Haul_0075,Nokian_Camión_Long Haul_0007,0.0835
Camión_|_Long_Haul_Community_03,Goodyear_Camión_Long Haul_0047,Nokian_Camión_Long Haul_0007,0.9437
Camión_|_Long_Haul_Community_03,Nexen_Camión_Long Haul_0003,Nokian_Camión_Long Haul_0007,0.3504
Camión_|_Long_Haul_Community_03,Nokian_Camión_Long Haul_0058,Nokian_Camión_Long Haul_0007,0.1684
Camión_|_Long_Haul_Community_03,BFGoodrich_Camión_Long Haul_0026,Nokian_Camión_Long Haul_0058,0.2678
Camión_|_Long_Haul_Community_03,Cooper Tires_Camión_Long Haul_0049,Nokian_Camión_Long Haul_0058,0.4739
Camión_|_Long_Haul_Community_03,Cooper Tires_Camión_Long Haul_0072,Nokian_Camión_Long Haul_0058,0.1618
Camión_|_Long_Haul_Community_03,Tomket_Camión_Long Haul_0050,Nokian_Camión_Long Haul_0058,0.6862
Camión_|_Long_Haul_Community_03,Hifly_Camión_Long Haul_0046,Nokian_Camión_Long Haul_0078,0.1906
Camión_|_Long_Haul_Community_03,Linglong_Camión_Long Haul_0060,Nokian_Camión_Long Haul_0078,0.1091
Camión_|_Long_Haul_Community_03,Nokian_Camión_Long Haul_0058,Nokian_Camión_Long Haul_0078,0.731
Camión_|_Long_Haul_Community_03,Triangle_Camión_Long Haul_0041,Nokian_Camión_Long Haul_0078,0.4558
Camión_|_Long_Haul_Community_03,BFGoodrich_Camión_Long Haul_0076,Pirelli_Camión_Long Haul_0033,0.1521
Camión_|_Long_Haul_Community_03,Cooper Tires_Camión_Long Haul_0049,Pirelli_Camión_Long Haul_0033,0.1191
Camión_|_Long_Haul_Community_03,Cooper Tires_Camión_Long Haul_0067,Pirelli_Camión_Long Haul_0033,0.1482
Camión_|_Long_Haul_Community_03,Dunlop_Camión_Long Haul_0075,Pirelli_Camión_Long Haul_0033,0.3251
Camión_|_Long_Haul_Community_03,Nexen_Camión_Long Haul_0003,Pirelli_Camión_Long Haul_0033,0.075
Camión_|_Long_Haul_Community_03,Roadmarch_Camión_Long Haul_0014,Pirelli_Camión_Long Haul_0033,0.6251
Camión_|_Long_Haul_Community_03,Falken_Camión_Long Haul_0029,Roadmarch_Camión_Long Haul_0014,0.191
Camión_|_Long_Haul_Community_03,GT Radial_Camión_Long Haul_0053,Roadmarch_Camión_Long Haul_0014,0.2172
Camión_|_Long_Haul_Community_03,Hankook_Camión_Long Haul_0055,Roadmarch_Camión_Long Haul_0014,0.0697
Camión_|_Long_Haul_Community_03,Hifly_Camión_Long Haul_0010,Roadmarch_Camión_Long Haul_0014,0.5029
Camión_|_Long_Haul_Community_03,Nokian_Camión_Long Haul_0007,Roadmarch_Camión_Long Haul_0014,0.3888
Camión_|_Long_Haul_Community_03,Tracmax_Camión_Long Haul_0063,Roadmarch_Camión_Long Haul_0014,0.064
Camión_|_Long_Haul_Community_03,BFGoodrich_Camión_Long Haul_0076,Tomket_Camión_Long Haul_0025,0.2108
Camión_|_Long_Haul_Community_03,Dunlop_Camión_Long Haul_0038,Tomket_Camión_Long Haul_0025,0.4553
Camión_|_Long_Haul_Community_03,Dunlop_Camión_Long Haul_0075,Tomket_Camión_Long Haul_0025,0.0886
Camión_|_Long_Haul_Community_03,Goodyear_Camión_Long Haul_0047,Tomket_Camión_Long Haul_0025,0.1955
Camión_|_Long_Haul_Community_03,Roadmarch_Camión_Long Haul_0014,Tomket_Camión_Long Haul_0025,0.3872
Camión_|_Long_Haul_Community_03,Uniroyal_Camión_Long Haul_0062,Tomket_Camión_Long Haul_0025,0.0967
Camión_|_Long_Haul_Community_03,BFGoodrich_Camión_Long Haul_0068,Tomket_Camión_Long Haul_0028,0.2895
Camión_|_Long_Haul_Community_03,Goodyear_Camión_Long Haul_0047,Tomket_Camión_Long Haul_0028,0.2033
Camión_|_Long_Haul_Community_03,Tomket_Camión_Long Haul_0077,Tomket_Camión_Long Haul_0028,0.1236
Camión_|_Long_Haul_Community_03,Tracmax_Camión_Long Haul_0034,Tomket_Camión_Long Haul_0028,0.7618
Camión_|_Long_Haul_Community_03,Yokohama_Camión_Long Haul_0022,Tomket_Camión_Long Haul_0028,0.1454
Camión_|_Long_Haul_Community_03,Cooper Tires_Camión_Long Haul_0067,Tomket_Camión_Long Haul_0031,0.6739
Camión_|_Long_Haul_Community_03,Nokian_Camión_Long Haul_0058,Tomket_Camión_Long Haul_0031,0.0753
Camión_|_Long_Haul_Community_03,Triangle_Camión_Long Haul_0019,Tomket_Camión_Long Haul_0031,0.8398
Camión_|_Long_Haul_Community_03,Cooper Tires_Camión_Long Haul_0067,Tomket_Camión_Long Haul_0050,0.2012
Camión_|_Long_Haul_Community_03,Falken_Camión_Long Haul_0048,Tomket_Camión_Long Haul_0050,0.3152
Camión_|_Long_Haul_Community_03,Hankook_Camión_Long Haul_0051,Tomket_Camión_Long Haul_0050,0.5597
Camión_|_Long_Haul_Community_03,Tracmax_Camión_Long Haul_0063,Tomket_Camión_Long Haul_0050,0.2657
Camión_|_Long_Haul_Community_03,Yokohama_Camión_Long Haul_0022,Tomket_Camión_Long Haul_0050,0.1372
Camión_|_Long_Haul_Community_03,BFGoodrich_Camión_Long Haul_0076,Tomket_Camión_Long Haul_0077,0.0655
Camión_|_Long_Haul_Community_03,GT Radial_Camión_Long Haul_0011,Tomket_Camión_Long Haul_0077,0.246
Camión_|_Long_Haul_Community_03,Hankook_Camión_Long Haul_0015,Tomket_Camión_Long Haul_0077,0.1455
Camión_|_Long_Haul_Community_03,Hankook_Camión_Long Haul_0051,Tomket_Camión_Long Haul_0077,0.1933
Camión_|_Long_Haul_Community_03,Tomket_Camión_Long Haul_0050,Tomket_Camión_Long Haul_0077,0.118
Camión_|_Long_Haul_Community_03,Triangle_Camión_Long Haul_0019,Tomket_Camión_Long Haul_0077,0.4899
Camión_|_Long_Haul_Community_03,Triangle_Camión_Long Haul_0041,Tomket_Camión_Long Haul_0077,0.1127
Camión_|_Long_Haul_Community_03,BFGoodrich_Camión_Long Haul_0059,Tracmax_Camión_Long Haul_0018,0.4427
Camión_|_Long_Haul_Community_03,Hifly_Camión_Long Haul_0010,Tracmax_Camión_Long Haul_0018,0.3224
Camión_|_Long_Haul_Community_03,Michelin_Camión_Long Haul_0035,Tracmax_Camión_Long Haul_0018,0.2237
Camión_|_Long_Haul_Community_03,Nexen_Camión_Long Haul_0003,Tracmax_Camión_Long Haul_0018,0.2258
Camión_|_Long_Haul_Community_03,Tracmax_Camión_Long Haul_0034,Tracmax_Camión_Long Haul_0018,0.2082
Camión_|_Long_Haul_Community_03,Hifly_Camión_Long Haul_0046,Tracmax_Camión_Long Haul_0034,0.1872
Camión_|_Long_Haul_Community_03,Michelin_Camión_Long Haul_0035,Tracmax_Camión_Long Haul_0034,1.2058
Camión_|_Long_Haul_Community_03,Michelin_Camión_Long Haul_0044,Tracmax_Camión_Long Haul_0034,0.2247
Camión_|_Long_Haul_Community_03,Roadmarch_Camión_Long Haul_0014,Tracmax_Camión_Long Haul_0063,0.3479
Camión_|_Long_Haul_Community_03,Tomket_Camión_Long Haul_0077,Tracmax_Camión_Long Haul_0063,0.3857
Camión_|_Long_Haul_Community_03,Tracmax_Camión_Long Haul_0018,Tracmax_Camión_Long Haul_0063,0.3851
Camión_|_Long_Haul_Community_03,Triangle_Camión_Long Haul_0041,Tracmax_Camión_Long Haul_0063,0.4563
Camión_|_Long_Haul_Community_03,Michelin_Camión_Long Haul_0035,Triangle_Camión_Long Haul_0019,0.4327
Camión_|_Long_Haul_Community_03,Roadmarch_Camión_Long Haul_0014,Triangle_Camión_Long Haul_0019,0.3713
Camión_|_Long_Haul_Community_03,Tomket_Camión_Long Haul_0025,Triangle_Camión_Long Haul_0019,0.3736
Camión_|_Long_Haul_Community_03,Tomket_Camión_Long Haul_0031,Triangle_Camión_Long Haul_0019,0.3768
Camión_|_Long_Haul_Community_03,GT Radial_Camión_Long Haul_0056,Triangle_Camión_Long Haul_0041,0.1538
Camión_|_Long_Haul_Community_03,Hankook_Camión_Long Haul_0051,Triangle_Camión_Long Haul_0041,0.1032
Camión_|_Long_Haul_Community_03,Hifly_Camión_Long Haul_0010,Triangle_Camión_Long Haul_0041,0.7196
Camión_|_Long_Haul_Community_03,Hifly_Camión_Long Haul_0046,Triangle_Camión_Long Haul_0041,0.0996
Camión_|_Long_Haul_Community_03,Tomket_Camión_Long Haul_0028,Triangle_Camión_Long Haul_0041,0.1031
Camión_|_Long_Haul_Community_03,Tracmax_Camión_Long Haul_0018,Triangle_Camión_Long Haul_0041,0.1657
Camión_|_Long_Haul_Community_03,Falken_Camión_Long Haul_0029,Uniroyal_Camión_Long Haul_0062,0.3289
Camión_|_Long_Haul_Community_03,GT Radial_Camión_Long Haul_0053,Uniroyal_Camión_Long Haul_0062,0.4228
Camión_|_Long_Haul_Community_03,Pirelli_Camión_Long Haul_0033,Uniroyal_Camión_Long Haul_0062,0.3035
Camión_|_Long_Haul_Community_03,Tracmax_Camión_Long Haul_0034,Uniroyal_Camión_Long Haul_0062,0.3305
Camión_|_Long_Haul_Community_03,Yokohama_Camión_Long Haul_0022,Uniroyal_Camión_Long Haul_0062,0.1705
Camión_|_Long_Haul_Community_03,Cooper Tires_Camión_Long Haul_0017,Yokohama_Camión_Long Haul_0022,0.4385
Camión_|_Long_Haul_Community_03,Cooper Tires_Camión_Long Haul_0067,Yokohama_Camión_Long Haul_0022,0.2017
Camión_|_Long_Haul_Community_03,Michelin_Camión_Long Haul_0044,Yokohama_Camión_Long Haul_0022,0.1401
Camión_|_Long_Haul_Community_03,Triangle_Camión_Long Haul_0019,Yokohama_Camión_Long Haul_0022,0.6282
Camión_|_Long_Haul_Community_01,Continental_Camión_Long Haul_0040,BFGoodrich_Camión_Long Haul_0037,0.116
Camión_|_Long_Haul_Community_01,Cooper Tires_Camión_Long Haul_0032,BFGoodrich_Camión_Long Haul_0037,0.2729
Camión_|_Long_Haul_Community_01,Dunlop_Camión_Long Haul_0021,BFGoodrich_Camión_Long Haul_0037,0.5481
Camión_|_Long_Haul_Community_01,Goodride_Camión_Long Haul_0069,BFGoodrich_Camión_Long Haul_0037,0.5928
Camión_|_Long_Haul_Community_01,BFGoodrich_Camión_Long Haul_0037,Bridgestone_Camión_Long Haul_0079,0.0957
Camión_|_Long_Haul_Community_01,Dunlop_Camión_Long Haul_0021,Bridgestone_Camión_Long Haul_0079,0.2496
Camión_|_Long_Haul_Community_01,Dunlop_Camión_Long Haul_0043,Bridgestone_Camión_Long Haul_0079,0.4172
Camión_|_Long_Haul_Community_01,Fulda_Camión_Long Haul_0020,Bridgestone_Camión_Long Haul_0079,0.1764
Camión_|_Long_Haul_Community_01,Goodride_Camión_Long Haul_0069,Bridgestone_Camión_Long Haul_0079,0.3987
Camión_|_Long_Haul_Community_01,Michelin_Camión_Long Haul_0006,Bridgestone_Camión_Long Haul_0079,0.1331
Camión_|_Long_Haul_Community_01,Westlake_Camión_Long Haul_0054,Bridgestone_Camión_Long Haul_0079,0.132
Camión_|_Long_Haul_Community_01,Kumho_Camión_Long Haul_0013,Continental_Camión_Long Haul_0040,0.3454
Camión_|_Long_Haul_Community_01,Nexen_Camión_Long Haul_0070,Continental_Camión_Long Haul_0040,0.775
Camión_|_Long_Haul_Community_01,Westlake_Camión_Long Haul_0039,Continental_Camión_Long Haul_0040,0.401
Camión_|_Long_Haul_Community_01,Cooper Tires_Camión_Long Haul_0032,Continental_Camión_Long Haul_0064,0.1256
Camión_|_Long_Haul_Community_01,Dunlop_Camión_Long Haul_0043,Continental_Camión_Long Haul_0064,0.1478
Camión_|_Long_Haul_Community_01,Kumho_Camión_Long Haul_0013,Continental_Camión_Long Haul_0064,0.145
Camión_|_Long_Haul_Community_01,Nexen_Camión_Long Haul_0070,Continental_Camión_Long Haul_0064,0.5545
Camión_|_Long_Haul_Community_01,Westlake_Camión_Long Haul_0039,Continental_Camión_Long Haul_0064,0.4461
Camión_|_Long_Haul_Community_01,Yokohama_Camión_Long Haul_0004,Continental_Camión_Long Haul_0064,0.0609
Camión_|_Long_Haul_Community_01,Continental_Camión_Long Haul_0040,Cooper Tires_Camión_Long Haul_0032,0.1668
Camión_|_Long_Haul_Community_01,Kumho_Camión_Long Haul_0013,Cooper Tires_Camión_Long Haul_0032,0.3723
Camión_|_Long_Haul_Community_01,Linglong_Camión_Long Haul_0023,Cooper Tires_Camión_Long Haul_0032,0.2746
Camión_|_Long_Haul_Community_01,Nexen_Camión_Long Haul_0070,Cooper Tires_Camión_Long Haul_0032,0.3095
Camión_|_Long_Haul_Community_01,Toyo Tires_Camión_Long Haul_0000,Cooper Tires_Camión_Long Haul_0032,0.231
Camión_|_Long_Haul_Community_01,Yokohama_Camión_Long Haul_0002,Cooper Tires_Camión_Long Haul_0032,0.0689
Camión_|_Long_Haul_Community_01,Continental_Camión_Long Haul_0064,Dunlop_Camión_Long Haul_0005,0.1105
Camión_|_Long_Haul_Community_01,General Tire_Camión_Long Haul_0036,Dunlop_Camión_Long Haul_0005,0.2088
Camión_|_Long_Haul_Community_01,Goodride_Camión_Long Haul_0009,Dunlop_Camión_Long Haul_0005,0.1744
Camión_|_Long_Haul_Community_01,Vredestein_Camión_Long Haul_0061,Dunlop_Camión_Long Haul_0005,0.4908
Camión_|_Long_Haul_Community_01,Westlake_Camión_Long Haul_0039,Dunlop_Camión_Long Haul_0005,0.5774
Camión_|_Long_Haul_Community_01,Goodride_Camión_Long Haul_0069,Dunlop_Camión_Long Haul_0021,0.1631
Camión_|_Long_Haul_Community_01,Mazzini_Camión_Long Haul_0008,Dunlop_Camión_Long Haul_0021,0.7213
Camión_|_Long_Haul_Community_01,Nexen_Camión_Long Haul_0045,Dunlop_Camión_Long Haul_0021,0.1408
Camión_|_Long_Haul_Community_01,Westlake_Camión_Long Haul_0039,Dunlop_Camión_Long Haul_0021,0.5186
Camión_|_Long_Haul_Community_01,Bridgestone_Camión_Long Haul_0079,Dunlop_Camión_Long Haul_0043,0.0515
Camión_|_Long_Haul_Community_01,Linglong_Camión_Long Haul_0001,Dunlop_Camión_Long Haul_0043,0.3195
Camión_|_Long_Haul_Community_01,Michelin_Camión_Long Haul_0006,Dunlop_Camión_Long Haul_0043,0.5386
Camión_|_Long_Haul_Community_01,Yokohama_Camión_Long Haul_0042,Dunlop_Camión_Long Haul_0043,0.5163
Camión_|_Long_Haul_Community_01,Dunlop_Camión_Long Haul_0005,Fulda_Camión_Long Haul_0020,0.3038
Camión_|_Long_Haul_Community_01,General Tire_Camión_Long Haul_0036,Fulda_Camión_Long Haul_0020,0.7003
Camión_|_Long_Haul_Community_01,Goodyear_Camión_Long Haul_0073,Fulda_Camión_Long Haul_0020,0.1392
Camión_|_Long_Haul_Community_01,Kumho_Camión_Long Haul_0013,Fulda_Camión_Long Haul_0020,0.1402
Camión_|_Long_Haul_Community_01,Yokohama_Camión_Long Haul_0004,Fulda_Camión_Long Haul_0020,0.159
Camión_|_Long_Haul_Community_01,Continental_Camión_Long Haul_0064,General Tire_Camión_Long Haul_0036,0.1468
Camión_|_Long_Haul_Community_01,Dunlop_Camión_Long Haul_0043,General Tire_Camión_Long Haul_0036,0.2073
Camión_|_Long_Haul_Community_01,Goodride_Camión_Long Haul_0069,General Tire_Camión_Long Haul_0036,0.4206
Camión_|_Long_Haul_Community_01,Goodyear_Camión_Long Haul_0012,General Tire_Camión_Long Haul_0036,0.1741
Camión_|_Long_Haul_Community_01,Mazzini_Camión_Long Haul_0008,General Tire_Camión_Long Haul_0036,0.3111
Camión_|_Long_Haul_Community_01,Nexen_Camión_Long Haul_0070,General Tire_Camión_Long Haul_0036,0.064
Camión_|_Long_Haul_Community_01,BFGoodrich_Camión_Long Haul_0037,General Tire_Camión_Long Haul_0065,0.4682
Camión_|_Long_Haul_Community_01,Goodride_Camión_Long Haul_0009,General Tire_Camión_Long Haul_0065,0.1378
Camión_|_Long_Haul_Community_01,Kumho_Camión_Long Haul_0013,General Tire_Camión_Long Haul_0065,0.6063
Camión_|_Long_Haul_Community_01,Nexen_Camión_Long Haul_0045,General Tire_Camión_Long Haul_0065,0.4107
Camión_|_Long_Haul_Community_01,Continental_Camión_Long Haul_0064,Goodride_Camión_Long Haul_0009,1.0162
Camión_|_Long_Haul_Community_01,Mazzini_Camión_Long Haul_0008,Goodride_Camión_Long Haul_0009,0.1356
Camión_|_Long_Haul_Community_01,Nexen_Camión_Long Haul_0045,Goodride_Camión_Long Haul_0009,0.0997
Camión_|_Long_Haul_Community_01,Triangle_Camión_Long Haul_0030,Goodride_Camión_Long Haul_0009,0.1198
Camión_|_Long_Haul_Community_01,Westlake_Camión_Long Haul_0039,Goodride_Camión_Long Haul_0009,0.1603
Camión_|_Long_Haul_Community_01,Continental_Camión_Long Haul_0064,Goodride_Camión_Long Haul_0069,1.0157
Camión_|_Long_Haul_Community_01,Nexen_Camión_Long Haul_0045,Goodride_Camión_Long Haul_0069,0.6053
Camión_|_Long_Haul_Community_01,Dunlop_Camión_Long Haul_0005,Goodyear_Camión_Long Haul_0012,0.0603
Camión_|_Long_Haul_Community_01,Goodyear_Camión_Long Haul_0073,Goodyear_Camión_Long Haul_0012,0.1941
Camión_|_Long_Haul_Community_01,Linglong_Camión_Long Haul_0057,Goodyear_Camión_Long Haul_0012,0.4123
Camión_|_Long_Haul_Community_01,Yokohama_Camión_Long Haul_0002,Goodyear_Camión_Long Haul_0012,0.9016
Camión_|_Long_Haul_Community_01,Continental_Camión_Long Haul_0040,Goodyear_Camión_Long Haul_0073,1.0261
Camión_|_Long_Haul_Community_01,Continental_Camión_Long Haul_0064,Goodyear_Camión_Long Haul_0073,0.351
Camión_|_Long_Haul_Community_01,General Tire_Camión_Long Haul_0036,Goodyear_Camión_Long Haul_0073,0.1428
Camión_|_Long_Haul_Community_01,Triangle_Camión_Long Haul_0030,Goodyear_Camión_Long Haul_0073,0.1012
Camión_|_Long_Haul_Community_01,Continental_Camión_Long Haul_0064,Kumho_Camión_Long Haul_0013,0.2415
Camión_|_Long_Haul_Community_01,Dunlop_Camión_Long Haul_0005,Kumho_Camión_Long Haul_0013,0.1486
Camión_|_Long_Haul_Community_01,Goodride_Camión_Long Haul_0009,Kumho_Camión_Long Haul_0013,0.2115
Camión_|_Long_Haul_Community_01,Goodride_Camión_Long Haul_0069,Kumho_Camión_Long Haul_0013,0.2124
Camión_|_Long_Haul_Community_01,Goodyear_Camión_Long Haul_0073,Kumho_Camión_Long Haul_0013,0.0642
Camión_|_Long_Haul_Community_01,Michelin_Camión_Long Haul_0006,Kumho_Camión_Long Haul_0013,0.0818
Camión_|_Long_Haul_Community_01,Nexen_Camión_Long Haul_0045,Kumho_Camión_Long Haul_0013,0.1176
Camión_|_Long_Haul_Community_01,Triangle_Camión_Long Haul_0030,Kumho_Camión_Long Haul_0013,0.5475
Camión_|_Long_Haul_Community_01,Goodride_Camión_Long Haul_0009,Linglong_Camión_Long Haul_0001,0.3141
Camión_|_Long_Haul_Community_01,Linglong_Camión_Long Haul_0057,Linglong_Camión_Long Haul_0001,0.2365
Camión_|_Long_Haul_Community_01,Yokohama_Camión_Long Haul_0002,Linglong_Camión_Long Haul_0001,0.533
Camión_|_Long_Haul_Community_01,Yokohama_Camión_Long Haul_0042,Linglong_Camión_Long Haul_0001,0.2331
Camión_|_Long_Haul_Community_01,Goodride_Camión_Long Haul_0009,Linglong_Camión_Long Haul_0023,0.4607
Camión_|_Long_Haul_Community_01,Westlake_Camión_Long Haul_0054,Linglong_Camión_Long Haul_0023,0.4442
Camión_|_Long_Haul_Community_01,Yokohama_Camión_Long Haul_0002,Linglong_Camión_Long Haul_0023,0.4997
Camión_|_Long_Haul_Community_01,Dunlop_Camión_Long Haul_0005,Linglong_Camión_Long Haul_0057,0.0588
Camión_|_Long_Haul_Community_01,General Tire_Camión_Long Haul_0065,Linglong_Camión_Long Haul_0057,0.3264
Camión_|_Long_Haul_Community_01,Goodride_Camión_Long Haul_0069,Linglong_Camión_Long Haul_0057,0.3527
Camión_|_Long_Haul_Community_01,Nexen_Camión_Long Haul_0045,Linglong_Camión_Long Haul_0057,0.2516
Camión_|_Long_Haul_Community_01,Toyo Tires_Camión_Long Haul_0000,Linglong_Camión_Long Haul_0057,0.1619
Camión_|_Long_Haul_Community_01,Triangle_Camión_Long Haul_0030,Linglong_Camión_Long Haul_0057,0.1955
Camión_|_Long_Haul_Community_01,Vredestein_Camión_Long Haul_0061,Linglong_Camión_Long Haul_0057,0.1473
Camión_|_Long_Haul_Community_01,Westlake_Camión_Long Haul_0039,Linglong_Camión_Long Haul_0057,0.2205
Camión_|_Long_Haul_Community_01,Fulda_Camión_Long Haul_0020,Mazzini_Camión_Long Haul_0008,0.0989
Camión_|_Long_Haul_Community_01,Goodride_Camión_Long Haul_0069,Mazzini_Camión_Long Haul_0008,0.5429
Camión_|_Long_Haul_Community_01,Nexen_Camión_Long Haul_0045,Mazzini_Camión_Long Haul_0008,0.1418
Camión_|_Long_Haul_Community_01,Toyo Tires_Camión_Long Haul_0000,Mazzini_Camión_Long Haul_0008,0.2602
Camión_|_Long_Haul_Community_01,Westlake_Camión_Long Haul_0054,Mazzini_Camión_Long Haul_0008,0.061
Camión_|_Long_Haul_Community_01,Yokohama_Camión_Long Haul_0004,Mazzini_Camión_Long Haul_0008,0.533
Camión_|_Long_Haul_Community_01,BFGoodrich_Camión_Long Haul_0037,Michelin_Camión_Long Haul_0006,0.4884
Camión_|_Long_Haul_Community_01,Triangle_Camión_Long Haul_0030,Michelin_Camión_Long Haul_0006,0.923
Camión_|_Long_Haul_Community_01,Goodride_Camión_Long Haul_0009,Nexen_Camión_Long Haul_0045,0.2793
Camión_|_Long_Haul_Community_01,Kumho_Camión_Long Haul_0013,Nexen_Camión_Long Haul_0045,0.7234
Camión_|_Long_Haul_Community_01,Mazzini_Camión_Long Haul_0008,Nexen_Camión_Long Haul_0045,0.4426
Camión_|_Long_Haul_Community_01,Yokohama_Camión_Long Haul_0042,Nexen_Camión_Long Haul_0045,0.0642
Camión_|_Long_Haul_Community_01,Dunlop_Camión_Long Haul_0021,Nexen_Camión_Long Haul_0070,0.6562
Camión_|_Long_Haul_Community_01,Mazzini_Camión_Long Haul_0008,Nexen_Camión_Long Haul_0070,0.3792
Camión_|_Long_Haul_Community_01,Michelin_Camión_Long Haul_0006,Nexen_Camión_Long Haul_0070,0.3014
Camión_|_Long_Haul_Community_01,Westlake_Camión_Long Haul_0039,Nexen_Camión_Long Haul_0070,0.254
Camión_|_Long_Haul_Community_01,Bridgestone_Camión_Long Haul_0079,Toyo Tires_Camión_Long Haul_0000,0.189
Camión_|_Long_Haul_Community_01,Cooper Tires_Camión_Long Haul_0032,Toyo Tires_Camión_Long Haul_0000,0.2515
Camión_|_Long_Haul_Community_01,Goodride_Camión_Long Haul_0069,Toyo Tires_Camión_Long Haul_0000,0.0726
Camión_|_Long_Haul_Community_01,Goodyear_Camión_Long Haul_0012,Toyo Tires_Camión_Long Haul_0000,0.5948
Camión_|_Long_Haul_Community_01,Vredestein_Camión_Long Haul_0061,Toyo Tires_Camión_Long Haul_0000,0.4685
Camión_|_Long_Haul_Community_01,Fulda_Camión_Long Haul_0020,Triangle_Camión_Long Haul_0030,0.2683
Camión_|_Long_Haul_Community_01,General Tire_Camión_Long Haul_0036,Triangle_Camión_Long Haul_0030,0.2351
Camión_|_Long_Haul_Community_01,Linglong_Camión_Long Haul_0001,Triangle_Camión_Long Haul_0030,0.5137
Camión_|_Long_Haul_Community_01,Linglong_Camión_Long Haul_0023,Triangle_Camión_Long Haul_0030,0.1571
Camión_|_Long_Haul_Community_01,Michelin_Camión_Long Haul_0006,Triangle_Camión_Long Haul_0030,0.1272
Camión_|_Long_Haul_Community_01,Continental_Camión_Long Haul_0040,Vredestein_Camión_Long Haul_0061,0.1871
Camión_|_Long_Haul_Community_01,Dunlop_Camión_Long Haul_0043,Vredestein_Camión_Long Haul_0061,0.0745
Camión_|_Long_Haul_Community_01,General Tire_Camión_Long Haul_0036,Vredestein_Camión_Long Haul_0061,0.1212
Camión_|_Long_Haul_Community_01,General Tire_Camión_Long Haul_0065,Vredestein_Camión_Long Haul_0061,0.2627
Camión_|_Long_Haul_Community_01,Goodyear_Camión_Long Haul_0073,Vredestein_Camión_Long Haul_0061,0.2895
Camión_|_Long_Haul_Community_01,Nexen_Camión_Long Haul_0045,Vredestein_Camión_Long Haul_0061,0.2735
Camión_|_Long_Haul_Community_01,Yokohama_Camión_Long Haul_0042,Vredestein_Camión_Long Haul_0061,0.0876
Camión_|_Long_Haul_Community_01,BFGoodrich_Camión_Long Haul_0037,Westlake_Camión_Long Haul_0039,0.1032
Camión_|_Long_Haul_Community_01,Dunlop_Camión_Long Haul_0021,Westlake_Camión_Long Haul_0039,0.3969
Camión_|_Long_Haul_Community_01,Fulda_Camión_Long Haul_0020,Westlake_Camión_Long Haul_0039,0.3768
Camión_|_Long_Haul_Community_01,General Tire_Camión_Long Haul_0036,Westlake_Camión_Long Haul_0039,0.1918
Camión_|_Long_Haul_Community_01,Triangle_Camión_Long Haul_0030,Westlake_Camión_Long Haul_0039,0.4422
Camión_|_Long_Haul_Community_01,Yokohama_Camión_Long Haul_0004,Westlake_Camión_Long Haul_0039,0.1536
Camión_|_Long_Haul_Community_01,General Tire_Camión_Long Haul_0036,Westlake_Camión_Long Haul_0054,0.5188
Camión_|_Long_Haul_Community_01,General Tire_Camión_Long Haul_0065,Westlake_Camión_Long Haul_0054,0.442
Camión_|_Long_Haul_Community_01,Goodyear_Camión_Long Haul_0073,Westlake_Camión_Long Haul_0054,0.0922
Camión_|_Long_Haul_Community_01,Mazzini_Camión_Long Haul_0008,Westlake_Camión_Long Haul_0054,0.2113
Camión_|_Long_Haul_Community_01,Vredestein_Camión_Long Haul_0061,Westlake_Camión_Long Haul_0054,0.1897
Camión_|_Long_Haul_Community_01,Yokohama_Camión_Long Haul_0004,Westlake_Camión_Long Haul_0054,0.1335
Camión_|_Long_Haul_Community_01,General Tire_Camión_Long Haul_0065,Yokohama_Camión_Long Haul_0002,0.3566
Camión_|_Long_Haul_Community_01,Linglong_Camión_Long Haul_0001,Yokohama_Camión_Long Haul_0002,0.073
Camión_|_Long_Haul_Community_01,Toyo Tires_Camión_Long Haul_0000,Yokohama_Camión_Long Haul_0002,0.2282
Camión_|_Long_Haul_Community_01,Triangle_Camión_Long Haul_0030,Yokohama_Camión_Long Haul_0002,0.7487
Camión_|_Long_Haul_Community_01,Vredestein_Camión_Long Haul_0061,Yokohama_Camión_Long Haul_0002,0.0948
Camión_|_Long_Haul_Community_01,Cooper Tires_Camión_Long Haul_0032,Yokohama_Camión_Long Haul_0004,0.2268
Camión_|_Long_Haul_Community_01,Dunlop_Camión_Long Haul_0021,Yokohama_Camión_Long Haul_0004,0.4422
Camión_|_Long_Haul_Community_01,General Tire_Camión_Long Haul_0036,Yokohama_Camión_Long Haul_0004,0.1563
Camión_|_Long_Haul_Community_01,Toyo Tires_Camión_Long Haul_0000,Yokohama_Camión_Long Haul_0004,0.662
Camión_|_Long_Haul_Community_01,Westlake_Camión_Long Haul_0039,Yokohama_Camión_Long Haul_0004,0.0784
Camión_|_Long_Haul_Community_01,BFGoodrich_Camión_Long Haul_0037,Yokohama_Camión_Long Haul_0042,0.0849
Camión_|_Long_Haul_Community_01,General Tire_Camión_Long Haul_0065,Yokohama_Camión_Long Haul_0042,0.0911
Camión_|_Long_Haul_Community_01,Goodyear_Camión_Long Haul_0012,Yokohama_Camión_Long Haul_0042,0.4972
Camión_|_Long_Haul_Community_01,Triangle_Camión_Long Haul_0030,Yokohama_Camión_Long Haul_0042,0.7989
Camión_|_Obras_/_Mixto_Community_01,Fulda_Camión_Obras / Mixto_0078,BFGoodrich_Camión_Obras / Mixto_0009,0.5209
Camión_|_Obras_/_Mixto_Community_01,Goodride_Camión_Obras / Mixto_0052,BFGoodrich_Camión_Obras / Mixto_0009,0.0598
Camión_|_Obras_/_Mixto_Community_01,Michelin_Camión_Obras / Mixto_0029,BFGoodrich_Camión_Obras / Mixto_0009,0.1183
Camión_|_Obras_/_Mixto_Community_01,Nexen_Camión_Obras / Mixto_0077,BFGoodrich_Camión_Obras / Mixto_0009,0.3928
Camión_|_Obras_/_Mixto_Community_01,Toyo Tires_Camión_Obras / Mixto_0004,BFGoodrich_Camión_Obras / Mixto_0009,0.081
Camión_|_Obras_/_Mixto_Community_01,Yokohama_Camión_Obras / Mixto_0063,BFGoodrich_Camión_Obras / Mixto_0009,0.0896
Camión_|_Obras_/_Mixto_Community_01,BFGoodrich_Camión_Obras / Mixto_0009,BFGoodrich_Camión_Obras / Mixto_0031,0.5126
Camión_|_Obras_/_Mixto_Community_01,Nokian_Camión_Obras / Mixto_0071,BFGoodrich_Camión_Obras / Mixto_0031,0.0838
Camión_|_Obras_/_Mixto_Community_01,Tracmax_Camión_Obras / Mixto_0046,BFGoodrich_Camión_Obras / Mixto_0031,0.6582
Camión_|_Obras_/_Mixto_Community_01,Yokohama_Camión_Obras / Mixto_0063,BFGoodrich_Camión_Obras / Mixto_0031,0.1135
Camión_|_Obras_/_Mixto_Community_01,Dunlop_Camión_Obras / Mixto_0003,Cooper Tires_Camión_Obras / Mixto_0040,0.1044
Camión_|_Obras_/_Mixto_Community_01,Falken_Camión_Obras / Mixto_0032,Cooper Tires_Camión_Obras / Mixto_0040,0.1308
Camión_|_Obras_/_Mixto_Community_01,Mazzini_Camión_Obras / Mixto_0059,Cooper Tires_Camión_Obras / Mixto_0040,0.4281
Camión_|_Obras_/_Mixto_Community_01,Michelin_Camión_Obras / Mixto_0050,Cooper Tires_Camión_Obras / Mixto_0040,0.5913
Camión_|_Obras_/_Mixto_Community_01,Vredestein_Camión_Obras / Mixto_0007,Cooper Tires_Camión_Obras / Mixto_0040,0.0752
Camión_|_Obras_/_Mixto_Community_01,BFGoodrich_Camión_Obras / Mixto_0031,Dunlop_Camión_Obras / Mixto_0003,0.3513
Camión_|_Obras_/_Mixto_Community_01,Cooper Tires_Camión_Obras / Mixto_0040,Dunlop_Camión_Obras / Mixto_0003,0.1912
Camión_|_Obras_/_Mixto_Community_01,Fulda_Camión_Obras / Mixto_0078,Dunlop_Camión_Obras / Mixto_0003,0.1667
Camión_|_Obras_/_Mixto_Community_01,Tracmax_Camión_Obras / Mixto_0046,Dunlop_Camión_Obras / Mixto_0003,0.1377
Camión_|_Obras_/_Mixto_Community_01,Vredestein_Camión_Obras / Mixto_0007,Dunlop_Camión_Obras / Mixto_0003,0.5798
Camión_|_Obras_/_Mixto_Community_01,Kumho_Camión_Obras / Mixto_0021,Falken_Camión_Obras / Mixto_0032,1.2865
Camión_|_Obras_/_Mixto_Community_01,Michelin_Camión_Obras / Mixto_0050,Falken_Camión_Obras / Mixto_0032,0.0992
Camión_|_Obras_/_Mixto_Community_01,Goodyear_Camión_Obras / Mixto_0027,Fulda_Camión_Obras / Mixto_0045,0.1984
Camión_|_Obras_/_Mixto_Community_01,Kumho_Camión_Obras / Mixto_0012,Fulda_Camión_Obras / Mixto_0045,0.315
Camión_|_Obras_/_Mixto_Community_01,Kumho_Camión_Obras / Mixto_0065,Fulda_Camión_Obras / Mixto_0045,0.5012
Camión_|_Obras_/_Mixto_Community_01,Nexen_Camión_Obras / Mixto_0077,Fulda_Camión_Obras / Mixto_0045,0.0891
Camión_|_Obras_/_Mixto_Community_01,BFGoodrich_Camión_Obras / Mixto_0009,Fulda_Camión_Obras / Mixto_0078,0.2099
Camión_|_Obras_/_Mixto_Community_01,Goodyear_Camión_Obras / Mixto_0027,Fulda_Camión_Obras / Mixto_0078,0.8452
Camión_|_Obras_/_Mixto_Community_01,Vredestein_Camión_Obras / Mixto_0007,Fulda_Camión_Obras / Mixto_0078,0.2938
Camión_|_Obras_/_Mixto_Community_01,Fulda_Camión_Obras / Mixto_0045,Goodride_Camión_Obras / Mixto_0052,0.365
Camión_|_Obras_/_Mixto_Community_01,Fulda_Camión_Obras / Mixto_0078,Goodride_Camión_Obras / Mixto_0052,0.1385
Camión_|_Obras_/_Mixto_Community_01,Goodyear_Camión_Obras / Mixto_0027,Goodride_Camión_Obras / Mixto_0052,0.097
Camión_|_Obras_/_Mixto_Community_01,Mazzini_Camión_Obras / Mixto_0059,Goodride_Camión_Obras / Mixto_0052,0.1115
Camión_|_Obras_/_Mixto_Community_01,Michelin_Camión_Obras / Mixto_0050,Goodride_Camión_Obras / Mixto_0052,0.1594
Camión_|_Obras_/_Mixto_Community_01,Sailun_Camión_Obras / Mixto_0016,Goodride_Camión_Obras / Mixto_0052,0.0669
Camión_|_Obras_/_Mixto_Community_01,Westlake_Camión_Obras / Mixto_0025,Goodride_Camión_Obras / Mixto_0052,0.2864
Camión_|_Obras_/_Mixto_Community_01,Cooper Tires_Camión_Obras / Mixto_0040,Goodyear_Camión_Obras / Mixto_0027,0.6553
Camión_|_Obras_/_Mixto_Community_01,Goodride_Camión_Obras / Mixto_0052,Goodyear_Camión_Obras / Mixto_0027,0.1003
Camión_|_Obras_/_Mixto_Community_01,Kumho_Camión_Obras / Mixto_0012,Goodyear_Camión_Obras / Mixto_0027,0.5228
Camión_|_Obras_/_Mixto_Community_01,Kumho_Camión_Obras / Mixto_0021,Goodyear_Camión_Obras / Mixto_0027,0.1318
Camión_|_Obras_/_Mixto_Community_01,Vredestein_Camión_Obras / Mixto_0037,Goodyear_Camión_Obras / Mixto_0027,0.0558
Camión_|_Obras_/_Mixto_Community_01,BFGoodrich_Camión_Obras / Mixto_0009,Kumho_Camión_Obras / Mixto_0012,0.3882
Camión_|_Obras_/_Mixto_Community_01,Kumho_Camión_Obras / Mixto_0021,Kumho_Camión_Obras / Mixto_0012,0.0731
Camión_|_Obras_/_Mixto_Community_01,Mazzini_Camión_Obras / Mixto_0059,Kumho_Camión_Obras / Mixto_0012,0.3354
Camión_|_Obras_/_Mixto_Community_01,Sailun_Camión_Obras / Mixto_0016,Kumho_Camión_Obras / Mixto_0012,0.6357
Camión_|_Obras_/_Mixto_Community_01,Goodride_Camión_Obras / Mixto_0052,Kumho_Camión_Obras / Mixto_0021,0.7258
Camión_|_Obras_/_Mixto_Community_01,Nokian_Camión_Obras / Mixto_0071,Kumho_Camión_Obras / Mixto_0021,0.1086
Camión_|_Obras_/_Mixto_Community_01,Sailun_Camión_Obras / Mixto_0016,Kumho_Camión_Obras / Mixto_0021,0.5878
Camión_|_Obras_/_Mixto_Community_01,Michelin_Camión_Obras / Mixto_0029,Kumho_Camión_Obras / Mixto_0065,0.2132
Camión_|_Obras_/_Mixto_Community_01,Michelin_Camión_Obras / Mixto_0050,Kumho_Camión_Obras / Mixto_0065,0.3767
Camión_|_Obras_/_Mixto_Community_01,Sailun_Camión_Obras / Mixto_0016,Kumho_Camión_Obras / Mixto_0065,0.1329
Camión_|_Obras_/_Mixto_Community_01,Vredestein_Camión_Obras / Mixto_0007,Kumho_Camión_Obras / Mixto_0065,0.6229
Camión_|_Obras_/_Mixto_Community_01,Falken_Camión_Obras / Mixto_0032,Mazzini_Camión_Obras / Mixto_0059,0.2404
Camión_|_Obras_/_Mixto_Community_01,Kumho_Camión_Obras / Mixto_0021,Mazzini_Camión_Obras / Mixto_0059,0.4269
Camión_|_Obras_/_Mixto_Community_01,Vredestein_Camión_Obras / Mixto_0037,Mazzini_Camión_Obras / Mixto_0059,0.5902
Camión_|_Obras_/_Mixto_Community_01,Goodride_Camión_Obras / Mixto_0052,Michelin_Camión_Obras / Mixto_0029,0.397
Camión_|_Obras_/_Mixto_Community_01,Vredestein_Camión_Obras / Mixto_0037,Michelin_Camión_Obras / Mixto_0029,0.7804
Camión_|_Obras_/_Mixto_Community_01,Yokohama_Camión_Obras / Mixto_0063,Michelin_Camión_Obras / Mixto_0029,0.2138
Camión_|_Obras_/_Mixto_Community_01,Dunlop_Camión_Obras / Mixto_0003,Michelin_Camión_Obras / Mixto_0050,0.4433
Camión_|_Obras_/_Mixto_Community_01,Kumho_Camión_Obras / Mixto_0021,Michelin_Camión_Obras / Mixto_0050,0.157
Camión_|_Obras_/_Mixto_Community_01,Mazzini_Camión_Obras / Mixto_0059,Michelin_Camión_Obras / Mixto_0050,0.5611
Camión_|_Obras_/_Mixto_Community_01,Michelin_Camión_Obras / Mixto_0029,Michelin_Camión_Obras / Mixto_0050,0.2573
Camión_|_Obras_/_Mixto_Community_01,BFGoodrich_Camión_Obras / Mixto_0031,Nexen_Camión_Obras / Mixto_0077,0.3147
Camión_|_Obras_/_Mixto_Community_01,Fulda_Camión_Obras / Mixto_0078,Nexen_Camión_Obras / Mixto_0077,0.3384
Camión_|_Obras_/_Mixto_Community_01,Westlake_Camión_Obras / Mixto_0025,Nexen_Camión_Obras / Mixto_0077,0.6699
Camión_|_Obras_/_Mixto_Community_01,BFGoodrich_Camión_Obras / Mixto_0009,Nokian_Camión_Obras / Mixto_0071,0.3441
Camión_|_Obras_/_Mixto_Community_01,Goodride_Camión_Obras / Mixto_0052,Nokian_Camión_Obras / Mixto_0071,0.6267
Camión_|_Obras_/_Mixto_Community_01,Sailun_Camión_Obras / Mixto_0019,Nokian_Camión_Obras / Mixto_0071,0.3405
Camión_|_Obras_/_Mixto_Community_01,Goodyear_Camión_Obras / Mixto_0027,Roadmarch_Camión_Obras / Mixto_0042,0.6969
Camión_|_Obras_/_Mixto_Community_01,Mazzini_Camión_Obras / Mixto_0059,Roadmarch_Camión_Obras / Mixto_0042,0.3516
Camión_|_Obras_/_Mixto_Community_01,Michelin_Camión_Obras / Mixto_0050,Roadmarch_Camión_Obras / Mixto_0042,0.2186
Camión_|_Obras_/_Mixto_Community_01,Sailun_Camión_Obras / Mixto_0019,Roadmarch_Camión_Obras / Mixto_0042,0.0649
Camión_|_Obras_/_Mixto_Community_01,Yokohama_Camión_Obras / Mixto_0063,Roadmarch_Camión_Obras / Mixto_0042,0.0668
Camión_|_Obras_/_Mixto_Community_01,Falken_Camión_Obras / Mixto_0032,Sailun_Camión_Obras / Mixto_0016,0.0577
Camión_|_Obras_/_Mixto_Community_01,Goodyear_Camión_Obras / Mixto_0027,Sailun_Camión_Obras / Mixto_0016,0.2453
Camión_|_Obras_/_Mixto_Community_01,Kumho_Camión_Obras / Mixto_0012,Sailun_Camión_Obras / Mixto_0016,0.2494
Camión_|_Obras_/_Mixto_Community_01,Kumho_Camión_Obras / Mixto_0065,Sailun_Camión_Obras / Mixto_0016,0.0575
Camión_|_Obras_/_Mixto_Community_01,Nokian_Camión_Obras / Mixto_0071,Sailun_Camión_Obras / Mixto_0016,0.3289
Camión_|_Obras_/_Mixto_Community_01,Vredestein_Camión_Obras / Mixto_0037,Sailun_Camión_Obras / Mixto_0016,0.354
Camión_|_Obras_/_Mixto_Community_01,Kumho_Camión_Obras / Mixto_0012,Sailun_Camión_Obras / Mixto_0019,0.1413
Camión_|_Obras_/_Mixto_Community_01,Mazzini_Camión_Obras / Mixto_0059,Sailun_Camión_Obras / Mixto_0019,0.5369
Camión_|_Obras_/_Mixto_Community_01,Michelin_Camión_Obras / Mixto_0050,Sailun_Camión_Obras / Mixto_0019,0.0741
Camión_|_Obras_/_Mixto_Community_01,Nexen_Camión_Obras / Mixto_0077,Sailun_Camión_Obras / Mixto_0019,0.5448
Camión_|_Obras_/_Mixto_Community_01,BFGoodrich_Camión_Obras / Mixto_0031,Toyo Tires_Camión_Obras / Mixto_0004,0.9327
Camión_|_Obras_/_Mixto_Community_01,Michelin_Camión_Obras / Mixto_0050,Toyo Tires_Camión_Obras / Mixto_0004,0.4276
Camión_|_Obras_/_Mixto_Community_01,Goodyear_Camión_Obras / Mixto_0027,Tracmax_Camión_Obras / Mixto_0046,0.5586
Camión_|_Obras_/_Mixto_Community_01,Nexen_Camión_Obras / Mixto_0077,Tracmax_Camión_Obras / Mixto_0046,0.3245
Camión_|_Obras_/_Mixto_Community_01,Roadmarch_Camión_Obras / Mixto_0042,Tracmax_Camión_Obras / Mixto_0046,0.2977
Camión_|_Obras_/_Mixto_Community_01,Westlake_Camión_Obras / Mixto_0025,Tracmax_Camión_Obras / Mixto_0046,0.2235
Camión_|_Obras_/_Mixto_Community_01,Goodyear_Camión_Obras / Mixto_0027,Vredestein_Camión_Obras / Mixto_0007,0.6237
Camión_|_Obras_/_Mixto_Community_01,Toyo Tires_Camión_Obras / Mixto_0004,Vredestein_Camión_Obras / Mixto_0007,0.2486
Camión_|_Obras_/_Mixto_Community_01,Vredestein_Camión_Obras / Mixto_0037,Vredestein_Camión_Obras / Mixto_0007,0.0874
Camión_|_Obras_/_Mixto_Community_01,Yokohama_Camión_Obras / Mixto_0063,Vredestein_Camión_Obras / Mixto_0007,0.2211
Camión_|_Obras_/_Mixto_Community_01,Michelin_Camión_Obras / Mixto_0050,Vredestein_Camión_Obras / Mixto_0037,0.8662
Camión_|_Obras_/_Mixto_Community_01,Roadmarch_Camión_Obras / Mixto_0042,Vredestein_Camión_Obras / Mixto_0037,0.3505
Camión_|_Obras_/_Mixto_Community_01,Sailun_Camión_Obras / Mixto_0016,Vredestein_Camión_Obras / Mixto_0037,0.1616
Camión_|_Obras_/_Mixto_Community_01,Falken_Camión_Obras / Mixto_0032,Westlake_Camión_Obras / Mixto_0025,0.7593
Camión_|_Obras_/_Mixto_Community_01,Vredestein_Camión_Obras / Mixto_0037,Westlake_Camión_Obras / Mixto_0025,0.5164
Camión_|_Obras_/_Mixto_Community_01,Fulda_Camión_Obras / Mixto_0078,Yokohama_Camión_Obras / Mixto_0063,0.3773
Camión_|_Obras_/_Mixto_Community_01,Michelin_Camión_Obras / Mixto_0050,Yokohama_Camión_Obras / Mixto_0063,0.2849
Camión_|_Obras_/_Mixto_Community_01,Roadmarch_Camión_Obras / Mixto_0042,Yokohama_Camión_Obras / Mixto_0063,0.1097
Camión_|_Obras_/_Mixto_Community_01,Vredestein_Camión_Obras / Mixto_0007,Yokohama_Camión_Obras / Mixto_0063,0.4779
Camión_|_Obras_/_Mixto_Community_02,BFGoodrich_Camión_Obras / Mixto_0011,BFGoodrich_Camión_Obras / Mixto_0010,0.5883
Camión_|_Obras_/_Mixto_Community_02,Dunlop_Camión_Obras / Mixto_0023,BFGoodrich_Camión_Obras / Mixto_0010,0.2725
Camión_|_Obras_/_Mixto_Community_02,Firestone_Camión_Obras / Mixto_0028,BFGoodrich_Camión_Obras / Mixto_0010,0.3554
Camión_|_Obras_/_Mixto_Community_02,Pirelli_Camión_Obras / Mixto_0079,BFGoodrich_Camión_Obras / Mixto_0010,0.2735
Camión_|_Obras_/_Mixto_Community_02,Bridgestone_Camión_Obras / Mixto_0026,BFGoodrich_Camión_Obras / Mixto_0011,0.4424
Camión_|_Obras_/_Mixto_Community_02,Nexen_Camión_Obras / Mixto_0076,BFGoodrich_Camión_Obras / Mixto_0011,0.3378
Camión_|_Obras_/_Mixto_Community_02,Wanli_Camión_Obras / Mixto_0002,BFGoodrich_Camión_Obras / Mixto_0011,0.4852
Camión_|_Obras_/_Mixto_Community_02,Westlake_Camión_Obras / Mixto_0035,BFGoodrich_Camión_Obras / Mixto_0011,0.1223
Camión_|_Obras_/_Mixto_Community_02,Kumho_Camión_Obras / Mixto_0074,Bridgestone_Camión_Obras / Mixto_0026,0.153
Camión_|_Obras_/_Mixto_Community_02,Toyo Tires_Camión_Obras / Mixto_0017,Bridgestone_Camión_Obras / Mixto_0026,0.8709
Camión_|_Obras_/_Mixto_Community_02,Tracmax_Camión_Obras / Mixto_0005,Bridgestone_Camión_Obras / Mixto_0026,0.2845
Camión_|_Obras_/_Mixto_Community_02,Cooper Tires_Camión_Obras / Mixto_0041,Continental_Camión_Obras / Mixto_0018,0.2961
Camión_|_Obras_/_Mixto_Community_02,Pirelli_Camión_Obras / Mixto_0079,Continental_Camión_Obras / Mixto_0018,0.4687
Camión_|_Obras_/_Mixto_Community_02,Vredestein_Camión_Obras / Mixto_0015,Continental_Camión_Obras / Mixto_0018,0.5452
Camión_|_Obras_/_Mixto_Community_02,Linglong_Camión_Obras / Mixto_0054,Cooper Tires_Camión_Obras / Mixto_0041,0.0727
Camión_|_Obras_/_Mixto_Community_02,Nexen_Camión_Obras / Mixto_0076,Cooper Tires_Camión_Obras / Mixto_0041,0.8873
Camión_|_Obras_/_Mixto_Community_02,Westlake_Camión_Obras / Mixto_0035,Cooper Tires_Camión_Obras / Mixto_0041,0.3597
Camión_|_Obras_/_Mixto_Community_02,Nokian_Camión_Obras / Mixto_0033,Dunlop_Camión_Obras / Mixto_0023,0.4468
Camión_|_Obras_/_Mixto_Community_02,Pirelli_Camión_Obras / Mixto_0044,Dunlop_Camión_Obras / Mixto_0023,0.1401
Camión_|_Obras_/_Mixto_Community_02,Tracmax_Camión_Obras / Mixto_0047,Dunlop_Camión_Obras / Mixto_0023,0.3111
Camión_|_Obras_/_Mixto_Community_02,Vredestein_Camión_Obras / Mixto_0015,Dunlop_Camión_Obras / Mixto_0023,0.4615
Camión_|_Obras_/_Mixto_Community_02,BFGoodrich_Camión_Obras / Mixto_0011,Dunlop_Camión_Obras / Mixto_0048,0.4157
Camión_|_Obras_/_Mixto_Community_02,Firestone_Camión_Obras / Mixto_0028,Dunlop_Camión_Obras / Mixto_0048,0.3883
Camión_|_Obras_/_Mixto_Community_02,Pirelli_Camión_Obras / Mixto_0044,Dunlop_Camión_Obras / Mixto_0048,0.2495
Camión_|_Obras_/_Mixto_Community_02,Tracmax_Camión_Obras / Mixto_0047,Dunlop_Camión_Obras / Mixto_0048,0.2574
Camión_|_Obras_/_Mixto_Community_02,Dunlop_Camión_Obras / Mixto_0048,Firestone_Camión_Obras / Mixto_0028,0.442
Camión_|_Obras_/_Mixto_Community_02,GT Radial_Camión_Obras / Mixto_0056,Firestone_Camión_Obras / Mixto_0028,0.1123
Camión_|_Obras_/_Mixto_Community_02,Sailun_Camión_Obras / Mixto_0036,Firestone_Camión_Obras / Mixto_0028,0.3315
Camión_|_Obras_/_Mixto_Community_02,Tracmax_Camión_Obras / Mixto_0005,Firestone_Camión_Obras / Mixto_0028,0.2077
Camión_|_Obras_/_Mixto_Community_02,Vredestein_Camión_Obras / Mixto_0034,Firestone_Camión_Obras / Mixto_0028,0.3491
Camión_|_Obras_/_Mixto_Community_02,Firestone_Camión_Obras / Mixto_0028,Fulda_Camión_Obras / Mixto_0022,0.5149
Camión_|_Obras_/_Mixto_Community_02,Pirelli_Camión_Obras / Mixto_0079,Fulda_Camión_Obras / Mixto_0022,0.1736
Camión_|_Obras_/_Mixto_Community_02,Roadmarch_Camión_Obras / Mixto_0008,Fulda_Camión_Obras / Mixto_0022,0.5844
Camión_|_Obras_/_Mixto_Community_02,Wanli_Camión_Obras / Mixto_0070,Fulda_Camión_Obras / Mixto_0022,0.2012
Camión_|_Obras_/_Mixto_Community_02,BFGoodrich_Camión_Obras / Mixto_0011,GT Radial_Camión_Obras / Mixto_0013,0.3434
Camión_|_Obras_/_Mixto_Community_02,Cooper Tires_Camión_Obras / Mixto_0041,GT Radial_Camión_Obras / Mixto_0013,0.2502
Camión_|_Obras_/_Mixto_Community_02,Nexen_Camión_Obras / Mixto_0076,GT Radial_Camión_Obras / Mixto_0013,0.2522
Camión_|_Obras_/_Mixto_Community_02,Westlake_Camión_Obras / Mixto_0035,GT Radial_Camión_Obras / Mixto_0013,0.5117
Camión_|_Obras_/_Mixto_Community_02,Bridgestone_Camión_Obras / Mixto_0026,GT Radial_Camión_Obras / Mixto_0056,0.0578
Camión_|_Obras_/_Mixto_Community_02,Dunlop_Camión_Obras / Mixto_0048,GT Radial_Camión_Obras / Mixto_0056,0.1589
Camión_|_Obras_/_Mixto_Community_02,Firestone_Camión_Obras / Mixto_0028,GT Radial_Camión_Obras / Mixto_0056,0.0979
Camión_|_Obras_/_Mixto_Community_02,Nokian_Camión_Obras / Mixto_0033,GT Radial_Camión_Obras / Mixto_0056,0.155
Camión_|_Obras_/_Mixto_Community_02,Pirelli_Camión_Obras / Mixto_0044,GT Radial_Camión_Obras / Mixto_0056,0.4199
Camión_|_Obras_/_Mixto_Community_02,Vredestein_Camión_Obras / Mixto_0015,GT Radial_Camión_Obras / Mixto_0056,0.465
Camión_|_Obras_/_Mixto_Community_02,Cooper Tires_Camión_Obras / Mixto_0041,Kumho_Camión_Obras / Mixto_0074,0.1651
Camión_|_Obras_/_Mixto_Community_02,Dunlop_Camión_Obras / Mixto_0023,Kumho_Camión_Obras / Mixto_0074,0.4127
Camión_|_Obras_/_Mixto_Community_02,Dunlop_Camión_Obras / Mixto_0048,Kumho_Camión_Obras / Mixto_0074,0.6714
Camión_|_Obras_/_Mixto_Community_02,Nexen_Camión_Obras / Mixto_0076,Kumho_Camión_Obras / Mixto_0074,0.1281
Camión_|_Obras_/_Mixto_Community_02,BFGoodrich_Camión_Obras / Mixto_0011,Linglong_Camión_Obras / Mixto_0054,0.0566
Camión_|_Obras_/_Mixto_Community_02,Firestone_Camión_Obras / Mixto_0028,Linglong_Camión_Obras / Mixto_0054,0.5267
Camión_|_Obras_/_Mixto_Community_02,Fulda_Camión_Obras / Mixto_0022,Linglong_Camión_Obras / Mixto_0054,0.2161
Camión_|_Obras_/_Mixto_Community_02,Tracmax_Camión_Obras / Mixto_0005,Linglong_Camión_Obras / Mixto_0054,0.1642
Camión_|_Obras_/_Mixto_Community_02,Westlake_Camión_Obras / Mixto_0035,Linglong_Camión_Obras / Mixto_0054,0.3155
Camión_|_Obras_/_Mixto_Community_02,Yokohama_Camión_Obras / Mixto_0051,Linglong_Camión_Obras / Mixto_0054,0.0909
Camión_|_Obras_/_Mixto_Community_02,BFGoodrich_Camión_Obras / Mixto_0010,Nexen_Camión_Obras / Mixto_0076,0.0845
Camión_|_Obras_/_Mixto_Community_02,Vredestein_Camión_Obras / Mixto_0034,Nexen_Camión_Obras / Mixto_0076,0.096
Camión_|_Obras_/_Mixto_Community_02,Wanli_Camión_Obras / Mixto_0070,Nexen_Camión_Obras / Mixto_0076,1.0
Camión_|_Obras_/_Mixto_Community_02,GT Radial_Camión_Obras / Mixto_0013,Nokian_Camión_Obras / Mixto_0033,1.3441
Camión_|_Obras_/_Mixto_Community_02,Wanli_Camión_Obras / Mixto_0070,Nokian_Camión_Obras / Mixto_0033,0.0509
Camión_|_Obras_/_Mixto_Community_02,Bridgestone_Camión_Obras / Mixto_0026,Pirelli_Camión_Obras / Mixto_0044,0.2574
Camión_|_Obras_/_Mixto_Community_02,Linglong_Camión_Obras / Mixto_0054,Pirelli_Camión_Obras / Mixto_0044,0.4236
Camión_|_Obras_/_Mixto_Community_02,Nexen_Camión_Obras / Mixto_0076,Pirelli_Camión_Obras / Mixto_0044,0.2137
Camión_|_Obras_/_Mixto_Community_02,Nokian_Camión_Obras / Mixto_0033,Pirelli_Camión_Obras / Mixto_0044,0.482
Camión_|_Obras_/_Mixto_Community_02,Dunlop_Camión_Obras / Mixto_0023,Pirelli_Camión_Obras / Mixto_0079,0.2328
Camión_|_Obras_/_Mixto_Community_02,Firestone_Camión_Obras / Mixto_0028,Pirelli_Camión_Obras / Mixto_0079,0.0903
Camión_|_Obras_/_Mixto_Community_02,Nokian_Camión_Obras / Mixto_0033,Pirelli_Camión_Obras / Mixto_0079,0.2527
Camión_|_Obras_/_Mixto_Community_02,Sailun_Camión_Obras / Mixto_0036,Pirelli_Camión_Obras / Mixto_0079,0.7481
Camión_|_Obras_/_Mixto_Community_02,BFGoodrich_Camión_Obras / Mixto_0011,Roadmarch_Camión_Obras / Mixto_0008,0.1388
Camión_|_Obras_/_Mixto_Community_02,Dunlop_Camión_Obras / Mixto_0023,Roadmarch_Camión_Obras / Mixto_0008,0.2375
Camión_|_Obras_/_Mixto_Community_02,Tracmax_Camión_Obras / Mixto_0005,Roadmarch_Camión_Obras / Mixto_0008,0.2388
Camión_|_Obras_/_Mixto_Community_02,Westlake_Camión_Obras / Mixto_0035,Roadmarch_Camión_Obras / Mixto_0008,0.2148
Camión_|_Obras_/_Mixto_Community_02,Yokohama_Camión_Obras / Mixto_0067,Roadmarch_Camión_Obras / Mixto_0008,0.4672
Camión_|_Obras_/_Mixto_Community_02,Dunlop_Camión_Obras / Mixto_0048,Sailun_Camión_Obras / Mixto_0036,0.376
Camión_|_Obras_/_Mixto_Community_02,Wanli_Camión_Obras / Mixto_0070,Sailun_Camión_Obras / Mixto_0036,0.7159
Camión_|_Obras_/_Mixto_Community_02,Yokohama_Camión_Obras / Mixto_0067,Sailun_Camión_Obras / Mixto_0036,0.2084
Camión_|_Obras_/_Mixto_Community_02,Cooper Tires_Camión_Obras / Mixto_0041,Toyo Tires_Camión_Obras / Mixto_0017,0.4684
Camión_|_Obras_/_Mixto_Community_02,Pirelli_Camión_Obras / Mixto_0079,Toyo Tires_Camión_Obras / Mixto_0017,0.2973
Camión_|_Obras_/_Mixto_Community_02,Tracmax_Camión_Obras / Mixto_0005,Toyo Tires_Camión_Obras / Mixto_0017,0.076
Camión_|_Obras_/_Mixto_Community_02,Wanli_Camión_Obras / Mixto_0002,Toyo Tires_Camión_Obras / Mixto_0017,0.5938
Camión_|_Obras_/_Mixto_Community_02,Dunlop_Camión_Obras / Mixto_0023,Tracmax_Camión_Obras / Mixto_0005,0.4262
Camión_|_Obras_/_Mixto_Community_02,Nokian_Camión_Obras / Mixto_0033,Tracmax_Camión_Obras / Mixto_0005,0.7085
Camión_|_Obras_/_Mixto_Community_02,Yokohama_Camión_Obras / Mixto_0051,Tracmax_Camión_Obras / Mixto_0005,0.1877
Camión_|_Obras_/_Mixto_Community_02,Dunlop_Camión_Obras / Mixto_0023,Tracmax_Camión_Obras / Mixto_0047,0.168
Camión_|_Obras_/_Mixto_Community_02,Toyo Tires_Camión_Obras / Mixto_0017,Tracmax_Camión_Obras / Mixto_0047,0.8571
Camión_|_Obras_/_Mixto_Community_02,Westlake_Camión_Obras / Mixto_0035,Tracmax_Camión_Obras / Mixto_0047,0.2698
Camión_|_Obras_/_Mixto_Community_02,Kumho_Camión_Obras / Mixto_0074,Vredestein_Camión_Obras / Mixto_0015,0.0542
Camión_|_Obras_/_Mixto_Community_02,Linglong_Camión_Obras / Mixto_0054,Vredestein_Camión_Obras / Mixto_0015,0.502
Camión_|_Obras_/_Mixto_Community_02,Wanli_Camión_Obras / Mixto_0002,Vredestein_Camión_Obras / Mixto_0015,0.316
Camión_|_Obras_/_Mixto_Community_02,Yokohama_Camión_Obras / Mixto_0067,Vredestein_Camión_Obras / Mixto_0015,0.4093
Camión_|_Obras_/_Mixto_Community_02,Kumho_Camión_Obras / Mixto_0074,Vredestein_Camión_Obras / Mixto_0034,0.4135
Camión_|_Obras_/_Mixto_Community_02,Nokian_Camión_Obras / Mixto_0033,Vredestein_Camión_Obras / Mixto_0034,0.1271
Camión_|_Obras_/_Mixto_Community_02,Westlake_Camión_Obras / Mixto_0035,Vredestein_Camión_Obras / Mixto_0034,0.7564
Camión_|_Obras_/_Mixto_Community_02,BFGoodrich_Camión_Obras / Mixto_0011,Wanli_Camión_Obras / Mixto_0002,0.1678
Camión_|_Obras_/_Mixto_Community_02,Dunlop_Camión_Obras / Mixto_0023,Wanli_Camión_Obras / Mixto_0002,0.559
Camión_|_Obras_/_Mixto_Community_02,Toyo Tires_Camión_Obras / Mixto_0017,Wanli_Camión_Obras / Mixto_0002,0.0554
Camión_|_Obras_/_Mixto_Community_02,Wanli_Camión_Obras / Mixto_0070,Wanli_Camión_Obras / Mixto_0002,0.0875
Camión_|_Obras_/_Mixto_Community_02,Yokohama_Camión_Obras / Mixto_0051,Wanli_Camión_Obras / Mixto_0002,0.3973
Camión_|_Obras_/_Mixto_Community_02,Dunlop_Camión_Obras / Mixto_0023,Wanli_Camión_Obras / Mixto_0070,0.3704
Camión_|_Obras_/_Mixto_Community_02,Dunlop_Camión_Obras / Mixto_0048,Wanli_Camión_Obras / Mixto_0070,0.0916
Camión_|_Obras_/_Mixto_Community_02,Linglong_Camión_Obras / Mixto_0054,Wanli_Camión_Obras / Mixto_0070,0.3211
Camión_|_Obras_/_Mixto_Community_02,Tracmax_Camión_Obras / Mixto_0005,Wanli_Camión_Obras / Mixto_0070,0.3768
Camión_|_Obras_/_Mixto_Community_02,Wanli_Camión_Obras / Mixto_0002,Wanli_Camión_Obras / Mixto_0070,0.1097
Camión_|_Obras_/_Mixto_Community_02,Roadmarch_Camión_Obras / Mixto_0008,Westlake_Camión_Obras / Mixto_0035,0.1743
Camión_|_Obras_/_Mixto_Community_02,Tracmax_Camión_Obras / Mixto_0005,Westlake_Camión_Obras / Mixto_0035,0.6212
Camión_|_Obras_/_Mixto_Community_02,Vredestein_Camión_Obras / Mixto_0034,Westlake_Camión_Obras / Mixto_0035,0.2355
Camión_|_Obras_/_Mixto_Community_02,Wanli_Camión_Obras / Mixto_0070,Westlake_Camión_Obras / Mixto_0035,0.2818
Camión_|_Obras_/_Mixto_Community_02,Continental_Camión_Obras / Mixto_0018,Yokohama_Camión_Obras / Mixto_0051,0.2751
Camión_|_Obras_/_Mixto_Community_02,Tracmax_Camión_Obras / Mixto_0005,Yokohama_Camión_Obras / Mixto_0051,0.5027
Camión_|_Obras_/_Mixto_Community_02,Vredestein_Camión_Obras / Mixto_0034,Yokohama_Camión_Obras / Mixto_0051,0.2047
Camión_|_Obras_/_Mixto_Community_02,Yokohama_Camión_Obras / Mixto_0067,Yokohama_Camión_Obras / Mixto_0051,0.325
Camión_|_Obras_/_Mixto_Community_02,BFGoodrich_Camión_Obras / Mixto_0011,Yokohama_Camión_Obras / Mixto_0067,0.4933
Camión_|_Obras_/_Mixto_Community_02,Roadmarch_Camión_Obras / Mixto_0008,Yokohama_Camión_Obras / Mixto_0067,0.2898
Camión_|_Obras_/_Mixto_Community_02,Wanli_Camión_Obras / Mixto_0070,Yokohama_Camión_Obras / Mixto_0067,0.5571
Camión_|_Obras_/_Mixto_Community_03,General Tire_Camión_Obras / Mixto_0061,BFGoodrich_Camión_Obras / Mixto_0049,0.2667
Camión_|_Obras_/_Mixto_Community_03,Nexen_Camión_Obras / Mixto_0069,BFGoodrich_Camión_Obras / Mixto_0049,1.1
Camión_|_Obras_/_Mixto_Community_03,BFGoodrich_Camión_Obras / Mixto_0049,Bridgestone_Camión_Obras / Mixto_0039,0.2463
Camión_|_Obras_/_Mixto_Community_03,Falken_Camión_Obras / Mixto_0062,Bridgestone_Camión_Obras / Mixto_0039,0.0957
Camión_|_Obras_/_Mixto_Community_03,Goodyear_Camión_Obras / Mixto_0030,Bridgestone_Camión_Obras / Mixto_0039,0.2133
Camión_|_Obras_/_Mixto_Community_03,Nexen_Camión_Obras / Mixto_0069,Bridgestone_Camión_Obras / Mixto_0039,0.6042
Camión_|_Obras_/_Mixto_Community_03,Pirelli_Camión_Obras / Mixto_0058,Bridgestone_Camión_Obras / Mixto_0039,0.2052
Camión_|_Obras_/_Mixto_Community_03,Continental_Camión_Obras / Mixto_0057,Continental_Camión_Obras / Mixto_0020,0.1763
Camión_|_Obras_/_Mixto_Community_03,General Tire_Camión_Obras / Mixto_0061,Continental_Camión_Obras / Mixto_0020,0.797
Camión_|_Obras_/_Mixto_Community_03,Goodyear_Camión_Obras / Mixto_0030,Continental_Camión_Obras / Mixto_0020,0.3561
Camión_|_Obras_/_Mixto_Community_03,Minerva_Camión_Obras / Mixto_0006,Continental_Camión_Obras / Mixto_0020,0.1792
Camión_|_Obras_/_Mixto_Community_03,GT Radial_Camión_Obras / Mixto_0000,Continental_Camión_Obras / Mixto_0057,0.1183
Camión_|_Obras_/_Mixto_Community_03,General Tire_Camión_Obras / Mixto_0061,Continental_Camión_Obras / Mixto_0057,0.5221
Camión_|_Obras_/_Mixto_Community_03,Goodyear_Camión_Obras / Mixto_0030,Continental_Camión_Obras / Mixto_0057,0.3673
Camión_|_Obras_/_Mixto_Community_03,Nexen_Camión_Obras / Mixto_0069,Continental_Camión_Obras / Mixto_0057,0.1714
Camión_|_Obras_/_Mixto_Community_03,Wanli_Camión_Obras / Mixto_0060,Continental_Camión_Obras / Mixto_0057,0.1979
Camión_|_Obras_/_Mixto_Community_03,Falken_Camión_Obras / Mixto_0055,Continental_Camión_Obras / Mixto_0066,0.8249
Camión_|_Obras_/_Mixto_Community_03,Nexen_Camión_Obras / Mixto_0001,Continental_Camión_Obras / Mixto_0066,0.2815
Camión_|_Obras_/_Mixto_Community_03,Uniroyal_Camión_Obras / Mixto_0075,Continental_Camión_Obras / Mixto_0066,0.1417
Camión_|_Obras_/_Mixto_Community_03,Bridgestone_Camión_Obras / Mixto_0039,Continental_Camión_Obras / Mixto_0073,0.1188
Camión_|_Obras_/_Mixto_Community_03,Falken_Camión_Obras / Mixto_0055,Continental_Camión_Obras / Mixto_0073,0.2334
Camión_|_Obras_/_Mixto_Community_03,GT Radial_Camión_Obras / Mixto_0000,Continental_Camión_Obras / Mixto_0073,0.1256
Camión_|_Obras_/_Mixto_Community_03,Goodyear_Camión_Obras / Mixto_0030,Continental_Camión_Obras / Mixto_0073,0.0741
Camión_|_Obras_/_Mixto_Community_03,Minerva_Camión_Obras / Mixto_0006,Continental_Camión_Obras / Mixto_0073,0.82
Camión_|_Obras_/_Mixto_Community_03,BFGoodrich_Camión_Obras / Mixto_0049,Falken_Camión_Obras / Mixto_0055,0.2963
Camión_|_Obras_/_Mixto_Community_03,Continental_Camión_Obras / Mixto_0066,Falken_Camión_Obras / Mixto_0055,0.0609
Camión_|_Obras_/_Mixto_Community_03,Goodyear_Camión_Obras / Mixto_0014,Falken_Camión_Obras / Mixto_0055,0.2314
Camión_|_Obras_/_Mixto_Community_03,Goodyear_Camión_Obras / Mixto_0053,Falken_Camión_Obras / Mixto_0055,0.4611
Camión_|_Obras_/_Mixto_Community_03,Kumho_Camión_Obras / Mixto_0038,Falken_Camión_Obras / Mixto_0055,0.1074
Camión_|_Obras_/_Mixto_Community_03,Pirelli_Camión_Obras / Mixto_0058,Falken_Camión_Obras / Mixto_0055,0.1484
Camión_|_Obras_/_Mixto_Community_03,Continental_Camión_Obras / Mixto_0057,Falken_Camión_Obras / Mixto_0062,0.2997
Camión_|_Obras_/_Mixto_Community_03,Continental_Camión_Obras / Mixto_0073,Falken_Camión_Obras / Mixto_0062,0.2049
Camión_|_Obras_/_Mixto_Community_03,Goodyear_Camión_Obras / Mixto_0030,Falken_Camión_Obras / Mixto_0062,0.7844
Camión_|_Obras_/_Mixto_Community_03,Hifly_Camión_Obras / Mixto_0068,Falken_Camión_Obras / Mixto_0062,0.1208
Camión_|_Obras_/_Mixto_Community_03,BFGoodrich_Camión_Obras / Mixto_0049,Fulda_Camión_Obras / Mixto_0072,0.6699
Camión_|_Obras_/_Mixto_Community_03,Falken_Camión_Obras / Mixto_0062,Fulda_Camión_Obras / Mixto_0072,0.2712
Camión_|_Obras_/_Mixto_Community_03,Minerva_Camión_Obras / Mixto_0006,Fulda_Camión_Obras / Mixto_0072,0.0573
Camión_|_Obras_/_Mixto_Community_03,Vredestein_Camión_Obras / Mixto_0024,Fulda_Camión_Obras / Mixto_0072,0.2103
Camión_|_Obras_/_Mixto_Community_03,Falken_Camión_Obras / Mixto_0055,GT Radial_Camión_Obras / Mixto_0000,0.0955
Camión_|_Obras_/_Mixto_Community_03,General Tire_Camión_Obras / Mixto_0061,GT Radial_Camión_Obras / Mixto_0000,0.6165
Camión_|_Obras_/_Mixto_Community_03,Hifly_Camión_Obras / Mixto_0068,GT Radial_Camión_Obras / Mixto_0000,0.1584
Camión_|_Obras_/_Mixto_Community_03,Uniroyal_Camión_Obras / Mixto_0075,GT Radial_Camión_Obras / Mixto_0000,0.2533
Camión_|_Obras_/_Mixto_Community_03,Vredestein_Camión_Obras / Mixto_0024,GT Radial_Camión_Obras / Mixto_0000,0.1452
Camión_|_Obras_/_Mixto_Community_03,Continental_Camión_Obras / Mixto_0020,General Tire_Camión_Obras / Mixto_0061,0.1434
Camión_|_Obras_/_Mixto_Community_03,Falken_Camión_Obras / Mixto_0055,General Tire_Camión_Obras / Mixto_0061,0.3892
Camión_|_Obras_/_Mixto_Community_03,Fulda_Camión_Obras / Mixto_0072,General Tire_Camión_Obras / Mixto_0061,0.4178
Camión_|_Obras_/_Mixto_Community_03,Uniroyal_Camión_Obras / Mixto_0075,General Tire_Camión_Obras / Mixto_0061,0.2233
Camión_|_Obras_/_Mixto_Community_03,Wanli_Camión_Obras / Mixto_0060,General Tire_Camión_Obras / Mixto_0061,0.2172
Camión_|_Obras_/_Mixto_Community_03,GT Radial_Camión_Obras / Mixto_0000,Goodyear_Camión_Obras / Mixto_0014,0.3877
Camión_|_Obras_/_Mixto_Community_03,Nexen_Camión_Obras / Mixto_0001,Goodyear_Camión_Obras / Mixto_0014,0.8963
Camión_|_Obras_/_Mixto_Community_03,Continental_Camión_Obras / Mixto_0020,Goodyear_Camión_Obras / Mixto_0030,0.1282
Camión_|_Obras_/_Mixto_Community_03,Continental_Camión_Obras / Mixto_0073,Goodyear_Camión_Obras / Mixto_0030,0.0814
Camión_|_Obras_/_Mixto_Community_03,GT Radial_Camión_Obras / Mixto_0000,Goodyear_Camión_Obras / Mixto_0030,0.0693
Camión_|_Obras_/_Mixto_Community_03,Minerva_Camión_Obras / Mixto_0006,Goodyear_Camión_Obras / Mixto_0030,0.9505
Camión_|_Obras_/_Mixto_Community_03,General Tire_Camión_Obras / Mixto_0061,Goodyear_Camión_Obras / Mixto_0053,0.1688
Camión_|_Obras_/_Mixto_Community_03,Pirelli_Camión_Obras / Mixto_0043,Goodyear_Camión_Obras / Mixto_0053,0.534
Camión_|_Obras_/_Mixto_Community_03,Pirelli_Camión_Obras / Mixto_0058,Goodyear_Camión_Obras / Mixto_0053,0.5084
Camión_|_Obras_/_Mixto_Community_03,Vredestein_Camión_Obras / Mixto_0024,Goodyear_Camión_Obras / Mixto_0053,0.0631
Camión_|_Obras_/_Mixto_Community_03,Bridgestone_Camión_Obras / Mixto_0039,Hifly_Camión_Obras / Mixto_0068,0.5436
Camión_|_Obras_/_Mixto_Community_03,Continental_Camión_Obras / Mixto_0073,Hifly_Camión_Obras / Mixto_0068,0.0961
Camión_|_Obras_/_Mixto_Community_03,GT Radial_Camión_Obras / Mixto_0000,Hifly_Camión_Obras / Mixto_0068,0.1062
Camión_|_Obras_/_Mixto_Community_03,Nexen_Camión_Obras / Mixto_0069,Hifly_Camión_Obras / Mixto_0068,0.3493
Camión_|_Obras_/_Mixto_Community_03,Pirelli_Camión_Obras / Mixto_0043,Hifly_Camión_Obras / Mixto_0068,0.1529
Camión_|_Obras_/_Mixto_Community_03,BFGoodrich_Camión_Obras / Mixto_0049,Kumho_Camión_Obras / Mixto_0038,0.1241
Camión_|_Obras_/_Mixto_Community_03,Goodyear_Camión_Obras / Mixto_0030,Kumho_Camión_Obras / Mixto_0038,0.2482
Camión_|_Obras_/_Mixto_Community_03,Uniroyal_Camión_Obras / Mixto_0075,Kumho_Camión_Obras / Mixto_0038,0.5235
Camión_|_Obras_/_Mixto_Community_03,Vredestein_Camión_Obras / Mixto_0024,Kumho_Camión_Obras / Mixto_0038,0.372
Camión_|_Obras_/_Mixto_Community_03,Wanli_Camión_Obras / Mixto_0060,Kumho_Camión_Obras / Mixto_0038,0.153
Camión_|_Obras_/_Mixto_Community_03,Continental_Camión_Obras / Mixto_0066,Minerva_Camión_Obras / Mixto_0006,0.3668
Camión_|_Obras_/_Mixto_Community_03,Falken_Camión_Obras / Mixto_0055,Minerva_Camión_Obras / Mixto_0006,0.452
Camión_|_Obras_/_Mixto_Community_03,Nexen_Camión_Obras / Mixto_0069,Minerva_Camión_Obras / Mixto_0006,0.1853
Camión_|_Obras_/_Mixto_Community_03,Pirelli_Camión_Obras / Mixto_0043,Minerva_Camión_Obras / Mixto_0006,0.0862
Camión_|_Obras_/_Mixto_Community_03,Uniroyal_Camión_Obras / Mixto_0075,Minerva_Camión_Obras / Mixto_0006,0.296
Camión_|_Obras_/_Mixto_Community_03,Continental_Camión_Obras / Mixto_0057,Nexen_Camión_Obras / Mixto_0001,0.127
Camión_|_Obras_/_Mixto_Community_03,Falken_Camión_Obras / Mixto_0062,Nexen_Camión_Obras / Mixto_0001,0.415
Camión_|_Obras_/_Mixto_Community_03,General Tire_Camión_Obras / Mixto_0061,Nexen_Camión_Obras / Mixto_0001,0.1173
Camión_|_Obras_/_Mixto_Community_03,Kumho_Camión_Obras / Mixto_0038,Nexen_Camión_Obras / Mixto_0001,0.7027
Camión_|_Obras_/_Mixto_Community_03,BFGoodrich_Camión_Obras / Mixto_0049,Nexen_Camión_Obras / Mixto_0069,0.0938
Camión_|_Obras_/_Mixto_Community_03,Continental_Camión_Obras / Mixto_0057,Nexen_Camión_Obras / Mixto_0069,0.2762
Camión_|_Obras_/_Mixto_Community_03,Falken_Camión_Obras / Mixto_0062,Nexen_Camión_Obras / Mixto_0069,0.0628
Camión_|_Obras_/_Mixto_Community_03,Fulda_Camión_Obras / Mixto_0072,Nexen_Camión_Obras / Mixto_0069,0.0556
Camión_|_Obras_/_Mixto_Community_03,General Tire_Camión_Obras / Mixto_0061,Nexen_Camión_Obras / Mixto_0069,0.0707
Camión_|_Obras_/_Mixto_Community_03,Goodyear_Camión_Obras / Mixto_0030,Nexen_Camión_Obras / Mixto_0069,0.5161
Camión_|_Obras_/_Mixto_Community_03,Goodyear_Camión_Obras / Mixto_0053,Nexen_Camión_Obras / Mixto_0069,0.0813
Camión_|_Obras_/_Mixto_Community_03,Wanli_Camión_Obras / Mixto_0060,Nexen_Camión_Obras / Mixto_0069,0.126
Camión_|_Obras_/_Mixto_Community_03,Continental_Camión_Obras / Mixto_0020,Pirelli_Camión_Obras / Mixto_0043,0.3106
Camión_|_Obras_/_Mixto_Community_03,Continental_Camión_Obras / Mixto_0057,Pirelli_Camión_Obras / Mixto_0043,1.0701
Camión_|_Obras_/_Mixto_Community_03,Continental_Camión_Obras / Mixto_0020,Pirelli_Camión_Obras / Mixto_0058,0.822
Camión_|_Obras_/_Mixto_Community_03,General Tire_Camión_Obras / Mixto_0061,Pirelli_Camión_Obras / Mixto_0058,0.2267
Camión_|_Obras_/_Mixto_Community_03,Kumho_Camión_Obras / Mixto_0038,Pirelli_Camión_Obras / Mixto_0058,0.1735
Camión_|_Obras_/_Mixto_Community_03,BFGoodrich_Camión_Obras / Mixto_0049,Uniroyal_Camión_Obras / Mixto_0075,0.3234
Camión_|_Obras_/_Mixto_Community_03,Continental_Camión_Obras / Mixto_0066,Uniroyal_Camión_Obras / Mixto_0075,0.2808
Camión_|_Obras_/_Mixto_Community_03,Continental_Camión_Obras / Mixto_0073,Uniroyal_Camión_Obras / Mixto_0075,0.1356
Camión_|_Obras_/_Mixto_Community_03,Goodyear_Camión_Obras / Mixto_0053,Uniroyal_Camión_Obras / Mixto_0075,0.0816
Camión_|_Obras_/_Mixto_Community_03,Vredestein_Camión_Obras / Mixto_0064,Uniroyal_Camión_Obras / Mixto_0075,0.6483
Camión_|_Obras_/_Mixto_Community_03,Continental_Camión_Obras / Mixto_0020,Vredestein_Camión_Obras / Mixto_0024,0.1399
Camión_|_Obras_/_Mixto_Community_03,Continental_Camión_Obras / Mixto_0066,Vredestein_Camión_Obras / Mixto_0024,0.0561
Camión_|_Obras_/_Mixto_Community_03,Falken_Camión_Obras / Mixto_0062,Vredestein_Camión_Obras / Mixto_0024,0.154
Camión_|_Obras_/_Mixto_Community_03,Goodyear_Camión_Obras / Mixto_0030,Vredestein_Camión_Obras / Mixto_0024,0.151
Camión_|_Obras_/_Mixto_Community_03,Uniroyal_Camión_Obras / Mixto_0075,Vredestein_Camión_Obras / Mixto_0024,0.7654
Camión_|_Obras_/_Mixto_Community_03,Bridgestone_Camión_Obras / Mixto_0039,Vredestein_Camión_Obras / Mixto_0064,0.384
Camión_|_Obras_/_Mixto_Community_03,Continental_Camión_Obras / Mixto_0020,Vredestein_Camión_Obras / Mixto_0064,0.1254
Camión_|_Obras_/_Mixto_Community_03,Continental_Camión_Obras / Mixto_0073,Vredestein_Camión_Obras / Mixto_0064,0.493
Camión_|_Obras_/_Mixto_Community_03,Minerva_Camión_Obras / Mixto_0006,Vredestein_Camión_Obras / Mixto_0064,0.4258
Camión_|_Obras_/_Mixto_Community_03,Fulda_Camión_Obras / Mixto_0072,Wanli_Camión_Obras / Mixto_0060,0.1303
Camión_|_Obras_/_Mixto_Community_03,Minerva_Camión_Obras / Mixto_0006,Wanli_Camión_Obras / Mixto_0060,0.1355
Camión_|_Obras_/_Mixto_Community_03,Nexen_Camión_Obras / Mixto_0069,Wanli_Camión_Obras / Mixto_0060,1.1253
Camión_|_Regional_Community_01,Michelin_Camión_Regional_0011,BFGoodrich_Camión_Regional_0032,0.208
Camión_|_Regional_Community_01,Minerva_Camión_Regional_0036,BFGoodrich_Camión_Regional_0032,0.256
Camión_|_Regional_Community_01,Pirelli_Camión_Regional_0024,BFGoodrich_Camión_Regional_0032,0.8304
Camión_|_Regional_Community_01,Pirelli_Camión_Regional_0072,BFGoodrich_Camión_Regional_0032,0.2592
Camión_|_Regional_Community_01,Fulda_Camión_Regional_0044,Falken_Camión_Regional_0052,0.0752
Camión_|_Regional_Community_01,Linglong_Camión_Regional_0069,Falken_Camión_Regional_0052,0.1664
Camión_|_Regional_Community_01,Michelin_Camión_Regional_0011,Falken_Camión_Regional_0052,0.3146
Camión_|_Regional_Community_01,Minerva_Camión_Regional_0036,Falken_Camión_Regional_0052,0.498
Camión_|_Regional_Community_01,Yokohama_Camión_Regional_0037,Falken_Camión_Regional_0052,0.0782
Camión_|_Regional_Community_01,BFGoodrich_Camión_Regional_0032,Firestone_Camión_Regional_0068,0.1069
Camión_|_Regional_Community_01,Kumho_Camión_Regional_0071,Firestone_Camión_Regional_0068,0.4658
Camión_|_Regional_Community_01,Yokohama_Camión_Regional_0037,Firestone_Camión_Regional_0068,1.0761
Camión_|_Regional_Community_01,Hankook_Camión_Regional_0059,Fulda_Camión_Regional_0044,0.1079
Camión_|_Regional_Community_01,Michelin_Camión_Regional_0011,Fulda_Camión_Regional_0044,0.8036
Camión_|_Regional_Community_01,Yokohama_Camión_Regional_0013,Fulda_Camión_Regional_0044,0.5917
Camión_|_Regional_Community_01,Minerva_Camión_Regional_0036,General Tire_Camión_Regional_0074,0.9049
Camión_|_Regional_Community_01,Pirelli_Camión_Regional_0072,General Tire_Camión_Regional_0074,0.449
Camión_|_Regional_Community_01,Yokohama_Camión_Regional_0013,General Tire_Camión_Regional_0074,0.2869
Camión_|_Regional_Community_01,Firestone_Camión_Regional_0068,Hankook_Camión_Regional_0009,0.4044
Camión_|_Regional_Community_01,General Tire_Camión_Regional_0074,Hankook_Camión_Regional_0009,0.6181
Camión_|_Regional_Community_01,Kumho_Camión_Regional_0071,Hankook_Camión_Regional_0009,0.1104
Camión_|_Regional_Community_01,Michelin_Camión_Regional_0011,Hankook_Camión_Regional_0009,0.4212
Camión_|_Regional_Community_01,BFGoodrich_Camión_Regional_0032,Hankook_Camión_Regional_0059,0.6267
Camión_|_Regional_Community_01,General Tire_Camión_Regional_0074,Hankook_Camión_Regional_0059,0.6134
Camión_|_Regional_Community_01,Michelin_Camión_Regional_0011,Hankook_Camión_Regional_0059,0.1287
Camión_|_Regional_Community_01,Pirelli_Camión_Regional_0024,Hankook_Camión_Regional_0059,0.2019
Camión_|_Regional_Community_01,Yokohama_Camión_Regional_0037,Hankook_Camión_Regional_0059,0.0663
Camión_|_Regional_Community_01,Linglong_Camión_Regional_0069,Kumho_Camión_Regional_0071,0.699
Camión_|_Regional_Community_01,Michelin_Camión_Regional_0011,Kumho_Camión_Regional_0071,0.2978
Camión_|_Regional_Community_01,Tomket_Camión_Regional_0073,Kumho_Camión_Regional_0071,0.6646
Camión_|_Regional_Community_01,BFGoodrich_Camión_Regional_0032,Linglong_Camión_Regional_0069,0.8538
Camión_|_Regional_Community_01,Michelin_Camión_Regional_0011,Linglong_Camión_Regional_0069,0.4883
Camión_|_Regional_Community_01,Yokohama_Camión_Regional_0037,Linglong_Camión_Regional_0069,0.0579
Camión_|_Regional_Community_01,Yokohama_Camión_Regional_0058,Linglong_Camión_Regional_0069,0.2437
Camión_|_Regional_Community_01,Falken_Camión_Regional_0052,Michelin_Camión_Regional_0011,0.4489
Camión_|_Regional_Community_01,Firestone_Camión_Regional_0068,Michelin_Camión_Regional_0011,0.2045
Camión_|_Regional_Community_01,Kumho_Camión_Regional_0071,Michelin_Camión_Regional_0011,0.1595
Camión_|_Regional_Community_01,Uniroyal_Camión_Regional_0002,Michelin_Camión_Regional_0011,0.295
Camión_|_Regional_Community_01,Yokohama_Camión_Regional_0013,Michelin_Camión_Regional_0011,0.4755
Camión_|_Regional_Community_01,BFGoodrich_Camión_Regional_0032,Minerva_Camión_Regional_0036,0.0616
Camión_|_Regional_Community_01,Hankook_Camión_Regional_0009,Minerva_Camión_Regional_0036,0.3966
Camión_|_Regional_Community_01,Kumho_Camión_Regional_0071,Minerva_Camión_Regional_0036,0.3323
Camión_|_Regional_Community_01,Pirelli_Camión_Regional_0072,Minerva_Camión_Regional_0036,0.719
Camión_|_Regional_Community_01,BFGoodrich_Camión_Regional_0032,Pirelli_Camión_Regional_0024,0.2192
Camión_|_Regional_Community_01,Falken_Camión_Regional_0052,Pirelli_Camión_Regional_0024,0.5668
Camión_|_Regional_Community_01,Kumho_Camión_Regional_0071,Pirelli_Camión_Regional_0024,0.0563
Camión_|_Regional_Community_01,Michelin_Camión_Regional_0011,Pirelli_Camión_Regional_0024,0.7641
Camión_|_Regional_Community_01,BFGoodrich_Camión_Regional_0032,Pirelli_Camión_Regional_0072,0.4947
Camión_|_Regional_Community_01,Firestone_Camión_Regional_0068,Pirelli_Camión_Regional_0072,0.1643
Camión_|_Regional_Community_01,Hankook_Camión_Regional_0009,Pirelli_Camión_Regional_0072,0.8539
Camión_|_Regional_Community_01,Kumho_Camión_Regional_0071,Pirelli_Camión_Regional_0072,0.0585
Camión_|_Regional_Community_01,Yokohama_Camión_Regional_0037,Pirelli_Camión_Regional_0072,0.1728
Camión_|_Regional_Community_01,Hankook_Camión_Regional_0009,Roadmarch_Camión_Regional_0079,0.5088
Camión_|_Regional_Community_01,Linglong_Camión_Regional_0069,Roadmarch_Camión_Regional_0079,0.2148
Camión_|_Regional_Community_01,Yokohama_Camión_Regional_0013,Roadmarch_Camión_Regional_0079,0.9057
Camión_|_Regional_Community_01,Firestone_Camión_Regional_0068,Tomket_Camión_Regional_0073,0.3347
Camión_|_Regional_Community_01,Hankook_Camión_Regional_0009,Tomket_Camión_Regional_0073,0.8433
Camión_|_Regional_Community_01,Pirelli_Camión_Regional_0024,Tomket_Camión_Regional_0073,0.5556
Camión_|_Regional_Community_01,BFGoodrich_Camión_Regional_0032,Triangle_Camión_Regional_0055,0.0877
Camión_|_Regional_Community_01,Fulda_Camión_Regional_0044,Triangle_Camión_Regional_0055,0.3538
Camión_|_Regional_Community_01,General Tire_Camión_Regional_0074,Triangle_Camión_Regional_0055,0.8057
Camión_|_Regional_Community_01,Tomket_Camión_Regional_0073,Triangle_Camión_Regional_0055,0.4771
Camión_|_Regional_Community_01,Firestone_Camión_Regional_0068,Uniroyal_Camión_Regional_0002,0.5928
Camión_|_Regional_Community_01,Hankook_Camión_Regional_0059,Uniroyal_Camión_Regional_0002,0.0648
Camión_|_Regional_Community_01,Kumho_Camión_Regional_0071,Uniroyal_Camión_Regional_0002,0.1179
Camión_|_Regional_Community_01,Pirelli_Camión_Regional_0024,Uniroyal_Camión_Regional_0002,0.2781
Camión_|_Regional_Community_01,Pirelli_Camión_Regional_0072,Uniroyal_Camión_Regional_0002,0.1128
Camión_|_Regional_Community_01,Yokohama_Camión_Regional_0037,Uniroyal_Camión_Regional_0002,0.3773
Camión_|_Regional_Community_01,Yokohama_Camión_Regional_0058,Uniroyal_Camión_Regional_0002,0.1512
Camión_|_Regional_Community_01,BFGoodrich_Camión_Regional_0032,Yokohama_Camión_Regional_0013,0.4269
Camión_|_Regional_Community_01,General Tire_Camión_Regional_0074,Yokohama_Camión_Regional_0013,0.6212
Camión_|_Regional_Community_01,Hankook_Camión_Regional_0059,Yokohama_Camión_Regional_0013,0.2769
Camión_|_Regional_Community_01,Linglong_Camión_Regional_0069,Yokohama_Camión_Regional_0013,0.1117
Camión_|_Regional_Community_01,Minerva_Camión_Regional_0036,Yokohama_Camión_Regional_0013,0.077
Camión_|_Regional_Community_01,Yokohama_Camión_Regional_0037,Yokohama_Camión_Regional_0013,0.2162
Camión_|_Regional_Community_01,BFGoodrich_Camión_Regional_0032,Yokohama_Camión_Regional_0037,0.1481
Camión_|_Regional_Community_01,Fulda_Camión_Regional_0044,Yokohama_Camión_Regional_0037,0.3386
Camión_|_Regional_Community_01,General Tire_Camión_Regional_0074,Yokohama_Camión_Regional_0037,0.2316
Camión_|_Regional_Community_01,Tomket_Camión_Regional_0073,Yokohama_Camión_Regional_0037,0.4313
Camión_|_Regional_Community_01,Uniroyal_Camión_Regional_0002,Yokohama_Camión_Regional_0037,0.1974
Camión_|_Regional_Community_01,Yokohama_Camión_Regional_0013,Yokohama_Camión_Regional_0037,0.202
Camión_|_Regional_Community_01,BFGoodrich_Camión_Regional_0032,Yokohama_Camión_Regional_0058,0.1573
Camión_|_Regional_Community_01,General Tire_Camión_Regional_0074,Yokohama_Camión_Regional_0058,0.3831
Camión_|_Regional_Community_01,Pirelli_Camión_Regional_0024,Yokohama_Camión_Regional_0058,0.8006
Camión_|_Regional_Community_01,Roadmarch_Camión_Regional_0079,Yokohama_Camión_Regional_0058,0.2292
Camión_|_Regional_Community_03,Firestone_Camión_Regional_0029,BFGoodrich_Camión_Regional_0039,0.1124
Camión_|_Regional_Community_03,Firestone_Camión_Regional_0038,BFGoodrich_Camión_Regional_0039,0.509
Camión_|_Regional_Community_03,GT Radial_Camión_Regional_0006,BFGoodrich_Camión_Regional_0039,0.0959
Camión_|_Regional_Community_03,General Tire_Camión_Regional_0010,BFGoodrich_Camión_Regional_0039,0.1768
Camión_|_Regional_Community_03,Hankook_Camión_Regional_0025,BFGoodrich_Camión_Regional_0039,0.3348
Camión_|_Regional_Community_03,Michelin_Camión_Regional_0005,BFGoodrich_Camión_Regional_0039,0.0652
Camión_|_Regional_Community_03,Toyo Tires_Camión_Regional_0022,BFGoodrich_Camión_Regional_0039,0.1318
Camión_|_Regional_Community_03,Uniroyal_Camión_Regional_0041,BFGoodrich_Camión_Regional_0039,0.0518
Camión_|_Regional_Community_03,Yokohama_Camión_Regional_0003,BFGoodrich_Camión_Regional_0039,0.1414
Camión_|_Regional_Community_03,General Tire_Camión_Regional_0078,Bridgestone_Camión_Regional_0004,0.3609
Camión_|_Regional_Community_03,Goodyear_Camión_Regional_0053,Bridgestone_Camión_Regional_0004,0.2695
Camión_|_Regional_Community_03,Toyo Tires_Camión_Regional_0022,Bridgestone_Camión_Regional_0004,0.549
Camión_|_Regional_Community_03,Vredestein_Camión_Regional_0051,Bridgestone_Camión_Regional_0004,0.0734
Camión_|_Regional_Community_03,Wanli_Camión_Regional_0017,Bridgestone_Camión_Regional_0004,0.2489
Camión_|_Regional_Community_03,Continental_Camión_Regional_0045,Bridgestone_Camión_Regional_0060,0.3028
Camión_|_Regional_Community_03,Firestone_Camión_Regional_0029,Bridgestone_Camión_Regional_0060,0.2085
Camión_|_Regional_Community_03,General Tire_Camión_Regional_0078,Bridgestone_Camión_Regional_0060,0.4616
Camión_|_Regional_Community_03,Nokian_Camión_Regional_0031,Bridgestone_Camión_Regional_0060,0.4602
Camión_|_Regional_Community_03,Toyo Tires_Camión_Regional_0022,Bridgestone_Camión_Regional_0060,0.1357
Camión_|_Regional_Community_03,Fulda_Camión_Regional_0023,Continental_Camión_Regional_0008,0.5867
Camión_|_Regional_Community_03,GT Radial_Camión_Regional_0006,Continental_Camión_Regional_0008,0.4388
Camión_|_Regional_Community_03,Goodyear_Camión_Regional_0015,Continental_Camión_Regional_0008,0.1945
Camión_|_Regional_Community_03,Hankook_Camión_Regional_0025,Continental_Camión_Regional_0008,0.4473
Camión_|_Regional_Community_03,Nokian_Camión_Regional_0031,Continental_Camión_Regional_0008,0.1085
Camión_|_Regional_Community_03,BFGoodrich_Camión_Regional_0039,Continental_Camión_Regional_0045,0.1957
Camión_|_Regional_Community_03,GT Radial_Camión_Regional_0006,Continental_Camión_Regional_0045,0.7
Camión_|_Regional_Community_03,Nokian_Camión_Regional_0054,Continental_Camión_Regional_0045,0.1566
Camión_|_Regional_Community_03,Toyo Tires_Camión_Regional_0020,Continental_Camión_Regional_0045,0.2942
Camión_|_Regional_Community_03,Toyo Tires_Camión_Regional_0048,Continental_Camión_Regional_0045,0.1089
Camión_|_Regional_Community_03,BFGoodrich_Camión_Regional_0039,Cooper Tires_Camión_Regional_0075,0.2598
Camión_|_Regional_Community_03,Continental_Camión_Regional_0045,Cooper Tires_Camión_Regional_0075,0.1998
Camión_|_Regional_Community_03,Hankook_Camión_Regional_0025,Cooper Tires_Camión_Regional_0075,0.4005
Camión_|_Regional_Community_03,Nokian_Camión_Regional_0054,Cooper Tires_Camión_Regional_0075,0.3349
Camión_|_Regional_Community_03,Tomket_Camión_Regional_0066,Cooper Tires_Camión_Regional_0075,0.1076
Camión_|_Regional_Community_03,Yokohama_Camión_Regional_0003,Cooper Tires_Camión_Regional_0075,0.3257
Camión_|_Regional_Community_03,Cooper Tires_Camión_Regional_0075,Firestone_Camión_Regional_0029,0.512
Camión_|_Regional_Community_03,General Tire_Camión_Regional_0078,Firestone_Camión_Regional_0029,0.321
Camión_|_Regional_Community_03,Hankook_Camión_Regional_0046,Firestone_Camión_Regional_0029,0.1825
Camión_|_Regional_Community_03,Nokian_Camión_Regional_0031,Firestone_Camión_Regional_0029,0.154
Camión_|_Regional_Community_03,Uniroyal_Camión_Regional_0063,Firestone_Camión_Regional_0029,0.3883
Camión_|_Regional_Community_03,Firestone_Camión_Regional_0029,Firestone_Camión_Regional_0038,0.11
Camión_|_Regional_Community_03,Fulda_Camión_Regional_0023,Firestone_Camión_Regional_0038,0.3556
Camión_|_Regional_Community_03,Nexen_Camión_Regional_0057,Firestone_Camión_Regional_0038,0.2296
Camión_|_Regional_Community_03,Toyo Tires_Camión_Regional_0034,Firestone_Camión_Regional_0038,0.1501
Camión_|_Regional_Community_03,Wanli_Camión_Regional_0017,Firestone_Camión_Regional_0038,0.0897
Camión_|_Regional_Community_03,Yokohama_Camión_Regional_0003,Firestone_Camión_Regional_0038,0.4026
Camión_|_Regional_Community_03,Bridgestone_Camión_Regional_0004,Fulda_Camión_Regional_0023,0.3936
Camión_|_Regional_Community_03,Roadmarch_Camión_Regional_0027,Fulda_Camión_Regional_0023,0.075
Camión_|_Regional_Community_03,Toyo Tires_Camión_Regional_0048,Fulda_Camión_Regional_0023,0.3742
Camión_|_Regional_Community_03,Uniroyal_Camión_Regional_0041,Fulda_Camión_Regional_0023,0.6093
Camión_|_Regional_Community_03,Continental_Camión_Regional_0008,GT Radial_Camión_Regional_0006,0.1547
Camión_|_Regional_Community_03,Fulda_Camión_Regional_0023,GT Radial_Camión_Regional_0006,0.3468
Camión_|_Regional_Community_03,General Tire_Camión_Regional_0010,GT Radial_Camión_Regional_0006,0.3594
Camión_|_Regional_Community_03,Michelin_Camión_Regional_0005,GT Radial_Camión_Regional_0006,0.2286
Camión_|_Regional_Community_03,Toyo Tires_Camión_Regional_0034,GT Radial_Camión_Regional_0006,0.4688
Camión_|_Regional_Community_03,BFGoodrich_Camión_Regional_0039,General Tire_Camión_Regional_0010,0.2223
Camión_|_Regional_Community_03,Goodyear_Camión_Regional_0053,General Tire_Camión_Regional_0010,0.9186
Camión_|_Regional_Community_03,Nokian_Camión_Regional_0031,General Tire_Camión_Regional_0010,0.3344
Camión_|_Regional_Community_03,General Tire_Camión_Regional_0010,General Tire_Camión_Regional_0026,0.5913
Camión_|_Regional_Community_03,Uniroyal_Camión_Regional_0035,General Tire_Camión_Regional_0026,0.6428
Camión_|_Regional_Community_03,Uniroyal_Camión_Regional_0063,General Tire_Camión_Regional_0026,0.2431
Camión_|_Regional_Community_03,Fulda_Camión_Regional_0023,General Tire_Camión_Regional_0078,0.1815
Camión_|_Regional_Community_03,Michelin_Camión_Regional_0005,General Tire_Camión_Regional_0078,0.0747
Camión_|_Regional_Community_03,Nokian_Camión_Regional_0054,General Tire_Camión_Regional_0078,0.3474
Camión_|_Regional_Community_03,Tomket_Camión_Regional_0042,General Tire_Camión_Regional_0078,0.6672
Camión_|_Regional_Community_03,Toyo Tires_Camión_Regional_0022,General Tire_Camión_Regional_0078,0.3034
Camión_|_Regional_Community_03,BFGoodrich_Camión_Regional_0039,Goodyear_Camión_Regional_0015,0.4512
Camión_|_Regional_Community_03,Continental_Camión_Regional_0008,Goodyear_Camión_Regional_0015,0.1429
Camión_|_Regional_Community_03,Firestone_Camión_Regional_0029,Goodyear_Camión_Regional_0015,0.1605
Camión_|_Regional_Community_03,General Tire_Camión_Regional_0026,Goodyear_Camión_Regional_0015,0.0776
Camión_|_Regional_Community_03,Hankook_Camión_Regional_0025,Goodyear_Camión_Regional_0015,0.091
Camión_|_Regional_Community_03,Uniroyal_Camión_Regional_0035,Goodyear_Camión_Regional_0015,0.7376
Camión_|_Regional_Community_03,BFGoodrich_Camión_Regional_0039,Goodyear_Camión_Regional_0053,0.0895
Camión_|_Regional_Community_03,Bridgestone_Camión_Regional_0004,Goodyear_Camión_Regional_0053,0.1452
Camión_|_Regional_Community_03,Firestone_Camión_Regional_0029,Goodyear_Camión_Regional_0053,0.2171
Camión_|_Regional_Community_03,General Tire_Camión_Regional_0078,Goodyear_Camión_Regional_0053,0.2665
Camión_|_Regional_Community_03,Nokian_Camión_Regional_0031,Goodyear_Camión_Regional_0053,0.2504
Camión_|_Regional_Community_03,Toyo Tires_Camión_Regional_0034,Goodyear_Camión_Regional_0053,0.1131
Camión_|_Regional_Community_03,Uniroyal_Camión_Regional_0035,Goodyear_Camión_Regional_0053,0.1827
Camión_|_Regional_Community_03,Wanli_Camión_Regional_0017,Goodyear_Camión_Regional_0053,0.1447
Camión_|_Regional_Community_03,Continental_Camión_Regional_0008,Hankook_Camión_Regional_0025,0.2246
Camión_|_Regional_Community_03,Fulda_Camión_Regional_0023,Hankook_Camión_Regional_0025,0.3486
Camión_|_Regional_Community_03,Roadmarch_Camión_Regional_0027,Hankook_Camión_Regional_0025,0.5304
Camión_|_Regional_Community_03,Toyo Tires_Camión_Regional_0048,Hankook_Camión_Regional_0025,0.5957
Camión_|_Regional_Community_03,BFGoodrich_Camión_Regional_0039,Hankook_Camión_Regional_0046,0.1925
Camión_|_Regional_Community_03,Firestone_Camión_Regional_0029,Hankook_Camión_Regional_0046,0.3341
Camión_|_Regional_Community_03,Fulda_Camión_Regional_0023,Hankook_Camión_Regional_0046,0.1494
Camión_|_Regional_Community_03,Goodyear_Camión_Regional_0053,Hankook_Camión_Regional_0046,0.2795
Camión_|_Regional_Community_03,Nokian_Camión_Regional_0054,Hankook_Camión_Regional_0046,0.1832
Camión_|_Regional_Community_03,Sailun_Camión_Regional_0030,Hankook_Camión_Regional_0046,0.3931
Camión_|_Regional_Community_03,Cooper Tires_Camión_Regional_0075,Michelin_Camión_Regional_0005,0.3457
Camión_|_Regional_Community_03,General Tire_Camión_Regional_0010,Michelin_Camión_Regional_0005,0.1175
Camión_|_Regional_Community_03,General Tire_Camión_Regional_0026,Michelin_Camión_Regional_0005,0.1314
Camión_|_Regional_Community_03,Nokian_Camión_Regional_0054,Michelin_Camión_Regional_0005,0.2687
Camión_|_Regional_Community_03,Tomket_Camión_Regional_0042,Michelin_Camión_Regional_0005,0.7501
Camión_|_Regional_Community_03,Bridgestone_Camión_Regional_0004,Nexen_Camión_Regional_0057,0.0936
Camión_|_Regional_Community_03,General Tire_Camión_Regional_0010,Nexen_Camión_Regional_0057,0.3442
Camión_|_Regional_Community_03,General Tire_Camión_Regional_0078,Nexen_Camión_Regional_0057,0.6893
Camión_|_Regional_Community_03,Goodyear_Camión_Regional_0053,Nexen_Camión_Regional_0057,0.3505
Camión_|_Regional_Community_03,Uniroyal_Camión_Regional_0041,Nexen_Camión_Regional_0057,0.1564
Camión_|_Regional_Community_03,General Tire_Camión_Regional_0010,Nokian_Camión_Regional_0031,0.2213
Camión_|_Regional_Community_03,General Tire_Camión_Regional_0026,Nokian_Camión_Regional_0031,1.1167
Camión_|_Regional_Community_03,Michelin_Camión_Regional_0005,Nokian_Camión_Regional_0031,0.089
Camión_|_Regional_Community_03,Sailun_Camión_Regional_0030,Nokian_Camión_Regional_0031,0.1415
Camión_|_Regional_Community_03,Toyo Tires_Camión_Regional_0034,Nokian_Camión_Regional_0031,0.0888
Camión_|_Regional_Community_03,Continental_Camión_Regional_0045,Nokian_Camión_Regional_0054,0.2979
Camión_|_Regional_Community_03,Cooper Tires_Camión_Regional_0075,Nokian_Camión_Regional_0054,0.6617
Camión_|_Regional_Community_03,Hankook_Camión_Regional_0025,Nokian_Camión_Regional_0054,0.3316
Camión_|_Regional_Community_03,Michelin_Camión_Regional_0005,Nokian_Camión_Regional_0054,0.1655
Camión_|_Regional_Community_03,Uniroyal_Camión_Regional_0063,Nokian_Camión_Regional_0054,0.1348
Camión_|_Regional_Community_03,Continental_Camión_Regional_0045,Roadmarch_Camión_Regional_0027,0.7142
Camión_|_Regional_Community_03,Goodyear_Camión_Regional_0053,Roadmarch_Camión_Regional_0027,0.0762
Camión_|_Regional_Community_03,Hankook_Camión_Regional_0046,Roadmarch_Camión_Regional_0027,0.1531
Camión_|_Regional_Community_03,Nokian_Camión_Regional_0031,Roadmarch_Camión_Regional_0027,0.083
Camión_|_Regional_Community_03,Tomket_Camión_Regional_0066,Roadmarch_Camión_Regional_0027,0.2568
Camión_|_Regional_Community_03,Yokohama_Camión_Regional_0003,Roadmarch_Camión_Regional_0027,0.1891
Camión_|_Regional_Community_03,GT Radial_Camión_Regional_0006,Sailun_Camión_Regional_0030,0.461
Camión_|_Regional_Community_03,General Tire_Camión_Regional_0078,Sailun_Camión_Regional_0030,0.577
Camión_|_Regional_Community_03,Hankook_Camión_Regional_0046,Sailun_Camión_Regional_0030,0.2223
Camión_|_Regional_Community_03,Wanli_Camión_Regional_0017,Sailun_Camión_Regional_0030,0.1541
Camión_|_Regional_Community_03,BFGoodrich_Camión_Regional_0039,Tomket_Camión_Regional_0042,0.2381
Camión_|_Regional_Community_03,General Tire_Camión_Regional_0078,Tomket_Camión_Regional_0042,0.165
Camión_|_Regional_Community_03,Michelin_Camión_Regional_0005,Tomket_Camión_Regional_0042,0.2894
Camión_|_Regional_Community_03,Roadmarch_Camión_Regional_0027,Tomket_Camión_Regional_0042,0.2394
Camión_|_Regional_Community_03,Uniroyal_Camión_Regional_0035,Tomket_Camión_Regional_0042,0.5477
Camión_|_Regional_Community_03,Yokohama_Camión_Regional_0003,Tomket_Camión_Regional_0042,0.0978
Camión_|_Regional_Community_03,Goodyear_Camión_Regional_0015,Tomket_Camión_Regional_0066,1.3123
Camión_|_Regional_Community_03,Goodyear_Camión_Regional_0053,Tomket_Camión_Regional_0066,0.2619
Camión_|_Regional_Community_03,Cooper Tires_Camión_Regional_0075,Toyo Tires_Camión_Regional_0020,1.0106
Camión_|_Regional_Community_03,Michelin_Camión_Regional_0005,Toyo Tires_Camión_Regional_0020,0.0887
Camión_|_Regional_Community_03,Nokian_Camión_Regional_0031,Toyo Tires_Camión_Regional_0020,0.3504
Camión_|_Regional_Community_03,BFGoodrich_Camión_Regional_0039,Toyo Tires_Camión_Regional_0022,0.5355
Camión_|_Regional_Community_03,Fulda_Camión_Regional_0023,Toyo Tires_Camión_Regional_0022,0.3888
Camión_|_Regional_Community_03,General Tire_Camión_Regional_0026,Toyo Tires_Camión_Regional_0022,0.6306
Camión_|_Regional_Community_03,General Tire_Camión_Regional_0078,Toyo Tires_Camión_Regional_0022,0.1041
Camión_|_Regional_Community_03,Bridgestone_Camión_Regional_0004,Toyo Tires_Camión_Regional_0034,0.3794
Camión_|_Regional_Community_03,Fulda_Camión_Regional_0023,Toyo Tires_Camión_Regional_0034,0.1836
Camión_|_Regional_Community_03,Toyo Tires_Camión_Regional_0022,Toyo Tires_Camión_Regional_0034,0.6856
Camión_|_Regional_Community_03,Uniroyal_Camión_Regional_0063,Toyo Tires_Camión_Regional_0034,0.2152
Camión_|_Regional_Community_03,BFGoodrich_Camión_Regional_0039,Toyo Tires_Camión_Regional_0048,0.1829
Camión_|_Regional_Community_03,Bridgestone_Camión_Regional_0004,Toyo Tires_Camión_Regional_0048,0.2921
Camión_|_Regional_Community_03,Continental_Camión_Regional_0008,Toyo Tires_Camión_Regional_0048,0.1577
Camión_|_Regional_Community_03,Roadmarch_Camión_Regional_0027,Toyo Tires_Camión_Regional_0048,0.2567
Camión_|_Regional_Community_03,Toyo Tires_Camión_Regional_0022,Toyo Tires_Camión_Regional_0048,0.528
Camión_|_Regional_Community_03,Continental_Camión_Regional_0008,Uniroyal_Camión_Regional_0035,0.7138
Camión_|_Regional_Community_03,Nokian_Camión_Regional_0031,Uniroyal_Camión_Regional_0035,0.054
Camión_|_Regional_Community_03,Tomket_Camión_Regional_0042,Uniroyal_Camión_Regional_0035,0.1239
Camión_|_Regional_Community_03,Vredestein_Camión_Regional_0051,Uniroyal_Camión_Regional_0035,0.4579
Camión_|_Regional_Community_03,Yokohama_Camión_Regional_0003,Uniroyal_Camión_Regional_0035,0.1802
Camión_|_Regional_Community_03,Fulda_Camión_Regional_0023,Uniroyal_Camión_Regional_0041,0.7308
Camión_|_Regional_Community_03,General Tire_Camión_Regional_0026,Uniroyal_Camión_Regional_0041,0.5
Camión_|_Regional_Community_03,Tomket_Camión_Regional_0066,Uniroyal_Camión_Regional_0041,0.4279
Camión_|_Regional_Community_03,Bridgestone_Camión_Regional_0004,Uniroyal_Camión_Regional_0063,0.0579
Camión_|_Regional_Community_03,Firestone_Camión_Regional_0029,Uniroyal_Camión_Regional_0063,0.4926
Camión_|_Regional_Community_03,Firestone_Camión_Regional_0038,Uniroyal_Camión_Regional_0063,0.1937
Camión_|_Regional_Community_03,Sailun_Camión_Regional_0030,Uniroyal_Camión_Regional_0063,0.3357
Camión_|_Regional_Community_03,Toyo Tires_Camión_Regional_0034,Uniroyal_Camión_Regional_0063,0.3188
Camión_|_Regional_Community_03,Yokohama_Camión_Regional_0003,Uniroyal_Camión_Regional_0063,0.2539
Camión_|_Regional_Community_03,Continental_Camión_Regional_0008,Vredestein_Camión_Regional_0051,0.218
Camión_|_Regional_Community_03,Firestone_Camión_Regional_0038,Vredestein_Camión_Regional_0051,0.5106
Camión_|_Regional_Community_03,General Tire_Camión_Regional_0026,Vredestein_Camión_Regional_0051,0.1996
Camión_|_Regional_Community_03,Toyo Tires_Camión_Regional_0020,Vredestein_Camión_Regional_0051,0.6652
Camión_|_Regional_Community_03,Firestone_Camión_Regional_0029,Wanli_Camión_Regional_0017,0.5086
Camión_|_Regional_Community_03,General Tire_Camión_Regional_0010,Wanli_Camión_Regional_0017,0.3625
Camión_|_Regional_Community_03,Goodyear_Camión_Regional_0015,Wanli_Camión_Regional_0017,0.0665
Camión_|_Regional_Community_03,Tomket_Camión_Regional_0042,Wanli_Camión_Regional_0017,0.5089
Camión_|_Regional_Community_03,Toyo Tires_Camión_Regional_0020,Wanli_Camión_Regional_0017,0.0796
Camión_|_Regional_Community_03,Continental_Camión_Regional_0008,Yokohama_Camión_Regional_0003,0.3316
Camión_|_Regional_Community_03,GT Radial_Camión_Regional_0006,Yokohama_Camión_Regional_0003,0.071
Camión_|_Regional_Community_03,Goodyear_Camión_Regional_0053,Yokohama_Camión_Regional_0003,0.2847
Camión_|_Regional_Community_03,Hankook_Camión_Regional_0046,Yokohama_Camión_Regional_0003,0.886
Camión_|_Regional_Community_03,Sailun_Camión_Regional_0030,Yokohama_Camión_Regional_0003,0.1107
Coche_|_Budget_Community_02,Continental_Coche_Budget_0009,BFGoodrich_Coche_Budget_0001,0.4657
Coche_|_Budget_Community_02,Minerva_Coche_Budget_0052,BFGoodrich_Coche_Budget_0001,0.2516
Coche_|_Budget_Community_02,Nexen_Coche_Budget_0004,BFGoodrich_Coche_Budget_0001,1.2052
Coche_|_Budget_Community_02,Pirelli_Coche_Budget_0079,BFGoodrich_Coche_Budget_0001,0.5428
Coche_|_Budget_Community_02,Westlake_Coche_Budget_0022,BFGoodrich_Coche_Budget_0001,0.4857
Coche_|_Budget_Community_02,Yokohama_Coche_Budget_0039,BFGoodrich_Coche_Budget_0001,0.5952
Coche_|_Budget_Community_02,Continental_Coche_Budget_0006,BFGoodrich_Coche_Budget_0045,0.3221
Coche_|_Budget_Community_02,Continental_Coche_Budget_0009,BFGoodrich_Coche_Budget_0045,0.8708
Coche_|_Budget_Community_02,Fulda_Coche_Budget_0066,BFGoodrich_Coche_Budget_0045,0.4284
Coche_|_Budget_Community_02,Goodride_Coche_Budget_0069,BFGoodrich_Coche_Budget_0045,0.7188
Coche_|_Budget_Community_02,Hankook_Coche_Budget_0049,BFGoodrich_Coche_Budget_0045,0.1833
Coche_|_Budget_Community_02,Roadmarch_Coche_Budget_0057,BFGoodrich_Coche_Budget_0045,0.0636
Coche_|_Budget_Community_02,Toyo Tires_Coche_Budget_0017,BFGoodrich_Coche_Budget_0045,0.3273
Coche_|_Budget_Community_02,Westlake_Coche_Budget_0022,BFGoodrich_Coche_Budget_0045,0.0883
Coche_|_Budget_Community_02,Yokohama_Coche_Budget_0021,BFGoodrich_Coche_Budget_0045,0.3168
Coche_|_Budget_Community_02,Dunlop_Coche_Budget_0043,Continental_Coche_Budget_0006,1.1933
Coche_|_Budget_Community_02,Fulda_Coche_Budget_0066,Continental_Coche_Budget_0006,1.3356
Coche_|_Budget_Community_02,Pirelli_Coche_Budget_0025,Continental_Coche_Budget_0006,0.3318
Coche_|_Budget_Community_02,Westlake_Coche_Budget_0022,Continental_Coche_Budget_0006,0.3136
Coche_|_Budget_Community_02,BFGoodrich_Coche_Budget_0001,Continental_Coche_Budget_0009,0.1392
Coche_|_Budget_Community_02,BFGoodrich_Coche_Budget_0045,Continental_Coche_Budget_0009,0.11
Coche_|_Budget_Community_02,Continental_Coche_Budget_0046,Continental_Coche_Budget_0009,0.7943
Coche_|_Budget_Community_02,Goodride_Coche_Budget_0069,Continental_Coche_Budget_0009,0.731
Coche_|_Budget_Community_02,Michelin_Coche_Budget_0033,Continental_Coche_Budget_0009,0.6212
Coche_|_Budget_Community_02,Nexen_Coche_Budget_0004,Continental_Coche_Budget_0009,0.2726
Coche_|_Budget_Community_02,Pirelli_Coche_Budget_0025,Continental_Coche_Budget_0009,0.413
Coche_|_Budget_Community_02,Continental_Coche_Budget_0006,Continental_Coche_Budget_0046,0.0548
Coche_|_Budget_Community_02,Continental_Coche_Budget_0009,Continental_Coche_Budget_0046,0.5657
Coche_|_Budget_Community_02,Dunlop_Coche_Budget_0043,Continental_Coche_Budget_0046,0.1895
Coche_|_Budget_Community_02,Fulda_Coche_Budget_0066,Continental_Coche_Budget_0046,0.1238
Coche_|_Budget_Community_02,GT Radial_Coche_Budget_0041,Continental_Coche_Budget_0046,0.0692
Coche_|_Budget_Community_02,Goodride_Coche_Budget_0069,Continental_Coche_Budget_0046,1.4872
Coche_|_Budget_Community_02,Pirelli_Coche_Budget_0025,Continental_Coche_Budget_0046,0.0749
Coche_|_Budget_Community_02,Toyo Tires_Coche_Budget_0017,Continental_Coche_Budget_0046,0.7036
Coche_|_Budget_Community_02,Yokohama_Coche_Budget_0050,Continental_Coche_Budget_0046,0.0772
Coche_|_Budget_Community_02,Firestone_Coche_Budget_0067,Dunlop_Coche_Budget_0043,0.685
Coche_|_Budget_Community_02,Fulda_Coche_Budget_0066,Dunlop_Coche_Budget_0043,0.6036
Coche_|_Budget_Community_02,Roadmarch_Coche_Budget_0057,Dunlop_Coche_Budget_0043,0.8746
Coche_|_Budget_Community_02,Toyo Tires_Coche_Budget_0017,Dunlop_Coche_Budget_0043,0.0668
Coche_|_Budget_Community_02,Westlake_Coche_Budget_0022,Dunlop_Coche_Budget_0043,0.9892
Coche_|_Budget_Community_02,BFGoodrich_Coche_Budget_0001,Firestone_Coche_Budget_0023,0.4688
Coche_|_Budget_Community_02,BFGoodrich_Coche_Budget_0045,Firestone_Coche_Budget_0023,0.1324
Coche_|_Budget_Community_02,Firestone_Coche_Budget_0067,Firestone_Coche_Budget_0023,0.7357
Coche_|_Budget_Community_02,Goodride_Coche_Budget_0069,Firestone_Coche_Budget_0023,0.5963
Coche_|_Budget_Community_02,Minerva_Coche_Budget_0052,Firestone_Coche_Budget_0023,0.2572
Coche_|_Budget_Community_02,Yokohama_Coche_Budget_0021,Firestone_Coche_Budget_0023,0.0638
Coche_|_Budget_Community_02,Yokohama_Coche_Budget_0039,Firestone_Coche_Budget_0023,0.5056
Coche_|_Budget_Community_02,Yokohama_Coche_Budget_0050,Firestone_Coche_Budget_0023,0.6786
Coche_|_Budget_Community_02,BFGoodrich_Coche_Budget_0045,Firestone_Coche_Budget_0067,0.6329
Coche_|_Budget_Community_02,Continental_Coche_Budget_0009,Firestone_Coche_Budget_0067,0.1823
Coche_|_Budget_Community_02,Fulda_Coche_Budget_0066,Firestone_Coche_Budget_0067,0.5498
Coche_|_Budget_Community_02,General Tire_Coche_Budget_0030,Firestone_Coche_Budget_0067,0.1897
Coche_|_Budget_Community_02,Goodride_Coche_Budget_0069,Firestone_Coche_Budget_0067,0.6781
Coche_|_Budget_Community_02,Hankook_Coche_Budget_0049,Firestone_Coche_Budget_0067,0.5959
Coche_|_Budget_Community_02,Roadmarch_Coche_Budget_0057,Firestone_Coche_Budget_0067,0.2852
Coche_|_Budget_Community_02,Vredestein_Coche_Budget_0034,Firestone_Coche_Budget_0067,0.4497
Coche_|_Budget_Community_02,BFGoodrich_Coche_Budget_0001,Fulda_Coche_Budget_0000,0.1854
Coche_|_Budget_Community_02,BFGoodrich_Coche_Budget_0045,Fulda_Coche_Budget_0000,0.8251
Coche_|_Budget_Community_02,Continental_Coche_Budget_0009,Fulda_Coche_Budget_0000,0.3039
Coche_|_Budget_Community_02,Fulda_Coche_Budget_0066,Fulda_Coche_Budget_0000,0.0724
Coche_|_Budget_Community_02,Goodride_Coche_Budget_0069,Fulda_Coche_Budget_0000,0.752
Coche_|_Budget_Community_02,Nexen_Coche_Budget_0004,Fulda_Coche_Budget_0000,0.2548
Coche_|_Budget_Community_02,Roadmarch_Coche_Budget_0057,Fulda_Coche_Budget_0000,0.1103
Coche_|_Budget_Community_02,Toyo Tires_Coche_Budget_0017,Fulda_Coche_Budget_0000,0.2627
Coche_|_Budget_Community_02,Yokohama_Coche_Budget_0039,Fulda_Coche_Budget_0000,0.4014
Coche_|_Budget_Community_02,Firestone_Coche_Budget_0067,Fulda_Coche_Budget_0066,1.2206
Coche_|_Budget_Community_02,GT Radial_Coche_Budget_0041,Fulda_Coche_Budget_0066,0.627
Coche_|_Budget_Community_02,General Tire_Coche_Budget_0030,Fulda_Coche_Budget_0066,0.2226
Coche_|_Budget_Community_02,Michelin_Coche_Budget_0033,Fulda_Coche_Budget_0066,0.341
Coche_|_Budget_Community_02,Minerva_Coche_Budget_0052,Fulda_Coche_Budget_0066,0.0984
Coche_|_Budget_Community_02,Toyo Tires_Coche_Budget_0017,Fulda_Coche_Budget_0066,0.9344
Coche_|_Budget_Community_02,BFGoodrich_Coche_Budget_0045,GT Radial_Coche_Budget_0041,0.3237
Coche_|_Budget_Community_02,Continental_Coche_Budget_0006,GT Radial_Coche_Budget_0041,0.2503
Coche_|_Budget_Community_02,General Tire_Coche_Budget_0030,GT Radial_Coche_Budget_0041,0.0536
Coche_|_Budget_Community_02,Minerva_Coche_Budget_0052,GT Radial_Coche_Budget_0041,1.16
Coche_|_Budget_Community_02,Nexen_Coche_Budget_0004,GT Radial_Coche_Budget_0041,0.9969
Coche_|_Budget_Community_02,Yokohama_Coche_Budget_0021,GT Radial_Coche_Budget_0041,0.7875
Coche_|_Budget_Community_02,BFGoodrich_Coche_Budget_0001,General Tire_Coche_Budget_0030,0.0522
Coche_|_Budget_Community_02,Goodride_Coche_Budget_0069,General Tire_Coche_Budget_0030,0.1992
Coche_|_Budget_Community_02,Minerva_Coche_Budget_0052,General Tire_Coche_Budget_0030,0.3929
Coche_|_Budget_Community_02,Nexen_Coche_Budget_0004,General Tire_Coche_Budget_0030,0.659
Coche_|_Budget_Community_02,Roadmarch_Coche_Budget_0057,General Tire_Coche_Budget_0030,0.7216
Coche_|_Budget_Community_02,Westlake_Coche_Budget_0022,General Tire_Coche_Budget_0030,0.3558
Coche_|_Budget_Community_02,Yokohama_Coche_Budget_0039,General Tire_Coche_Budget_0030,0.8138
Coche_|_Budget_Community_02,Continental_Coche_Budget_0006,Goodride_Coche_Budget_0069,0.1994
Coche_|_Budget_Community_02,Fulda_Coche_Budget_0066,Goodride_Coche_Budget_0069,0.1663
Coche_|_Budget_Community_02,Minerva_Coche_Budget_0052,Goodride_Coche_Budget_0069,0.876
Coche_|_Budget_Community_02,Nexen_Coche_Budget_0004,Goodride_Coche_Budget_0069,0.7516
Coche_|_Budget_Community_02,Pirelli_Coche_Budget_0025,Goodride_Coche_Budget_0069,0.4547
Coche_|_Budget_Community_02,Roadmarch_Coche_Budget_0057,Goodride_Coche_Budget_0069,0.3424
Coche_|_Budget_Community_02,Vredestein_Coche_Budget_0034,Goodride_Coche_Budget_0069,0.0726
Coche_|_Budget_Community_02,Yokohama_Coche_Budget_0021,Goodride_Coche_Budget_0069,0.0556
Coche_|_Budget_Community_02,Yokohama_Coche_Budget_0050,Goodride_Coche_Budget_0069,0.5227
Coche_|_Budget_Community_02,Continental_Coche_Budget_0006,Hankook_Coche_Budget_0049,0.8667
Coche_|_Budget_Community_02,Continental_Coche_Budget_0009,Hankook_Coche_Budget_0049,0.1054
Coche_|_Budget_Community_02,Dunlop_Coche_Budget_0043,Hankook_Coche_Budget_0049,0.0593
Coche_|_Budget_Community_02,Firestone_Coche_Budget_0023,Hankook_Coche_Budget_0049,0.9166
Coche_|_Budget_Community_02,General Tire_Coche_Budget_0030,Hankook_Coche_Budget_0049,0.5192
Coche_|_Budget_Community_02,Nexen_Coche_Budget_0004,Hankook_Coche_Budget_0049,0.1208
Coche_|_Budget_Community_02,Yokohama_Coche_Budget_0021,Hankook_Coche_Budget_0049,0.2001
Coche_|_Budget_Community_02,Yokohama_Coche_Budget_0039,Hankook_Coche_Budget_0049,0.5176
Coche_|_Budget_Community_02,BFGoodrich_Coche_Budget_0001,Michelin_Coche_Budget_0033,0.1123
Coche_|_Budget_Community_02,BFGoodrich_Coche_Budget_0045,Michelin_Coche_Budget_0033,0.2805
Coche_|_Budget_Community_02,Firestone_Coche_Budget_0067,Michelin_Coche_Budget_0033,0.1447
Coche_|_Budget_Community_02,Fulda_Coche_Budget_0066,Michelin_Coche_Budget_0033,0.9713
Coche_|_Budget_Community_02,General Tire_Coche_Budget_0030,Michelin_Coche_Budget_0033,0.26
Coche_|_Budget_Community_02,Minerva_Coche_Budget_0052,Michelin_Coche_Budget_0033,0.7455
Coche_|_Budget_Community_02,Westlake_Coche_Budget_0022,Michelin_Coche_Budget_0033,0.8898
Coche_|_Budget_Community_02,BFGoodrich_Coche_Budget_0001,Minerva_Coche_Budget_0052,0.3862
Coche_|_Budget_Community_02,Continental_Coche_Budget_0009,Minerva_Coche_Budget_0052,0.377
Coche_|_Budget_Community_02,General Tire_Coche_Budget_0030,Minerva_Coche_Budget_0052,0.4808
Coche_|_Budget_Community_02,Hankook_Coche_Budget_0049,Minerva_Coche_Budget_0052,0.6374
Coche_|_Budget_Community_02,Roadmarch_Coche_Budget_0057,Minerva_Coche_Budget_0052,0.6295
Coche_|_Budget_Community_02,Yokohama_Coche_Budget_0050,Minerva_Coche_Budget_0052,0.9763
Coche_|_Budget_Community_02,BFGoodrich_Coche_Budget_0001,Nexen_Coche_Budget_0004,0.5193
Coche_|_Budget_Community_02,Dunlop_Coche_Budget_0043,Nexen_Coche_Budget_0004,0.548
Coche_|_Budget_Community_02,Michelin_Coche_Budget_0033,Nexen_Coche_Budget_0004,0.8907
Coche_|_Budget_Community_02,Westlake_Coche_Budget_0022,Nexen_Coche_Budget_0004,0.3165
Coche_|_Budget_Community_02,Yokohama_Coche_Budget_0021,Nexen_Coche_Budget_0004,0.7137
Coche_|_Budget_Community_02,Yokohama_Coche_Budget_0050,Nexen_Coche_Budget_0004,0.4425
Coche_|_Budget_Community_02,BFGoodrich_Coche_Budget_0001,Pirelli_Coche_Budget_0025,0.2408
Coche_|_Budget_Community_02,Continental_Coche_Budget_0009,Pirelli_Coche_Budget_0025,0.0614
Coche_|_Budget_Community_02,Fulda_Coche_Budget_0066,Pirelli_Coche_Budget_0025,0.0704
Coche_|_Budget_Community_02,GT Radial_Coche_Budget_0041,Pirelli_Coche_Budget_0025,0.3071
Coche_|_Budget_Community_02,General Tire_Coche_Budget_0030,Pirelli_Coche_Budget_0025,1.0236
Coche_|_Budget_Community_02,Michelin_Coche_Budget_0033,Pirelli_Coche_Budget_0025,0.2252
Coche_|_Budget_Community_02,Pirelli_Coche_Budget_0079,Pirelli_Coche_Budget_0025,0.3709
Coche_|_Budget_Community_02,Roadmarch_Coche_Budget_0057,Pirelli_Coche_Budget_0025,0.545
Coche_|_Budget_Community_02,Yokohama_Coche_Budget_0039,Pirelli_Coche_Budget_0025,0.4388
Coche_|_Budget_Community_02,Yokohama_Coche_Budget_0050,Pirelli_Coche_Budget_0025,0.0573
Coche_|_Budget_Community_02,BFGoodrich_Coche_Budget_0001,Pirelli_Coche_Budget_0079,0.7515
Coche_|_Budget_Community_02,Continental_Coche_Budget_0006,Pirelli_Coche_Budget_0079,0.3417
Coche_|_Budget_Community_02,Firestone_Coche_Budget_0023,Pirelli_Coche_Budget_0079,0.2408
Coche_|_Budget_Community_02,Firestone_Coche_Budget_0067,Pirelli_Coche_Budget_0079,0.6878
Coche_|_Budget_Community_02,Fulda_Coche_Budget_0066,Pirelli_Coche_Budget_0079,0.1988
Coche_|_Budget_Community_02,General Tire_Coche_Budget_0030,Pirelli_Coche_Budget_0079,0.2227
Coche_|_Budget_Community_02,Goodride_Coche_Budget_0069,Pirelli_Coche_Budget_0079,0.2439
Coche_|_Budget_Community_02,Nexen_Coche_Budget_0004,Pirelli_Coche_Budget_0079,0.5992
Coche_|_Budget_Community_02,Westlake_Coche_Budget_0022,Pirelli_Coche_Budget_0079,0.0931
Coche_|_Budget_Community_02,Yokohama_Coche_Budget_0021,Pirelli_Coche_Budget_0079,0.0659
Coche_|_Budget_Community_02,BFGoodrich_Coche_Budget_0001,Roadmarch_Coche_Budget_0057,0.1426
Coche_|_Budget_Community_02,Dunlop_Coche_Budget_0043,Roadmarch_Coche_Budget_0057,1.1543
Coche_|_Budget_Community_02,Firestone_Coche_Budget_0023,Roadmarch_Coche_Budget_0057,0.5999
Coche_|_Budget_Community_02,Pirelli_Coche_Budget_0025,Roadmarch_Coche_Budget_0057,0.111
Coche_|_Budget_Community_02,Toyo Tires_Coche_Budget_0017,Roadmarch_Coche_Budget_0057,0.1191
Coche_|_Budget_Community_02,Vredestein_Coche_Budget_0034,Roadmarch_Coche_Budget_0057,0.0996
Coche_|_Budget_Community_02,Yokohama_Coche_Budget_0039,Roadmarch_Coche_Budget_0057,0.3837
Coche_|_Budget_Community_02,Yokohama_Coche_Budget_0050,Roadmarch_Coche_Budget_0057,0.4894
Coche_|_Budget_Community_02,Firestone_Coche_Budget_0023,Toyo Tires_Coche_Budget_0017,0.6903
Coche_|_Budget_Community_02,Fulda_Coche_Budget_0066,Toyo Tires_Coche_Budget_0017,0.4309
Coche_|_Budget_Community_02,GT Radial_Coche_Budget_0041,Toyo Tires_Coche_Budget_0017,0.1758
Coche_|_Budget_Community_02,Pirelli_Coche_Budget_0025,Toyo Tires_Coche_Budget_0017,0.8046
Coche_|_Budget_Community_02,Pirelli_Coche_Budget_0079,Toyo Tires_Coche_Budget_0017,0.3509
Coche_|_Budget_Community_02,Roadmarch_Coche_Budget_0057,Toyo Tires_Coche_Budget_0017,0.3149
Coche_|_Budget_Community_02,Yokohama_Coche_Budget_0050,Toyo Tires_Coche_Budget_0017,0.6495
Coche_|_Budget_Community_02,BFGoodrich_Coche_Budget_0045,Vredestein_Coche_Budget_0034,0.0597
Coche_|_Budget_Community_02,Continental_Coche_Budget_0046,Vredestein_Coche_Budget_0034,0.9954
Coche_|_Budget_Community_02,Dunlop_Coche_Budget_0043,Vredestein_Coche_Budget_0034,0.1341
Coche_|_Budget_Community_02,Firestone_Coche_Budget_0067,Vredestein_Coche_Budget_0034,0.5748
Coche_|_Budget_Community_02,Goodride_Coche_Budget_0069,Vredestein_Coche_Budget_0034,0.5271
Coche_|_Budget_Community_02,Michelin_Coche_Budget_0033,Vredestein_Coche_Budget_0034,0.5701
Coche_|_Budget_Community_02,Minerva_Coche_Budget_0052,Vredestein_Coche_Budget_0034,0.1411
Coche_|_Budget_Community_02,Nexen_Coche_Budget_0004,Vredestein_Coche_Budget_0034,0.0742
Coche_|_Budget_Community_02,BFGoodrich_Coche_Budget_0045,Westlake_Coche_Budget_0022,0.1568
Coche_|_Budget_Community_02,Continental_Coche_Budget_0009,Westlake_Coche_Budget_0022,0.1587
Coche_|_Budget_Community_02,Firestone_Coche_Budget_0023,Westlake_Coche_Budget_0022,0.1398
Coche_|_Budget_Community_02,Firestone_Coche_Budget_0067,Westlake_Coche_Budget_0022,0.9109
Coche_|_Budget_Community_02,Fulda_Coche_Budget_0066,Westlake_Coche_Budget_0022,0.1592
Coche_|_Budget_Community_02,GT Radial_Coche_Budget_0041,Westlake_Coche_Budget_0022,0.9482
Coche_|_Budget_Community_02,Michelin_Coche_Budget_0033,Westlake_Coche_Budget_0022,0.7935
Coche_|_Budget_Community_02,Pirelli_Coche_Budget_0025,Westlake_Coche_Budget_0022,0.2166
Coche_|_Budget_Community_02,Continental_Coche_Budget_0009,Yokohama_Coche_Budget_0021,0.6467
Coche_|_Budget_Community_02,Dunlop_Coche_Budget_0043,Yokohama_Coche_Budget_0021,0.2754
Coche_|_Budget_Community_02,Firestone_Coche_Budget_0067,Yokohama_Coche_Budget_0021,0.3719
Coche_|_Budget_Community_02,Hankook_Coche_Budget_0049,Yokohama_Coche_Budget_0021,0.8504
Coche_|_Budget_Community_02,Pirelli_Coche_Budget_0079,Yokohama_Coche_Budget_0021,0.1784
Coche_|_Budget_Community_02,Westlake_Coche_Budget_0022,Yokohama_Coche_Budget_0021,0.9703
Coche_|_Budget_Community_02,BFGoodrich_Coche_Budget_0001,Yokohama_Coche_Budget_0039,0.5451
Coche_|_Budget_Community_02,Continental_Coche_Budget_0046,Yokohama_Coche_Budget_0039,0.6377
Coche_|_Budget_Community_02,Firestone_Coche_Budget_0023,Yokohama_Coche_Budget_0039,0.5594
Coche_|_Budget_Community_02,GT Radial_Coche_Budget_0041,Yokohama_Coche_Budget_0039,0.6088
Coche_|_Budget_Community_02,General Tire_Coche_Budget_0030,Yokohama_Coche_Budget_0039,0.1633
Coche_|_Budget_Community_02,Michelin_Coche_Budget_0033,Yokohama_Coche_Budget_0039,0.2613
Coche_|_Budget_Community_02,Pirelli_Coche_Budget_0079,Yokohama_Coche_Budget_0039,0.3486
Coche_|_Budget_Community_02,Yokohama_Coche_Budget_0021,Yokohama_Coche_Budget_0039,0.3888
Coche_|_Budget_Community_02,Firestone_Coche_Budget_0067,Yokohama_Coche_Budget_0050,0.3827
Coche_|_Budget_Community_02,Fulda_Coche_Budget_0000,Yokohama_Coche_Budget_0050,0.3975
Coche_|_Budget_Community_02,Fulda_Coche_Budget_0066,Yokohama_Coche_Budget_0050,0.1022
Coche_|_Budget_Community_02,GT Radial_Coche_Budget_0041,Yokohama_Coche_Budget_0050,0.5832
Coche_|_Budget_Community_02,Goodride_Coche_Budget_0069,Yokohama_Coche_Budget_0050,1.1114
Coche_|_Budget_Community_02,Nexen_Coche_Budget_0004,Yokohama_Coche_Budget_0050,0.5454
Coche_|_Budget_Community_02,Westlake_Coche_Budget_0022,Yokohama_Coche_Budget_0050,0.2269
Coche_|_Budget_Community_01,Continental_Coche_Budget_0015,BFGoodrich_Coche_Budget_0018,0.4779
Coche_|_Budget_Community_01,Dunlop_Coche_Budget_0014,BFGoodrich_Coche_Budget_0018,1.5437
Coche_|_Budget_Community_01,Falken_Coche_Budget_0068,BFGoodrich_Coche_Budget_0018,0.4221
Coche_|_Budget_Community_01,Kumho_Coche_Budget_0012,BFGoodrich_Coche_Budget_0018,0.0817
Coche_|_Budget_Community_01,Nokian_Coche_Budget_0002,BFGoodrich_Coche_Budget_0018,0.8496
Coche_|_Budget_Community_01,Westlake_Coche_Budget_0075,BFGoodrich_Coche_Budget_0018,0.1747
Coche_|_Budget_Community_01,BFGoodrich_Coche_Budget_0018,Continental_Coche_Budget_0015,0.5057
Coche_|_Budget_Community_01,Firestone_Coche_Budget_0061,Continental_Coche_Budget_0015,0.1982
Coche_|_Budget_Community_01,GT Radial_Coche_Budget_0060,Continental_Coche_Budget_0015,0.1388
Coche_|_Budget_Community_01,Linglong_Coche_Budget_0055,Continental_Coche_Budget_0015,0.431
Coche_|_Budget_Community_01,Minerva_Coche_Budget_0007,Continental_Coche_Budget_0015,0.0993
Coche_|_Budget_Community_01,Nokian_Coche_Budget_0002,Continental_Coche_Budget_0015,0.0797
Coche_|_Budget_Community_01,Nokian_Coche_Budget_0058,Continental_Coche_Budget_0015,0.065
Coche_|_Budget_Community_01,Tracmax_Coche_Budget_0040,Continental_Coche_Budget_0015,1.0639
Coche_|_Budget_Community_01,Westlake_Coche_Budget_0075,Continental_Coche_Budget_0015,0.381
Coche_|_Budget_Community_01,Yokohama_Coche_Budget_0031,Continental_Coche_Budget_0015,0.3877
Coche_|_Budget_Community_01,Falken_Coche_Budget_0068,Continental_Coche_Budget_0053,0.4899
Coche_|_Budget_Community_01,General Tire_Coche_Budget_0032,Continental_Coche_Budget_0053,0.6643
Coche_|_Budget_Community_01,Kumho_Coche_Budget_0012,Continental_Coche_Budget_0053,0.4731
Coche_|_Budget_Community_01,Linglong_Coche_Budget_0055,Continental_Coche_Budget_0053,0.5297
Coche_|_Budget_Community_01,Michelin_Coche_Budget_0035,Continental_Coche_Budget_0053,0.4977
Coche_|_Budget_Community_01,Nokian_Coche_Budget_0002,Continental_Coche_Budget_0053,0.165
Coche_|_Budget_Community_01,Roadmarch_Coche_Budget_0024,Continental_Coche_Budget_0053,0.4525
Coche_|_Budget_Community_01,Tracmax_Coche_Budget_0040,Continental_Coche_Budget_0053,0.2098
Coche_|_Budget_Community_01,BFGoodrich_Coche_Budget_0018,Dunlop_Coche_Budget_0014,0.191
Coche_|_Budget_Community_01,Continental_Coche_Budget_0015,Dunlop_Coche_Budget_0014,0.4423
Coche_|_Budget_Community_01,Continental_Coche_Budget_0053,Dunlop_Coche_Budget_0014,0.6218
Coche_|_Budget_Community_01,Falken_Coche_Budget_0064,Dunlop_Coche_Budget_0014,0.1347
Coche_|_Budget_Community_01,Firestone_Coche_Budget_0061,Dunlop_Coche_Budget_0014,0.5173
Coche_|_Budget_Community_01,General Tire_Coche_Budget_0032,Dunlop_Coche_Budget_0014,0.7046
Coche_|_Budget_Community_01,Goodyear_Coche_Budget_0073,Dunlop_Coche_Budget_0014,0.7482
Coche_|_Budget_Community_01,Nokian_Coche_Budget_0058,Dunlop_Coche_Budget_0014,0.403
Coche_|_Budget_Community_01,Firestone_Coche_Budget_0061,Falken_Coche_Budget_0064,0.8441
Coche_|_Budget_Community_01,GT Radial_Coche_Budget_0060,Falken_Coche_Budget_0064,0.3582
Coche_|_Budget_Community_01,Hifly_Coche_Budget_0028,Falken_Coche_Budget_0064,0.5345
Coche_|_Budget_Community_01,Kumho_Coche_Budget_0012,Falken_Coche_Budget_0064,0.9102
Coche_|_Budget_Community_01,Minerva_Coche_Budget_0007,Falken_Coche_Budget_0064,0.1536
Coche_|_Budget_Community_01,Roadmarch_Coche_Budget_0024,Falken_Coche_Budget_0064,0.2754
Coche_|_Budget_Community_01,Tracmax_Coche_Budget_0040,Falken_Coche_Budget_0064,0.4694
Coche_|_Budget_Community_01,Firestone_Coche_Budget_0061,Falken_Coche_Budget_0068,0.5778
Coche_|_Budget_Community_01,Fulda_Coche_Budget_0016,Falken_Coche_Budget_0068,0.5616
Coche_|_Budget_Community_01,GT Radial_Coche_Budget_0060,Falken_Coche_Budget_0068,0.1484
Coche_|_Budget_Community_01,GT Radial_Coche_Budget_0071,Falken_Coche_Budget_0068,0.2537
Coche_|_Budget_Community_01,General Tire_Coche_Budget_0032,Falken_Coche_Budget_0068,0.2133
Coche_|_Budget_Community_01,Goodyear_Coche_Budget_0003,Falken_Coche_Budget_0068,0.1433
Coche_|_Budget_Community_01,Hifly_Coche_Budget_0028,Falken_Coche_Budget_0068,0.176
Coche_|_Budget_Community_01,Kumho_Coche_Budget_0012,Falken_Coche_Budget_0068,0.3912
Coche_|_Budget_Community_01,Linglong_Coche_Budget_0055,Falken_Coche_Budget_0068,0.1399
Coche_|_Budget_Community_01,Minerva_Coche_Budget_0007,Falken_Coche_Budget_0068,0.489
Coche_|_Budget_Community_01,Westlake_Coche_Budget_0075,Falken_Coche_Budget_0068,0.4562
Coche_|_Budget_Community_01,Dunlop_Coche_Budget_0014,Firestone_Coche_Budget_0061,0.3146
Coche_|_Budget_Community_01,GT Radial_Coche_Budget_0020,Firestone_Coche_Budget_0061,0.2003
Coche_|_Budget_Community_01,GT Radial_Coche_Budget_0060,Firestone_Coche_Budget_0061,1.4783
Coche_|_Budget_Community_01,Goodyear_Coche_Budget_0073,Firestone_Coche_Budget_0061,0.3043
Coche_|_Budget_Community_01,Nokian_Coche_Budget_0002,Firestone_Coche_Budget_0061,0.1768
Coche_|_Budget_Community_01,Roadmarch_Coche_Budget_0024,Firestone_Coche_Budget_0061,1.0269
Coche_|_Budget_Community_01,Firestone_Coche_Budget_0061,Fulda_Coche_Budget_0016,0.3259
Coche_|_Budget_Community_01,Goodyear_Coche_Budget_0073,Fulda_Coche_Budget_0016,0.9212
Coche_|_Budget_Community_01,Minerva_Coche_Budget_0007,Fulda_Coche_Budget_0016,1.3454
Coche_|_Budget_Community_01,Nokian_Coche_Budget_0058,Fulda_Coche_Budget_0016,0.9898
Coche_|_Budget_Community_01,Tracmax_Coche_Budget_0040,Fulda_Coche_Budget_0016,0.1094
Coche_|_Budget_Community_01,Firestone_Coche_Budget_0061,GT Radial_Coche_Budget_0020,0.5808
Coche_|_Budget_Community_01,Linglong_Coche_Budget_0055,GT Radial_Coche_Budget_0020,0.1554
Coche_|_Budget_Community_01,Michelin_Coche_Budget_0035,GT Radial_Coche_Budget_0020,0.983
Coche_|_Budget_Community_01,Roadmarch_Coche_Budget_0024,GT Radial_Coche_Budget_0020,0.5475
Coche_|_Budget_Community_01,Tracmax_Coche_Budget_0040,GT Radial_Coche_Budget_0020,0.3485
Coche_|_Budget_Community_01,Westlake_Coche_Budget_0075,GT Radial_Coche_Budget_0020,0.7721
Coche_|_Budget_Community_01,Yokohama_Coche_Budget_0031,GT Radial_Coche_Budget_0020,0.3917
Coche_|_Budget_Community_01,Continental_Coche_Budget_0015,GT Radial_Coche_Budget_0060,0.9064
Coche_|_Budget_Community_01,Continental_Coche_Budget_0053,GT Radial_Coche_Budget_0060,0.1292
Coche_|_Budget_Community_01,Dunlop_Coche_Budget_0014,GT Radial_Coche_Budget_0060,0.6698
Coche_|_Budget_Community_01,Roadmarch_Coche_Budget_0024,GT Radial_Coche_Budget_0060,1.6315
Coche_|_Budget_Community_01,Continental_Coche_Budget_0015,GT Radial_Coche_Budget_0071,0.3839
Coche_|_Budget_Community_01,Falken_Coche_Budget_0068,GT Radial_Coche_Budget_0071,1.3098
Coche_|_Budget_Community_01,GT Radial_Coche_Budget_0020,GT Radial_Coche_Budget_0071,0.4817
Coche_|_Budget_Community_01,GT Radial_Coche_Budget_0060,GT Radial_Coche_Budget_0071,0.0821
Coche_|_Budget_Community_01,General Tire_Coche_Budget_0032,GT Radial_Coche_Budget_0071,0.0998
Coche_|_Budget_Community_01,Goodyear_Coche_Budget_0003,GT Radial_Coche_Budget_0071,0.2602
Coche_|_Budget_Community_01,Kumho_Coche_Budget_0012,GT Radial_Coche_Budget_0071,0.3919
Coche_|_Budget_Community_01,Tracmax_Coche_Budget_0040,GT Radial_Coche_Budget_0071,0.3888
Coche_|_Budget_Community_01,Yokohama_Coche_Budget_0031,GT Radial_Coche_Budget_0071,0.1891
Coche_|_Budget_Community_01,Falken_Coche_Budget_0064,General Tire_Coche_Budget_0032,0.9848
Coche_|_Budget_Community_01,Falken_Coche_Budget_0068,General Tire_Coche_Budget_0032,0.1336
Coche_|_Budget_Community_01,GT Radial_Coche_Budget_0020,General Tire_Coche_Budget_0032,0.3905
Coche_|_Budget_Community_01,Hifly_Coche_Budget_0028,General Tire_Coche_Budget_0032,0.5951
Coche_|_Budget_Community_01,Minerva_Coche_Budget_0007,General Tire_Coche_Budget_0032,0.7973
Coche_|_Budget_Community_01,Nokian_Coche_Budget_0002,General Tire_Coche_Budget_0032,0.1161
Coche_|_Budget_Community_01,Nokian_Coche_Budget_0058,General Tire_Coche_Budget_0032,0.3142
Coche_|_Budget_Community_01,Westlake_Coche_Budget_0075,General Tire_Coche_Budget_0032,0.4673
Coche_|_Budget_Community_01,BFGoodrich_Coche_Budget_0018,Goodyear_Coche_Budget_0003,0.1615
Coche_|_Budget_Community_01,Continental_Coche_Budget_0053,Goodyear_Coche_Budget_0003,0.4802
Coche_|_Budget_Community_01,Fulda_Coche_Budget_0016,Goodyear_Coche_Budget_0003,0.5437
Coche_|_Budget_Community_01,GT Radial_Coche_Budget_0020,Goodyear_Coche_Budget_0003,0.3079
Coche_|_Budget_Community_01,GT Radial_Coche_Budget_0060,Goodyear_Coche_Budget_0003,0.3481
Coche_|_Budget_Community_01,Linglong_Coche_Budget_0055,Goodyear_Coche_Budget_0003,0.7353
Coche_|_Budget_Community_01,Nokian_Coche_Budget_0002,Goodyear_Coche_Budget_0003,0.4402
Coche_|_Budget_Community_01,Westlake_Coche_Budget_0075,Goodyear_Coche_Budget_0003,0.1938
Coche_|_Budget_Community_01,Yokohama_Coche_Budget_0031,Goodyear_Coche_Budget_0003,0.354
Coche_|_Budget_Community_01,Dunlop_Coche_Budget_0014,Goodyear_Coche_Budget_0073,0.8524
Coche_|_Budget_Community_01,Firestone_Coche_Budget_0061,Goodyear_Coche_Budget_0073,0.0624
Coche_|_Budget_Community_01,Fulda_Coche_Budget_0016,Goodyear_Coche_Budget_0073,0.6293
Coche_|_Budget_Community_01,GT Radial_Coche_Budget_0071,Goodyear_Coche_Budget_0073,0.5927
Coche_|_Budget_Community_01,Goodyear_Coche_Budget_0003,Goodyear_Coche_Budget_0073,0.2576
Coche_|_Budget_Community_01,Hankook_Coche_Budget_0059,Goodyear_Coche_Budget_0073,0.2007
Coche_|_Budget_Community_01,Kumho_Coche_Budget_0012,Goodyear_Coche_Budget_0073,0.1621
Coche_|_Budget_Community_01,Michelin_Coche_Budget_0035,Goodyear_Coche_Budget_0073,0.3942
Coche_|_Budget_Community_01,Yokohama_Coche_Budget_0031,Goodyear_Coche_Budget_0073,0.445
Coche_|_Budget_Community_01,GT Radial_Coche_Budget_0060,Hankook_Coche_Budget_0059,0.2736
Coche_|_Budget_Community_01,Nokian_Coche_Budget_0002,Hankook_Coche_Budget_0059,0.857
Coche_|_Budget_Community_01,Nokian_Coche_Budget_0058,Hankook_Coche_Budget_0059,1.2253
Coche_|_Budget_Community_01,Westlake_Coche_Budget_0075,Hankook_Coche_Budget_0059,1.4111
Coche_|_Budget_Community_01,BFGoodrich_Coche_Budget_0018,Hifly_Coche_Budget_0028,0.6441
Coche_|_Budget_Community_01,Continental_Coche_Budget_0015,Hifly_Coche_Budget_0028,0.4016
Coche_|_Budget_Community_01,Continental_Coche_Budget_0053,Hifly_Coche_Budget_0028,0.27
Coche_|_Budget_Community_01,Dunlop_Coche_Budget_0014,Hifly_Coche_Budget_0028,0.6955
Coche_|_Budget_Community_01,GT Radial_Coche_Budget_0060,Hifly_Coche_Budget_0028,0.3401
Coche_|_Budget_Community_01,Minerva_Coche_Budget_0007,Hifly_Coche_Budget_0028,0.449
Coche_|_Budget_Community_01,Tracmax_Coche_Budget_0056,Hifly_Coche_Budget_0028,0.0981
Coche_|_Budget_Community_01,General Tire_Coche_Budget_0032,Kumho_Coche_Budget_0012,1.8456
Coche_|_Budget_Community_01,Goodyear_Coche_Budget_0003,Kumho_Coche_Budget_0012,0.7729
Coche_|_Budget_Community_01,Minerva_Coche_Budget_0007,Kumho_Coche_Budget_0012,0.1747
Coche_|_Budget_Community_01,Nokian_Coche_Budget_0058,Kumho_Coche_Budget_0012,0.3303
Coche_|_Budget_Community_01,Tracmax_Coche_Budget_0040,Kumho_Coche_Budget_0012,0.3307
Coche_|_Budget_Community_01,Westlake_Coche_Budget_0075,Kumho_Coche_Budget_0012,0.1072
Coche_|_Budget_Community_01,Continental_Coche_Budget_0015,Linglong_Coche_Budget_0055,0.1069
Coche_|_Budget_Community_01,Dunlop_Coche_Budget_0014,Linglong_Coche_Budget_0055,0.852
Coche_|_Budget_Community_01,Falken_Coche_Budget_0064,Linglong_Coche_Budget_0055,0.4666
Coche_|_Budget_Community_01,Goodyear_Coche_Budget_0003,Linglong_Coche_Budget_0055,0.1755
Coche_|_Budget_Community_01,Hifly_Coche_Budget_0028,Linglong_Coche_Budget_0055,0.3291
Coche_|_Budget_Community_01,Michelin_Coche_Budget_0035,Linglong_Coche_Budget_0055,1.3675
Coche_|_Budget_Community_01,Minerva_Coche_Budget_0007,Linglong_Coche_Budget_0055,0.1826
Coche_|_Budget_Community_01,Westlake_Coche_Budget_0075,Linglong_Coche_Budget_0055,0.0961
Coche_|_Budget_Community_01,BFGoodrich_Coche_Budget_0018,Michelin_Coche_Budget_0035,0.0512
Coche_|_Budget_Community_01,Dunlop_Coche_Budget_0014,Michelin_Coche_Budget_0035,0.1609
Coche_|_Budget_Community_01,Falken_Coche_Budget_0064,Michelin_Coche_Budget_0035,0.1122
Coche_|_Budget_Community_01,General Tire_Coche_Budget_0032,Michelin_Coche_Budget_0035,0.1592
Coche_|_Budget_Community_01,Goodyear_Coche_Budget_0003,Michelin_Coche_Budget_0035,0.3665
Coche_|_Budget_Community_01,Goodyear_Coche_Budget_0073,Michelin_Coche_Budget_0035,0.8886
Coche_|_Budget_Community_01,Minerva_Coche_Budget_0007,Michelin_Coche_Budget_0035,0.4859
Coche_|_Budget_Community_01,Tracmax_Coche_Budget_0040,Michelin_Coche_Budget_0035,0.248
Coche_|_Budget_Community_01,Yokohama_Coche_Budget_0031,Michelin_Coche_Budget_0035,0.9285
Coche_|_Budget_Community_01,BFGoodrich_Coche_Budget_0018,Minerva_Coche_Budget_0007,0.067
Coche_|_Budget_Community_01,Falken_Coche_Budget_0068,Minerva_Coche_Budget_0007,0.0639
Coche_|_Budget_Community_01,Firestone_Coche_Budget_0061,Minerva_Coche_Budget_0007,0.7244
Coche_|_Budget_Community_01,GT Radial_Coche_Budget_0060,Minerva_Coche_Budget_0007,0.8022
Coche_|_Budget_Community_01,Goodyear_Coche_Budget_0073,Minerva_Coche_Budget_0007,0.6137
Coche_|_Budget_Community_01,Kumho_Coche_Budget_0012,Minerva_Coche_Budget_0007,0.6819
Coche_|_Budget_Community_01,Linglong_Coche_Budget_0055,Minerva_Coche_Budget_0007,0.262
Coche_|_Budget_Community_01,Westlake_Coche_Budget_0075,Minerva_Coche_Budget_0007,0.4738
Coche_|_Budget_Community_01,BFGoodrich_Coche_Budget_0018,Nokian_Coche_Budget_0002,0.9266
Coche_|_Budget_Community_01,Continental_Coche_Budget_0053,Nokian_Coche_Budget_0002,0.3676
Coche_|_Budget_Community_01,Firestone_Coche_Budget_0061,Nokian_Coche_Budget_0002,0.1551
Coche_|_Budget_Community_01,GT Radial_Coche_Budget_0060,Nokian_Coche_Budget_0002,0.1148
Coche_|_Budget_Community_01,General Tire_Coche_Budget_0032,Nokian_Coche_Budget_0002,0.4938
Coche_|_Budget_Community_01,Hifly_Coche_Budget_0028,Nokian_Coche_Budget_0002,0.7567
Coche_|_Budget_Community_01,Minerva_Coche_Budget_0007,Nokian_Coche_Budget_0002,0.1042
Coche_|_Budget_Community_01,Nokian_Coche_Budget_0058,Nokian_Coche_Budget_0002,0.5436
Coche_|_Budget_Community_01,BFGoodrich_Coche_Budget_0018,Nokian_Coche_Budget_0058,0.15
Coche_|_Budget_Community_01,Dunlop_Coche_Budget_0014,Nokian_Coche_Budget_0058,0.6394
Coche_|_Budget_Community_01,Fulda_Coche_Budget_0016,Nokian_Coche_Budget_0058,0.8832
Coche_|_Budget_Community_01,GT Radial_Coche_Budget_0060,Nokian_Coche_Budget_0058,0.1205
Coche_|_Budget_Community_01,Goodyear_Coche_Budget_0073,Nokian_Coche_Budget_0058,0.2379
Coche_|_Budget_Community_01,Michelin_Coche_Budget_0035,Nokian_Coche_Budget_0058,0.4366
Coche_|_Budget_Community_01,Minerva_Coche_Budget_0007,Nokian_Coche_Budget_0058,0.7305
Coche_|_Budget_Community_01,Westlake_Coche_Budget_0075,Nokian_Coche_Budget_0058,0.4587
Coche_|_Budget_Community_01,Continental_Coche_Budget_0053,Roadmarch_Coche_Budget_0024,0.378
Coche_|_Budget_Community_01,GT Radial_Coche_Budget_0020,Roadmarch_Coche_Budget_0024,0.4442
Coche_|_Budget_Community_01,GT Radial_Coche_Budget_0060,Roadmarch_Coche_Budget_0024,0.7625
Coche_|_Budget_Community_01,GT Radial_Coche_Budget_0071,Roadmarch_Coche_Budget_0024,0.1439
Coche_|_Budget_Community_01,Goodyear_Coche_Budget_0073,Roadmarch_Coche_Budget_0024,0.2818
Coche_|_Budget_Community_01,Linglong_Coche_Budget_0055,Roadmarch_Coche_Budget_0024,0.935
Coche_|_Budget_Community_01,Michelin_Coche_Budget_0035,Roadmarch_Coche_Budget_0024,0.3576
Coche_|_Budget_Community_01,Continental_Coche_Budget_0053,Tracmax_Coche_Budget_0040,0.4956
Coche_|_Budget_Community_01,Falken_Coche_Budget_0064,Tracmax_Coche_Budget_0040,0.4845
Coche_|_Budget_Community_01,GT Radial_Coche_Budget_0060,Tracmax_Coche_Budget_0040,0.6729
Coche_|_Budget_Community_01,General Tire_Coche_Budget_0032,Tracmax_Coche_Budget_0040,0.1382
Coche_|_Budget_Community_01,Hifly_Coche_Budget_0028,Tracmax_Coche_Budget_0040,1.115
Coche_|_Budget_Community_01,Michelin_Coche_Budget_0035,Tracmax_Coche_Budget_0040,0.1712
Coche_|_Budget_Community_01,Roadmarch_Coche_Budget_0024,Tracmax_Coche_Budget_0040,0.2146
Coche_|_Budget_Community_01,Continental_Coche_Budget_0053,Tracmax_Coche_Budget_0056,0.1792
Coche_|_Budget_Community_01,Dunlop_Coche_Budget_0014,Tracmax_Coche_Budget_0056,0.2728
Coche_|_Budget_Community_01,GT Radial_Coche_Budget_0020,Tracmax_Coche_Budget_0056,0.3907
Coche_|_Budget_Community_01,Goodyear_Coche_Budget_0003,Tracmax_Coche_Budget_0056,0.1446
Coche_|_Budget_Community_01,Goodyear_Coche_Budget_0073,Tracmax_Coche_Budget_0056,0.1924
Coche_|_Budget_Community_01,Michelin_Coche_Budget_0035,Tracmax_Coche_Budget_0056,0.1849
Coche_|_Budget_Community_01,Minerva_Coche_Budget_0007,Tracmax_Coche_Budget_0056,0.5459
Coche_|_Budget_Community_01,Nokian_Coche_Budget_0058,Tracmax_Coche_Budget_0056,1.0985
Coche_|_Budget_Community_01,Westlake_Coche_Budget_0075,Tracmax_Coche_Budget_0056,0.6518
Coche_|_Budget_Community_01,BFGoodrich_Coche_Budget_0018,Westlake_Coche_Budget_0075,0.6263
Coche_|_Budget_Community_01,Continental_Coche_Budget_0015,Westlake_Coche_Budget_0075,0.4971
Coche_|_Budget_Community_01,Falken_Coche_Budget_0064,Westlake_Coche_Budget_0075,0.0679
Coche_|_Budget_Community_01,Linglong_Coche_Budget_0055,Westlake_Coche_Budget_0075,0.8479
Coche_|_Budget_Community_01,Minerva_Coche_Budget_0007,Westlake_Coche_Budget_0075,0.5495
Coche_|_Budget_Community_01,Roadmarch_Coche_Budget_0024,Westlake_Coche_Budget_0075,0.4923
Coche_|_Budget_Community_01,Tracmax_Coche_Budget_0040,Westlake_Coche_Budget_0075,0.4521
Coche_|_Budget_Community_01,BFGoodrich_Coche_Budget_0018,Yokohama_Coche_Budget_0031,0.1986
Coche_|_Budget_Community_01,Continental_Coche_Budget_0015,Yokohama_Coche_Budget_0031,0.3126
Coche_|_Budget_Community_01,Continental_Coche_Budget_0053,Yokohama_Coche_Budget_0031,0.6196
Coche_|_Budget_Community_01,Fulda_Coche_Budget_0016,Yokohama_Coche_Budget_0031,0.938
Coche_|_Budget_Community_01,GT Radial_Coche_Budget_0020,Yokohama_Coche_Budget_0031,0.2134
Coche_|_Budget_Community_01,Goodyear_Coche_Budget_0003,Yokohama_Coche_Budget_0031,0.1176
Coche_|_Budget_Community_01,Hankook_Coche_Budget_0059,Yokohama_Coche_Budget_0031,0.1438
Coche_|_Budget_Community_01,Kumho_Coche_Budget_0012,Yokohama_Coche_Budget_0031,0.5011
Coche_|_Budget_Community_01,Michelin_Coche_Budget_0035,Yokohama_Coche_Budget_0031,0.1548
Coche_|_Budget_Community_01,Nokian_Coche_Budget_0002,Yokohama_Coche_Budget_0031,0.2782
Coche_|_Budget_Community_03,Dunlop_Coche_Budget_0042,BFGoodrich_Coche_Budget_0029,0.474
Coche_|_Budget_Community_03,Falken_Coche_Budget_0005,BFGoodrich_Coche_Budget_0029,0.1924
Coche_|_Budget_Community_03,Falken_Coche_Budget_0044,BFGoodrich_Coche_Budget_0029,0.4093
Coche_|_Budget_Community_03,General Tire_Coche_Budget_0013,BFGoodrich_Coche_Budget_0029,0.6128
Coche_|_Budget_Community_03,Goodyear_Coche_Budget_0054,BFGoodrich_Coche_Budget_0029,1.2048
Coche_|_Budget_Community_03,Vredestein_Coche_Budget_0070,BFGoodrich_Coche_Budget_0029,0.2054
Coche_|_Budget_Community_03,Wanli_Coche_Budget_0027,BFGoodrich_Coche_Budget_0029,0.1485
Coche_|_Budget_Community_03,BFGoodrich_Coche_Budget_0029,Bridgestone_Coche_Budget_0011,0.7456
Coche_|_Budget_Community_03,Bridgestone_Coche_Budget_0063,Bridgestone_Coche_Budget_0011,0.3512
Coche_|_Budget_Community_03,Cooper Tires_Coche_Budget_0008,Bridgestone_Coche_Budget_0011,0.2395
Coche_|_Budget_Community_03,Goodyear_Coche_Budget_0048,Bridgestone_Coche_Budget_0011,0.4636
Coche_|_Budget_Community_03,Linglong_Coche_Budget_0065,Bridgestone_Coche_Budget_0011,0.185
Coche_|_Budget_Community_03,Pirelli_Coche_Budget_0010,Bridgestone_Coche_Budget_0011,0.5292
Coche_|_Budget_Community_03,Vredestein_Coche_Budget_0070,Bridgestone_Coche_Budget_0011,0.1097
Coche_|_Budget_Community_03,Vredestein_Coche_Budget_0074,Bridgestone_Coche_Budget_0011,0.7659
Coche_|_Budget_Community_03,Fulda_Coche_Budget_0037,Bridgestone_Coche_Budget_0036,0.4456
Coche_|_Budget_Community_03,Fulda_Coche_Budget_0051,Bridgestone_Coche_Budget_0036,0.3725
Coche_|_Budget_Community_03,Goodyear_Coche_Budget_0048,Bridgestone_Coche_Budget_0036,0.2983
Coche_|_Budget_Community_03,Linglong_Coche_Budget_0065,Bridgestone_Coche_Budget_0036,0.1054
Coche_|_Budget_Community_03,Pirelli_Coche_Budget_0010,Bridgestone_Coche_Budget_0036,0.6947
Coche_|_Budget_Community_03,Uniroyal_Coche_Budget_0072,Bridgestone_Coche_Budget_0036,0.3311
Coche_|_Budget_Community_03,Vredestein_Coche_Budget_0074,Bridgestone_Coche_Budget_0036,0.1952
Coche_|_Budget_Community_03,Wanli_Coche_Budget_0027,Bridgestone_Coche_Budget_0036,0.7866
Coche_|_Budget_Community_03,Westlake_Coche_Budget_0076,Bridgestone_Coche_Budget_0036,0.1707
Coche_|_Budget_Community_03,Cooper Tires_Coche_Budget_0008,Bridgestone_Coche_Budget_0063,0.4632
Coche_|_Budget_Community_03,General Tire_Coche_Budget_0062,Bridgestone_Coche_Budget_0063,0.138
Coche_|_Budget_Community_03,Uniroyal_Coche_Budget_0072,Bridgestone_Coche_Budget_0063,0.2334
Coche_|_Budget_Community_03,Vredestein_Coche_Budget_0074,Bridgestone_Coche_Budget_0063,1.3959
Coche_|_Budget_Community_03,Yokohama_Coche_Budget_0026,Bridgestone_Coche_Budget_0063,1.1865
Coche_|_Budget_Community_03,Bridgestone_Coche_Budget_0036,Cooper Tires_Coche_Budget_0008,0.6852
Coche_|_Budget_Community_03,Dunlop_Coche_Budget_0042,Cooper Tires_Coche_Budget_0008,0.4838
Coche_|_Budget_Community_03,Falken_Coche_Budget_0005,Cooper Tires_Coche_Budget_0008,1.0722
Coche_|_Budget_Community_03,Linglong_Coche_Budget_0065,Cooper Tires_Coche_Budget_0008,0.2946
Coche_|_Budget_Community_03,Nexen_Coche_Budget_0047,Cooper Tires_Coche_Budget_0008,0.4002
Coche_|_Budget_Community_03,Vredestein_Coche_Budget_0074,Cooper Tires_Coche_Budget_0008,0.4675
Coche_|_Budget_Community_03,Wanli_Coche_Budget_0027,Cooper Tires_Coche_Budget_0008,0.0878
Coche_|_Budget_Community_03,BFGoodrich_Coche_Budget_0029,Dunlop_Coche_Budget_0042,0.6032
Coche_|_Budget_Community_03,Bridgestone_Coche_Budget_0011,Dunlop_Coche_Budget_0042,0.3547
Coche_|_Budget_Community_03,Cooper Tires_Coche_Budget_0008,Dunlop_Coche_Budget_0042,0.156
Coche_|_Budget_Community_03,Fulda_Coche_Budget_0037,Dunlop_Coche_Budget_0042,0.6971
Coche_|_Budget_Community_03,Fulda_Coche_Budget_0051,Dunlop_Coche_Budget_0042,0.4019
Coche_|_Budget_Community_03,Wanli_Coche_Budget_0027,Dunlop_Coche_Budget_0042,1.2805
Coche_|_Budget_Community_03,Bridgestone_Coche_Budget_0036,Falken_Coche_Budget_0005,0.1147
Coche_|_Budget_Community_03,Fulda_Coche_Budget_0037,Falken_Coche_Budget_0005,0.7539
Coche_|_Budget_Community_03,General Tire_Coche_Budget_0013,Falken_Coche_Budget_0005,0.7533
Coche_|_Budget_Community_03,General Tire_Coche_Budget_0078,Falken_Coche_Budget_0005,0.722
Coche_|_Budget_Community_03,Goodyear_Coche_Budget_0019,Falken_Coche_Budget_0005,0.3985
Coche_|_Budget_Community_03,Goodyear_Coche_Budget_0054,Falken_Coche_Budget_0005,0.7935
Coche_|_Budget_Community_03,BFGoodrich_Coche_Budget_0029,Falken_Coche_Budget_0044,0.5881
Coche_|_Budget_Community_03,Cooper Tires_Coche_Budget_0008,Falken_Coche_Budget_0044,0.2233
Coche_|_Budget_Community_03,Falken_Coche_Budget_0005,Falken_Coche_Budget_0044,0.2399
Coche_|_Budget_Community_03,General Tire_Coche_Budget_0013,Falken_Coche_Budget_0044,0.241
Coche_|_Budget_Community_03,Linglong_Coche_Budget_0065,Falken_Coche_Budget_0044,0.3272
Coche_|_Budget_Community_03,Vredestein_Coche_Budget_0074,Falken_Coche_Budget_0044,0.5297
Coche_|_Budget_Community_03,Westlake_Coche_Budget_0076,Falken_Coche_Budget_0044,0.5348
Coche_|_Budget_Community_03,Yokohama_Coche_Budget_0026,Falken_Coche_Budget_0044,0.7027
Coche_|_Budget_Community_03,BFGoodrich_Coche_Budget_0029,Fulda_Coche_Budget_0037,0.3892
Coche_|_Budget_Community_03,Bridgestone_Coche_Budget_0036,Fulda_Coche_Budget_0037,0.154
Coche_|_Budget_Community_03,General Tire_Coche_Budget_0078,Fulda_Coche_Budget_0037,0.8604
Coche_|_Budget_Community_03,Goodyear_Coche_Budget_0019,Fulda_Coche_Budget_0037,0.6999
Coche_|_Budget_Community_03,Nexen_Coche_Budget_0047,Fulda_Coche_Budget_0037,1.5082
Coche_|_Budget_Community_03,Bridgestone_Coche_Budget_0036,Fulda_Coche_Budget_0051,1.064
Coche_|_Budget_Community_03,Cooper Tires_Coche_Budget_0008,Fulda_Coche_Budget_0051,0.1756
Coche_|_Budget_Community_03,General Tire_Coche_Budget_0013,Fulda_Coche_Budget_0051,0.8516
Coche_|_Budget_Community_03,General Tire_Coche_Budget_0062,Fulda_Coche_Budget_0051,0.2894
Coche_|_Budget_Community_03,Goodyear_Coche_Budget_0054,Fulda_Coche_Budget_0051,0.3296
Coche_|_Budget_Community_03,Linglong_Coche_Budget_0065,Fulda_Coche_Budget_0051,0.109
Coche_|_Budget_Community_03,Minerva_Coche_Budget_0038,Fulda_Coche_Budget_0051,0.1332
Coche_|_Budget_Community_03,Uniroyal_Coche_Budget_0072,Fulda_Coche_Budget_0051,0.1317
Coche_|_Budget_Community_03,Vredestein_Coche_Budget_0074,Fulda_Coche_Budget_0051,0.2845
Coche_|_Budget_Community_03,Westlake_Coche_Budget_0076,Fulda_Coche_Budget_0051,0.2817
Coche_|_Budget_Community_03,Bridgestone_Coche_Budget_0011,GT Radial_Coche_Budget_0077,0.1386
Coche_|_Budget_Community_03,Falken_Coche_Budget_0044,GT Radial_Coche_Budget_0077,0.2247
Coche_|_Budget_Community_03,Fulda_Coche_Budget_0037,GT Radial_Coche_Budget_0077,0.7712
Coche_|_Budget_Community_03,Fulda_Coche_Budget_0051,GT Radial_Coche_Budget_0077,0.5142
Coche_|_Budget_Community_03,General Tire_Coche_Budget_0013,GT Radial_Coche_Budget_0077,0.2725
Coche_|_Budget_Community_03,Minerva_Coche_Budget_0038,GT Radial_Coche_Budget_0077,0.8833
Coche_|_Budget_Community_03,Nexen_Coche_Budget_0047,GT Radial_Coche_Budget_0077,0.1925
Coche_|_Budget_Community_03,Pirelli_Coche_Budget_0010,GT Radial_Coche_Budget_0077,0.3092
Coche_|_Budget_Community_03,Vredestein_Coche_Budget_0074,GT Radial_Coche_Budget_0077,0.1471
Coche_|_Budget_Community_03,Wanli_Coche_Budget_0027,GT Radial_Coche_Budget_0077,0.1232
Coche_|_Budget_Community_03,Bridgestone_Coche_Budget_0011,General Tire_Coche_Budget_0013,0.7937
Coche_|_Budget_Community_03,Bridgestone_Coche_Budget_0063,General Tire_Coche_Budget_0013,0.2472
Coche_|_Budget_Community_03,Cooper Tires_Coche_Budget_0008,General Tire_Coche_Budget_0013,0.1599
Coche_|_Budget_Community_03,Fulda_Coche_Budget_0037,General Tire_Coche_Budget_0013,0.4298
Coche_|_Budget_Community_03,Goodyear_Coche_Budget_0019,General Tire_Coche_Budget_0013,0.2884
Coche_|_Budget_Community_03,Linglong_Coche_Budget_0065,General Tire_Coche_Budget_0013,0.3935
Coche_|_Budget_Community_03,Minerva_Coche_Budget_0038,General Tire_Coche_Budget_0013,0.3488
Coche_|_Budget_Community_03,Vredestein_Coche_Budget_0070,General Tire_Coche_Budget_0013,0.2763
Coche_|_Budget_Community_03,Yokohama_Coche_Budget_0026,General Tire_Coche_Budget_0013,0.5721
Coche_|_Budget_Community_03,Bridgestone_Coche_Budget_0063,General Tire_Coche_Budget_0062,1.2208
Coche_|_Budget_Community_03,Falken_Coche_Budget_0044,General Tire_Coche_Budget_0062,0.8407
Coche_|_Budget_Community_03,Fulda_Coche_Budget_0037,General Tire_Coche_Budget_0062,0.4164
Coche_|_Budget_Community_03,Nexen_Coche_Budget_0047,General Tire_Coche_Budget_0062,0.3437
Coche_|_Budget_Community_03,Pirelli_Coche_Budget_0010,General Tire_Coche_Budget_0062,0.4136
Coche_|_Budget_Community_03,Yokohama_Coche_Budget_0026,General Tire_Coche_Budget_0062,0.1186
Coche_|_Budget_Community_03,Cooper Tires_Coche_Budget_0008,General Tire_Coche_Budget_0078,0.803
Coche_|_Budget_Community_03,Dunlop_Coche_Budget_0042,General Tire_Coche_Budget_0078,0.0688
Coche_|_Budget_Community_03,Falken_Coche_Budget_0044,General Tire_Coche_Budget_0078,0.6368
Coche_|_Budget_Community_03,Goodyear_Coche_Budget_0048,General Tire_Coche_Budget_0078,0.3621
Coche_|_Budget_Community_03,Linglong_Coche_Budget_0065,General Tire_Coche_Budget_0078,0.4014
Coche_|_Budget_Community_03,Vredestein_Coche_Budget_0074,General Tire_Coche_Budget_0078,0.1279
Coche_|_Budget_Community_03,Wanli_Coche_Budget_0027,General Tire_Coche_Budget_0078,0.2917
Coche_|_Budget_Community_03,Westlake_Coche_Budget_0076,General Tire_Coche_Budget_0078,0.1228
Coche_|_Budget_Community_03,BFGoodrich_Coche_Budget_0029,Goodyear_Coche_Budget_0019,0.0858
Coche_|_Budget_Community_03,Bridgestone_Coche_Budget_0063,Goodyear_Coche_Budget_0019,0.58
Coche_|_Budget_Community_03,Cooper Tires_Coche_Budget_0008,Goodyear_Coche_Budget_0019,0.419
Coche_|_Budget_Community_03,Dunlop_Coche_Budget_0042,Goodyear_Coche_Budget_0019,0.5637
Coche_|_Budget_Community_03,Falken_Coche_Budget_0005,Goodyear_Coche_Budget_0019,0.3477
Coche_|_Budget_Community_03,Falken_Coche_Budget_0044,Goodyear_Coche_Budget_0019,0.486
Coche_|_Budget_Community_03,General Tire_Coche_Budget_0013,Goodyear_Coche_Budget_0019,0.2556
Coche_|_Budget_Community_03,Goodyear_Coche_Budget_0048,Goodyear_Coche_Budget_0019,0.4611
Coche_|_Budget_Community_03,Cooper Tires_Coche_Budget_0008,Goodyear_Coche_Budget_0048,0.3333
Coche_|_Budget_Community_03,Dunlop_Coche_Budget_0042,Goodyear_Coche_Budget_0048,0.2261
Coche_|_Budget_Community_03,Falken_Coche_Budget_0005,Goodyear_Coche_Budget_0048,0.1936
Coche_|_Budget_Community_03,Goodyear_Coche_Budget_0054,Goodyear_Coche_Budget_0048,0.5535
Coche_|_Budget_Community_03,Linglong_Coche_Budget_0065,Goodyear_Coche_Budget_0048,0.6486
Coche_|_Budget_Community_03,Pirelli_Coche_Budget_0010,Goodyear_Coche_Budget_0048,0.9544
Coche_|_Budget_Community_03,Wanli_Coche_Budget_0027,Goodyear_Coche_Budget_0048,0.1254
Coche_|_Budget_Community_03,Yokohama_Coche_Budget_0026,Goodyear_Coche_Budget_0048,0.4469
Coche_|_Budget_Community_03,Bridgestone_Coche_Budget_0011,Goodyear_Coche_Budget_0054,0.2527
Coche_|_Budget_Community_03,Bridgestone_Coche_Budget_0036,Goodyear_Coche_Budget_0054,0.1164
Coche_|_Budget_Community_03,Cooper Tires_Coche_Budget_0008,Goodyear_Coche_Budget_0054,0.2568
Coche_|_Budget_Community_03,Dunlop_Coche_Budget_0042,Goodyear_Coche_Budget_0054,0.9422
Coche_|_Budget_Community_03,General Tire_Coche_Budget_0013,Goodyear_Coche_Budget_0054,0.4605
Coche_|_Budget_Community_03,Goodyear_Coche_Budget_0019,Goodyear_Coche_Budget_0054,0.076
Coche_|_Budget_Community_03,Nexen_Coche_Budget_0047,Goodyear_Coche_Budget_0054,0.5837
Coche_|_Budget_Community_03,Wanli_Coche_Budget_0027,Goodyear_Coche_Budget_0054,0.1464
Coche_|_Budget_Community_03,Westlake_Coche_Budget_0076,Goodyear_Coche_Budget_0054,0.1049
Coche_|_Budget_Community_03,Yokohama_Coche_Budget_0026,Goodyear_Coche_Budget_0054,0.3415
Coche_|_Budget_Community_03,Bridgestone_Coche_Budget_0011,Linglong_Coche_Budget_0065,0.5644
Coche_|_Budget_Community_03,Bridgestone_Coche_Budget_0063,Linglong_Coche_Budget_0065,0.5987
Coche_|_Budget_Community_03,Cooper Tires_Coche_Budget_0008,Linglong_Coche_Budget_0065,0.4514
Coche_|_Budget_Community_03,Fulda_Coche_Budget_0051,Linglong_Coche_Budget_0065,0.2322
Coche_|_Budget_Community_03,General Tire_Coche_Budget_0013,Linglong_Coche_Budget_0065,0.6711
Coche_|_Budget_Community_03,Pirelli_Coche_Budget_0010,Linglong_Coche_Budget_0065,0.5831
Coche_|_Budget_Community_03,Uniroyal_Coche_Budget_0072,Linglong_Coche_Budget_0065,0.1167
Coche_|_Budget_Community_03,Vredestein_Coche_Budget_0070,Linglong_Coche_Budget_0065,0.4601
Coche_|_Budget_Community_03,Bridgestone_Coche_Budget_0063,Minerva_Coche_Budget_0038,0.2364
Coche_|_Budget_Community_03,Fulda_Coche_Budget_0037,Minerva_Coche_Budget_0038,0.3177
Coche_|_Budget_Community_03,GT Radial_Coche_Budget_0077,Minerva_Coche_Budget_0038,0.8817
Coche_|_Budget_Community_03,General Tire_Coche_Budget_0078,Minerva_Coche_Budget_0038,0.3823
Coche_|_Budget_Community_03,Linglong_Coche_Budget_0065,Minerva_Coche_Budget_0038,0.4035
Coche_|_Budget_Community_03,Vredestein_Coche_Budget_0070,Minerva_Coche_Budget_0038,0.1491
Coche_|_Budget_Community_03,Westlake_Coche_Budget_0076,Minerva_Coche_Budget_0038,1.0635
Coche_|_Budget_Community_03,Cooper Tires_Coche_Budget_0008,Nexen_Coche_Budget_0047,0.6756
Coche_|_Budget_Community_03,Dunlop_Coche_Budget_0042,Nexen_Coche_Budget_0047,0.8266
Coche_|_Budget_Community_03,General Tire_Coche_Budget_0013,Nexen_Coche_Budget_0047,0.1214
Coche_|_Budget_Community_03,General Tire_Coche_Budget_0078,Nexen_Coche_Budget_0047,0.0885
Coche_|_Budget_Community_03,Goodyear_Coche_Budget_0019,Nexen_Coche_Budget_0047,0.1635
Coche_|_Budget_Community_03,Goodyear_Coche_Budget_0048,Nexen_Coche_Budget_0047,0.8609
Coche_|_Budget_Community_03,Goodyear_Coche_Budget_0054,Nexen_Coche_Budget_0047,0.1157
Coche_|_Budget_Community_03,Uniroyal_Coche_Budget_0072,Nexen_Coche_Budget_0047,0.0779
Coche_|_Budget_Community_03,Wanli_Coche_Budget_0027,Nexen_Coche_Budget_0047,0.6602
Coche_|_Budget_Community_03,Bridgestone_Coche_Budget_0011,Pirelli_Coche_Budget_0010,0.3426
Coche_|_Budget_Community_03,Bridgestone_Coche_Budget_0036,Pirelli_Coche_Budget_0010,0.2031
Coche_|_Budget_Community_03,Bridgestone_Coche_Budget_0063,Pirelli_Coche_Budget_0010,1.2025
Coche_|_Budget_Community_03,Cooper Tires_Coche_Budget_0008,Pirelli_Coche_Budget_0010,0.4338
Coche_|_Budget_Community_03,Falken_Coche_Budget_0005,Pirelli_Coche_Budget_0010,0.0739
Coche_|_Budget_Community_03,General Tire_Coche_Budget_0013,Pirelli_Coche_Budget_0010,0.2486
Coche_|_Budget_Community_03,Vredestein_Coche_Budget_0074,Pirelli_Coche_Budget_0010,0.5321
Coche_|_Budget_Community_03,Bridgestone_Coche_Budget_0011,Uniroyal_Coche_Budget_0072,0.4481
Coche_|_Budget_Community_03,Cooper Tires_Coche_Budget_0008,Uniroyal_Coche_Budget_0072,0.1395
Coche_|_Budget_Community_03,Falken_Coche_Budget_0044,Uniroyal_Coche_Budget_0072,0.2001
Coche_|_Budget_Community_03,Fulda_Coche_Budget_0037,Uniroyal_Coche_Budget_0072,0.6301
Coche_|_Budget_Community_03,General Tire_Coche_Budget_0078,Uniroyal_Coche_Budget_0072,0.2168
Coche_|_Budget_Community_03,Goodyear_Coche_Budget_0054,Uniroyal_Coche_Budget_0072,0.4586
Coche_|_Budget_Community_03,Minerva_Coche_Budget_0038,Uniroyal_Coche_Budget_0072,0.4393
Coche_|_Budget_Community_03,Nexen_Coche_Budget_0047,Uniroyal_Coche_Budget_0072,0.472
Coche_|_Budget_Community_03,Yokohama_Coche_Budget_0026,Uniroyal_Coche_Budget_0072,0.194
Coche_|_Budget_Community_03,BFGoodrich_Coche_Budget_0029,Vredestein_Coche_Budget_0070,0.8443
Coche_|_Budget_Community_03,GT Radial_Coche_Budget_0077,Vredestein_Coche_Budget_0070,0.2615
Coche_|_Budget_Community_03,General Tire_Coche_Budget_0013,Vredestein_Coche_Budget_0070,0.5142
Coche_|_Budget_Community_03,General Tire_Coche_Budget_0062,Vredestein_Coche_Budget_0070,0.6856
Coche_|_Budget_Community_03,Nexen_Coche_Budget_0047,Vredestein_Coche_Budget_0070,0.373
Coche_|_Budget_Community_03,Uniroyal_Coche_Budget_0072,Vredestein_Coche_Budget_0070,0.0887
Coche_|_Budget_Community_03,Vredestein_Coche_Budget_0074,Vredestein_Coche_Budget_0070,0.2827
Coche_|_Budget_Community_03,Westlake_Coche_Budget_0076,Vredestein_Coche_Budget_0070,0.2432
Coche_|_Budget_Community_03,BFGoodrich_Coche_Budget_0029,Vredestein_Coche_Budget_0074,0.1582
Coche_|_Budget_Community_03,Dunlop_Coche_Budget_0042,Vredestein_Coche_Budget_0074,0.8055
Coche_|_Budget_Community_03,Falken_Coche_Budget_0005,Vredestein_Coche_Budget_0074,0.3196
Coche_|_Budget_Community_03,Falken_Coche_Budget_0044,Vredestein_Coche_Budget_0074,1.0392
Coche_|_Budget_Community_03,General Tire_Coche_Budget_0078,Vredestein_Coche_Budget_0074,0.1018
Coche_|_Budget_Community_03,Goodyear_Coche_Budget_0019,Vredestein_Coche_Budget_0074,0.1281
Coche_|_Budget_Community_03,Nexen_Coche_Budget_0047,Vredestein_Coche_Budget_0074,0.5773
Coche_|_Budget_Community_03,Pirelli_Coche_Budget_0010,Vredestein_Coche_Budget_0074,0.4761
Coche_|_Budget_Community_03,Bridgestone_Coche_Budget_0011,Wanli_Coche_Budget_0027,0.895
Coche_|_Budget_Community_03,Bridgestone_Coche_Budget_0036,Wanli_Coche_Budget_0027,0.9557
Coche_|_Budget_Community_03,Cooper Tires_Coche_Budget_0008,Wanli_Coche_Budget_0027,0.2512
Coche_|_Budget_Community_03,Falken_Coche_Budget_0005,Wanli_Coche_Budget_0027,0.0825
Coche_|_Budget_Community_03,General Tire_Coche_Budget_0078,Wanli_Coche_Budget_0027,0.1735
Coche_|_Budget_Community_03,Goodyear_Coche_Budget_0054,Wanli_Coche_Budget_0027,0.1841
Coche_|_Budget_Community_03,Linglong_Coche_Budget_0065,Wanli_Coche_Budget_0027,0.0816
Coche_|_Budget_Community_03,Nexen_Coche_Budget_0047,Wanli_Coche_Budget_0027,0.4424
Coche_|_Budget_Community_03,Vredestein_Coche_Budget_0070,Wanli_Coche_Budget_0027,0.1924
Coche_|_Budget_Community_03,Bridgestone_Coche_Budget_0036,Westlake_Coche_Budget_0076,1.2305
Coche_|_Budget_Community_03,Bridgestone_Coche_Budget_0063,Westlake_Coche_Budget_0076,0.1116
Coche_|_Budget_Community_03,Cooper Tires_Coche_Budget_0008,Westlake_Coche_Budget_0076,0.485
Coche_|_Budget_Community_03,Fulda_Coche_Budget_0037,Westlake_Coche_Budget_0076,0.2375
Coche_|_Budget_Community_03,Goodyear_Coche_Budget_0054,Westlake_Coche_Budget_0076,0.157
Coche_|_Budget_Community_03,Linglong_Coche_Budget_0065,Westlake_Coche_Budget_0076,0.7613
Coche_|_Budget_Community_03,Nexen_Coche_Budget_0047,Westlake_Coche_Budget_0076,0.2599
Coche_|_Budget_Community_03,Pirelli_Coche_Budget_0010,Westlake_Coche_Budget_0076,0.3396
Coche_|_Budget_Community_03,BFGoodrich_Coche_Budget_0029,Yokohama_Coche_Budget_0026,0.2488
Coche_|_Budget_Community_03,Falken_Coche_Budget_0005,Yokohama_Coche_Budget_0026,0.6332
Coche_|_Budget_Community_03,Falken_Coche_Budget_0044,Yokohama_Coche_Budget_0026,0.6892
Coche_|_Budget_Community_03,Goodyear_Coche_Budget_0019,Yokohama_Coche_Budget_0026,0.5262
Coche_|_Budget_Community_03,Linglong_Coche_Budget_0065,Yokohama_Coche_Budget_0026,0.3209
Coche_|_Budget_Community_03,Minerva_Coche_Budget_0038,Yokohama_Coche_Budget_0026,0.6689
Coche_|_Budget_Community_03,Vredestein_Coche_Budget_0070,Yokohama_Coche_Budget_0026,0.164
Coche_|_Eco_Community_01,Falken_Coche_Eco_0032,BFGoodrich_Coche_Eco_0027,0.2643
Coche_|_Eco_Community_01,Fulda_Coche_Eco_0065,BFGoodrich_Coche_Eco_0027,0.209
Coche_|_Eco_Community_01,Linglong_Coche_Eco_0059,BFGoodrich_Coche_Eco_0027,0.1962
Coche_|_Eco_Community_01,Michelin_Coche_Eco_0015,BFGoodrich_Coche_Eco_0027,0.3804
Coche_|_Eco_Community_01,Nexen_Coche_Eco_0060,BFGoodrich_Coche_Eco_0027,0.377
Coche_|_Eco_Community_01,Triangle_Coche_Eco_0030,BFGoodrich_Coche_Eco_0027,0.3455
Coche_|_Eco_Community_01,Uniroyal_Coche_Eco_0017,BFGoodrich_Coche_Eco_0027,0.3464
Coche_|_Eco_Community_01,Wanli_Coche_Eco_0001,BFGoodrich_Coche_Eco_0027,0.0561
Coche_|_Eco_Community_01,BFGoodrich_Coche_Eco_0071,BFGoodrich_Coche_Eco_0035,0.2674
Coche_|_Eco_Community_01,Continental_Coche_Eco_0057,BFGoodrich_Coche_Eco_0035,0.1147
Coche_|_Eco_Community_01,General Tire_Coche_Eco_0046,BFGoodrich_Coche_Eco_0035,0.5812
Coche_|_Eco_Community_01,Hankook_Coche_Eco_0003,BFGoodrich_Coche_Eco_0035,0.7031
Coche_|_Eco_Community_01,Roadmarch_Coche_Eco_0050,BFGoodrich_Coche_Eco_0035,0.0658
Coche_|_Eco_Community_01,Triangle_Coche_Eco_0030,BFGoodrich_Coche_Eco_0035,0.4777
Coche_|_Eco_Community_01,Falken_Coche_Eco_0032,BFGoodrich_Coche_Eco_0069,0.1622
Coche_|_Eco_Community_01,Fulda_Coche_Eco_0023,BFGoodrich_Coche_Eco_0069,0.3598
Coche_|_Eco_Community_01,Michelin_Coche_Eco_0053,BFGoodrich_Coche_Eco_0069,0.2828
Coche_|_Eco_Community_01,Tomket_Coche_Eco_0034,BFGoodrich_Coche_Eco_0069,0.2432
Coche_|_Eco_Community_01,Tomket_Coche_Eco_0037,BFGoodrich_Coche_Eco_0069,0.5837
Coche_|_Eco_Community_01,Uniroyal_Coche_Eco_0017,BFGoodrich_Coche_Eco_0069,0.2518
Coche_|_Eco_Community_01,Wanli_Coche_Eco_0001,BFGoodrich_Coche_Eco_0069,0.2002
Coche_|_Eco_Community_01,BFGoodrich_Coche_Eco_0027,BFGoodrich_Coche_Eco_0071,0.9801
Coche_|_Eco_Community_01,Continental_Coche_Eco_0070,BFGoodrich_Coche_Eco_0071,0.2465
Coche_|_Eco_Community_01,Firestone_Coche_Eco_0048,BFGoodrich_Coche_Eco_0071,0.347
Coche_|_Eco_Community_01,Nexen_Coche_Eco_0051,BFGoodrich_Coche_Eco_0071,0.2687
Coche_|_Eco_Community_01,Triangle_Coche_Eco_0030,BFGoodrich_Coche_Eco_0071,0.3592
Coche_|_Eco_Community_01,BFGoodrich_Coche_Eco_0069,Continental_Coche_Eco_0012,0.242
Coche_|_Eco_Community_01,BFGoodrich_Coche_Eco_0071,Continental_Coche_Eco_0012,0.2117
Coche_|_Eco_Community_01,Falken_Coche_Eco_0032,Continental_Coche_Eco_0012,0.2711
Coche_|_Eco_Community_01,Firestone_Coche_Eco_0048,Continental_Coche_Eco_0012,0.4863
Coche_|_Eco_Community_01,Hankook_Coche_Eco_0003,Continental_Coche_Eco_0012,0.3723
Coche_|_Eco_Community_01,Nexen_Coche_Eco_0051,Continental_Coche_Eco_0012,0.2505
Coche_|_Eco_Community_01,Roadmarch_Coche_Eco_0076,Continental_Coche_Eco_0012,0.2392
Coche_|_Eco_Community_01,Continental_Coche_Eco_0057,Continental_Coche_Eco_0024,0.2656
Coche_|_Eco_Community_01,Falken_Coche_Eco_0077,Continental_Coche_Eco_0024,0.0887
Coche_|_Eco_Community_01,Firestone_Coche_Eco_0048,Continental_Coche_Eco_0024,0.2341
Coche_|_Eco_Community_01,Firestone_Coche_Eco_0068,Continental_Coche_Eco_0024,0.3735
Coche_|_Eco_Community_01,Hifly_Coche_Eco_0019,Continental_Coche_Eco_0024,0.4209
Coche_|_Eco_Community_01,Roadmarch_Coche_Eco_0050,Continental_Coche_Eco_0024,0.3389
Coche_|_Eco_Community_01,Roadmarch_Coche_Eco_0076,Continental_Coche_Eco_0024,0.1087
Coche_|_Eco_Community_01,Triangle_Coche_Eco_0004,Continental_Coche_Eco_0024,0.3736
Coche_|_Eco_Community_01,Continental_Coche_Eco_0070,Continental_Coche_Eco_0055,0.4295
Coche_|_Eco_Community_01,Roadmarch_Coche_Eco_0076,Continental_Coche_Eco_0055,0.2436
Coche_|_Eco_Community_01,Tomket_Coche_Eco_0034,Continental_Coche_Eco_0055,0.6878
Coche_|_Eco_Community_01,Uniroyal_Coche_Eco_0017,Continental_Coche_Eco_0055,0.6168
Coche_|_Eco_Community_01,Cooper Tires_Coche_Eco_0043,Continental_Coche_Eco_0057,0.4886
Coche_|_Eco_Community_01,Hankook_Coche_Eco_0045,Continental_Coche_Eco_0057,0.123
Coche_|_Eco_Community_01,Hifly_Coche_Eco_0019,Continental_Coche_Eco_0057,0.1102
Coche_|_Eco_Community_01,Linglong_Coche_Eco_0025,Continental_Coche_Eco_0057,0.1667
Coche_|_Eco_Community_01,Michelin_Coche_Eco_0053,Continental_Coche_Eco_0057,0.1373
Coche_|_Eco_Community_01,Roadmarch_Coche_Eco_0076,Continental_Coche_Eco_0057,0.897
Coche_|_Eco_Community_01,Uniroyal_Coche_Eco_0017,Continental_Coche_Eco_0057,0.1689
Coche_|_Eco_Community_01,BFGoodrich_Coche_Eco_0027,Continental_Coche_Eco_0070,0.2272
Coche_|_Eco_Community_01,BFGoodrich_Coche_Eco_0071,Continental_Coche_Eco_0070,0.6477
Coche_|_Eco_Community_01,Firestone_Coche_Eco_0068,Continental_Coche_Eco_0070,0.5905
Coche_|_Eco_Community_01,General Tire_Coche_Eco_0046,Continental_Coche_Eco_0070,0.3737
Coche_|_Eco_Community_01,Wanli_Coche_Eco_0001,Continental_Coche_Eco_0070,0.3904
Coche_|_Eco_Community_01,BFGoodrich_Coche_Eco_0071,Cooper Tires_Coche_Eco_0043,0.2775
Coche_|_Eco_Community_01,Falken_Coche_Eco_0032,Cooper Tires_Coche_Eco_0043,0.2204
Coche_|_Eco_Community_01,Hifly_Coche_Eco_0019,Cooper Tires_Coche_Eco_0043,0.071
Coche_|_Eco_Community_01,Linglong_Coche_Eco_0025,Cooper Tires_Coche_Eco_0043,0.9003
Coche_|_Eco_Community_01,Tomket_Coche_Eco_0034,Cooper Tires_Coche_Eco_0043,0.3845
Coche_|_Eco_Community_01,Tomket_Coche_Eco_0037,Cooper Tires_Coche_Eco_0043,0.4294
Coche_|_Eco_Community_01,BFGoodrich_Coche_Eco_0071,Falken_Coche_Eco_0032,0.5297
Coche_|_Eco_Community_01,Hankook_Coche_Eco_0045,Falken_Coche_Eco_0032,0.4697
Coche_|_Eco_Community_01,Tomket_Coche_Eco_0034,Falken_Coche_Eco_0032,0.7532
Coche_|_Eco_Community_01,Uniroyal_Coche_Eco_0056,Falken_Coche_Eco_0032,0.5259
Coche_|_Eco_Community_01,Hifly_Coche_Eco_0019,Falken_Coche_Eco_0077,0.1172
Coche_|_Eco_Community_01,Roadmarch_Coche_Eco_0066,Falken_Coche_Eco_0077,0.1697
Coche_|_Eco_Community_01,Tomket_Coche_Eco_0034,Falken_Coche_Eco_0077,0.7518
Coche_|_Eco_Community_01,Tomket_Coche_Eco_0037,Falken_Coche_Eco_0077,1.2186
Coche_|_Eco_Community_01,Continental_Coche_Eco_0024,Firestone_Coche_Eco_0048,0.5573
Coche_|_Eco_Community_01,Fulda_Coche_Eco_0023,Firestone_Coche_Eco_0048,0.2983
Coche_|_Eco_Community_01,Fulda_Coche_Eco_0065,Firestone_Coche_Eco_0048,0.8074
Coche_|_Eco_Community_01,Hankook_Coche_Eco_0045,Firestone_Coche_Eco_0048,0.3542
Coche_|_Eco_Community_01,Toyo Tires_Coche_Eco_0026,Firestone_Coche_Eco_0048,0.0764
Coche_|_Eco_Community_01,Tracmax_Coche_Eco_0020,Firestone_Coche_Eco_0048,0.163
Coche_|_Eco_Community_01,Continental_Coche_Eco_0055,Firestone_Coche_Eco_0064,0.2964
Coche_|_Eco_Community_01,Falken_Coche_Eco_0077,Firestone_Coche_Eco_0064,0.1696
Coche_|_Eco_Community_01,Firestone_Coche_Eco_0068,Firestone_Coche_Eco_0064,0.4045
Coche_|_Eco_Community_01,Michelin_Coche_Eco_0015,Firestone_Coche_Eco_0064,0.6374
Coche_|_Eco_Community_01,Triangle_Coche_Eco_0004,Firestone_Coche_Eco_0064,0.0772
Coche_|_Eco_Community_01,Vredestein_Coche_Eco_0073,Firestone_Coche_Eco_0064,0.5291
Coche_|_Eco_Community_01,BFGoodrich_Coche_Eco_0071,Firestone_Coche_Eco_0068,0.1696
Coche_|_Eco_Community_01,Continental_Coche_Eco_0012,Firestone_Coche_Eco_0068,0.84
Coche_|_Eco_Community_01,Continental_Coche_Eco_0057,Firestone_Coche_Eco_0068,0.1153
Coche_|_Eco_Community_01,Cooper Tires_Coche_Eco_0043,Firestone_Coche_Eco_0068,0.5309
Coche_|_Eco_Community_01,Linglong_Coche_Eco_0059,Firestone_Coche_Eco_0068,0.1215
Coche_|_Eco_Community_01,Nexen_Coche_Eco_0060,Firestone_Coche_Eco_0068,0.0938
Coche_|_Eco_Community_01,Roadmarch_Coche_Eco_0050,Firestone_Coche_Eco_0068,0.1318
Coche_|_Eco_Community_01,Tomket_Coche_Eco_0037,Firestone_Coche_Eco_0068,0.0991
Coche_|_Eco_Community_01,Continental_Coche_Eco_0057,Fulda_Coche_Eco_0023,0.0938
Coche_|_Eco_Community_01,Firestone_Coche_Eco_0064,Fulda_Coche_Eco_0023,0.5265
Coche_|_Eco_Community_01,Linglong_Coche_Eco_0059,Fulda_Coche_Eco_0023,0.3091
Coche_|_Eco_Community_01,Roadmarch_Coche_Eco_0050,Fulda_Coche_Eco_0023,0.7107
Coche_|_Eco_Community_01,Sailun_Coche_Eco_0047,Fulda_Coche_Eco_0023,0.2786
Coche_|_Eco_Community_01,Triangle_Coche_Eco_0004,Fulda_Coche_Eco_0023,0.1776
Coche_|_Eco_Community_01,Vredestein_Coche_Eco_0073,Fulda_Coche_Eco_0023,0.1483
Coche_|_Eco_Community_01,Continental_Coche_Eco_0057,Fulda_Coche_Eco_0065,0.1128
Coche_|_Eco_Community_01,Firestone_Coche_Eco_0064,Fulda_Coche_Eco_0065,0.4473
Coche_|_Eco_Community_01,General Tire_Coche_Eco_0046,Fulda_Coche_Eco_0065,0.7774
Coche_|_Eco_Community_01,Michelin_Coche_Eco_0053,Fulda_Coche_Eco_0065,0.0505
Coche_|_Eco_Community_01,Roadmarch_Coche_Eco_0050,Fulda_Coche_Eco_0065,0.3407
Coche_|_Eco_Community_01,Wanli_Coche_Eco_0001,Fulda_Coche_Eco_0065,0.2429
Coche_|_Eco_Community_01,BFGoodrich_Coche_Eco_0071,General Tire_Coche_Eco_0046,0.3771
Coche_|_Eco_Community_01,Firestone_Coche_Eco_0048,General Tire_Coche_Eco_0046,0.1654
Coche_|_Eco_Community_01,Hifly_Coche_Eco_0019,General Tire_Coche_Eco_0046,0.6524
Coche_|_Eco_Community_01,Linglong_Coche_Eco_0059,General Tire_Coche_Eco_0046,0.8343
Coche_|_Eco_Community_01,Nexen_Coche_Eco_0051,General Tire_Coche_Eco_0046,0.1712
Coche_|_Eco_Community_01,BFGoodrich_Coche_Eco_0027,Hankook_Coche_Eco_0003,0.4222
Coche_|_Eco_Community_01,Continental_Coche_Eco_0012,Hankook_Coche_Eco_0003,0.7224
Coche_|_Eco_Community_01,Firestone_Coche_Eco_0068,Hankook_Coche_Eco_0003,0.3049
Coche_|_Eco_Community_01,Uniroyal_Coche_Eco_0056,Hankook_Coche_Eco_0003,0.1492
Coche_|_Eco_Community_01,Wanli_Coche_Eco_0001,Hankook_Coche_Eco_0003,0.4297
Coche_|_Eco_Community_01,Continental_Coche_Eco_0024,Hankook_Coche_Eco_0045,0.118
Coche_|_Eco_Community_01,Continental_Coche_Eco_0055,Hankook_Coche_Eco_0045,1.3139
Coche_|_Eco_Community_01,Fulda_Coche_Eco_0023,Hankook_Coche_Eco_0045,0.3001
Coche_|_Eco_Community_01,Linglong_Coche_Eco_0059,Hankook_Coche_Eco_0045,0.256
Coche_|_Eco_Community_01,Uniroyal_Coche_Eco_0056,Hankook_Coche_Eco_0045,0.2225
Coche_|_Eco_Community_01,Falken_Coche_Eco_0077,Hifly_Coche_Eco_0019,0.2068
Coche_|_Eco_Community_01,Hankook_Coche_Eco_0045,Hifly_Coche_Eco_0019,0.0924
Coche_|_Eco_Community_01,Michelin_Coche_Eco_0053,Hifly_Coche_Eco_0019,0.0732
Coche_|_Eco_Community_01,Roadmarch_Coche_Eco_0076,Hifly_Coche_Eco_0019,0.3072
Coche_|_Eco_Community_01,Tracmax_Coche_Eco_0020,Hifly_Coche_Eco_0019,0.6548
Coche_|_Eco_Community_01,Uniroyal_Coche_Eco_0017,Hifly_Coche_Eco_0019,0.6451
Coche_|_Eco_Community_01,Fulda_Coche_Eco_0065,Linglong_Coche_Eco_0025,0.6245
Coche_|_Eco_Community_01,Michelin_Coche_Eco_0015,Linglong_Coche_Eco_0025,0.1226
Coche_|_Eco_Community_01,Nexen_Coche_Eco_0060,Linglong_Coche_Eco_0025,0.0718
Coche_|_Eco_Community_01,Sailun_Coche_Eco_0047,Linglong_Coche_Eco_0025,0.3761
Coche_|_Eco_Community_01,Tomket_Coche_Eco_0034,Linglong_Coche_Eco_0025,0.6097
Coche_|_Eco_Community_01,Tracmax_Coche_Eco_0020,Linglong_Coche_Eco_0025,0.0534
Coche_|_Eco_Community_01,Uniroyal_Coche_Eco_0017,Linglong_Coche_Eco_0025,0.072
Coche_|_Eco_Community_01,Wanli_Coche_Eco_0001,Linglong_Coche_Eco_0025,0.1281
Coche_|_Eco_Community_01,BFGoodrich_Coche_Eco_0071,Linglong_Coche_Eco_0059,0.4075
Coche_|_Eco_Community_01,Continental_Coche_Eco_0012,Linglong_Coche_Eco_0059,0.1685
Coche_|_Eco_Community_01,Firestone_Coche_Eco_0068,Linglong_Coche_Eco_0059,0.1011
Coche_|_Eco_Community_01,Michelin_Coche_Eco_0053,Linglong_Coche_Eco_0059,0.3168
Coche_|_Eco_Community_01,Tracmax_Coche_Eco_0020,Linglong_Coche_Eco_0059,0.7588
Coche_|_Eco_Community_01,Wanli_Coche_Eco_0001,Linglong_Coche_Eco_0059,0.3235
Coche_|_Eco_Community_01,BFGoodrich_Coche_Eco_0035,Michelin_Coche_Eco_0015,0.0513
Coche_|_Eco_Community_01,Continental_Coche_Eco_0070,Michelin_Coche_Eco_0015,0.3143
Coche_|_Eco_Community_01,Falken_Coche_Eco_0032,Michelin_Coche_Eco_0015,0.2205
Coche_|_Eco_Community_01,Firestone_Coche_Eco_0048,Michelin_Coche_Eco_0015,0.2568
Coche_|_Eco_Community_01,Michelin_Coche_Eco_0053,Michelin_Coche_Eco_0015,0.6862
Coche_|_Eco_Community_01,Nexen_Coche_Eco_0051,Michelin_Coche_Eco_0015,0.0508
Coche_|_Eco_Community_01,Sailun_Coche_Eco_0047,Michelin_Coche_Eco_0015,0.3619
Coche_|_Eco_Community_01,Vredestein_Coche_Eco_0073,Michelin_Coche_Eco_0015,0.2846
Coche_|_Eco_Community_01,Continental_Coche_Eco_0057,Michelin_Coche_Eco_0053,0.2159
Coche_|_Eco_Community_01,Cooper Tires_Coche_Eco_0043,Michelin_Coche_Eco_0053,0.3362
Coche_|_Eco_Community_01,Falken_Coche_Eco_0032,Michelin_Coche_Eco_0053,0.3036
Coche_|_Eco_Community_01,Hankook_Coche_Eco_0003,Michelin_Coche_Eco_0053,0.3536
Coche_|_Eco_Community_01,Hifly_Coche_Eco_0019,Michelin_Coche_Eco_0053,0.1234
Coche_|_Eco_Community_01,Linglong_Coche_Eco_0025,Michelin_Coche_Eco_0053,0.1127
Coche_|_Eco_Community_01,Tomket_Coche_Eco_0037,Michelin_Coche_Eco_0053,0.0512
Coche_|_Eco_Community_01,Triangle_Coche_Eco_0030,Michelin_Coche_Eco_0053,0.2571
Coche_|_Eco_Community_01,Wanli_Coche_Eco_0001,Michelin_Coche_Eco_0053,0.4485
Coche_|_Eco_Community_01,BFGoodrich_Coche_Eco_0071,Nexen_Coche_Eco_0051,0.1342
Coche_|_Eco_Community_01,Continental_Coche_Eco_0012,Nexen_Coche_Eco_0051,0.3734
Coche_|_Eco_Community_01,Cooper Tires_Coche_Eco_0043,Nexen_Coche_Eco_0051,0.2802
Coche_|_Eco_Community_01,Firestone_Coche_Eco_0064,Nexen_Coche_Eco_0051,0.2805
Coche_|_Eco_Community_01,Firestone_Coche_Eco_0068,Nexen_Coche_Eco_0051,0.0833
Coche_|_Eco_Community_01,Nexen_Coche_Eco_0060,Nexen_Coche_Eco_0051,0.1503
Coche_|_Eco_Community_01,Roadmarch_Coche_Eco_0076,Nexen_Coche_Eco_0051,0.1837
Coche_|_Eco_Community_01,Tracmax_Coche_Eco_0020,Nexen_Coche_Eco_0051,0.3645
Coche_|_Eco_Community_01,Uniroyal_Coche_Eco_0017,Nexen_Coche_Eco_0051,0.2766
Coche_|_Eco_Community_01,BFGoodrich_Coche_Eco_0035,Nexen_Coche_Eco_0060,0.2477
Coche_|_Eco_Community_01,BFGoodrich_Coche_Eco_0069,Nexen_Coche_Eco_0060,0.6831
Coche_|_Eco_Community_01,Hankook_Coche_Eco_0003,Nexen_Coche_Eco_0060,0.2321
Coche_|_Eco_Community_01,Roadmarch_Coche_Eco_0066,Nexen_Coche_Eco_0060,0.5668
Coche_|_Eco_Community_01,Tomket_Coche_Eco_0037,Nexen_Coche_Eco_0060,0.4549
Coche_|_Eco_Community_01,BFGoodrich_Coche_Eco_0035,Roadmarch_Coche_Eco_0050,0.7523
Coche_|_Eco_Community_01,Falken_Coche_Eco_0077,Roadmarch_Coche_Eco_0050,0.2779
Coche_|_Eco_Community_01,Nexen_Coche_Eco_0051,Roadmarch_Coche_Eco_0050,0.1348
Coche_|_Eco_Community_01,Tomket_Coche_Eco_0034,Roadmarch_Coche_Eco_0050,0.5094
Coche_|_Eco_Community_01,Triangle_Coche_Eco_0030,Roadmarch_Coche_Eco_0050,0.4637
Coche_|_Eco_Community_01,BFGoodrich_Coche_Eco_0027,Roadmarch_Coche_Eco_0066,0.0689
Coche_|_Eco_Community_01,Firestone_Coche_Eco_0064,Roadmarch_Coche_Eco_0066,0.3728
Coche_|_Eco_Community_01,Roadmarch_Coche_Eco_0050,Roadmarch_Coche_Eco_0066,0.4194
Coche_|_Eco_Community_01,Tomket_Coche_Eco_0037,Roadmarch_Coche_Eco_0066,0.1218
Coche_|_Eco_Community_01,Toyo Tires_Coche_Eco_0026,Roadmarch_Coche_Eco_0066,0.0692
Coche_|_Eco_Community_01,Vredestein_Coche_Eco_0073,Roadmarch_Coche_Eco_0066,0.2504
Coche_|_Eco_Community_01,Wanli_Coche_Eco_0001,Roadmarch_Coche_Eco_0066,0.8526
Coche_|_Eco_Community_01,Continental_Coche_Eco_0070,Roadmarch_Coche_Eco_0076,0.7225
Coche_|_Eco_Community_01,Firestone_Coche_Eco_0048,Roadmarch_Coche_Eco_0076,0.5816
Coche_|_Eco_Community_01,Firestone_Coche_Eco_0068,Roadmarch_Coche_Eco_0076,0.097
Coche_|_Eco_Community_01,Linglong_Coche_Eco_0059,Roadmarch_Coche_Eco_0076,0.0712
Coche_|_Eco_Community_01,Triangle_Coche_Eco_0030,Roadmarch_Coche_Eco_0076,0.1719
Coche_|_Eco_Community_01,Wanli_Coche_Eco_0001,Roadmarch_Coche_Eco_0076,0.6219
Coche_|_Eco_Community_01,BFGoodrich_Coche_Eco_0071,Sailun_Coche_Eco_0047,0.9821
Coche_|_Eco_Community_01,Continental_Coche_Eco_0055,Sailun_Coche_Eco_0047,0.3912
Coche_|_Eco_Community_01,Hankook_Coche_Eco_0045,Sailun_Coche_Eco_0047,0.1003
Coche_|_Eco_Community_01,Uniroyal_Coche_Eco_0056,Sailun_Coche_Eco_0047,0.2601
Coche_|_Eco_Community_01,Vredestein_Coche_Eco_0073,Sailun_Coche_Eco_0047,0.4132
Coche_|_Eco_Community_01,BFGoodrich_Coche_Eco_0071,Tomket_Coche_Eco_0034,0.5354
Coche_|_Eco_Community_01,Continental_Coche_Eco_0057,Tomket_Coche_Eco_0034,0.1869
Coche_|_Eco_Community_01,Fulda_Coche_Eco_0023,Tomket_Coche_Eco_0034,0.4204
Coche_|_Eco_Community_01,Hankook_Coche_Eco_0003,Tomket_Coche_Eco_0034,0.0588
Coche_|_Eco_Community_01,Linglong_Coche_Eco_0025,Tomket_Coche_Eco_0034,0.3586
Coche_|_Eco_Community_01,Uniroyal_Coche_Eco_0017,Tomket_Coche_Eco_0034,0.4925
Coche_|_Eco_Community_01,Wanli_Coche_Eco_0001,Tomket_Coche_Eco_0034,0.3171
Coche_|_Eco_Community_01,Continental_Coche_Eco_0012,Tomket_Coche_Eco_0037,0.7646
Coche_|_Eco_Community_01,Continental_Coche_Eco_0024,Tomket_Coche_Eco_0037,0.3063
Coche_|_Eco_Community_01,Hifly_Coche_Eco_0019,Tomket_Coche_Eco_0037,0.4615
Coche_|_Eco_Community_01,Roadmarch_Coche_Eco_0076,Tomket_Coche_Eco_0037,0.3406
Coche_|_Eco_Community_01,Triangle_Coche_Eco_0004,Tomket_Coche_Eco_0037,0.1789
Coche_|_Eco_Community_01,BFGoodrich_Coche_Eco_0035,Toyo Tires_Coche_Eco_0026,0.1195
Coche_|_Eco_Community_01,Fulda_Coche_Eco_0023,Toyo Tires_Coche_Eco_0026,0.0985
Coche_|_Eco_Community_01,Hankook_Coche_Eco_0045,Toyo Tires_Coche_Eco_0026,0.3963
Coche_|_Eco_Community_01,Michelin_Coche_Eco_0015,Toyo Tires_Coche_Eco_0026,0.0848
Coche_|_Eco_Community_01,Nexen_Coche_Eco_0051,Toyo Tires_Coche_Eco_0026,0.0897
Coche_|_Eco_Community_01,Roadmarch_Coche_Eco_0050,Toyo Tires_Coche_Eco_0026,0.4889
Coche_|_Eco_Community_01,Roadmarch_Coche_Eco_0066,Toyo Tires_Coche_Eco_0026,0.7609
Coche_|_Eco_Community_01,Tomket_Coche_Eco_0034,Toyo Tires_Coche_Eco_0026,0.148
Coche_|_Eco_Community_01,Triangle_Coche_Eco_0004,Toyo Tires_Coche_Eco_0026,0.0547
Coche_|_Eco_Community_01,Continental_Coche_Eco_0055,Tracmax_Coche_Eco_0020,0.0887
Coche_|_Eco_Community_01,Cooper Tires_Coche_Eco_0043,Tracmax_Coche_Eco_0020,0.1847
Coche_|_Eco_Community_01,Falken_Coche_Eco_0032,Tracmax_Coche_Eco_0020,0.5319
Coche_|_Eco_Community_01,Linglong_Coche_Eco_0025,Tracmax_Coche_Eco_0020,0.5663
Coche_|_Eco_Community_01,Michelin_Coche_Eco_0053,Tracmax_Coche_Eco_0020,0.2314
Coche_|_Eco_Community_01,Nexen_Coche_Eco_0051,Tracmax_Coche_Eco_0020,0.5334
Coche_|_Eco_Community_01,BFGoodrich_Coche_Eco_0035,Triangle_Coche_Eco_0004,0.6156
Coche_|_Eco_Community_01,Firestone_Coche_Eco_0064,Triangle_Coche_Eco_0004,0.2787
Coche_|_Eco_Community_01,Nexen_Coche_Eco_0051,Triangle_Coche_Eco_0004,0.0588
Coche_|_Eco_Community_01,Tomket_Coche_Eco_0034,Triangle_Coche_Eco_0004,0.231
Coche_|_Eco_Community_01,Tomket_Coche_Eco_0037,Triangle_Coche_Eco_0004,0.2555
Coche_|_Eco_Community_01,Tracmax_Coche_Eco_0020,Triangle_Coche_Eco_0004,0.4467
Coche_|_Eco_Community_01,Uniroyal_Coche_Eco_0017,Triangle_Coche_Eco_0004,0.2747
Coche_|_Eco_Community_01,Continental_Coche_Eco_0024,Triangle_Coche_Eco_0030,0.3781
Coche_|_Eco_Community_01,Falken_Coche_Eco_0077,Triangle_Coche_Eco_0030,0.1491
Coche_|_Eco_Community_01,Firestone_Coche_Eco_0064,Triangle_Coche_Eco_0030,0.4881
Coche_|_Eco_Community_01,Firestone_Coche_Eco_0068,Triangle_Coche_Eco_0030,0.095
Coche_|_Eco_Community_01,Hankook_Coche_Eco_0045,Triangle_Coche_Eco_0030,0.1658
Coche_|_Eco_Community_01,Roadmarch_Coche_Eco_0066,Triangle_Coche_Eco_0030,0.4229
Coche_|_Eco_Community_01,Tomket_Coche_Eco_0034,Triangle_Coche_Eco_0030,0.0548
Coche_|_Eco_Community_01,Triangle_Coche_Eco_0004,Triangle_Coche_Eco_0030,0.3854
Coche_|_Eco_Community_01,Firestone_Coche_Eco_0064,Uniroyal_Coche_Eco_0017,0.1818
Coche_|_Eco_Community_01,Firestone_Coche_Eco_0068,Uniroyal_Coche_Eco_0017,0.1445
Coche_|_Eco_Community_01,Tomket_Coche_Eco_0037,Uniroyal_Coche_Eco_0017,0.1798
Coche_|_Eco_Community_01,Tracmax_Coche_Eco_0020,Uniroyal_Coche_Eco_0017,0.3829
Coche_|_Eco_Community_01,Wanli_Coche_Eco_0001,Uniroyal_Coche_Eco_0017,1.3489
Coche_|_Eco_Community_01,Continental_Coche_Eco_0055,Uniroyal_Coche_Eco_0056,0.226
Coche_|_Eco_Community_01,Continental_Coche_Eco_0070,Uniroyal_Coche_Eco_0056,0.1084
Coche_|_Eco_Community_01,Hankook_Coche_Eco_0003,Uniroyal_Coche_Eco_0056,0.4199
Coche_|_Eco_Community_01,Hifly_Coche_Eco_0019,Uniroyal_Coche_Eco_0056,1.2408
Coche_|_Eco_Community_01,Toyo Tires_Coche_Eco_0026,Uniroyal_Coche_Eco_0056,0.2685
Coche_|_Eco_Community_01,BFGoodrich_Coche_Eco_0027,Vredestein_Coche_Eco_0073,0.5452
Coche_|_Eco_Community_01,BFGoodrich_Coche_Eco_0069,Vredestein_Coche_Eco_0073,0.3331
Coche_|_Eco_Community_01,Continental_Coche_Eco_0057,Vredestein_Coche_Eco_0073,0.0589
Coche_|_Eco_Community_01,Firestone_Coche_Eco_0068,Vredestein_Coche_Eco_0073,0.3461
Coche_|_Eco_Community_01,Hankook_Coche_Eco_0003,Vredestein_Coche_Eco_0073,0.0854
Coche_|_Eco_Community_01,Hankook_Coche_Eco_0045,Vredestein_Coche_Eco_0073,0.5816
Coche_|_Eco_Community_01,Nexen_Coche_Eco_0051,Vredestein_Coche_Eco_0073,0.0598
Coche_|_Eco_Community_01,BFGoodrich_Coche_Eco_0069,Wanli_Coche_Eco_0001,0.4065
Coche_|_Eco_Community_01,Continental_Coche_Eco_0057,Wanli_Coche_Eco_0001,0.1104
Coche_|_Eco_Community_01,Hankook_Coche_Eco_0003,Wanli_Coche_Eco_0001,0.7479
Coche_|_Eco_Community_01,Hankook_Coche_Eco_0045,Wanli_Coche_Eco_0001,0.3017
Coche_|_Eco_Community_01,Hifly_Coche_Eco_0019,Wanli_Coche_Eco_0001,0.6219
Coche_|_Eco_Community_02,Continental_Coche_Eco_0005,BFGoodrich_Coche_Eco_0029,0.1039
Coche_|_Eco_Community_02,Continental_Coche_Eco_0040,BFGoodrich_Coche_Eco_0029,0.2337
Coche_|_Eco_Community_02,Falken_Coche_Eco_0000,BFGoodrich_Coche_Eco_0029,0.58
Coche_|_Eco_Community_02,Goodyear_Coche_Eco_0038,BFGoodrich_Coche_Eco_0029,0.6301
Coche_|_Eco_Community_02,Hifly_Coche_Eco_0018,BFGoodrich_Coche_Eco_0029,0.2272
Coche_|_Eco_Community_02,Pirelli_Coche_Eco_0016,BFGoodrich_Coche_Eco_0029,0.1154
Coche_|_Eco_Community_02,Pirelli_Coche_Eco_0078,BFGoodrich_Coche_Eco_0029,0.252
Coche_|_Eco_Community_02,Continental_Coche_Eco_0040,BFGoodrich_Coche_Eco_0063,0.05
Coche_|_Eco_Community_02,Goodyear_Coche_Eco_0038,BFGoodrich_Coche_Eco_0063,0.4098
Coche_|_Eco_Community_02,Michelin_Coche_Eco_0062,BFGoodrich_Coche_Eco_0063,0.0894
Coche_|_Eco_Community_02,Pirelli_Coche_Eco_0006,BFGoodrich_Coche_Eco_0063,0.5642
Coche_|_Eco_Community_02,Roadmarch_Coche_Eco_0013,BFGoodrich_Coche_Eco_0063,0.867
Coche_|_Eco_Community_02,Tomket_Coche_Eco_0002,BFGoodrich_Coche_Eco_0063,0.1162
Coche_|_Eco_Community_02,BFGoodrich_Coche_Eco_0063,Continental_Coche_Eco_0005,0.1149
Coche_|_Eco_Community_02,Firestone_Coche_Eco_0033,Continental_Coche_Eco_0005,0.2591
Coche_|_Eco_Community_02,Pirelli_Coche_Eco_0006,Continental_Coche_Eco_0005,0.1654
Coche_|_Eco_Community_02,Pirelli_Coche_Eco_0011,Continental_Coche_Eco_0005,0.1463
Coche_|_Eco_Community_02,Sailun_Coche_Eco_0021,Continental_Coche_Eco_0005,0.4542
Coche_|_Eco_Community_02,Sailun_Coche_Eco_0031,Continental_Coche_Eco_0005,0.3813
Coche_|_Eco_Community_02,Toyo Tires_Coche_Eco_0074,Continental_Coche_Eco_0005,0.3435
Coche_|_Eco_Community_02,Yokohama_Coche_Eco_0039,Continental_Coche_Eco_0005,0.317
Coche_|_Eco_Community_02,Firestone_Coche_Eco_0033,Continental_Coche_Eco_0040,0.53
Coche_|_Eco_Community_02,Fulda_Coche_Eco_0041,Continental_Coche_Eco_0040,0.5226
Coche_|_Eco_Community_02,General Tire_Coche_Eco_0044,Continental_Coche_Eco_0040,0.307
Coche_|_Eco_Community_02,Hifly_Coche_Eco_0018,Continental_Coche_Eco_0040,0.347
Coche_|_Eco_Community_02,Sailun_Coche_Eco_0021,Continental_Coche_Eco_0040,0.2882
Coche_|_Eco_Community_02,Sailun_Coche_Eco_0031,Continental_Coche_Eco_0040,0.1819
Coche_|_Eco_Community_02,Falken_Coche_Eco_0000,Dunlop_Coche_Eco_0075,0.1267
Coche_|_Eco_Community_02,Firestone_Coche_Eco_0008,Dunlop_Coche_Eco_0075,0.1538
Coche_|_Eco_Community_02,Firestone_Coche_Eco_0033,Dunlop_Coche_Eco_0075,0.1042
Coche_|_Eco_Community_02,Hifly_Coche_Eco_0018,Dunlop_Coche_Eco_0075,0.2004
Coche_|_Eco_Community_02,Kumho_Coche_Eco_0010,Dunlop_Coche_Eco_0075,0.4792
Coche_|_Eco_Community_02,Mazzini_Coche_Eco_0058,Dunlop_Coche_Eco_0075,0.6209
Coche_|_Eco_Community_02,Pirelli_Coche_Eco_0016,Dunlop_Coche_Eco_0075,0.642
Coche_|_Eco_Community_02,Continental_Coche_Eco_0005,Falken_Coche_Eco_0000,0.3647
Coche_|_Eco_Community_02,GT Radial_Coche_Eco_0014,Falken_Coche_Eco_0000,0.2139
Coche_|_Eco_Community_02,Nexen_Coche_Eco_0067,Falken_Coche_Eco_0000,0.2236
Coche_|_Eco_Community_02,Pirelli_Coche_Eco_0011,Falken_Coche_Eco_0000,0.1556
Coche_|_Eco_Community_02,Uniroyal_Coche_Eco_0007,Falken_Coche_Eco_0000,0.1317
Coche_|_Eco_Community_02,Uniroyal_Coche_Eco_0049,Falken_Coche_Eco_0000,0.4118
Coche_|_Eco_Community_02,Yokohama_Coche_Eco_0039,Falken_Coche_Eco_0000,0.6208
Coche_|_Eco_Community_02,Continental_Coche_Eco_0005,Falken_Coche_Eco_0036,0.0794
Coche_|_Eco_Community_02,Falken_Coche_Eco_0000,Falken_Coche_Eco_0036,0.1914
Coche_|_Eco_Community_02,Firestone_Coche_Eco_0033,Falken_Coche_Eco_0036,0.2774
Coche_|_Eco_Community_02,Firestone_Coche_Eco_0042,Falken_Coche_Eco_0036,0.9964
Coche_|_Eco_Community_02,Kumho_Coche_Eco_0022,Falken_Coche_Eco_0036,0.1908
Coche_|_Eco_Community_02,Pirelli_Coche_Eco_0006,Falken_Coche_Eco_0036,0.4381
Coche_|_Eco_Community_02,Continental_Coche_Eco_0005,Firestone_Coche_Eco_0008,0.3753
Coche_|_Eco_Community_02,Continental_Coche_Eco_0040,Firestone_Coche_Eco_0008,0.461
Coche_|_Eco_Community_02,Falken_Coche_Eco_0036,Firestone_Coche_Eco_0008,0.0565
Coche_|_Eco_Community_02,Goodyear_Coche_Eco_0038,Firestone_Coche_Eco_0008,1.0182
Coche_|_Eco_Community_02,Roadmarch_Coche_Eco_0052,Firestone_Coche_Eco_0008,0.155
Coche_|_Eco_Community_02,Triangle_Coche_Eco_0072,Firestone_Coche_Eco_0008,0.0682
Coche_|_Eco_Community_02,Continental_Coche_Eco_0005,Firestone_Coche_Eco_0033,0.5932
Coche_|_Eco_Community_02,Firestone_Coche_Eco_0042,Firestone_Coche_Eco_0033,0.0748
Coche_|_Eco_Community_02,Kumho_Coche_Eco_0022,Firestone_Coche_Eco_0033,0.6265
Coche_|_Eco_Community_02,Mazzini_Coche_Eco_0058,Firestone_Coche_Eco_0033,0.3907
Coche_|_Eco_Community_02,Pirelli_Coche_Eco_0016,Firestone_Coche_Eco_0033,0.5269
Coche_|_Eco_Community_02,BFGoodrich_Coche_Eco_0029,Firestone_Coche_Eco_0042,0.23
Coche_|_Eco_Community_02,Continental_Coche_Eco_0040,Firestone_Coche_Eco_0042,0.1447
Coche_|_Eco_Community_02,Falken_Coche_Eco_0000,Firestone_Coche_Eco_0042,0.78
Coche_|_Eco_Community_02,Falken_Coche_Eco_0036,Firestone_Coche_Eco_0042,0.5202
Coche_|_Eco_Community_02,Firestone_Coche_Eco_0008,Firestone_Coche_Eco_0042,0.2933
Coche_|_Eco_Community_02,Toyo Tires_Coche_Eco_0074,Firestone_Coche_Eco_0042,0.1384
Coche_|_Eco_Community_02,Uniroyal_Coche_Eco_0049,Firestone_Coche_Eco_0042,0.159
Coche_|_Eco_Community_02,Continental_Coche_Eco_0040,Fulda_Coche_Eco_0041,0.3148
Coche_|_Eco_Community_02,Dunlop_Coche_Eco_0075,Fulda_Coche_Eco_0041,0.5614
Coche_|_Eco_Community_02,General Tire_Coche_Eco_0044,Fulda_Coche_Eco_0041,0.5609
Coche_|_Eco_Community_02,Michelin_Coche_Eco_0062,Fulda_Coche_Eco_0041,0.1639
Coche_|_Eco_Community_02,Pirelli_Coche_Eco_0078,Fulda_Coche_Eco_0041,0.72
Coche_|_Eco_Community_02,Continental_Coche_Eco_0040,GT Radial_Coche_Eco_0014,0.9052
Coche_|_Eco_Community_02,Goodyear_Coche_Eco_0038,GT Radial_Coche_Eco_0014,0.1487
Coche_|_Eco_Community_02,Pirelli_Coche_Eco_0006,GT Radial_Coche_Eco_0014,0.2073
Coche_|_Eco_Community_02,Uniroyal_Coche_Eco_0049,GT Radial_Coche_Eco_0014,0.3181
Coche_|_Eco_Community_02,Wanli_Coche_Eco_0079,GT Radial_Coche_Eco_0014,0.3631
Coche_|_Eco_Community_02,Michelin_Coche_Eco_0062,General Tire_Coche_Eco_0044,0.8406
Coche_|_Eco_Community_02,Pirelli_Coche_Eco_0006,General Tire_Coche_Eco_0044,0.1041
Coche_|_Eco_Community_02,Pirelli_Coche_Eco_0011,General Tire_Coche_Eco_0044,0.6963
Coche_|_Eco_Community_02,Tomket_Coche_Eco_0002,General Tire_Coche_Eco_0044,0.5802
Coche_|_Eco_Community_02,Firestone_Coche_Eco_0033,Goodyear_Coche_Eco_0038,0.1831
Coche_|_Eco_Community_02,Fulda_Coche_Eco_0041,Goodyear_Coche_Eco_0038,0.5177
Coche_|_Eco_Community_02,General Tire_Coche_Eco_0044,Goodyear_Coche_Eco_0038,1.2365
Coche_|_Eco_Community_02,Pirelli_Coche_Eco_0006,Goodyear_Coche_Eco_0038,0.0907
Coche_|_Eco_Community_02,Tomket_Coche_Eco_0002,Goodyear_Coche_Eco_0038,0.2281
Coche_|_Eco_Community_02,Firestone_Coche_Eco_0042,Goodyear_Coche_Eco_0054,0.257
Coche_|_Eco_Community_02,Kumho_Coche_Eco_0010,Goodyear_Coche_Eco_0054,0.3076
Coche_|_Eco_Community_02,Nexen_Coche_Eco_0067,Goodyear_Coche_Eco_0054,0.2478
Coche_|_Eco_Community_02,Pirelli_Coche_Eco_0016,Goodyear_Coche_Eco_0054,0.4296
Coche_|_Eco_Community_02,Uniroyal_Coche_Eco_0049,Goodyear_Coche_Eco_0054,0.8401
Coche_|_Eco_Community_02,Mazzini_Coche_Eco_0058,Hifly_Coche_Eco_0018,0.3773
Coche_|_Eco_Community_02,Michelin_Coche_Eco_0062,Hifly_Coche_Eco_0018,0.4551
Coche_|_Eco_Community_02,Roadmarch_Coche_Eco_0013,Hifly_Coche_Eco_0018,0.1702
Coche_|_Eco_Community_02,Sailun_Coche_Eco_0031,Hifly_Coche_Eco_0018,0.4204
Coche_|_Eco_Community_02,Uniroyal_Coche_Eco_0007,Hifly_Coche_Eco_0018,0.4914
Coche_|_Eco_Community_02,Wanli_Coche_Eco_0079,Hifly_Coche_Eco_0018,0.0793
Coche_|_Eco_Community_02,BFGoodrich_Coche_Eco_0063,Kumho_Coche_Eco_0010,0.3553
Coche_|_Eco_Community_02,Firestone_Coche_Eco_0033,Kumho_Coche_Eco_0010,0.4646
Coche_|_Eco_Community_02,Goodyear_Coche_Eco_0054,Kumho_Coche_Eco_0010,0.2506
Coche_|_Eco_Community_02,Mazzini_Coche_Eco_0058,Kumho_Coche_Eco_0010,0.3639
Coche_|_Eco_Community_02,Roadmarch_Coche_Eco_0052,Kumho_Coche_Eco_0010,0.2869
Coche_|_Eco_Community_02,Triangle_Coche_Eco_0072,Kumho_Coche_Eco_0010,0.4461
Coche_|_Eco_Community_02,Falken_Coche_Eco_0036,Kumho_Coche_Eco_0022,0.143
Coche_|_Eco_Community_02,Firestone_Coche_Eco_0008,Kumho_Coche_Eco_0022,0.1053
Coche_|_Eco_Community_02,Firestone_Coche_Eco_0042,Kumho_Coche_Eco_0022,0.5182
Coche_|_Eco_Community_02,Fulda_Coche_Eco_0041,Kumho_Coche_Eco_0022,0.4015
Coche_|_Eco_Community_02,Nexen_Coche_Eco_0067,Kumho_Coche_Eco_0022,0.18
Coche_|_Eco_Community_02,Sailun_Coche_Eco_0021,Kumho_Coche_Eco_0022,0.259
Coche_|_Eco_Community_02,Sailun_Coche_Eco_0031,Kumho_Coche_Eco_0022,0.448
Coche_|_Eco_Community_02,Uniroyal_Coche_Eco_0061,Kumho_Coche_Eco_0022,0.3052
Coche_|_Eco_Community_02,Goodyear_Coche_Eco_0038,Linglong_Coche_Eco_0009,0.117
Coche_|_Eco_Community_02,Pirelli_Coche_Eco_0006,Linglong_Coche_Eco_0009,0.65
Coche_|_Eco_Community_02,Pirelli_Coche_Eco_0011,Linglong_Coche_Eco_0009,1.4826
Coche_|_Eco_Community_02,Firestone_Coche_Eco_0042,Mazzini_Coche_Eco_0058,0.4517
Coche_|_Eco_Community_02,Goodyear_Coche_Eco_0054,Mazzini_Coche_Eco_0058,0.6952
Coche_|_Eco_Community_02,Michelin_Coche_Eco_0062,Mazzini_Coche_Eco_0058,0.4133
Coche_|_Eco_Community_02,Pirelli_Coche_Eco_0078,Mazzini_Coche_Eco_0058,0.0592
Coche_|_Eco_Community_02,Sailun_Coche_Eco_0021,Mazzini_Coche_Eco_0058,0.4599
Coche_|_Eco_Community_02,Toyo Tires_Coche_Eco_0074,Mazzini_Coche_Eco_0058,0.1256
Coche_|_Eco_Community_02,Firestone_Coche_Eco_0033,Michelin_Coche_Eco_0062,0.5354
Coche_|_Eco_Community_02,GT Radial_Coche_Eco_0014,Michelin_Coche_Eco_0062,0.4989
Coche_|_Eco_Community_02,General Tire_Coche_Eco_0044,Michelin_Coche_Eco_0062,0.3276
Coche_|_Eco_Community_02,Goodyear_Coche_Eco_0038,Michelin_Coche_Eco_0062,0.138
Coche_|_Eco_Community_02,Roadmarch_Coche_Eco_0013,Michelin_Coche_Eco_0062,0.5816
Coche_|_Eco_Community_02,Sailun_Coche_Eco_0021,Michelin_Coche_Eco_0062,0.3597
Coche_|_Eco_Community_02,BFGoodrich_Coche_Eco_0063,Nexen_Coche_Eco_0067,0.8372
Coche_|_Eco_Community_02,Falken_Coche_Eco_0036,Nexen_Coche_Eco_0067,0.2545
Coche_|_Eco_Community_02,Michelin_Coche_Eco_0062,Nexen_Coche_Eco_0067,0.4552
Coche_|_Eco_Community_02,Pirelli_Coche_Eco_0078,Nexen_Coche_Eco_0067,0.3096
Coche_|_Eco_Community_02,Toyo Tires_Coche_Eco_0074,Nexen_Coche_Eco_0067,0.1933
Coche_|_Eco_Community_02,Uniroyal_Coche_Eco_0007,Nexen_Coche_Eco_0067,0.0787
Coche_|_Eco_Community_02,BFGoodrich_Coche_Eco_0063,Pirelli_Coche_Eco_0006,0.5119
Coche_|_Eco_Community_02,Falken_Coche_Eco_0000,Pirelli_Coche_Eco_0006,0.207
Coche_|_Eco_Community_02,Goodyear_Coche_Eco_0054,Pirelli_Coche_Eco_0006,0.0856
Coche_|_Eco_Community_02,Mazzini_Coche_Eco_0058,Pirelli_Coche_Eco_0006,0.4273
Coche_|_Eco_Community_02,Pirelli_Coche_Eco_0011,Pirelli_Coche_Eco_0006,0.4364
Coche_|_Eco_Community_02,Roadmarch_Coche_Eco_0013,Pirelli_Coche_Eco_0006,0.1187
Coche_|_Eco_Community_02,Toyo Tires_Coche_Eco_0074,Pirelli_Coche_Eco_0006,0.0948
Coche_|_Eco_Community_02,Tracmax_Coche_Eco_0028,Pirelli_Coche_Eco_0006,0.1799
Coche_|_Eco_Community_02,Yokohama_Coche_Eco_0039,Pirelli_Coche_Eco_0006,0.0677
Coche_|_Eco_Community_02,BFGoodrich_Coche_Eco_0063,Pirelli_Coche_Eco_0011,0.7242
Coche_|_Eco_Community_02,Dunlop_Coche_Eco_0075,Pirelli_Coche_Eco_0011,0.2333
Coche_|_Eco_Community_02,Firestone_Coche_Eco_0033,Pirelli_Coche_Eco_0011,0.1335
Coche_|_Eco_Community_02,Nexen_Coche_Eco_0067,Pirelli_Coche_Eco_0011,0.316
Coche_|_Eco_Community_02,Sailun_Coche_Eco_0021,Pirelli_Coche_Eco_0011,0.5689
Coche_|_Eco_Community_02,BFGoodrich_Coche_Eco_0063,Pirelli_Coche_Eco_0016,0.308
Coche_|_Eco_Community_02,Goodyear_Coche_Eco_0038,Pirelli_Coche_Eco_0016,0.2999
Coche_|_Eco_Community_02,Michelin_Coche_Eco_0062,Pirelli_Coche_Eco_0016,0.2505
Coche_|_Eco_Community_02,Nexen_Coche_Eco_0067,Pirelli_Coche_Eco_0016,0.7082
Coche_|_Eco_Community_02,Sailun_Coche_Eco_0031,Pirelli_Coche_Eco_0016,0.153
Coche_|_Eco_Community_02,Yokohama_Coche_Eco_0039,Pirelli_Coche_Eco_0016,0.3835
Coche_|_Eco_Community_02,BFGoodrich_Coche_Eco_0029,Pirelli_Coche_Eco_0078,0.4549
Coche_|_Eco_Community_02,BFGoodrich_Coche_Eco_0063,Pirelli_Coche_Eco_0078,0.4438
Coche_|_Eco_Community_02,Continental_Coche_Eco_0040,Pirelli_Coche_Eco_0078,0.1583
Coche_|_Eco_Community_02,Firestone_Coche_Eco_0033,Pirelli_Coche_Eco_0078,0.0568
Coche_|_Eco_Community_02,Tomket_Coche_Eco_0002,Pirelli_Coche_Eco_0078,0.4244
Coche_|_Eco_Community_02,Tracmax_Coche_Eco_0028,Pirelli_Coche_Eco_0078,0.1779
Coche_|_Eco_Community_02,Triangle_Coche_Eco_0072,Pirelli_Coche_Eco_0078,0.0906
Coche_|_Eco_Community_02,Uniroyal_Coche_Eco_0049,Pirelli_Coche_Eco_0078,0.352
Coche_|_Eco_Community_02,Dunlop_Coche_Eco_0075,Roadmarch_Coche_Eco_0013,0.2455
Coche_|_Eco_Community_02,Falken_Coche_Eco_0000,Roadmarch_Coche_Eco_0013,0.8251
Coche_|_Eco_Community_02,Kumho_Coche_Eco_0022,Roadmarch_Coche_Eco_0013,0.7877
Coche_|_Eco_Community_02,Uniroyal_Coche_Eco_0049,Roadmarch_Coche_Eco_0013,0.4795
Coche_|_Eco_Community_02,Continental_Coche_Eco_0005,Roadmarch_Coche_Eco_0052,0.5197
Coche_|_Eco_Community_02,Goodyear_Coche_Eco_0038,Roadmarch_Coche_Eco_0052,1.0479
Coche_|_Eco_Community_02,Michelin_Coche_Eco_0062,Roadmarch_Coche_Eco_0052,0.4929
Coche_|_Eco_Community_02,Uniroyal_Coche_Eco_0061,Roadmarch_Coche_Eco_0052,0.1564
Coche_|_Eco_Community_02,Falken_Coche_Eco_0000,Sailun_Coche_Eco_0021,0.3738
Coche_|_Eco_Community_02,Firestone_Coche_Eco_0008,Sailun_Coche_Eco_0021,0.3337
Coche_|_Eco_Community_02,Michelin_Coche_Eco_0062,Sailun_Coche_Eco_0021,0.3716
Coche_|_Eco_Community_02,Pirelli_Coche_Eco_0016,Sailun_Coche_Eco_0021,0.1968
Coche_|_Eco_Community_02,Roadmarch_Coche_Eco_0013,Sailun_Coche_Eco_0021,0.4887
Coche_|_Eco_Community_02,Uniroyal_Coche_Eco_0049,Sailun_Coche_Eco_0021,0.3529
Coche_|_Eco_Community_02,Continental_Coche_Eco_0005,Sailun_Coche_Eco_0031,0.4329
Coche_|_Eco_Community_02,Falken_Coche_Eco_0000,Sailun_Coche_Eco_0031,0.3449
Coche_|_Eco_Community_02,Hifly_Coche_Eco_0018,Sailun_Coche_Eco_0031,0.2044
Coche_|_Eco_Community_02,Kumho_Coche_Eco_0022,Sailun_Coche_Eco_0031,0.8911
Coche_|_Eco_Community_02,Roadmarch_Coche_Eco_0013,Sailun_Coche_Eco_0031,0.18
Coche_|_Eco_Community_02,Sailun_Coche_Eco_0021,Sailun_Coche_Eco_0031,0.1045
Coche_|_Eco_Community_02,Continental_Coche_Eco_0005,Tomket_Coche_Eco_0002,1.0638
Coche_|_Eco_Community_02,Continental_Coche_Eco_0040,Tomket_Coche_Eco_0002,0.3615
Coche_|_Eco_Community_02,Pirelli_Coche_Eco_0006,Tomket_Coche_Eco_0002,0.5266
Coche_|_Eco_Community_02,Uniroyal_Coche_Eco_0049,Tomket_Coche_Eco_0002,0.2036
Coche_|_Eco_Community_02,Wanli_Coche_Eco_0079,Tomket_Coche_Eco_0002,0.1222
Coche_|_Eco_Community_02,BFGoodrich_Coche_Eco_0063,Toyo Tires_Coche_Eco_0074,0.5756
Coche_|_Eco_Community_02,Continental_Coche_Eco_0005,Toyo Tires_Coche_Eco_0074,0.4503
Coche_|_Eco_Community_02,Hifly_Coche_Eco_0018,Toyo Tires_Coche_Eco_0074,0.2024
Coche_|_Eco_Community_02,Roadmarch_Coche_Eco_0013,Toyo Tires_Coche_Eco_0074,0.0594
Coche_|_Eco_Community_02,Tomket_Coche_Eco_0002,Toyo Tires_Coche_Eco_0074,0.6881
Coche_|_Eco_Community_02,BFGoodrich_Coche_Eco_0063,Tracmax_Coche_Eco_0028,0.4444
Coche_|_Eco_Community_02,Firestone_Coche_Eco_0033,Tracmax_Coche_Eco_0028,0.5124
Coche_|_Eco_Community_02,Fulda_Coche_Eco_0041,Tracmax_Coche_Eco_0028,0.1137
Coche_|_Eco_Community_02,Pirelli_Coche_Eco_0011,Tracmax_Coche_Eco_0028,0.4497
Coche_|_Eco_Community_02,Tomket_Coche_Eco_0002,Tracmax_Coche_Eco_0028,0.52
Coche_|_Eco_Community_02,Triangle_Coche_Eco_0072,Tracmax_Coche_Eco_0028,0.1339
Coche_|_Eco_Community_02,Uniroyal_Coche_Eco_0049,Tracmax_Coche_Eco_0028,0.1255
Coche_|_Eco_Community_02,Falken_Coche_Eco_0000,Triangle_Coche_Eco_0072,0.8086
Coche_|_Eco_Community_02,Firestone_Coche_Eco_0008,Triangle_Coche_Eco_0072,0.564
Coche_|_Eco_Community_02,Linglong_Coche_Eco_0009,Triangle_Coche_Eco_0072,0.1277
Coche_|_Eco_Community_02,Uniroyal_Coche_Eco_0061,Triangle_Coche_Eco_0072,0.6823
Coche_|_Eco_Community_02,BFGoodrich_Coche_Eco_0029,Uniroyal_Coche_Eco_0007,1.0947
Coche_|_Eco_Community_02,General Tire_Coche_Eco_0044,Uniroyal_Coche_Eco_0007,0.3386
Coche_|_Eco_Community_02,Goodyear_Coche_Eco_0054,Uniroyal_Coche_Eco_0007,0.6724
Coche_|_Eco_Community_02,Continental_Coche_Eco_0005,Uniroyal_Coche_Eco_0049,0.7497
Coche_|_Eco_Community_02,GT Radial_Coche_Eco_0014,Uniroyal_Coche_Eco_0049,0.5631
Coche_|_Eco_Community_02,Nexen_Coche_Eco_0067,Uniroyal_Coche_Eco_0049,0.2731
Coche_|_Eco_Community_02,Sailun_Coche_Eco_0031,Uniroyal_Coche_Eco_0049,0.2065
Coche_|_Eco_Community_02,Uniroyal_Coche_Eco_0007,Uniroyal_Coche_Eco_0049,0.4301
Coche_|_Eco_Community_02,General Tire_Coche_Eco_0044,Uniroyal_Coche_Eco_0061,0.1596
Coche_|_Eco_Community_02,Kumho_Coche_Eco_0022,Uniroyal_Coche_Eco_0061,1.0016
Coche_|_Eco_Community_02,Pirelli_Coche_Eco_0006,Uniroyal_Coche_Eco_0061,0.5405
Coche_|_Eco_Community_02,Roadmarch_Coche_Eco_0013,Uniroyal_Coche_Eco_0061,0.249
Coche_|_Eco_Community_02,Uniroyal_Coche_Eco_0007,Uniroyal_Coche_Eco_0061,0.2851
Coche_|_Eco_Community_02,General Tire_Coche_Eco_0044,Wanli_Coche_Eco_0079,0.1511
Coche_|_Eco_Community_02,Hifly_Coche_Eco_0018,Wanli_Coche_Eco_0079,0.199
Coche_|_Eco_Community_02,Kumho_Coche_Eco_0022,Wanli_Coche_Eco_0079,0.0954
Coche_|_Eco_Community_02,Mazzini_Coche_Eco_0058,Wanli_Coche_Eco_0079,0.5097
Coche_|_Eco_Community_02,Pirelli_Coche_Eco_0011,Wanli_Coche_Eco_0079,0.5267
Coche_|_Eco_Community_02,Sailun_Coche_Eco_0021,Wanli_Coche_Eco_0079,0.5579
Coche_|_Eco_Community_02,Toyo Tires_Coche_Eco_0074,Wanli_Coche_Eco_0079,0.1137
Coche_|_Eco_Community_02,Falken_Coche_Eco_0000,Yokohama_Coche_Eco_0039,0.4291
Coche_|_Eco_Community_02,Falken_Coche_Eco_0036,Yokohama_Coche_Eco_0039,0.6389
Coche_|_Eco_Community_02,Nexen_Coche_Eco_0067,Yokohama_Coche_Eco_0039,0.0932
Coche_|_Eco_Community_02,Sailun_Coche_Eco_0031,Yokohama_Coche_Eco_0039,0.6147
Coche_|_Eco_Community_02,Triangle_Coche_Eco_0072,Yokohama_Coche_Eco_0039,0.2731
Coche_|_Performance_Community_01,Dunlop_Coche_Performance_0008,BFGoodrich_Coche_Performance_0001,0.1599
Coche_|_Performance_Community_01,Falken_Coche_Performance_0014,BFGoodrich_Coche_Performance_0001,0.2155
Coche_|_Performance_Community_01,Falken_Coche_Performance_0057,BFGoodrich_Coche_Performance_0001,0.4706
Coche_|_Performance_Community_01,Firestone_Coche_Performance_0018,BFGoodrich_Coche_Performance_0001,0.1856
Coche_|_Performance_Community_01,Goodyear_Coche_Performance_0075,BFGoodrich_Coche_Performance_0001,0.2883
Coche_|_Performance_Community_01,Kumho_Coche_Performance_0052,BFGoodrich_Coche_Performance_0001,0.1784
Coche_|_Performance_Community_01,Goodyear_Coche_Performance_0075,BFGoodrich_Coche_Performance_0041,0.7762
Coche_|_Performance_Community_01,Kumho_Coche_Performance_0052,BFGoodrich_Coche_Performance_0041,0.1458
Coche_|_Performance_Community_01,Nexen_Coche_Performance_0050,BFGoodrich_Coche_Performance_0041,0.4003
Coche_|_Performance_Community_01,Triangle_Coche_Performance_0020,BFGoodrich_Coche_Performance_0041,0.2832
Coche_|_Performance_Community_01,Wanli_Coche_Performance_0072,BFGoodrich_Coche_Performance_0041,0.1725
Coche_|_Performance_Community_01,General Tire_Coche_Performance_0064,Dunlop_Coche_Performance_0008,0.198
Coche_|_Performance_Community_01,Mazzini_Coche_Performance_0006,Dunlop_Coche_Performance_0008,1.1049
Coche_|_Performance_Community_01,Triangle_Coche_Performance_0048,Dunlop_Coche_Performance_0008,0.265
Coche_|_Performance_Community_01,Yokohama_Coche_Performance_0047,Dunlop_Coche_Performance_0008,0.2007
Coche_|_Performance_Community_01,Firestone_Coche_Performance_0018,Falken_Coche_Performance_0014,0.8696
Coche_|_Performance_Community_01,Michelin_Coche_Performance_0031,Falken_Coche_Performance_0014,0.0589
Coche_|_Performance_Community_01,Minerva_Coche_Performance_0077,Falken_Coche_Performance_0014,0.3385
Coche_|_Performance_Community_01,Sailun_Coche_Performance_0055,Falken_Coche_Performance_0014,0.0733
Coche_|_Performance_Community_01,Vredestein_Coche_Performance_0045,Falken_Coche_Performance_0014,0.3725
Coche_|_Performance_Community_01,Linglong_Coche_Performance_0025,Falken_Coche_Performance_0057,0.3666
Coche_|_Performance_Community_01,Triangle_Coche_Performance_0020,Falken_Coche_Performance_0057,0.3969
Coche_|_Performance_Community_01,Uniroyal_Coche_Performance_0070,Falken_Coche_Performance_0057,0.3179
Coche_|_Performance_Community_01,Vredestein_Coche_Performance_0053,Falken_Coche_Performance_0057,0.1577
Coche_|_Performance_Community_01,Yokohama_Coche_Performance_0047,Falken_Coche_Performance_0057,0.427
Coche_|_Performance_Community_01,Falken_Coche_Performance_0014,Firestone_Coche_Performance_0018,0.8225
Coche_|_Performance_Community_01,Uniroyal_Coche_Performance_0070,Firestone_Coche_Performance_0018,0.7743
Coche_|_Performance_Community_01,Falken_Coche_Performance_0057,GT Radial_Coche_Performance_0019,0.6001
Coche_|_Performance_Community_01,Nokian_Coche_Performance_0033,GT Radial_Coche_Performance_0019,0.1843
Coche_|_Performance_Community_01,Roadmarch_Coche_Performance_0003,GT Radial_Coche_Performance_0019,0.2818
Coche_|_Performance_Community_01,Tracmax_Coche_Performance_0065,GT Radial_Coche_Performance_0019,0.2918
Coche_|_Performance_Community_01,Vredestein_Coche_Performance_0045,GT Radial_Coche_Performance_0019,0.1768
Coche_|_Performance_Community_01,Goodride_Coche_Performance_0076,General Tire_Coche_Performance_0064,0.3587
Coche_|_Performance_Community_01,Michelin_Coche_Performance_0031,General Tire_Coche_Performance_0064,0.1444
Coche_|_Performance_Community_01,Nokian_Coche_Performance_0033,General Tire_Coche_Performance_0064,0.202
Coche_|_Performance_Community_01,Nokian_Coche_Performance_0039,General Tire_Coche_Performance_0064,0.2247
Coche_|_Performance_Community_01,Uniroyal_Coche_Performance_0066,General Tire_Coche_Performance_0064,0.4259
Coche_|_Performance_Community_01,Vredestein_Coche_Performance_0045,General Tire_Coche_Performance_0064,0.3767
Coche_|_Performance_Community_01,Wanli_Coche_Performance_0072,General Tire_Coche_Performance_0064,0.1454
Coche_|_Performance_Community_01,Firestone_Coche_Performance_0018,Goodride_Coche_Performance_0076,0.6824
Coche_|_Performance_Community_01,Tracmax_Coche_Performance_0065,Goodride_Coche_Performance_0076,1.1865
Coche_|_Performance_Community_01,GT Radial_Coche_Performance_0019,Goodyear_Coche_Performance_0024,0.1327
Coche_|_Performance_Community_01,General Tire_Coche_Performance_0064,Goodyear_Coche_Performance_0024,0.1481
Coche_|_Performance_Community_01,Michelin_Coche_Performance_0031,Goodyear_Coche_Performance_0024,0.2037
Coche_|_Performance_Community_01,Nokian_Coche_Performance_0039,Goodyear_Coche_Performance_0024,0.4834
Coche_|_Performance_Community_01,Toyo Tires_Coche_Performance_0046,Goodyear_Coche_Performance_0024,0.1566
Coche_|_Performance_Community_01,Vredestein_Coche_Performance_0053,Goodyear_Coche_Performance_0024,0.4353
Coche_|_Performance_Community_01,Yokohama_Coche_Performance_0047,Goodyear_Coche_Performance_0024,0.1563
Coche_|_Performance_Community_01,Falken_Coche_Performance_0014,Goodyear_Coche_Performance_0032,0.3022
Coche_|_Performance_Community_01,Goodyear_Coche_Performance_0024,Goodyear_Coche_Performance_0032,0.1603
Coche_|_Performance_Community_01,Goodyear_Coche_Performance_0075,Goodyear_Coche_Performance_0032,0.4123
Coche_|_Performance_Community_01,Nokian_Coche_Performance_0039,Goodyear_Coche_Performance_0032,0.1546
Coche_|_Performance_Community_01,Roadmarch_Coche_Performance_0003,Goodyear_Coche_Performance_0032,0.1085
Coche_|_Performance_Community_01,Uniroyal_Coche_Performance_0058,Goodyear_Coche_Performance_0032,0.2427
Coche_|_Performance_Community_01,Yokohama_Coche_Performance_0047,Goodyear_Coche_Performance_0032,0.1348
Coche_|_Performance_Community_01,Tracmax_Coche_Performance_0065,Goodyear_Coche_Performance_0075,0.5603
Coche_|_Performance_Community_01,Uniroyal_Coche_Performance_0070,Goodyear_Coche_Performance_0075,0.8809
Coche_|_Performance_Community_01,Vredestein_Coche_Performance_0045,Goodyear_Coche_Performance_0075,0.122
Coche_|_Performance_Community_01,GT Radial_Coche_Performance_0019,Kumho_Coche_Performance_0052,0.4083
Coche_|_Performance_Community_01,Linglong_Coche_Performance_0025,Kumho_Coche_Performance_0052,0.1653
Coche_|_Performance_Community_01,Mazzini_Coche_Performance_0043,Kumho_Coche_Performance_0052,0.0543
Coche_|_Performance_Community_01,Mazzini_Coche_Performance_0051,Kumho_Coche_Performance_0052,0.1613
Coche_|_Performance_Community_01,Michelin_Coche_Performance_0031,Kumho_Coche_Performance_0052,0.5202
Coche_|_Performance_Community_01,Minerva_Coche_Performance_0077,Kumho_Coche_Performance_0052,0.4188
Coche_|_Performance_Community_01,Nokian_Coche_Performance_0039,Linglong_Coche_Performance_0025,0.052
Coche_|_Performance_Community_01,Roadmarch_Coche_Performance_0059,Linglong_Coche_Performance_0025,0.2573
Coche_|_Performance_Community_01,Toyo Tires_Coche_Performance_0046,Linglong_Coche_Performance_0025,0.08
Coche_|_Performance_Community_01,Uniroyal_Coche_Performance_0066,Linglong_Coche_Performance_0025,0.2102
Coche_|_Performance_Community_01,Vredestein_Coche_Performance_0045,Linglong_Coche_Performance_0025,0.1994
Coche_|_Performance_Community_01,Wanli_Coche_Performance_0072,Linglong_Coche_Performance_0025,0.0932
Coche_|_Performance_Community_01,Yokohama_Coche_Performance_0047,Linglong_Coche_Performance_0025,0.4069
Coche_|_Performance_Community_01,Yokohama_Coche_Performance_0069,Linglong_Coche_Performance_0025,0.3818
Coche_|_Performance_Community_01,Dunlop_Coche_Performance_0008,Mazzini_Coche_Performance_0006,0.6754
Coche_|_Performance_Community_01,Nokian_Coche_Performance_0039,Mazzini_Coche_Performance_0006,0.6657
Coche_|_Performance_Community_01,Uniroyal_Coche_Performance_0058,Mazzini_Coche_Performance_0006,0.0762
Coche_|_Performance_Community_01,Uniroyal_Coche_Performance_0066,Mazzini_Coche_Performance_0006,0.3661
Coche_|_Performance_Community_01,Dunlop_Coche_Performance_0008,Mazzini_Coche_Performance_0043,0.6771
Coche_|_Performance_Community_01,Goodyear_Coche_Performance_0024,Mazzini_Coche_Performance_0043,0.1178
Coche_|_Performance_Community_01,Mazzini_Coche_Performance_0051,Mazzini_Coche_Performance_0043,0.0958
Coche_|_Performance_Community_01,Nexen_Coche_Performance_0050,Mazzini_Coche_Performance_0043,0.1731
Coche_|_Performance_Community_01,Triangle_Coche_Performance_0020,Mazzini_Coche_Performance_0043,0.673
Coche_|_Performance_Community_01,Falken_Coche_Performance_0057,Mazzini_Coche_Performance_0051,0.1146
Coche_|_Performance_Community_01,Mazzini_Coche_Performance_0006,Mazzini_Coche_Performance_0051,0.295
Coche_|_Performance_Community_01,Roadmarch_Coche_Performance_0059,Mazzini_Coche_Performance_0051,0.442
Coche_|_Performance_Community_01,Triangle_Coche_Performance_0020,Mazzini_Coche_Performance_0051,0.5155
Coche_|_Performance_Community_01,Wanli_Coche_Performance_0072,Mazzini_Coche_Performance_0051,0.4019
Coche_|_Performance_Community_01,BFGoodrich_Coche_Performance_0041,Michelin_Coche_Performance_0031,0.0522
Coche_|_Performance_Community_01,Falken_Coche_Performance_0057,Michelin_Coche_Performance_0031,0.5243
Coche_|_Performance_Community_01,GT Radial_Coche_Performance_0019,Michelin_Coche_Performance_0031,0.1206
Coche_|_Performance_Community_01,Triangle_Coche_Performance_0020,Michelin_Coche_Performance_0031,0.0882
Coche_|_Performance_Community_01,Uniroyal_Coche_Performance_0066,Michelin_Coche_Performance_0031,0.283
Coche_|_Performance_Community_01,Vredestein_Coche_Performance_0045,Michelin_Coche_Performance_0031,0.3677
Coche_|_Performance_Community_01,Mazzini_Coche_Performance_0043,Minerva_Coche_Performance_0077,0.7463
Coche_|_Performance_Community_01,Nokian_Coche_Performance_0033,Minerva_Coche_Performance_0077,0.3399
Coche_|_Performance_Community_01,Tracmax_Coche_Performance_0065,Minerva_Coche_Performance_0077,0.4713
Coche_|_Performance_Community_01,Uniroyal_Coche_Performance_0058,Minerva_Coche_Performance_0077,0.0882
Coche_|_Performance_Community_01,Yokohama_Coche_Performance_0047,Minerva_Coche_Performance_0077,0.2011
Coche_|_Performance_Community_01,Yokohama_Coche_Performance_0069,Minerva_Coche_Performance_0077,0.087
Coche_|_Performance_Community_01,Falken_Coche_Performance_0057,Nexen_Coche_Performance_0050,0.9384
Coche_|_Performance_Community_01,Minerva_Coche_Performance_0077,Nexen_Coche_Performance_0050,0.4943
Coche_|_Performance_Community_01,Uniroyal_Coche_Performance_0070,Nexen_Coche_Performance_0050,0.2289
Coche_|_Performance_Community_01,Kumho_Coche_Performance_0052,Nokian_Coche_Performance_0033,0.1999
Coche_|_Performance_Community_01,Nokian_Coche_Performance_0039,Nokian_Coche_Performance_0033,0.1247
Coche_|_Performance_Community_01,Uniroyal_Coche_Performance_0058,Nokian_Coche_Performance_0033,0.1011
Coche_|_Performance_Community_01,Vredestein_Coche_Performance_0045,Nokian_Coche_Performance_0033,0.4903
Coche_|_Performance_Community_01,Vredestein_Coche_Performance_0053,Nokian_Coche_Performance_0033,0.8297
Coche_|_Performance_Community_01,Firestone_Coche_Performance_0018,Nokian_Coche_Performance_0039,0.2846
Coche_|_Performance_Community_01,GT Radial_Coche_Performance_0019,Nokian_Coche_Performance_0039,0.0798
Coche_|_Performance_Community_01,Kumho_Coche_Performance_0052,Nokian_Coche_Performance_0039,0.7401
Coche_|_Performance_Community_01,Michelin_Coche_Performance_0031,Nokian_Coche_Performance_0039,0.3745
Coche_|_Performance_Community_01,Roadmarch_Coche_Performance_0059,Nokian_Coche_Performance_0039,0.3159
Coche_|_Performance_Community_01,BFGoodrich_Coche_Performance_0001,Roadmarch_Coche_Performance_0003,0.1228
Coche_|_Performance_Community_01,Dunlop_Coche_Performance_0008,Roadmarch_Coche_Performance_0003,0.2018
Coche_|_Performance_Community_01,Goodyear_Coche_Performance_0032,Roadmarch_Coche_Performance_0003,0.3026
Coche_|_Performance_Community_01,Kumho_Coche_Performance_0052,Roadmarch_Coche_Performance_0003,0.2478
Coche_|_Performance_Community_01,Michelin_Coche_Performance_0031,Roadmarch_Coche_Performance_0003,0.1888
Coche_|_Performance_Community_01,Triangle_Coche_Performance_0020,Roadmarch_Coche_Performance_0003,0.5712
Coche_|_Performance_Community_01,Yokohama_Coche_Performance_0069,Roadmarch_Coche_Performance_0003,0.1169
Coche_|_Performance_Community_01,BFGoodrich_Coche_Performance_0041,Roadmarch_Coche_Performance_0059,0.1189
Coche_|_Performance_Community_01,Dunlop_Coche_Performance_0008,Roadmarch_Coche_Performance_0059,0.0945
Coche_|_Performance_Community_01,Goodyear_Coche_Performance_0024,Roadmarch_Coche_Performance_0059,0.0614
Coche_|_Performance_Community_01,Goodyear_Coche_Performance_0075,Roadmarch_Coche_Performance_0059,0.5265
Coche_|_Performance_Community_01,Michelin_Coche_Performance_0031,Roadmarch_Coche_Performance_0059,0.2595
Coche_|_Performance_Community_01,Nexen_Coche_Performance_0050,Roadmarch_Coche_Performance_0059,0.1818
Coche_|_Performance_Community_01,Triangle_Coche_Performance_0020,Roadmarch_Coche_Performance_0059,0.3067
Coche_|_Performance_Community_01,Triangle_Coche_Performance_0048,Roadmarch_Coche_Performance_0059,0.0611
Coche_|_Performance_Community_01,Falken_Coche_Performance_0057,Sailun_Coche_Performance_0055,0.0984
Coche_|_Performance_Community_01,Roadmarch_Coche_Performance_0003,Sailun_Coche_Performance_0055,0.6411
Coche_|_Performance_Community_01,Uniroyal_Coche_Performance_0066,Sailun_Coche_Performance_0055,0.472
Coche_|_Performance_Community_01,Uniroyal_Coche_Performance_0070,Sailun_Coche_Performance_0055,0.404
Coche_|_Performance_Community_01,Dunlop_Coche_Performance_0008,Toyo Tires_Coche_Performance_0046,0.8538
Coche_|_Performance_Community_01,Goodyear_Coche_Performance_0024,Toyo Tires_Coche_Performance_0046,0.1957
Coche_|_Performance_Community_01,Michelin_Coche_Performance_0031,Toyo Tires_Coche_Performance_0046,0.2058
Coche_|_Performance_Community_01,Wanli_Coche_Performance_0072,Toyo Tires_Coche_Performance_0046,0.5349
Coche_|_Performance_Community_01,BFGoodrich_Coche_Performance_0041,Tracmax_Coche_Performance_0056,0.4727
Coche_|_Performance_Community_01,Kumho_Coche_Performance_0052,Tracmax_Coche_Performance_0056,0.4945
Coche_|_Performance_Community_01,Nokian_Coche_Performance_0033,Tracmax_Coche_Performance_0056,0.1022
Coche_|_Performance_Community_01,Sailun_Coche_Performance_0055,Tracmax_Coche_Performance_0056,0.2972
Coche_|_Performance_Community_01,Uniroyal_Coche_Performance_0058,Tracmax_Coche_Performance_0056,0.4748
Coche_|_Performance_Community_01,Kumho_Coche_Performance_0052,Tracmax_Coche_Performance_0065,0.105
Coche_|_Performance_Community_01,Nokian_Coche_Performance_0033,Tracmax_Coche_Performance_0065,0.1643
Coche_|_Performance_Community_01,Roadmarch_Coche_Performance_0003,Tracmax_Coche_Performance_0065,0.3131
Coche_|_Performance_Community_01,Sailun_Coche_Performance_0055,Tracmax_Coche_Performance_0065,0.5418
Coche_|_Performance_Community_01,Tracmax_Coche_Performance_0056,Tracmax_Coche_Performance_0065,0.5761
Coche_|_Performance_Community_01,Mazzini_Coche_Performance_0051,Triangle_Coche_Performance_0020,0.3627
Coche_|_Performance_Community_01,Nexen_Coche_Performance_0050,Triangle_Coche_Performance_0020,0.0936
Coche_|_Performance_Community_01,Roadmarch_Coche_Performance_0003,Triangle_Coche_Performance_0020,0.0736
Coche_|_Performance_Community_01,Roadmarch_Coche_Performance_0059,Triangle_Coche_Performance_0020,0.074
Coche_|_Performance_Community_01,Vredestein_Coche_Performance_0045,Triangle_Coche_Performance_0020,0.9821
Coche_|_Performance_Community_01,Falken_Coche_Performance_0057,Triangle_Coche_Performance_0048,0.2818
Coche_|_Performance_Community_01,GT Radial_Coche_Performance_0019,Triangle_Coche_Performance_0048,0.3309
Coche_|_Performance_Community_01,General Tire_Coche_Performance_0064,Triangle_Coche_Performance_0048,0.0859
Coche_|_Performance_Community_01,Goodyear_Coche_Performance_0024,Triangle_Coche_Performance_0048,0.5256
Coche_|_Performance_Community_01,Kumho_Coche_Performance_0052,Triangle_Coche_Performance_0048,0.2084
Coche_|_Performance_Community_01,Triangle_Coche_Performance_0020,Triangle_Coche_Performance_0048,0.3702
Coche_|_Performance_Community_01,Goodyear_Coche_Performance_0024,Uniroyal_Coche_Performance_0058,0.1402
Coche_|_Performance_Community_01,Michelin_Coche_Performance_0031,Uniroyal_Coche_Performance_0058,0.1353
Coche_|_Performance_Community_01,Nokian_Coche_Performance_0039,Uniroyal_Coche_Performance_0058,0.5404
Coche_|_Performance_Community_01,Triangle_Coche_Performance_0048,Uniroyal_Coche_Performance_0058,0.4031
Coche_|_Performance_Community_01,Yokohama_Coche_Performance_0047,Uniroyal_Coche_Performance_0058,0.5737
Coche_|_Performance_Community_01,Falken_Coche_Performance_0057,Uniroyal_Coche_Performance_0066,0.2143
Coche_|_Performance_Community_01,General Tire_Coche_Performance_0064,Uniroyal_Coche_Performance_0066,0.3427
Coche_|_Performance_Community_01,Goodyear_Coche_Performance_0024,Uniroyal_Coche_Performance_0066,0.1284
Coche_|_Performance_Community_01,Nokian_Coche_Performance_0039,Uniroyal_Coche_Performance_0066,0.1119
Coche_|_Performance_Community_01,Roadmarch_Coche_Performance_0059,Uniroyal_Coche_Performance_0066,0.2015
Coche_|_Performance_Community_01,Uniroyal_Coche_Performance_0070,Uniroyal_Coche_Performance_0066,0.204
Coche_|_Performance_Community_01,Vredestein_Coche_Performance_0053,Uniroyal_Coche_Performance_0066,0.0596
Coche_|_Performance_Community_01,Yokohama_Coche_Performance_0069,Uniroyal_Coche_Performance_0066,0.3157
Coche_|_Performance_Community_01,Falken_Coche_Performance_0014,Uniroyal_Coche_Performance_0070,0.4515
Coche_|_Performance_Community_01,Michelin_Coche_Performance_0031,Uniroyal_Coche_Performance_0070,0.233
Coche_|_Performance_Community_01,Minerva_Coche_Performance_0077,Uniroyal_Coche_Performance_0070,0.5647
Coche_|_Performance_Community_01,Triangle_Coche_Performance_0020,Uniroyal_Coche_Performance_0070,0.2648
Coche_|_Performance_Community_01,Vredestein_Coche_Performance_0045,Uniroyal_Coche_Performance_0070,0.1249
Coche_|_Performance_Community_01,Yokohama_Coche_Performance_0069,Uniroyal_Coche_Performance_0070,0.1008
Coche_|_Performance_Community_01,Goodyear_Coche_Performance_0075,Vredestein_Coche_Performance_0045,0.7181
Coche_|_Performance_Community_01,Kumho_Coche_Performance_0052,Vredestein_Coche_Performance_0045,0.0572
Coche_|_Performance_Community_01,Mazzini_Coche_Performance_0043,Vredestein_Coche_Performance_0045,0.1723
Coche_|_Performance_Community_01,Minerva_Coche_Performance_0077,Vredestein_Coche_Performance_0045,0.4712
Coche_|_Performance_Community_01,Roadmarch_Coche_Performance_0003,Vredestein_Coche_Performance_0045,0.2405
Coche_|_Performance_Community_01,Linglong_Coche_Performance_0025,Vredestein_Coche_Performance_0053,0.1719
Coche_|_Performance_Community_01,Mazzini_Coche_Performance_0051,Vredestein_Coche_Performance_0053,0.2854
Coche_|_Performance_Community_01,Michelin_Coche_Performance_0031,Vredestein_Coche_Performance_0053,0.3564
Coche_|_Performance_Community_01,Minerva_Coche_Performance_0077,Vredestein_Coche_Performance_0053,0.2128
Coche_|_Performance_Community_01,Roadmarch_Coche_Performance_0059,Vredestein_Coche_Performance_0053,0.1024
Coche_|_Performance_Community_01,Toyo Tires_Coche_Performance_0046,Vredestein_Coche_Performance_0053,0.5768
Coche_|_Performance_Community_01,Uniroyal_Coche_Performance_0070,Vredestein_Coche_Performance_0053,0.1319
Coche_|_Performance_Community_01,General Tire_Coche_Performance_0064,Wanli_Coche_Performance_0072,0.3672
Coche_|_Performance_Community_01,Goodyear_Coche_Performance_0075,Wanli_Coche_Performance_0072,0.1896
Coche_|_Performance_Community_01,Nokian_Coche_Performance_0039,Wanli_Coche_Performance_0072,0.2199
Coche_|_Performance_Community_01,Tracmax_Coche_Performance_0065,Wanli_Coche_Performance_0072,0.3477
Coche_|_Performance_Community_01,Triangle_Coche_Performance_0020,Wanli_Coche_Performance_0072,0.5447
Coche_|_Performance_Community_01,Triangle_Coche_Performance_0048,Wanli_Coche_Performance_0072,0.1663
Coche_|_Performance_Community_01,Dunlop_Coche_Performance_0008,Yokohama_Coche_Performance_0047,0.3993
Coche_|_Performance_Community_01,Falken_Coche_Performance_0014,Yokohama_Coche_Performance_0047,0.5317
Coche_|_Performance_Community_01,General Tire_Coche_Performance_0064,Yokohama_Coche_Performance_0047,0.238
Coche_|_Performance_Community_01,Michelin_Coche_Performance_0031,Yokohama_Coche_Performance_0047,0.2561
Coche_|_Performance_Community_01,Nexen_Coche_Performance_0050,Yokohama_Coche_Performance_0047,0.0694
Coche_|_Performance_Community_01,Sailun_Coche_Performance_0055,Yokohama_Coche_Performance_0047,0.308
Coche_|_Performance_Community_01,Dunlop_Coche_Performance_0008,Yokohama_Coche_Performance_0069,0.5315
Coche_|_Performance_Community_01,Falken_Coche_Performance_0014,Yokohama_Coche_Performance_0069,0.2297
Coche_|_Performance_Community_01,Goodyear_Coche_Performance_0075,Yokohama_Coche_Performance_0069,0.3079
Coche_|_Performance_Community_01,Triangle_Coche_Performance_0048,Yokohama_Coche_Performance_0069,0.7064
Coche_|_Performance_Community_02,BFGoodrich_Coche_Performance_0037,BFGoodrich_Coche_Performance_0022,0.2297
Coche_|_Performance_Community_02,Goodride_Coche_Performance_0028,BFGoodrich_Coche_Performance_0022,0.5728
Coche_|_Performance_Community_02,Hankook_Coche_Performance_0016,BFGoodrich_Coche_Performance_0022,0.1277
Coche_|_Performance_Community_02,Hankook_Coche_Performance_0034,BFGoodrich_Coche_Performance_0022,0.3403
Coche_|_Performance_Community_02,Hifly_Coche_Performance_0049,BFGoodrich_Coche_Performance_0022,0.3418
Coche_|_Performance_Community_02,Dunlop_Coche_Performance_0038,BFGoodrich_Coche_Performance_0037,0.2262
Coche_|_Performance_Community_02,Dunlop_Coche_Performance_0044,BFGoodrich_Coche_Performance_0037,0.2279
Coche_|_Performance_Community_02,Fulda_Coche_Performance_0036,BFGoodrich_Coche_Performance_0037,0.0942
Coche_|_Performance_Community_02,General Tire_Coche_Performance_0063,BFGoodrich_Coche_Performance_0037,0.5696
Coche_|_Performance_Community_02,Hankook_Coche_Performance_0016,BFGoodrich_Coche_Performance_0037,0.2425
Coche_|_Performance_Community_02,Yokohama_Coche_Performance_0054,BFGoodrich_Coche_Performance_0037,0.2324
Coche_|_Performance_Community_02,Goodyear_Coche_Performance_0013,Bridgestone_Coche_Performance_0002,0.3471
Coche_|_Performance_Community_02,Mazzini_Coche_Performance_0078,Bridgestone_Coche_Performance_0002,0.6385
Coche_|_Performance_Community_02,Pirelli_Coche_Performance_0060,Bridgestone_Coche_Performance_0002,0.1481
Coche_|_Performance_Community_02,Roadmarch_Coche_Performance_0017,Bridgestone_Coche_Performance_0002,0.2976
Coche_|_Performance_Community_02,Uniroyal_Coche_Performance_0042,Bridgestone_Coche_Performance_0002,0.4495
Coche_|_Performance_Community_02,Dunlop_Coche_Performance_0044,Bridgestone_Coche_Performance_0010,0.2704
Coche_|_Performance_Community_02,Fulda_Coche_Performance_0036,Bridgestone_Coche_Performance_0010,0.2351
Coche_|_Performance_Community_02,Hankook_Coche_Performance_0034,Bridgestone_Coche_Performance_0010,0.4287
Coche_|_Performance_Community_02,Mazzini_Coche_Performance_0009,Bridgestone_Coche_Performance_0010,0.0934
Coche_|_Performance_Community_02,Michelin_Coche_Performance_0021,Bridgestone_Coche_Performance_0010,0.1374
Coche_|_Performance_Community_02,Westlake_Coche_Performance_0061,Bridgestone_Coche_Performance_0010,0.1122
Coche_|_Performance_Community_02,Yokohama_Coche_Performance_0027,Bridgestone_Coche_Performance_0010,0.2875
Coche_|_Performance_Community_02,Bridgestone_Coche_Performance_0068,Bridgestone_Coche_Performance_0023,0.8058
Coche_|_Performance_Community_02,Mazzini_Coche_Performance_0009,Bridgestone_Coche_Performance_0023,0.5183
Coche_|_Performance_Community_02,Westlake_Coche_Performance_0061,Bridgestone_Coche_Performance_0023,0.33
Coche_|_Performance_Community_02,Dunlop_Coche_Performance_0044,Bridgestone_Coche_Performance_0068,0.1125
Coche_|_Performance_Community_02,Goodride_Coche_Performance_0028,Bridgestone_Coche_Performance_0068,0.2774
Coche_|_Performance_Community_02,Goodyear_Coche_Performance_0012,Bridgestone_Coche_Performance_0068,0.5617
Coche_|_Performance_Community_02,Hifly_Coche_Performance_0049,Bridgestone_Coche_Performance_0068,0.443
Coche_|_Performance_Community_02,Uniroyal_Coche_Performance_0074,Bridgestone_Coche_Performance_0068,0.2946
Coche_|_Performance_Community_02,Bridgestone_Coche_Performance_0068,Dunlop_Coche_Performance_0035,0.2175
Coche_|_Performance_Community_02,Dunlop_Coche_Performance_0044,Dunlop_Coche_Performance_0035,0.0658
Coche_|_Performance_Community_02,General Tire_Coche_Performance_0063,Dunlop_Coche_Performance_0035,0.128
Coche_|_Performance_Community_02,Hankook_Coche_Performance_0034,Dunlop_Coche_Performance_0035,0.2313
Coche_|_Performance_Community_02,Hifly_Coche_Performance_0049,Dunlop_Coche_Performance_0035,0.2185
Coche_|_Performance_Community_02,Uniroyal_Coche_Performance_0074,Dunlop_Coche_Performance_0035,0.7562
Coche_|_Performance_Community_02,BFGoodrich_Coche_Performance_0037,Dunlop_Coche_Performance_0038,0.1201
Coche_|_Performance_Community_02,Bridgestone_Coche_Performance_0002,Dunlop_Coche_Performance_0038,0.2029
Coche_|_Performance_Community_02,Fulda_Coche_Performance_0036,Dunlop_Coche_Performance_0038,0.9287
Coche_|_Performance_Community_02,Tomket_Coche_Performance_0079,Dunlop_Coche_Performance_0038,0.1801
Coche_|_Performance_Community_02,Uniroyal_Coche_Performance_0074,Dunlop_Coche_Performance_0038,0.4197
Coche_|_Performance_Community_02,Bridgestone_Coche_Performance_0010,Dunlop_Coche_Performance_0044,0.3769
Coche_|_Performance_Community_02,Falken_Coche_Performance_0007,Dunlop_Coche_Performance_0044,0.3671
Coche_|_Performance_Community_02,General Tire_Coche_Performance_0063,Dunlop_Coche_Performance_0044,0.2533
Coche_|_Performance_Community_02,Goodyear_Coche_Performance_0013,Dunlop_Coche_Performance_0044,0.1716
Coche_|_Performance_Community_02,Hankook_Coche_Performance_0015,Dunlop_Coche_Performance_0044,0.1757
Coche_|_Performance_Community_02,Sailun_Coche_Performance_0030,Dunlop_Coche_Performance_0044,0.1875
Coche_|_Performance_Community_02,Tomket_Coche_Performance_0079,Dunlop_Coche_Performance_0044,0.0882
Coche_|_Performance_Community_02,Dunlop_Coche_Performance_0035,Falken_Coche_Performance_0007,0.393
Coche_|_Performance_Community_02,Dunlop_Coche_Performance_0038,Falken_Coche_Performance_0007,0.0581
Coche_|_Performance_Community_02,Fulda_Coche_Performance_0036,Falken_Coche_Performance_0007,0.3362
Coche_|_Performance_Community_02,Goodride_Coche_Performance_0028,Falken_Coche_Performance_0007,0.0949
Coche_|_Performance_Community_02,Hifly_Coche_Performance_0049,Falken_Coche_Performance_0007,0.6442
Coche_|_Performance_Community_02,Westlake_Coche_Performance_0061,Falken_Coche_Performance_0007,0.2496
Coche_|_Performance_Community_02,BFGoodrich_Coche_Performance_0022,Fulda_Coche_Performance_0036,0.0762
Coche_|_Performance_Community_02,Bridgestone_Coche_Performance_0010,Fulda_Coche_Performance_0036,0.208
Coche_|_Performance_Community_02,Falken_Coche_Performance_0007,Fulda_Coche_Performance_0036,0.3853
Coche_|_Performance_Community_02,General Tire_Coche_Performance_0063,Fulda_Coche_Performance_0036,0.6979
Coche_|_Performance_Community_02,Hankook_Coche_Performance_0034,Fulda_Coche_Performance_0036,0.116
Coche_|_Performance_Community_02,Minerva_Coche_Performance_0000,Fulda_Coche_Performance_0036,0.1296
Coche_|_Performance_Community_02,Bridgestone_Coche_Performance_0010,General Tire_Coche_Performance_0063,0.3068
Coche_|_Performance_Community_02,Bridgestone_Coche_Performance_0068,General Tire_Coche_Performance_0063,0.119
Coche_|_Performance_Community_02,Goodyear_Coche_Performance_0012,General Tire_Coche_Performance_0063,0.1258
Coche_|_Performance_Community_02,Hifly_Coche_Performance_0049,General Tire_Coche_Performance_0063,0.4633
Coche_|_Performance_Community_02,Michelin_Coche_Performance_0021,General Tire_Coche_Performance_0063,0.3863
Coche_|_Performance_Community_02,Westlake_Coche_Performance_0061,General Tire_Coche_Performance_0063,0.1416
Coche_|_Performance_Community_02,Yokohama_Coche_Performance_0029,General Tire_Coche_Performance_0063,0.0955
Coche_|_Performance_Community_02,Hankook_Coche_Performance_0016,Goodride_Coche_Performance_0028,0.3089
Coche_|_Performance_Community_02,Mazzini_Coche_Performance_0078,Goodride_Coche_Performance_0028,0.2218
Coche_|_Performance_Community_02,Minerva_Coche_Performance_0000,Goodride_Coche_Performance_0028,0.6583
Coche_|_Performance_Community_02,Triangle_Coche_Performance_0011,Goodride_Coche_Performance_0028,0.1332
Coche_|_Performance_Community_02,Yokohama_Coche_Performance_0027,Goodride_Coche_Performance_0028,0.3255
Coche_|_Performance_Community_02,Yokohama_Coche_Performance_0054,Goodride_Coche_Performance_0028,0.161
Coche_|_Performance_Community_02,Bridgestone_Coche_Performance_0023,Goodyear_Coche_Performance_0012,0.1165
Coche_|_Performance_Community_02,Goodyear_Coche_Performance_0071,Goodyear_Coche_Performance_0012,0.1416
Coche_|_Performance_Community_02,Hifly_Coche_Performance_0049,Goodyear_Coche_Performance_0012,0.0562
Coche_|_Performance_Community_02,Sailun_Coche_Performance_0030,Goodyear_Coche_Performance_0012,0.2844
Coche_|_Performance_Community_02,Tracmax_Coche_Performance_0067,Goodyear_Coche_Performance_0012,0.8152
Coche_|_Performance_Community_02,Uniroyal_Coche_Performance_0074,Goodyear_Coche_Performance_0012,0.405
Coche_|_Performance_Community_02,BFGoodrich_Coche_Performance_0037,Goodyear_Coche_Performance_0013,0.0683
Coche_|_Performance_Community_02,Goodride_Coche_Performance_0028,Goodyear_Coche_Performance_0013,0.2248
Coche_|_Performance_Community_02,Hankook_Coche_Performance_0015,Goodyear_Coche_Performance_0013,0.3378
Coche_|_Performance_Community_02,Linglong_Coche_Performance_0026,Goodyear_Coche_Performance_0013,0.2701
Coche_|_Performance_Community_02,Tomket_Coche_Performance_0073,Goodyear_Coche_Performance_0013,0.1586
Coche_|_Performance_Community_02,Toyo Tires_Coche_Performance_0062,Goodyear_Coche_Performance_0013,0.3104
Coche_|_Performance_Community_02,Yokohama_Coche_Performance_0029,Goodyear_Coche_Performance_0013,0.0729
Coche_|_Performance_Community_02,BFGoodrich_Coche_Performance_0022,Goodyear_Coche_Performance_0071,0.0588
Coche_|_Performance_Community_02,Bridgestone_Coche_Performance_0010,Goodyear_Coche_Performance_0071,0.3365
Coche_|_Performance_Community_02,Dunlop_Coche_Performance_0035,Goodyear_Coche_Performance_0071,0.161
Coche_|_Performance_Community_02,Hankook_Coche_Performance_0015,Goodyear_Coche_Performance_0071,0.7124
Coche_|_Performance_Community_02,Toyo Tires_Coche_Performance_0062,Goodyear_Coche_Performance_0071,0.2179
Coche_|_Performance_Community_02,Yokohama_Coche_Performance_0054,Goodyear_Coche_Performance_0071,0.1739
Coche_|_Performance_Community_02,Linglong_Coche_Performance_0005,Hankook_Coche_Performance_0004,0.3566
Coche_|_Performance_Community_02,Triangle_Coche_Performance_0011,Hankook_Coche_Performance_0004,0.7509
Coche_|_Performance_Community_02,Westlake_Coche_Performance_0061,Hankook_Coche_Performance_0004,0.3479
Coche_|_Performance_Community_02,Yokohama_Coche_Performance_0029,Hankook_Coche_Performance_0004,0.1331
Coche_|_Performance_Community_02,Bridgestone_Coche_Performance_0010,Hankook_Coche_Performance_0015,0.263
Coche_|_Performance_Community_02,Dunlop_Coche_Performance_0035,Hankook_Coche_Performance_0015,0.2567
Coche_|_Performance_Community_02,Goodyear_Coche_Performance_0071,Hankook_Coche_Performance_0015,0.1448
Coche_|_Performance_Community_02,Hankook_Coche_Performance_0004,Hankook_Coche_Performance_0015,0.2014
Coche_|_Performance_Community_02,Pirelli_Coche_Performance_0060,Hankook_Coche_Performance_0015,0.1673
Coche_|_Performance_Community_02,Roadmarch_Coche_Performance_0017,Hankook_Coche_Performance_0015,0.6456
Coche_|_Performance_Community_02,Hankook_Coche_Performance_0015,Hankook_Coche_Performance_0016,0.1126
Coche_|_Performance_Community_02,Triangle_Coche_Performance_0011,Hankook_Coche_Performance_0016,1.657
Coche_|_Performance_Community_02,Uniroyal_Coche_Performance_0042,Hankook_Coche_Performance_0016,0.0826
Coche_|_Performance_Community_02,Goodride_Coche_Performance_0028,Hankook_Coche_Performance_0034,0.0697
Coche_|_Performance_Community_02,Goodyear_Coche_Performance_0012,Hankook_Coche_Performance_0034,0.2647
Coche_|_Performance_Community_02,Hifly_Coche_Performance_0049,Hankook_Coche_Performance_0034,0.7485
Coche_|_Performance_Community_02,Mazzini_Coche_Performance_0078,Hankook_Coche_Performance_0034,0.6437
Coche_|_Performance_Community_02,Dunlop_Coche_Performance_0038,Hifly_Coche_Performance_0049,0.4356
Coche_|_Performance_Community_02,General Tire_Coche_Performance_0063,Hifly_Coche_Performance_0049,0.1083
Coche_|_Performance_Community_02,Goodyear_Coche_Performance_0071,Hifly_Coche_Performance_0049,0.5431
Coche_|_Performance_Community_02,Mazzini_Coche_Performance_0009,Hifly_Coche_Performance_0049,0.0904
Coche_|_Performance_Community_02,Pirelli_Coche_Performance_0060,Hifly_Coche_Performance_0049,0.1552
Coche_|_Performance_Community_02,Sailun_Coche_Performance_0030,Hifly_Coche_Performance_0049,0.4806
Coche_|_Performance_Community_02,Bridgestone_Coche_Performance_0002,Linglong_Coche_Performance_0005,0.5372
Coche_|_Performance_Community_02,Dunlop_Coche_Performance_0038,Linglong_Coche_Performance_0005,0.4965
Coche_|_Performance_Community_02,Nokian_Coche_Performance_0040,Linglong_Coche_Performance_0005,0.2621
Coche_|_Performance_Community_02,Tracmax_Coche_Performance_0067,Linglong_Coche_Performance_0005,0.119
Coche_|_Performance_Community_02,Triangle_Coche_Performance_0011,Linglong_Coche_Performance_0005,0.3587
Coche_|_Performance_Community_02,Bridgestone_Coche_Performance_0023,Linglong_Coche_Performance_0026,0.1237
Coche_|_Performance_Community_02,Dunlop_Coche_Performance_0038,Linglong_Coche_Performance_0026,1.1111
Coche_|_Performance_Community_02,Mazzini_Coche_Performance_0078,Linglong_Coche_Performance_0026,0.1849
Coche_|_Performance_Community_02,Uniroyal_Coche_Performance_0074,Linglong_Coche_Performance_0026,0.242
Coche_|_Performance_Community_02,Westlake_Coche_Performance_0061,Linglong_Coche_Performance_0026,0.1955
Coche_|_Performance_Community_02,General Tire_Coche_Performance_0063,Mazzini_Coche_Performance_0009,0.0838
Coche_|_Performance_Community_02,Goodyear_Coche_Performance_0013,Mazzini_Coche_Performance_0009,0.5042
Coche_|_Performance_Community_02,Hankook_Coche_Performance_0015,Mazzini_Coche_Performance_0009,0.0788
Coche_|_Performance_Community_02,Hankook_Coche_Performance_0034,Mazzini_Coche_Performance_0009,0.4243
Coche_|_Performance_Community_02,Sailun_Coche_Performance_0030,Mazzini_Coche_Performance_0009,0.6902
Coche_|_Performance_Community_02,Bridgestone_Coche_Performance_0023,Mazzini_Coche_Performance_0078,0.3002
Coche_|_Performance_Community_02,Hankook_Coche_Performance_0015,Mazzini_Coche_Performance_0078,0.4544
Coche_|_Performance_Community_02,Hankook_Coche_Performance_0034,Mazzini_Coche_Performance_0078,0.2138
Coche_|_Performance_Community_02,Michelin_Coche_Performance_0021,Mazzini_Coche_Performance_0078,0.1983
Coche_|_Performance_Community_02,Tomket_Coche_Performance_0079,Mazzini_Coche_Performance_0078,0.0932
Coche_|_Performance_Community_02,Yokohama_Coche_Performance_0054,Mazzini_Coche_Performance_0078,0.5676
Coche_|_Performance_Community_02,Goodyear_Coche_Performance_0071,Michelin_Coche_Performance_0021,0.3044
Coche_|_Performance_Community_02,Hankook_Coche_Performance_0015,Michelin_Coche_Performance_0021,0.0582
Coche_|_Performance_Community_02,Mazzini_Coche_Performance_0078,Michelin_Coche_Performance_0021,0.1383
Coche_|_Performance_Community_02,Triangle_Coche_Performance_0011,Michelin_Coche_Performance_0021,0.0817
Coche_|_Performance_Community_02,Uniroyal_Coche_Performance_0074,Michelin_Coche_Performance_0021,0.276
Coche_|_Performance_Community_02,Yokohama_Coche_Performance_0027,Michelin_Coche_Performance_0021,0.3866
Coche_|_Performance_Community_02,Yokohama_Coche_Performance_0054,Michelin_Coche_Performance_0021,0.3632
Coche_|_Performance_Community_02,Linglong_Coche_Performance_0005,Minerva_Coche_Performance_0000,0.1649
Coche_|_Performance_Community_02,Roadmarch_Coche_Performance_0017,Minerva_Coche_Performance_0000,0.0836
Coche_|_Performance_Community_02,Uniroyal_Coche_Performance_0042,Minerva_Coche_Performance_0000,0.7074
Coche_|_Performance_Community_02,Uniroyal_Coche_Performance_0074,Minerva_Coche_Performance_0000,0.5085
Coche_|_Performance_Community_02,BFGoodrich_Coche_Performance_0022,Nokian_Coche_Performance_0040,0.1174
Coche_|_Performance_Community_02,Hankook_Coche_Performance_0004,Nokian_Coche_Performance_0040,0.3833
Coche_|_Performance_Community_02,Linglong_Coche_Performance_0026,Nokian_Coche_Performance_0040,0.0531
Coche_|_Performance_Community_02,Tracmax_Coche_Performance_0067,Nokian_Coche_Performance_0040,0.4448
Coche_|_Performance_Community_02,Triangle_Coche_Performance_0011,Nokian_Coche_Performance_0040,0.3492
Coche_|_Performance_Community_02,Yokohama_Coche_Performance_0054,Nokian_Coche_Performance_0040,0.5172
Coche_|_Performance_Community_02,Dunlop_Coche_Performance_0038,Pirelli_Coche_Performance_0060,0.1755
Coche_|_Performance_Community_02,Goodride_Coche_Performance_0028,Pirelli_Coche_Performance_0060,0.1782
Coche_|_Performance_Community_02,Hankook_Coche_Performance_0004,Pirelli_Coche_Performance_0060,0.1817
Coche_|_Performance_Community_02,Hankook_Coche_Performance_0015,Pirelli_Coche_Performance_0060,0.0922
Coche_|_Performance_Community_02,Mazzini_Coche_Performance_0078,Pirelli_Coche_Performance_0060,0.5463
Coche_|_Performance_Community_02,Westlake_Coche_Performance_0061,Pirelli_Coche_Performance_0060,0.5042
Coche_|_Performance_Community_02,BFGoodrich_Coche_Performance_0037,Roadmarch_Coche_Performance_0017,0.6277
Coche_|_Performance_Community_02,Bridgestone_Coche_Performance_0023,Roadmarch_Coche_Performance_0017,0.204
Coche_|_Performance_Community_02,Tomket_Coche_Performance_0079,Roadmarch_Coche_Performance_0017,0.088
Coche_|_Performance_Community_02,Uniroyal_Coche_Performance_0074,Roadmarch_Coche_Performance_0017,0.8977
Coche_|_Performance_Community_02,Goodyear_Coche_Performance_0071,Sailun_Coche_Performance_0030,0.5921
Coche_|_Performance_Community_02,Hankook_Coche_Performance_0016,Sailun_Coche_Performance_0030,0.7729
Coche_|_Performance_Community_02,Mazzini_Coche_Performance_0078,Sailun_Coche_Performance_0030,0.145
Coche_|_Performance_Community_02,Yokohama_Coche_Performance_0027,Sailun_Coche_Performance_0030,0.1167
Coche_|_Performance_Community_02,BFGoodrich_Coche_Performance_0022,Tomket_Coche_Performance_0073,0.2283
Coche_|_Performance_Community_02,Bridgestone_Coche_Performance_0010,Tomket_Coche_Performance_0073,0.0756
Coche_|_Performance_Community_02,Dunlop_Coche_Performance_0044,Tomket_Coche_Performance_0073,0.4269
Coche_|_Performance_Community_02,Linglong_Coche_Performance_0026,Tomket_Coche_Performance_0073,0.1465
Coche_|_Performance_Community_02,Mazzini_Coche_Performance_0078,Tomket_Coche_Performance_0073,0.4113
Coche_|_Performance_Community_02,Tomket_Coche_Performance_0079,Tomket_Coche_Performance_0073,0.1181
Coche_|_Performance_Community_02,Triangle_Coche_Performance_0011,Tomket_Coche_Performance_0073,0.1153
Coche_|_Performance_Community_02,Bridgestone_Coche_Performance_0068,Tomket_Coche_Performance_0079,0.3854
Coche_|_Performance_Community_02,Hankook_Coche_Performance_0015,Tomket_Coche_Performance_0079,0.1268
Coche_|_Performance_Community_02,Mazzini_Coche_Performance_0009,Tomket_Coche_Performance_0079,0.2843
Coche_|_Performance_Community_02,Pirelli_Coche_Performance_0060,Tomket_Coche_Performance_0079,0.3573
Coche_|_Performance_Community_02,Uniroyal_Coche_Performance_0074,Tomket_Coche_Performance_0079,0.4635
Coche_|_Performance_Community_02,Yokohama_Coche_Performance_0054,Tomket_Coche_Performance_0079,0.1173
Coche_|_Performance_Community_02,Bridgestone_Coche_Performance_0010,Toyo Tires_Coche_Performance_0062,0.1871
Coche_|_Performance_Community_02,Dunlop_Coche_Performance_0035,Toyo Tires_Coche_Performance_0062,0.1027
Coche_|_Performance_Community_02,Dunlop_Coche_Performance_0038,Toyo Tires_Coche_Performance_0062,0.0789
Coche_|_Performance_Community_02,Hankook_Coche_Performance_0034,Toyo Tires_Coche_Performance_0062,0.309
Coche_|_Performance_Community_02,Nokian_Coche_Performance_0040,Toyo Tires_Coche_Performance_0062,0.5423
Coche_|_Performance_Community_02,Tomket_Coche_Performance_0079,Toyo Tires_Coche_Performance_0062,0.3675
Coche_|_Performance_Community_02,Bridgestone_Coche_Performance_0002,Tracmax_Coche_Performance_0067,0.0653
Coche_|_Performance_Community_02,General Tire_Coche_Performance_0063,Tracmax_Coche_Performance_0067,0.2831
Coche_|_Performance_Community_02,Nokian_Coche_Performance_0040,Tracmax_Coche_Performance_0067,0.6576
Coche_|_Performance_Community_02,Triangle_Coche_Performance_0011,Tracmax_Coche_Performance_0067,0.285
Coche_|_Performance_Community_02,Uniroyal_Coche_Performance_0074,Tracmax_Coche_Performance_0067,0.127
Coche_|_Performance_Community_02,Westlake_Coche_Performance_0061,Tracmax_Coche_Performance_0067,0.3533
Coche_|_Performance_Community_02,Yokohama_Coche_Performance_0054,Tracmax_Coche_Performance_0067,0.0514
Coche_|_Performance_Community_02,BFGoodrich_Coche_Performance_0022,Triangle_Coche_Performance_0011,0.3052
Coche_|_Performance_Community_02,Fulda_Coche_Performance_0036,Triangle_Coche_Performance_0011,0.2372
Coche_|_Performance_Community_02,Hankook_Coche_Performance_0004,Triangle_Coche_Performance_0011,0.2226
Coche_|_Performance_Community_02,Hankook_Coche_Performance_0034,Triangle_Coche_Performance_0011,0.4251
Coche_|_Performance_Community_02,Sailun_Coche_Performance_0030,Triangle_Coche_Performance_0011,0.2213
Coche_|_Performance_Community_02,Westlake_Coche_Performance_0061,Triangle_Coche_Performance_0011,0.4237
Coche_|_Performance_Community_02,Hankook_Coche_Performance_0015,Uniroyal_Coche_Performance_0042,0.0812
Coche_|_Performance_Community_02,Hankook_Coche_Performance_0034,Uniroyal_Coche_Performance_0042,0.3311
Coche_|_Performance_Community_02,Mazzini_Coche_Performance_0078,Uniroyal_Coche_Performance_0042,0.1955
Coche_|_Performance_Community_02,Michelin_Coche_Performance_0021,Uniroyal_Coche_Performance_0042,0.2113
Coche_|_Performance_Community_02,Triangle_Coche_Performance_0011,Uniroyal_Coche_Performance_0042,0.64
Coche_|_Performance_Community_02,Fulda_Coche_Performance_0036,Uniroyal_Coche_Performance_0074,0.6516
Coche_|_Performance_Community_02,Goodyear_Coche_Performance_0071,Uniroyal_Coche_Performance_0074,0.2839
Coche_|_Performance_Community_02,Hankook_Coche_Performance_0034,Uniroyal_Coche_Performance_0074,0.1354
Coche_|_Performance_Community_02,Linglong_Coche_Performance_0026,Uniroyal_Coche_Performance_0074,0.3516
Coche_|_Performance_Community_02,Triangle_Coche_Performance_0011,Uniroyal_Coche_Performance_0074,0.3654
Coche_|_Performance_Community_02,BFGoodrich_Coche_Performance_0037,Westlake_Coche_Performance_0061,0.3462
Coche_|_Performance_Community_02,Dunlop_Coche_Performance_0038,Westlake_Coche_Performance_0061,0.2307
Coche_|_Performance_Community_02,Goodyear_Coche_Performance_0071,Westlake_Coche_Performance_0061,0.0829
Coche_|_Performance_Community_02,Triangle_Coche_Performance_0011,Westlake_Coche_Performance_0061,0.1433
Coche_|_Performance_Community_02,Uniroyal_Coche_Performance_0042,Westlake_Coche_Performance_0061,0.4003
Coche_|_Performance_Community_02,Yokohama_Coche_Performance_0029,Westlake_Coche_Performance_0061,0.3898
Coche_|_Performance_Community_02,Bridgestone_Coche_Performance_0010,Yokohama_Coche_Performance_0027,0.3328
Coche_|_Performance_Community_02,Bridgestone_Coche_Performance_0023,Yokohama_Coche_Performance_0027,0.3545
Coche_|_Performance_Community_02,Dunlop_Coche_Performance_0035,Yokohama_Coche_Performance_0027,0.0683
Coche_|_Performance_Community_02,Goodyear_Coche_Performance_0071,Yokohama_Coche_Performance_0027,0.3769
Coche_|_Performance_Community_02,Tracmax_Coche_Performance_0067,Yokohama_Coche_Performance_0027,0.6586
Coche_|_Performance_Community_02,Bridgestone_Coche_Performance_0023,Yokohama_Coche_Performance_0029,0.0538
Coche_|_Performance_Community_02,Falken_Coche_Performance_0007,Yokohama_Coche_Performance_0029,0.27
Coche_|_Performance_Community_02,Goodyear_Coche_Performance_0012,Yokohama_Coche_Performance_0029,0.1363
Coche_|_Performance_Community_02,Goodyear_Coche_Performance_0013,Yokohama_Coche_Performance_0029,0.0556
Coche_|_Performance_Community_02,Goodyear_Coche_Performance_0071,Yokohama_Coche_Performance_0029,0.1081
Coche_|_Performance_Community_02,Nokian_Coche_Performance_0040,Yokohama_Coche_Performance_0029,0.2415
Coche_|_Performance_Community_02,Sailun_Coche_Performance_0030,Yokohama_Coche_Performance_0029,0.2996
Coche_|_Performance_Community_02,Tomket_Coche_Performance_0073,Yokohama_Coche_Performance_0029,0.1136
Coche_|_Performance_Community_02,Triangle_Coche_Performance_0011,Yokohama_Coche_Performance_0029,0.4291
Coche_|_Performance_Community_02,Uniroyal_Coche_Performance_0074,Yokohama_Coche_Performance_0029,0.0779
Coche_|_Performance_Community_02,Linglong_Coche_Performance_0005,Yokohama_Coche_Performance_0054,0.093
Coche_|_Performance_Community_02,Minerva_Coche_Performance_0000,Yokohama_Coche_Performance_0054,1.133
Coche_|_Performance_Community_02,Sailun_Coche_Performance_0030,Yokohama_Coche_Performance_0054,0.4132
Coche_|_Touring_Community_01,Bridgestone_Coche_Touring_0007,BFGoodrich_Coche_Touring_0028,0.671
Coche_|_Touring_Community_01,Cooper Tires_Coche_Touring_0017,BFGoodrich_Coche_Touring_0028,0.2745
Coche_|_Touring_Community_01,GT Radial_Coche_Touring_0003,BFGoodrich_Coche_Touring_0028,0.0809
Coche_|_Touring_Community_01,Goodyear_Coche_Touring_0008,BFGoodrich_Coche_Touring_0028,0.099
Coche_|_Touring_Community_01,Mazzini_Coche_Touring_0041,BFGoodrich_Coche_Touring_0028,1.0394
Coche_|_Touring_Community_01,Uniroyal_Coche_Touring_0020,BFGoodrich_Coche_Touring_0028,0.0716
Coche_|_Touring_Community_01,Vredestein_Coche_Touring_0015,BFGoodrich_Coche_Touring_0028,0.0767
Coche_|_Touring_Community_01,Vredestein_Coche_Touring_0052,BFGoodrich_Coche_Touring_0028,0.3398
Coche_|_Touring_Community_01,Bridgestone_Coche_Touring_0007,BFGoodrich_Coche_Touring_0067,0.5325
Coche_|_Touring_Community_01,Continental_Coche_Touring_0031,BFGoodrich_Coche_Touring_0067,0.2702
Coche_|_Touring_Community_01,Continental_Coche_Touring_0064,BFGoodrich_Coche_Touring_0067,0.3859
Coche_|_Touring_Community_01,Cooper Tires_Coche_Touring_0017,BFGoodrich_Coche_Touring_0067,0.1382
Coche_|_Touring_Community_01,GT Radial_Coche_Touring_0003,BFGoodrich_Coche_Touring_0067,0.2933
Coche_|_Touring_Community_01,Hankook_Coche_Touring_0066,BFGoodrich_Coche_Touring_0067,0.6444
Coche_|_Touring_Community_01,Kumho_Coche_Touring_0005,BFGoodrich_Coche_Touring_0067,0.0533
Coche_|_Touring_Community_01,Michelin_Coche_Touring_0056,BFGoodrich_Coche_Touring_0067,0.1242
Coche_|_Touring_Community_01,Toyo Tires_Coche_Touring_0029,BFGoodrich_Coche_Touring_0067,0.1673
Coche_|_Touring_Community_01,Continental_Coche_Touring_0031,BFGoodrich_Coche_Touring_0068,0.5141
Coche_|_Touring_Community_01,Goodyear_Coche_Touring_0008,BFGoodrich_Coche_Touring_0068,0.2369
Coche_|_Touring_Community_01,Hankook_Coche_Touring_0066,BFGoodrich_Coche_Touring_0068,0.3365
Coche_|_Touring_Community_01,Michelin_Coche_Touring_0009,BFGoodrich_Coche_Touring_0068,0.5622
Coche_|_Touring_Community_01,Michelin_Coche_Touring_0040,BFGoodrich_Coche_Touring_0068,0.1396
Coche_|_Touring_Community_01,Michelin_Coche_Touring_0072,BFGoodrich_Coche_Touring_0068,0.7047
Coche_|_Touring_Community_01,Nexen_Coche_Touring_0070,BFGoodrich_Coche_Touring_0068,0.0911
Coche_|_Touring_Community_01,GT Radial_Coche_Touring_0006,BFGoodrich_Coche_Touring_0079,0.7875
Coche_|_Touring_Community_01,Hankook_Coche_Touring_0077,BFGoodrich_Coche_Touring_0079,0.1149
Coche_|_Touring_Community_01,Mazzini_Coche_Touring_0030,BFGoodrich_Coche_Touring_0079,0.8625
Coche_|_Touring_Community_01,Michelin_Coche_Touring_0009,BFGoodrich_Coche_Touring_0079,0.1105
Coche_|_Touring_Community_01,Michelin_Coche_Touring_0035,BFGoodrich_Coche_Touring_0079,0.3186
Coche_|_Touring_Community_01,Nexen_Coche_Touring_0023,BFGoodrich_Coche_Touring_0079,0.0984
Coche_|_Touring_Community_01,Nokian_Coche_Touring_0063,BFGoodrich_Coche_Touring_0079,0.2733
Coche_|_Touring_Community_01,BFGoodrich_Coche_Touring_0067,Bridgestone_Coche_Touring_0002,0.2286
Coche_|_Touring_Community_01,Continental_Coche_Touring_0031,Bridgestone_Coche_Touring_0002,0.6031
Coche_|_Touring_Community_01,Cooper Tires_Coche_Touring_0017,Bridgestone_Coche_Touring_0002,0.2213
Coche_|_Touring_Community_01,GT Radial_Coche_Touring_0006,Bridgestone_Coche_Touring_0002,0.2736
Coche_|_Touring_Community_01,Goodyear_Coche_Touring_0076,Bridgestone_Coche_Touring_0002,0.5797
Coche_|_Touring_Community_01,Michelin_Coche_Touring_0072,Bridgestone_Coche_Touring_0002,0.2726
Coche_|_Touring_Community_01,Nexen_Coche_Touring_0023,Bridgestone_Coche_Touring_0002,0.0599
Coche_|_Touring_Community_01,Nexen_Coche_Touring_0070,Bridgestone_Coche_Touring_0002,0.5013
Coche_|_Touring_Community_01,Bridgestone_Coche_Touring_0059,Bridgestone_Coche_Touring_0007,0.3482
Coche_|_Touring_Community_01,GT Radial_Coche_Touring_0006,Bridgestone_Coche_Touring_0007,0.1427
Coche_|_Touring_Community_01,Goodyear_Coche_Touring_0008,Bridgestone_Coche_Touring_0007,0.9639
Coche_|_Touring_Community_01,Hankook_Coche_Touring_0077,Bridgestone_Coche_Touring_0007,0.2163
Coche_|_Touring_Community_01,Michelin_Coche_Touring_0040,Bridgestone_Coche_Touring_0007,0.5775
Coche_|_Touring_Community_01,Michelin_Coche_Touring_0072,Bridgestone_Coche_Touring_0007,0.233
Coche_|_Touring_Community_01,Uniroyal_Coche_Touring_0020,Bridgestone_Coche_Touring_0007,0.0931
Coche_|_Touring_Community_01,BFGoodrich_Coche_Touring_0079,Bridgestone_Coche_Touring_0059,0.5382
Coche_|_Touring_Community_01,Bridgestone_Coche_Touring_0002,Bridgestone_Coche_Touring_0059,0.3764
Coche_|_Touring_Community_01,Goodyear_Coche_Touring_0008,Bridgestone_Coche_Touring_0059,0.1898
Coche_|_Touring_Community_01,Michelin_Coche_Touring_0056,Bridgestone_Coche_Touring_0059,0.3777
Coche_|_Touring_Community_01,Michelin_Coche_Touring_0072,Bridgestone_Coche_Touring_0059,0.1245
Coche_|_Touring_Community_01,Tomket_Coche_Touring_0057,Bridgestone_Coche_Touring_0059,0.5412
Coche_|_Touring_Community_01,Uniroyal_Coche_Touring_0020,Bridgestone_Coche_Touring_0059,0.4456
Coche_|_Touring_Community_01,Continental_Coche_Touring_0064,Continental_Coche_Touring_0031,0.8554
Coche_|_Touring_Community_01,GT Radial_Coche_Touring_0003,Continental_Coche_Touring_0031,0.4264
Coche_|_Touring_Community_01,Kumho_Coche_Touring_0005,Continental_Coche_Touring_0031,0.3144
Coche_|_Touring_Community_01,Michelin_Coche_Touring_0035,Continental_Coche_Touring_0031,0.0771
Coche_|_Touring_Community_01,Michelin_Coche_Touring_0072,Continental_Coche_Touring_0031,0.375
Coche_|_Touring_Community_01,Nokian_Coche_Touring_0063,Continental_Coche_Touring_0031,0.1546
Coche_|_Touring_Community_01,Vredestein_Coche_Touring_0015,Continental_Coche_Touring_0031,0.3529
Coche_|_Touring_Community_01,Continental_Coche_Touring_0031,Continental_Coche_Touring_0064,0.3972
Coche_|_Touring_Community_01,Goodyear_Coche_Touring_0076,Continental_Coche_Touring_0064,0.3557
Coche_|_Touring_Community_01,Michelin_Coche_Touring_0072,Continental_Coche_Touring_0064,0.1515
Coche_|_Touring_Community_01,Tomket_Coche_Touring_0057,Continental_Coche_Touring_0064,1.1514
Coche_|_Touring_Community_01,Toyo Tires_Coche_Touring_0029,Continental_Coche_Touring_0064,0.3765
Coche_|_Touring_Community_01,Vredestein_Coche_Touring_0015,Continental_Coche_Touring_0064,0.1106
Coche_|_Touring_Community_01,Vredestein_Coche_Touring_0027,Continental_Coche_Touring_0064,0.0824
Coche_|_Touring_Community_01,GT Radial_Coche_Touring_0006,Cooper Tires_Coche_Touring_0017,0.5906
Coche_|_Touring_Community_01,Kumho_Coche_Touring_0005,Cooper Tires_Coche_Touring_0017,0.2844
Coche_|_Touring_Community_01,Michelin_Coche_Touring_0072,Cooper Tires_Coche_Touring_0017,0.1701
Coche_|_Touring_Community_01,Nexen_Coche_Touring_0023,Cooper Tires_Coche_Touring_0017,0.2283
Coche_|_Touring_Community_01,Roadmarch_Coche_Touring_0047,Cooper Tires_Coche_Touring_0017,0.1123
Coche_|_Touring_Community_01,Sailun_Coche_Touring_0062,Cooper Tires_Coche_Touring_0017,0.8239
Coche_|_Touring_Community_01,Tomket_Coche_Touring_0057,Cooper Tires_Coche_Touring_0017,0.4122
Coche_|_Touring_Community_01,BFGoodrich_Coche_Touring_0068,Cooper Tires_Coche_Touring_0073,0.3442
Coche_|_Touring_Community_01,GT Radial_Coche_Touring_0006,Cooper Tires_Coche_Touring_0073,0.3729
Coche_|_Touring_Community_01,Michelin_Coche_Touring_0009,Cooper Tires_Coche_Touring_0073,0.5651
Coche_|_Touring_Community_01,Michelin_Coche_Touring_0040,Cooper Tires_Coche_Touring_0073,0.0934
Coche_|_Touring_Community_01,Michelin_Coche_Touring_0072,Cooper Tires_Coche_Touring_0073,0.3829
Coche_|_Touring_Community_01,Nexen_Coche_Touring_0023,Cooper Tires_Coche_Touring_0073,0.2634
Coche_|_Touring_Community_01,Nexen_Coche_Touring_0070,Cooper Tires_Coche_Touring_0073,0.4377
Coche_|_Touring_Community_01,Toyo Tires_Coche_Touring_0029,Cooper Tires_Coche_Touring_0073,0.159
Coche_|_Touring_Community_01,General Tire_Coche_Touring_0022,Dunlop_Coche_Touring_0060,0.2273
Coche_|_Touring_Community_01,Nexen_Coche_Touring_0070,Dunlop_Coche_Touring_0060,0.3057
Coche_|_Touring_Community_01,Nokian_Coche_Touring_0063,Dunlop_Coche_Touring_0060,0.7282
Coche_|_Touring_Community_01,Tomket_Coche_Touring_0058,Dunlop_Coche_Touring_0060,0.4242
Coche_|_Touring_Community_01,Vredestein_Coche_Touring_0027,Dunlop_Coche_Touring_0060,0.8599
Coche_|_Touring_Community_01,BFGoodrich_Coche_Touring_0028,GT Radial_Coche_Touring_0003,0.0508
Coche_|_Touring_Community_01,Continental_Coche_Touring_0031,GT Radial_Coche_Touring_0003,0.0986
Coche_|_Touring_Community_01,Cooper Tires_Coche_Touring_0017,GT Radial_Coche_Touring_0003,0.2166
Coche_|_Touring_Community_01,GT Radial_Coche_Touring_0006,GT Radial_Coche_Touring_0003,0.6648
Coche_|_Touring_Community_01,General Tire_Coche_Touring_0022,GT Radial_Coche_Touring_0003,0.0969
Coche_|_Touring_Community_01,Goodyear_Coche_Touring_0008,GT Radial_Coche_Touring_0003,0.074
Coche_|_Touring_Community_01,Hankook_Coche_Touring_0077,GT Radial_Coche_Touring_0003,0.668
Coche_|_Touring_Community_01,Mazzini_Coche_Touring_0030,GT Radial_Coche_Touring_0003,0.1394
Coche_|_Touring_Community_01,Michelin_Coche_Touring_0040,GT Radial_Coche_Touring_0003,0.5426
Coche_|_Touring_Community_01,BFGoodrich_Coche_Touring_0067,GT Radial_Coche_Touring_0006,0.0931
Coche_|_Touring_Community_01,Continental_Coche_Touring_0064,GT Radial_Coche_Touring_0006,0.1022
Coche_|_Touring_Community_01,Michelin_Coche_Touring_0040,GT Radial_Coche_Touring_0006,0.43
Coche_|_Touring_Community_01,Sailun_Coche_Touring_0062,GT Radial_Coche_Touring_0006,0.7218
Coche_|_Touring_Community_01,Vredestein_Coche_Touring_0015,GT Radial_Coche_Touring_0006,0.863
Coche_|_Touring_Community_01,Vredestein_Coche_Touring_0052,GT Radial_Coche_Touring_0006,0.4535
Coche_|_Touring_Community_01,BFGoodrich_Coche_Touring_0067,General Tire_Coche_Touring_0022,0.3443
Coche_|_Touring_Community_01,BFGoodrich_Coche_Touring_0079,General Tire_Coche_Touring_0022,0.643
Coche_|_Touring_Community_01,Bridgestone_Coche_Touring_0007,General Tire_Coche_Touring_0022,0.3304
Coche_|_Touring_Community_01,Goodyear_Coche_Touring_0008,General Tire_Coche_Touring_0022,0.1029
Coche_|_Touring_Community_01,Hifly_Coche_Touring_0071,General Tire_Coche_Touring_0022,0.163
Coche_|_Touring_Community_01,Mazzini_Coche_Touring_0030,General Tire_Coche_Touring_0022,0.0709
Coche_|_Touring_Community_01,Nexen_Coche_Touring_0023,General Tire_Coche_Touring_0022,0.6445
Coche_|_Touring_Community_01,Nokian_Coche_Touring_0063,General Tire_Coche_Touring_0022,0.3619
Coche_|_Touring_Community_01,Roadmarch_Coche_Touring_0047,General Tire_Coche_Touring_0022,0.0846
Coche_|_Touring_Community_01,BFGoodrich_Coche_Touring_0079,Goodyear_Coche_Touring_0008,0.329
Coche_|_Touring_Community_01,Cooper Tires_Coche_Touring_0017,Goodyear_Coche_Touring_0008,0.1515
Coche_|_Touring_Community_01,Dunlop_Coche_Touring_0060,Goodyear_Coche_Touring_0008,0.8805
Coche_|_Touring_Community_01,GT Radial_Coche_Touring_0003,Goodyear_Coche_Touring_0008,0.4363
Coche_|_Touring_Community_01,Goodyear_Coche_Touring_0076,Goodyear_Coche_Touring_0008,0.2686
Coche_|_Touring_Community_01,Hifly_Coche_Touring_0071,Goodyear_Coche_Touring_0008,0.374
Coche_|_Touring_Community_01,Michelin_Coche_Touring_0009,Goodyear_Coche_Touring_0008,0.2948
Coche_|_Touring_Community_01,Continental_Coche_Touring_0031,Goodyear_Coche_Touring_0076,0.2262
Coche_|_Touring_Community_01,Hankook_Coche_Touring_0077,Goodyear_Coche_Touring_0076,0.4159
Coche_|_Touring_Community_01,Mazzini_Coche_Touring_0030,Goodyear_Coche_Touring_0076,0.3621
Coche_|_Touring_Community_01,Michelin_Coche_Touring_0072,Goodyear_Coche_Touring_0076,0.3442
Coche_|_Touring_Community_01,Tomket_Coche_Touring_0058,Goodyear_Coche_Touring_0076,0.6379
Coche_|_Touring_Community_01,Vredestein_Coche_Touring_0015,Goodyear_Coche_Touring_0076,0.7263
Coche_|_Touring_Community_01,Bridgestone_Coche_Touring_0002,Hankook_Coche_Touring_0066,0.7396
Coche_|_Touring_Community_01,Michelin_Coche_Touring_0040,Hankook_Coche_Touring_0066,0.1918
Coche_|_Touring_Community_01,Nexen_Coche_Touring_0070,Hankook_Coche_Touring_0066,0.6717
Coche_|_Touring_Community_01,Nokian_Coche_Touring_0063,Hankook_Coche_Touring_0066,0.4919
Coche_|_Touring_Community_01,Vredestein_Coche_Touring_0015,Hankook_Coche_Touring_0066,0.6236
Coche_|_Touring_Community_01,BFGoodrich_Coche_Touring_0067,Hankook_Coche_Touring_0077,0.3907
Coche_|_Touring_Community_01,Cooper Tires_Coche_Touring_0017,Hankook_Coche_Touring_0077,0.408
Coche_|_Touring_Community_01,GT Radial_Coche_Touring_0006,Hankook_Coche_Touring_0077,0.3074
Coche_|_Touring_Community_01,Mazzini_Coche_Touring_0041,Hankook_Coche_Touring_0077,0.7454
Coche_|_Touring_Community_01,Michelin_Coche_Touring_0009,Hankook_Coche_Touring_0077,0.3698
Coche_|_Touring_Community_01,Sailun_Coche_Touring_0062,Hankook_Coche_Touring_0077,0.4067
Coche_|_Touring_Community_01,BFGoodrich_Coche_Touring_0067,Hifly_Coche_Touring_0071,0.1101
Coche_|_Touring_Community_01,Goodyear_Coche_Touring_0076,Hifly_Coche_Touring_0071,0.3373
Coche_|_Touring_Community_01,Michelin_Coche_Touring_0009,Hifly_Coche_Touring_0071,0.1586
Coche_|_Touring_Community_01,Michelin_Coche_Touring_0035,Hifly_Coche_Touring_0071,0.3834
Coche_|_Touring_Community_01,Nexen_Coche_Touring_0023,Hifly_Coche_Touring_0071,0.4709
Coche_|_Touring_Community_01,Nokian_Coche_Touring_0063,Hifly_Coche_Touring_0071,0.5493
Coche_|_Touring_Community_01,Uniroyal_Coche_Touring_0020,Hifly_Coche_Touring_0071,0.4028
Coche_|_Touring_Community_01,Goodyear_Coche_Touring_0008,Kumho_Coche_Touring_0005,0.4035
Coche_|_Touring_Community_01,Goodyear_Coche_Touring_0076,Kumho_Coche_Touring_0005,0.175
Coche_|_Touring_Community_01,Hifly_Coche_Touring_0071,Kumho_Coche_Touring_0005,0.8893
Coche_|_Touring_Community_01,Michelin_Coche_Touring_0040,Kumho_Coche_Touring_0005,0.3316
Coche_|_Touring_Community_01,Sailun_Coche_Touring_0062,Kumho_Coche_Touring_0005,0.2857
Coche_|_Touring_Community_01,Tomket_Coche_Touring_0057,Kumho_Coche_Touring_0005,0.4806
Coche_|_Touring_Community_01,Tomket_Coche_Touring_0058,Kumho_Coche_Touring_0005,0.0999
Coche_|_Touring_Community_01,BFGoodrich_Coche_Touring_0068,Mazzini_Coche_Touring_0030,0.2304
Coche_|_Touring_Community_01,Bridgestone_Coche_Touring_0002,Mazzini_Coche_Touring_0030,0.1041
Coche_|_Touring_Community_01,Continental_Coche_Touring_0031,Mazzini_Coche_Touring_0030,0.5662
Coche_|_Touring_Community_01,Continental_Coche_Touring_0064,Mazzini_Coche_Touring_0030,0.3462
Coche_|_Touring_Community_01,Nexen_Coche_Touring_0023,Mazzini_Coche_Touring_0030,0.5244
Coche_|_Touring_Community_01,Nokian_Coche_Touring_0063,Mazzini_Coche_Touring_0030,0.6773
Coche_|_Touring_Community_01,Uniroyal_Coche_Touring_0020,Mazzini_Coche_Touring_0030,0.1949
Coche_|_Touring_Community_01,BFGoodrich_Coche_Touring_0079,Mazzini_Coche_Touring_0041,0.4337
Coche_|_Touring_Community_01,Bridgestone_Coche_Touring_0059,Mazzini_Coche_Touring_0041,0.7071
Coche_|_Touring_Community_01,GT Radial_Coche_Touring_0006,Mazzini_Coche_Touring_0041,0.22
Coche_|_Touring_Community_01,Goodyear_Coche_Touring_0008,Mazzini_Coche_Touring_0041,0.3115
Coche_|_Touring_Community_01,Hankook_Coche_Touring_0077,Mazzini_Coche_Touring_0041,0.2959
Coche_|_Touring_Community_01,Roadmarch_Coche_Touring_0047,Mazzini_Coche_Touring_0041,0.1271
Coche_|_Touring_Community_01,Sailun_Coche_Touring_0062,Mazzini_Coche_Touring_0041,0.3473
Coche_|_Touring_Community_01,Tomket_Coche_Touring_0057,Mazzini_Coche_Touring_0041,0.0584
Coche_|_Touring_Community_01,Uniroyal_Coche_Touring_0020,Mazzini_Coche_Touring_0041,0.1222
Coche_|_Touring_Community_01,BFGoodrich_Coche_Touring_0067,Michelin_Coche_Touring_0009,0.9109
Coche_|_Touring_Community_01,BFGoodrich_Coche_Touring_0068,Michelin_Coche_Touring_0009,0.1541
Coche_|_Touring_Community_01,Bridgestone_Coche_Touring_0002,Michelin_Coche_Touring_0009,0.1175
Coche_|_Touring_Community_01,Dunlop_Coche_Touring_0060,Michelin_Coche_Touring_0009,0.5623
Coche_|_Touring_Community_01,General Tire_Coche_Touring_0022,Michelin_Coche_Touring_0009,0.1061
Coche_|_Touring_Community_01,Michelin_Coche_Touring_0040,Michelin_Coche_Touring_0009,0.4287
Coche_|_Touring_Community_01,Roadmarch_Coche_Touring_0047,Michelin_Coche_Touring_0009,0.4925
Coche_|_Touring_Community_01,Cooper Tires_Coche_Touring_0017,Michelin_Coche_Touring_0035,0.9866
Coche_|_Touring_Community_01,Goodyear_Coche_Touring_0008,Michelin_Coche_Touring_0035,1.0796
Coche_|_Touring_Community_01,Kumho_Coche_Touring_0005,Michelin_Coche_Touring_0035,0.0514
Coche_|_Touring_Community_01,Roadmarch_Coche_Touring_0047,Michelin_Coche_Touring_0035,0.4536
Coche_|_Touring_Community_01,BFGoodrich_Coche_Touring_0067,Michelin_Coche_Touring_0040,0.7183
Coche_|_Touring_Community_01,BFGoodrich_Coche_Touring_0079,Michelin_Coche_Touring_0040,0.3165
Coche_|_Touring_Community_01,Mazzini_Coche_Touring_0030,Michelin_Coche_Touring_0040,0.3705
Coche_|_Touring_Community_01,Mazzini_Coche_Touring_0041,Michelin_Coche_Touring_0040,0.1456
Coche_|_Touring_Community_01,Michelin_Coche_Touring_0035,Michelin_Coche_Touring_0040,0.3361
Coche_|_Touring_Community_01,Nexen_Coche_Touring_0023,Michelin_Coche_Touring_0040,0.538
Coche_|_Touring_Community_01,BFGoodrich_Coche_Touring_0067,Michelin_Coche_Touring_0056,0.1566
Coche_|_Touring_Community_01,Bridgestone_Coche_Touring_0059,Michelin_Coche_Touring_0056,0.085
Coche_|_Touring_Community_01,Cooper Tires_Coche_Touring_0017,Michelin_Coche_Touring_0056,0.2386
Coche_|_Touring_Community_01,Goodyear_Coche_Touring_0076,Michelin_Coche_Touring_0056,0.5236
Coche_|_Touring_Community_01,Kumho_Coche_Touring_0005,Michelin_Coche_Touring_0056,0.1326
Coche_|_Touring_Community_01,Mazzini_Coche_Touring_0041,Michelin_Coche_Touring_0056,0.3865
Coche_|_Touring_Community_01,Nexen_Coche_Touring_0023,Michelin_Coche_Touring_0056,1.0242
Coche_|_Touring_Community_01,Vredestein_Coche_Touring_0027,Michelin_Coche_Touring_0056,0.2226
Coche_|_Touring_Community_01,BFGoodrich_Coche_Touring_0068,Michelin_Coche_Touring_0072,0.1069
Coche_|_Touring_Community_01,Hankook_Coche_Touring_0077,Michelin_Coche_Touring_0072,0.7418
Coche_|_Touring_Community_01,Michelin_Coche_Touring_0009,Michelin_Coche_Touring_0072,0.3946
Coche_|_Touring_Community_01,Roadmarch_Coche_Touring_0047,Michelin_Coche_Touring_0072,0.3801
Coche_|_Touring_Community_01,Toyo Tires_Coche_Touring_0029,Michelin_Coche_Touring_0072,0.5174
Coche_|_Touring_Community_01,Uniroyal_Coche_Touring_0020,Michelin_Coche_Touring_0072,0.3753
Coche_|_Touring_Community_01,BFGoodrich_Coche_Touring_0028,Nexen_Coche_Touring_0023,0.7704
Coche_|_Touring_Community_01,BFGoodrich_Coche_Touring_0067,Nexen_Coche_Touring_0023,0.172
Coche_|_Touring_Community_01,Bridgestone_Coche_Touring_0002,Nexen_Coche_Touring_0023,0.4238
Coche_|_Touring_Community_01,Bridgestone_Coche_Touring_0007,Nexen_Coche_Touring_0023,0.1341
Coche_|_Touring_Community_01,Continental_Coche_Touring_0064,Nexen_Coche_Touring_0023,0.39
Coche_|_Touring_Community_01,Goodyear_Coche_Touring_0008,Nexen_Coche_Touring_0023,0.1295
Coche_|_Touring_Community_01,Hifly_Coche_Touring_0071,Nexen_Coche_Touring_0023,0.4328
Coche_|_Touring_Community_01,Sailun_Coche_Touring_0062,Nexen_Coche_Touring_0023,0.1879
Coche_|_Touring_Community_01,Tomket_Coche_Touring_0057,Nexen_Coche_Touring_0023,0.1411
Coche_|_Touring_Community_01,Cooper Tires_Coche_Touring_0073,Nexen_Coche_Touring_0070,0.0958
Coche_|_Touring_Community_01,GT Radial_Coche_Touring_0006,Nexen_Coche_Touring_0070,0.5513
Coche_|_Touring_Community_01,Hifly_Coche_Touring_0071,Nexen_Coche_Touring_0070,0.0513
Coche_|_Touring_Community_01,Michelin_Coche_Touring_0040,Nexen_Coche_Touring_0070,0.4305
Coche_|_Touring_Community_01,Michelin_Coche_Touring_0056,Nexen_Coche_Touring_0070,0.1403
Coche_|_Touring_Community_01,Nokian_Coche_Touring_0063,Nexen_Coche_Touring_0070,0.2527
Coche_|_Touring_Community_01,Sailun_Coche_Touring_0062,Nexen_Coche_Touring_0070,0.2304
Coche_|_Touring_Community_01,Toyo Tires_Coche_Touring_0029,Nexen_Coche_Touring_0070,0.2915
Coche_|_Touring_Community_01,Uniroyal_Coche_Touring_0020,Nexen_Coche_Touring_0070,0.2388
Coche_|_Touring_Community_01,Vredestein_Coche_Touring_0052,Nexen_Coche_Touring_0070,0.2718
Coche_|_Touring_Community_01,Bridgestone_Coche_Touring_0007,Nokian_Coche_Touring_0063,0.3539
Coche_|_Touring_Community_01,Bridgestone_Coche_Touring_0059,Nokian_Coche_Touring_0063,0.3858
Coche_|_Touring_Community_01,Cooper Tires_Coche_Touring_0073,Nokian_Coche_Touring_0063,0.1212
Coche_|_Touring_Community_01,Dunlop_Coche_Touring_0060,Nokian_Coche_Touring_0063,0.0883
Coche_|_Touring_Community_01,GT Radial_Coche_Touring_0003,Nokian_Coche_Touring_0063,0.1012
Coche_|_Touring_Community_01,Hankook_Coche_Touring_0066,Nokian_Coche_Touring_0063,0.5054
Coche_|_Touring_Community_01,Mazzini_Coche_Touring_0030,Nokian_Coche_Touring_0063,0.2085
Coche_|_Touring_Community_01,Michelin_Coche_Touring_0009,Nokian_Coche_Touring_0063,0.2857
Coche_|_Touring_Community_01,Tomket_Coche_Touring_0057,Nokian_Coche_Touring_0063,0.063
Coche_|_Touring_Community_01,Toyo Tires_Coche_Touring_0029,Nokian_Coche_Touring_0063,0.3965
Coche_|_Touring_Community_01,Bridgestone_Coche_Touring_0007,Roadmarch_Coche_Touring_0047,0.5855
Coche_|_Touring_Community_01,Bridgestone_Coche_Touring_0059,Roadmarch_Coche_Touring_0047,0.0611
Coche_|_Touring_Community_01,GT Radial_Coche_Touring_0006,Roadmarch_Coche_Touring_0047,0.8553
Coche_|_Touring_Community_01,Goodyear_Coche_Touring_0008,Roadmarch_Coche_Touring_0047,0.086
Coche_|_Touring_Community_01,Hankook_Coche_Touring_0077,Roadmarch_Coche_Touring_0047,0.0758
Coche_|_Touring_Community_01,Michelin_Coche_Touring_0040,Roadmarch_Coche_Touring_0047,0.1468
Coche_|_Touring_Community_01,Nokian_Coche_Touring_0063,Roadmarch_Coche_Touring_0047,0.721
Coche_|_Touring_Community_01,BFGoodrich_Coche_Touring_0067,Sailun_Coche_Touring_0062,0.344
Coche_|_Touring_Community_01,Bridgestone_Coche_Touring_0002,Sailun_Coche_Touring_0062,0.0943
Coche_|_Touring_Community_01,Bridgestone_Coche_Touring_0007,Sailun_Coche_Touring_0062,0.0781
Coche_|_Touring_Community_01,Continental_Coche_Touring_0031,Sailun_Coche_Touring_0062,0.0622
Coche_|_Touring_Community_01,Continental_Coche_Touring_0064,Sailun_Coche_Touring_0062,0.1291
Coche_|_Touring_Community_01,Cooper Tires_Coche_Touring_0073,Sailun_Coche_Touring_0062,0.301
Coche_|_Touring_Community_01,GT Radial_Coche_Touring_0006,Sailun_Coche_Touring_0062,0.2613
Coche_|_Touring_Community_01,General Tire_Coche_Touring_0022,Sailun_Coche_Touring_0062,0.4068
Coche_|_Touring_Community_01,Michelin_Coche_Touring_0009,Sailun_Coche_Touring_0062,0.0595
Coche_|_Touring_Community_01,Michelin_Coche_Touring_0072,Sailun_Coche_Touring_0062,0.1624
Coche_|_Touring_Community_01,Nexen_Coche_Touring_0070,Sailun_Coche_Touring_0062,0.0706
Coche_|_Touring_Community_01,Vredestein_Coche_Touring_0027,Sailun_Coche_Touring_0062,0.2272
Coche_|_Touring_Community_01,Vredestein_Coche_Touring_0052,Sailun_Coche_Touring_0062,0.4259
Coche_|_Touring_Community_01,Continental_Coche_Touring_0064,Tomket_Coche_Touring_0057,0.6294
Coche_|_Touring_Community_01,Cooper Tires_Coche_Touring_0073,Tomket_Coche_Touring_0057,0.147
Coche_|_Touring_Community_01,Hankook_Coche_Touring_0066,Tomket_Coche_Touring_0057,0.1404
Coche_|_Touring_Community_01,Toyo Tires_Coche_Touring_0029,Tomket_Coche_Touring_0057,0.688
Coche_|_Touring_Community_01,Vredestein_Coche_Touring_0015,Tomket_Coche_Touring_0057,0.9574
Coche_|_Touring_Community_01,Bridgestone_Coche_Touring_0059,Tomket_Coche_Touring_0058,0.1029
Coche_|_Touring_Community_01,Cooper Tires_Coche_Touring_0073,Tomket_Coche_Touring_0058,0.2078
Coche_|_Touring_Community_01,GT Radial_Coche_Touring_0003,Tomket_Coche_Touring_0058,0.5146
Coche_|_Touring_Community_01,General Tire_Coche_Touring_0022,Tomket_Coche_Touring_0058,0.3131
Coche_|_Touring_Community_01,Michelin_Coche_Touring_0035,Tomket_Coche_Touring_0058,0.186
Coche_|_Touring_Community_01,Roadmarch_Coche_Touring_0047,Tomket_Coche_Touring_0058,0.2928
Coche_|_Touring_Community_01,Sailun_Coche_Touring_0062,Tomket_Coche_Touring_0058,0.5857
Coche_|_Touring_Community_01,Uniroyal_Coche_Touring_0020,Tomket_Coche_Touring_0058,0.1326
Coche_|_Touring_Community_01,Vredestein_Coche_Touring_0052,Tomket_Coche_Touring_0058,0.2842
Coche_|_Touring_Community_01,BFGoodrich_Coche_Touring_0068,Toyo Tires_Coche_Touring_0029,0.2332
Coche_|_Touring_Community_01,Bridgestone_Coche_Touring_0007,Toyo Tires_Coche_Touring_0029,0.5988
Coche_|_Touring_Community_01,Cooper Tires_Coche_Touring_0073,Toyo Tires_Coche_Touring_0029,0.6687
Coche_|_Touring_Community_01,Dunlop_Coche_Touring_0060,Toyo Tires_Coche_Touring_0029,0.1985
Coche_|_Touring_Community_01,GT Radial_Coche_Touring_0003,Toyo Tires_Coche_Touring_0029,0.231
Coche_|_Touring_Community_01,GT Radial_Coche_Touring_0006,Toyo Tires_Coche_Touring_0029,0.6269
Coche_|_Touring_Community_01,Goodyear_Coche_Touring_0008,Toyo Tires_Coche_Touring_0029,0.0878
Coche_|_Touring_Community_01,Hankook_Coche_Touring_0066,Toyo Tires_Coche_Touring_0029,0.1254
Coche_|_Touring_Community_01,Bridgestone_Coche_Touring_0007,Uniroyal_Coche_Touring_0020,0.6763
Coche_|_Touring_Community_01,Cooper Tires_Coche_Touring_0017,Uniroyal_Coche_Touring_0020,0.2277
Coche_|_Touring_Community_01,Cooper Tires_Coche_Touring_0073,Uniroyal_Coche_Touring_0020,0.1327
Coche_|_Touring_Community_01,GT Radial_Coche_Touring_0003,Uniroyal_Coche_Touring_0020,0.096
Coche_|_Touring_Community_01,Goodyear_Coche_Touring_0008,Uniroyal_Coche_Touring_0020,0.0655
Coche_|_Touring_Community_01,Hankook_Coche_Touring_0077,Uniroyal_Coche_Touring_0020,0.1707
Coche_|_Touring_Community_01,Hifly_Coche_Touring_0071,Uniroyal_Coche_Touring_0020,0.0682
Coche_|_Touring_Community_01,Nokian_Coche_Touring_0063,Uniroyal_Coche_Touring_0020,0.5023
Coche_|_Touring_Community_01,Roadmarch_Coche_Touring_0047,Uniroyal_Coche_Touring_0020,0.5908
Coche_|_Touring_Community_01,Bridgestone_Coche_Touring_0007,Vredestein_Coche_Touring_0015,0.3177
Coche_|_Touring_Community_01,Continental_Coche_Touring_0064,Vredestein_Coche_Touring_0015,0.0687
Coche_|_Touring_Community_01,GT Radial_Coche_Touring_0003,Vredestein_Coche_Touring_0015,0.3381
Coche_|_Touring_Community_01,GT Radial_Coche_Touring_0006,Vredestein_Coche_Touring_0015,0.5358
Coche_|_Touring_Community_01,Goodyear_Coche_Touring_0008,Vredestein_Coche_Touring_0015,0.3601
Coche_|_Touring_Community_01,Michelin_Coche_Touring_0056,Vredestein_Coche_Touring_0015,0.7584
Coche_|_Touring_Community_01,Tomket_Coche_Touring_0057,Vredestein_Coche_Touring_0015,0.1252
Coche_|_Touring_Community_01,Vredestein_Coche_Touring_0052,Vredestein_Coche_Touring_0015,0.0901
Coche_|_Touring_Community_01,Cooper Tires_Coche_Touring_0017,Vredestein_Coche_Touring_0027,0.6767
Coche_|_Touring_Community_01,Cooper Tires_Coche_Touring_0073,Vredestein_Coche_Touring_0027,0.0677
Coche_|_Touring_Community_01,Hifly_Coche_Touring_0071,Vredestein_Coche_Touring_0027,0.5173
Coche_|_Touring_Community_01,Nexen_Coche_Touring_0070,Vredestein_Coche_Touring_0027,0.2436
Coche_|_Touring_Community_01,Nokian_Coche_Touring_0063,Vredestein_Coche_Touring_0027,0.4487
Coche_|_Touring_Community_01,Uniroyal_Coche_Touring_0020,Vredestein_Coche_Touring_0027,0.3705
Coche_|_Touring_Community_01,Bridgestone_Coche_Touring_0002,Vredestein_Coche_Touring_0052,0.1106
Coche_|_Touring_Community_01,Cooper Tires_Coche_Touring_0017,Vredestein_Coche_Touring_0052,0.8574
Coche_|_Touring_Community_01,Goodyear_Coche_Touring_0008,Vredestein_Coche_Touring_0052,0.6133
Coche_|_Touring_Community_01,Hifly_Coche_Touring_0071,Vredestein_Coche_Touring_0052,0.2577
Coche_|_Touring_Community_01,Michelin_Coche_Touring_0035,Vredestein_Coche_Touring_0052,0.0977
Coche_|_Touring_Community_01,Michelin_Coche_Touring_0072,Vredestein_Coche_Touring_0052,0.1336
Coche_|_Touring_Community_01,Nokian_Coche_Touring_0063,Vredestein_Coche_Touring_0052,0.1348
Coche_|_Touring_Community_01,Roadmarch_Coche_Touring_0047,Vredestein_Coche_Touring_0052,0.4747
Coche_|_Touring_Community_02,Firestone_Coche_Touring_0016,BFGoodrich_Coche_Touring_0065,0.055
Coche_|_Touring_Community_02,Firestone_Coche_Touring_0046,BFGoodrich_Coche_Touring_0065,0.0702
Coche_|_Touring_Community_02,Goodride_Coche_Touring_0011,BFGoodrich_Coche_Touring_0065,0.1105
Coche_|_Touring_Community_02,Hankook_Coche_Touring_0000,BFGoodrich_Coche_Touring_0065,0.9092
Coche_|_Touring_Community_02,Hifly_Coche_Touring_0019,BFGoodrich_Coche_Touring_0065,0.1039
Coche_|_Touring_Community_02,Linglong_Coche_Touring_0018,BFGoodrich_Coche_Touring_0065,0.6758
Coche_|_Touring_Community_02,Michelin_Coche_Touring_0036,BFGoodrich_Coche_Touring_0065,0.2917
Coche_|_Touring_Community_02,Tracmax_Coche_Touring_0014,BFGoodrich_Coche_Touring_0065,0.3635
Coche_|_Touring_Community_02,Cooper Tires_Coche_Touring_0032,Bridgestone_Coche_Touring_0045,0.292
Coche_|_Touring_Community_02,Dunlop_Coche_Touring_0026,Bridgestone_Coche_Touring_0045,0.2246
Coche_|_Touring_Community_02,Goodride_Coche_Touring_0011,Bridgestone_Coche_Touring_0045,0.8097
Coche_|_Touring_Community_02,Linglong_Coche_Touring_0018,Bridgestone_Coche_Touring_0045,0.3462
Coche_|_Touring_Community_02,Toyo Tires_Coche_Touring_0021,Bridgestone_Coche_Touring_0045,0.4923
Coche_|_Touring_Community_02,Tracmax_Coche_Touring_0014,Bridgestone_Coche_Touring_0045,0.5337
Coche_|_Touring_Community_02,Firestone_Coche_Touring_0016,Bridgestone_Coche_Touring_0048,0.5358
Coche_|_Touring_Community_02,Goodyear_Coche_Touring_0043,Bridgestone_Coche_Touring_0048,0.4711
Coche_|_Touring_Community_02,Michelin_Coche_Touring_0036,Bridgestone_Coche_Touring_0048,1.0678
Coche_|_Touring_Community_02,Sailun_Coche_Touring_0025,Bridgestone_Coche_Touring_0048,0.452
Coche_|_Touring_Community_02,Triangle_Coche_Touring_0034,Bridgestone_Coche_Touring_0048,0.079
Coche_|_Touring_Community_02,BFGoodrich_Coche_Touring_0065,Bridgestone_Coche_Touring_0075,0.6359
Coche_|_Touring_Community_02,Cooper Tires_Coche_Touring_0032,Bridgestone_Coche_Touring_0075,1.0045
Coche_|_Touring_Community_02,Goodyear_Coche_Touring_0043,Bridgestone_Coche_Touring_0075,0.3568
Coche_|_Touring_Community_02,Hankook_Coche_Touring_0024,Bridgestone_Coche_Touring_0075,0.583
Coche_|_Touring_Community_02,Triangle_Coche_Touring_0034,Bridgestone_Coche_Touring_0075,0.0858
Coche_|_Touring_Community_02,Bridgestone_Coche_Touring_0048,Continental_Coche_Touring_0049,0.3233
Coche_|_Touring_Community_02,Continental_Coche_Touring_0074,Continental_Coche_Touring_0049,0.3692
Coche_|_Touring_Community_02,Cooper Tires_Coche_Touring_0032,Continental_Coche_Touring_0049,0.2658
Coche_|_Touring_Community_02,Dunlop_Coche_Touring_0055,Continental_Coche_Touring_0049,0.8314
Coche_|_Touring_Community_02,GT Radial_Coche_Touring_0061,Continental_Coche_Touring_0049,0.1671
Coche_|_Touring_Community_02,Goodyear_Coche_Touring_0043,Continental_Coche_Touring_0049,0.0873
Coche_|_Touring_Community_02,Triangle_Coche_Touring_0034,Continental_Coche_Touring_0049,0.5318
Coche_|_Touring_Community_02,Firestone_Coche_Touring_0016,Continental_Coche_Touring_0074,0.7398
Coche_|_Touring_Community_02,Firestone_Coche_Touring_0046,Continental_Coche_Touring_0074,0.5363
Coche_|_Touring_Community_02,Goodyear_Coche_Touring_0043,Continental_Coche_Touring_0074,0.6893
Coche_|_Touring_Community_02,Goodyear_Coche_Touring_0053,Continental_Coche_Touring_0074,0.4416
Coche_|_Touring_Community_02,Hifly_Coche_Touring_0019,Continental_Coche_Touring_0074,0.1461
Coche_|_Touring_Community_02,Linglong_Coche_Touring_0018,Continental_Coche_Touring_0074,0.0653
Coche_|_Touring_Community_02,Firestone_Coche_Touring_0016,Cooper Tires_Coche_Touring_0032,0.3427
Coche_|_Touring_Community_02,Goodride_Coche_Touring_0011,Cooper Tires_Coche_Touring_0032,0.2142
Coche_|_Touring_Community_02,Goodyear_Coche_Touring_0043,Cooper Tires_Coche_Touring_0032,0.2153
Coche_|_Touring_Community_02,Goodyear_Coche_Touring_0053,Cooper Tires_Coche_Touring_0032,0.5774
Coche_|_Touring_Community_02,Hankook_Coche_Touring_0069,Cooper Tires_Coche_Touring_0032,0.6226
Coche_|_Touring_Community_02,Linglong_Coche_Touring_0018,Cooper Tires_Coche_Touring_0032,0.5635
Coche_|_Touring_Community_02,Sailun_Coche_Touring_0025,Cooper Tires_Coche_Touring_0032,0.0978
Coche_|_Touring_Community_02,Bridgestone_Coche_Touring_0048,Cooper Tires_Coche_Touring_0033,1.0518
Coche_|_Touring_Community_02,Continental_Coche_Touring_0074,Cooper Tires_Coche_Touring_0033,0.075
Coche_|_Touring_Community_02,Cooper Tires_Coche_Touring_0038,Cooper Tires_Coche_Touring_0033,0.2313
Coche_|_Touring_Community_02,Hankook_Coche_Touring_0024,Cooper Tires_Coche_Touring_0033,0.1446
Coche_|_Touring_Community_02,Michelin_Coche_Touring_0036,Cooper Tires_Coche_Touring_0033,0.099
Coche_|_Touring_Community_02,Wanli_Coche_Touring_0004,Cooper Tires_Coche_Touring_0033,1.0546
Coche_|_Touring_Community_02,BFGoodrich_Coche_Touring_0065,Cooper Tires_Coche_Touring_0038,0.6699
Coche_|_Touring_Community_02,Bridgestone_Coche_Touring_0075,Cooper Tires_Coche_Touring_0038,0.1801
Coche_|_Touring_Community_02,Cooper Tires_Coche_Touring_0033,Cooper Tires_Coche_Touring_0038,0.4078
Coche_|_Touring_Community_02,Cooper Tires_Coche_Touring_0078,Cooper Tires_Coche_Touring_0038,0.0657
Coche_|_Touring_Community_02,GT Radial_Coche_Touring_0061,Cooper Tires_Coche_Touring_0038,0.2087
Coche_|_Touring_Community_02,Hankook_Coche_Touring_0024,Cooper Tires_Coche_Touring_0038,0.1665
Coche_|_Touring_Community_02,Tracmax_Coche_Touring_0014,Cooper Tires_Coche_Touring_0038,0.0978
Coche_|_Touring_Community_02,Triangle_Coche_Touring_0034,Cooper Tires_Coche_Touring_0038,0.7334
Coche_|_Touring_Community_02,Continental_Coche_Touring_0074,Cooper Tires_Coche_Touring_0078,0.3859
Coche_|_Touring_Community_02,Firestone_Coche_Touring_0046,Cooper Tires_Coche_Touring_0078,0.5272
Coche_|_Touring_Community_02,Goodyear_Coche_Touring_0043,Cooper Tires_Coche_Touring_0078,0.245
Coche_|_Touring_Community_02,Michelin_Coche_Touring_0036,Cooper Tires_Coche_Touring_0078,0.0618
Coche_|_Touring_Community_02,Roadmarch_Coche_Touring_0054,Cooper Tires_Coche_Touring_0078,0.7383
Coche_|_Touring_Community_02,Tracmax_Coche_Touring_0044,Cooper Tires_Coche_Touring_0078,0.4639
Coche_|_Touring_Community_02,Bridgestone_Coche_Touring_0075,Dunlop_Coche_Touring_0026,0.7902
Coche_|_Touring_Community_02,Continental_Coche_Touring_0074,Dunlop_Coche_Touring_0026,0.4118
Coche_|_Touring_Community_02,Goodyear_Coche_Touring_0053,Dunlop_Coche_Touring_0026,0.3017
Coche_|_Touring_Community_02,Tracmax_Coche_Touring_0014,Dunlop_Coche_Touring_0026,0.4412
Coche_|_Touring_Community_02,Triangle_Coche_Touring_0034,Dunlop_Coche_Touring_0026,0.5807
Coche_|_Touring_Community_02,Cooper Tires_Coche_Touring_0032,Dunlop_Coche_Touring_0055,0.1616
Coche_|_Touring_Community_02,Cooper Tires_Coche_Touring_0033,Dunlop_Coche_Touring_0055,0.359
Coche_|_Touring_Community_02,Falken_Coche_Touring_0039,Dunlop_Coche_Touring_0055,0.2174
Coche_|_Touring_Community_02,GT Radial_Coche_Touring_0061,Dunlop_Coche_Touring_0055,0.2172
Coche_|_Touring_Community_02,Hankook_Coche_Touring_0000,Dunlop_Coche_Touring_0055,1.4807
Coche_|_Touring_Community_02,Triangle_Coche_Touring_0034,Dunlop_Coche_Touring_0055,0.08
Coche_|_Touring_Community_02,Bridgestone_Coche_Touring_0045,Falken_Coche_Touring_0039,0.2712
Coche_|_Touring_Community_02,Cooper Tires_Coche_Touring_0032,Falken_Coche_Touring_0039,0.333
Coche_|_Touring_Community_02,Cooper Tires_Coche_Touring_0033,Falken_Coche_Touring_0039,1.1059
Coche_|_Touring_Community_02,GT Radial_Coche_Touring_0061,Falken_Coche_Touring_0039,0.1969
Coche_|_Touring_Community_02,Hankook_Coche_Touring_0069,Falken_Coche_Touring_0039,0.6894
Coche_|_Touring_Community_02,Hankook_Coche_Touring_0024,Firestone_Coche_Touring_0016,0.5886
Coche_|_Touring_Community_02,Hifly_Coche_Touring_0019,Firestone_Coche_Touring_0016,0.3914
Coche_|_Touring_Community_02,Linglong_Coche_Touring_0018,Firestone_Coche_Touring_0016,0.677
Coche_|_Touring_Community_02,Triangle_Coche_Touring_0034,Firestone_Coche_Touring_0016,0.845
Coche_|_Touring_Community_02,Cooper Tires_Coche_Touring_0032,Firestone_Coche_Touring_0046,0.115
Coche_|_Touring_Community_02,Cooper Tires_Coche_Touring_0033,Firestone_Coche_Touring_0046,0.1416
Coche_|_Touring_Community_02,Cooper Tires_Coche_Touring_0078,Firestone_Coche_Touring_0046,0.379
Coche_|_Touring_Community_02,GT Radial_Coche_Touring_0061,Firestone_Coche_Touring_0046,0.1785
Coche_|_Touring_Community_02,Goodride_Coche_Touring_0011,Firestone_Coche_Touring_0046,0.1922
Coche_|_Touring_Community_02,Roadmarch_Coche_Touring_0054,Firestone_Coche_Touring_0046,0.287
Coche_|_Touring_Community_02,Tracmax_Coche_Touring_0014,Firestone_Coche_Touring_0046,0.2881
Coche_|_Touring_Community_02,Triangle_Coche_Touring_0034,Firestone_Coche_Touring_0046,0.4165
Coche_|_Touring_Community_02,Wanli_Coche_Touring_0004,Firestone_Coche_Touring_0046,0.5732
Coche_|_Touring_Community_02,Bridgestone_Coche_Touring_0048,GT Radial_Coche_Touring_0061,0.6246
Coche_|_Touring_Community_02,Continental_Coche_Touring_0074,GT Radial_Coche_Touring_0061,0.2171
Coche_|_Touring_Community_02,Dunlop_Coche_Touring_0055,GT Radial_Coche_Touring_0061,0.0516
Coche_|_Touring_Community_02,Falken_Coche_Touring_0039,GT Radial_Coche_Touring_0061,0.6313
Coche_|_Touring_Community_02,Goodride_Coche_Touring_0011,GT Radial_Coche_Touring_0061,0.0699
Coche_|_Touring_Community_02,Goodyear_Coche_Touring_0043,GT Radial_Coche_Touring_0061,0.0509
Coche_|_Touring_Community_02,Sailun_Coche_Touring_0025,GT Radial_Coche_Touring_0061,0.1256
Coche_|_Touring_Community_02,Toyo Tires_Coche_Touring_0021,GT Radial_Coche_Touring_0061,0.2272
Coche_|_Touring_Community_02,Tracmax_Coche_Touring_0014,GT Radial_Coche_Touring_0061,0.1727
Coche_|_Touring_Community_02,Tracmax_Coche_Touring_0044,GT Radial_Coche_Touring_0061,0.324
Coche_|_Touring_Community_02,Bridgestone_Coche_Touring_0048,Goodride_Coche_Touring_0011,0.3769
Coche_|_Touring_Community_02,Goodyear_Coche_Touring_0043,Goodride_Coche_Touring_0011,0.2936
Coche_|_Touring_Community_02,Hifly_Coche_Touring_0019,Goodride_Coche_Touring_0011,0.2908
Coche_|_Touring_Community_02,Michelin_Coche_Touring_0036,Goodride_Coche_Touring_0011,0.6358
Coche_|_Touring_Community_02,Triangle_Coche_Touring_0034,Goodride_Coche_Touring_0011,0.8949
Coche_|_Touring_Community_02,Bridgestone_Coche_Touring_0075,Goodyear_Coche_Touring_0043,0.7076
Coche_|_Touring_Community_02,Dunlop_Coche_Touring_0026,Goodyear_Coche_Touring_0043,1.2104
Coche_|_Touring_Community_02,GT Radial_Coche_Touring_0061,Goodyear_Coche_Touring_0043,0.2237
Coche_|_Touring_Community_02,Nokian_Coche_Touring_0050,Goodyear_Coche_Touring_0043,0.2493
Coche_|_Touring_Community_02,Tracmax_Coche_Touring_0014,Goodyear_Coche_Touring_0043,0.1429
Coche_|_Touring_Community_02,Bridgestone_Coche_Touring_0075,Goodyear_Coche_Touring_0053,0.1294
Coche_|_Touring_Community_02,Continental_Coche_Touring_0074,Goodyear_Coche_Touring_0053,0.6334
Coche_|_Touring_Community_02,Dunlop_Coche_Touring_0026,Goodyear_Coche_Touring_0053,0.4655
Coche_|_Touring_Community_02,Falken_Coche_Touring_0039,Goodyear_Coche_Touring_0053,0.2964
Coche_|_Touring_Community_02,GT Radial_Coche_Touring_0061,Goodyear_Coche_Touring_0053,0.7805
Coche_|_Touring_Community_02,Toyo Tires_Coche_Touring_0021,Goodyear_Coche_Touring_0053,0.2768
Coche_|_Touring_Community_02,Bridgestone_Coche_Touring_0045,Hankook_Coche_Touring_0000,0.539
Coche_|_Touring_Community_02,Continental_Coche_Touring_0074,Hankook_Coche_Touring_0000,0.6337
Coche_|_Touring_Community_02,Firestone_Coche_Touring_0016,Hankook_Coche_Touring_0000,0.4609
Coche_|_Touring_Community_02,GT Radial_Coche_Touring_0061,Hankook_Coche_Touring_0000,0.1674
Coche_|_Touring_Community_02,Goodyear_Coche_Touring_0053,Hankook_Coche_Touring_0000,0.7626
Coche_|_Touring_Community_02,Hankook_Coche_Touring_0024,Hankook_Coche_Touring_0000,0.0902
Coche_|_Touring_Community_02,Continental_Coche_Touring_0074,Hankook_Coche_Touring_0024,0.7897
Coche_|_Touring_Community_02,Cooper Tires_Coche_Touring_0038,Hankook_Coche_Touring_0024,0.682
Coche_|_Touring_Community_02,Firestone_Coche_Touring_0046,Hankook_Coche_Touring_0024,0.34
Coche_|_Touring_Community_02,Hankook_Coche_Touring_0069,Hankook_Coche_Touring_0024,0.0892
Coche_|_Touring_Community_02,Hifly_Coche_Touring_0019,Hankook_Coche_Touring_0024,0.4569
Coche_|_Touring_Community_02,Linglong_Coche_Touring_0018,Hankook_Coche_Touring_0024,0.1394
Coche_|_Touring_Community_02,Roadmarch_Coche_Touring_0054,Hankook_Coche_Touring_0024,0.1522
Coche_|_Touring_Community_02,Continental_Coche_Touring_0049,Hankook_Coche_Touring_0069,0.106
Coche_|_Touring_Community_02,Firestone_Coche_Touring_0016,Hankook_Coche_Touring_0069,0.6756
Coche_|_Touring_Community_02,GT Radial_Coche_Touring_0061,Hankook_Coche_Touring_0069,0.7513
Coche_|_Touring_Community_02,Goodride_Coche_Touring_0011,Hankook_Coche_Touring_0069,0.3159
Coche_|_Touring_Community_02,Hankook_Coche_Touring_0000,Hankook_Coche_Touring_0069,0.4096
Coche_|_Touring_Community_02,Linglong_Coche_Touring_0018,Hankook_Coche_Touring_0069,0.1993
Coche_|_Touring_Community_02,Michelin_Coche_Touring_0036,Hankook_Coche_Touring_0069,0.1358
Coche_|_Touring_Community_02,Bridgestone_Coche_Touring_0048,Hifly_Coche_Touring_0019,0.2986
Coche_|_Touring_Community_02,Dunlop_Coche_Touring_0055,Hifly_Coche_Touring_0019,0.4008
Coche_|_Touring_Community_02,Firestone_Coche_Touring_0016,Hifly_Coche_Touring_0019,0.5019
Coche_|_Touring_Community_02,Firestone_Coche_Touring_0046,Hifly_Coche_Touring_0019,0.143
Coche_|_Touring_Community_02,Hankook_Coche_Touring_0000,Hifly_Coche_Touring_0019,0.1513
Coche_|_Touring_Community_02,Hankook_Coche_Touring_0069,Hifly_Coche_Touring_0019,0.4478
Coche_|_Touring_Community_02,Michelin_Coche_Touring_0036,Hifly_Coche_Touring_0019,0.3249
Coche_|_Touring_Community_02,Triangle_Coche_Touring_0034,Hifly_Coche_Touring_0019,0.2739
Coche_|_Touring_Community_02,Bridgestone_Coche_Touring_0048,Linglong_Coche_Touring_0018,0.0861
Coche_|_Touring_Community_02,Firestone_Coche_Touring_0046,Linglong_Coche_Touring_0018,0.2662
Coche_|_Touring_Community_02,GT Radial_Coche_Touring_0061,Linglong_Coche_Touring_0018,0.6834
Coche_|_Touring_Community_02,Hankook_Coche_Touring_0024,Linglong_Coche_Touring_0018,0.6867
Coche_|_Touring_Community_02,Sailun_Coche_Touring_0025,Linglong_Coche_Touring_0018,0.5867
Coche_|_Touring_Community_02,Toyo Tires_Coche_Touring_0021,Linglong_Coche_Touring_0018,0.1279
Coche_|_Touring_Community_02,BFGoodrich_Coche_Touring_0065,Michelin_Coche_Touring_0036,1.5864
Coche_|_Touring_Community_02,Cooper Tires_Coche_Touring_0078,Michelin_Coche_Touring_0036,0.3734
Coche_|_Touring_Community_02,Linglong_Coche_Touring_0018,Michelin_Coche_Touring_0036,0.2573
Coche_|_Touring_Community_02,Tracmax_Coche_Touring_0014,Michelin_Coche_Touring_0036,0.0687
Coche_|_Touring_Community_02,Tracmax_Coche_Touring_0044,Michelin_Coche_Touring_0036,0.349
Coche_|_Touring_Community_02,BFGoodrich_Coche_Touring_0065,Nokian_Coche_Touring_0050,0.4385
Coche_|_Touring_Community_02,Hankook_Coche_Touring_0000,Nokian_Coche_Touring_0050,0.6097
Coche_|_Touring_Community_02,Linglong_Coche_Touring_0018,Nokian_Coche_Touring_0050,0.8365
Coche_|_Touring_Community_02,Michelin_Coche_Touring_0036,Nokian_Coche_Touring_0050,0.5859
Coche_|_Touring_Community_02,Triangle_Coche_Touring_0034,Nokian_Coche_Touring_0050,0.1452
Coche_|_Touring_Community_02,Bridgestone_Coche_Touring_0045,Roadmarch_Coche_Touring_0054,0.9988
Coche_|_Touring_Community_02,Continental_Coche_Touring_0074,Roadmarch_Coche_Touring_0054,0.1733
Coche_|_Touring_Community_02,Falken_Coche_Touring_0039,Roadmarch_Coche_Touring_0054,0.1145
Coche_|_Touring_Community_02,Firestone_Coche_Touring_0016,Roadmarch_Coche_Touring_0054,0.3249
Coche_|_Touring_Community_02,Firestone_Coche_Touring_0046,Roadmarch_Coche_Touring_0054,0.099
Coche_|_Touring_Community_02,Goodyear_Coche_Touring_0043,Roadmarch_Coche_Touring_0054,0.2304
Coche_|_Touring_Community_02,Linglong_Coche_Touring_0018,Roadmarch_Coche_Touring_0054,0.5877
Coche_|_Touring_Community_02,BFGoodrich_Coche_Touring_0065,Sailun_Coche_Touring_0025,0.1661
Coche_|_Touring_Community_02,Bridgestone_Coche_Touring_0045,Sailun_Coche_Touring_0025,0.1685
Coche_|_Touring_Community_02,Bridgestone_Coche_Touring_0048,Sailun_Coche_Touring_0025,0.1911
Coche_|_Touring_Community_02,Bridgestone_Coche_Touring_0075,Sailun_Coche_Touring_0025,0.2737
Coche_|_Touring_Community_02,Firestone_Coche_Touring_0046,Sailun_Coche_Touring_0025,0.2612
Coche_|_Touring_Community_02,Goodyear_Coche_Touring_0053,Sailun_Coche_Touring_0025,0.2965
Coche_|_Touring_Community_02,Hifly_Coche_Touring_0019,Sailun_Coche_Touring_0025,0.2578
Coche_|_Touring_Community_02,Roadmarch_Coche_Touring_0054,Sailun_Coche_Touring_0025,0.2928
Coche_|_Touring_Community_02,Tracmax_Coche_Touring_0014,Sailun_Coche_Touring_0025,0.6806
Coche_|_Touring_Community_02,Dunlop_Coche_Touring_0055,Toyo Tires_Coche_Touring_0021,0.6349
Coche_|_Touring_Community_02,Falken_Coche_Touring_0039,Toyo Tires_Coche_Touring_0021,0.1956
Coche_|_Touring_Community_02,Firestone_Coche_Touring_0046,Toyo Tires_Coche_Touring_0021,0.347
Coche_|_Touring_Community_02,GT Radial_Coche_Touring_0061,Toyo Tires_Coche_Touring_0021,0.234
Coche_|_Touring_Community_02,Hankook_Coche_Touring_0000,Toyo Tires_Coche_Touring_0021,0.0994
Coche_|_Touring_Community_02,Hankook_Coche_Touring_0024,Toyo Tires_Coche_Touring_0021,0.3157
Coche_|_Touring_Community_02,Hifly_Coche_Touring_0019,Toyo Tires_Coche_Touring_0021,0.452
Coche_|_Touring_Community_02,Michelin_Coche_Touring_0036,Toyo Tires_Coche_Touring_0021,0.0583
Coche_|_Touring_Community_02,Wanli_Coche_Touring_0004,Toyo Tires_Coche_Touring_0021,0.2306
Coche_|_Touring_Community_02,Bridgestone_Coche_Touring_0045,Tracmax_Coche_Touring_0014,0.3872
Coche_|_Touring_Community_02,Cooper Tires_Coche_Touring_0032,Tracmax_Coche_Touring_0014,0.5171
Coche_|_Touring_Community_02,Firestone_Coche_Touring_0046,Tracmax_Coche_Touring_0014,0.4269
Coche_|_Touring_Community_02,GT Radial_Coche_Touring_0061,Tracmax_Coche_Touring_0014,0.1101
Coche_|_Touring_Community_02,Goodride_Coche_Touring_0011,Tracmax_Coche_Touring_0014,0.2207
Coche_|_Touring_Community_02,Goodyear_Coche_Touring_0053,Tracmax_Coche_Touring_0014,0.055
Coche_|_Touring_Community_02,Hankook_Coche_Touring_0000,Tracmax_Coche_Touring_0014,0.3106
Coche_|_Touring_Community_02,Hifly_Coche_Touring_0019,Tracmax_Coche_Touring_0014,0.3123
Coche_|_Touring_Community_02,Toyo Tires_Coche_Touring_0021,Tracmax_Coche_Touring_0014,0.0603
Coche_|_Touring_Community_02,Bridgestone_Coche_Touring_0045,Tracmax_Coche_Touring_0044,0.5887
Coche_|_Touring_Community_02,Bridgestone_Coche_Touring_0075,Tracmax_Coche_Touring_0044,0.1253
Coche_|_Touring_Community_02,Cooper Tires_Coche_Touring_0033,Tracmax_Coche_Touring_0044,0.2597
Coche_|_Touring_Community_02,Cooper Tires_Coche_Touring_0038,Tracmax_Coche_Touring_0044,0.3402
Coche_|_Touring_Community_02,Dunlop_Coche_Touring_0026,Tracmax_Coche_Touring_0044,0.5633
Coche_|_Touring_Community_02,Goodride_Coche_Touring_0011,Tracmax_Coche_Touring_0044,0.1855
Coche_|_Touring_Community_02,Hankook_Coche_Touring_0000,Tracmax_Coche_Touring_0044,0.0938
Coche_|_Touring_Community_02,Michelin_Coche_Touring_0036,Tracmax_Coche_Touring_0044,0.389
Coche_|_Touring_Community_02,Continental_Coche_Touring_0049,Triangle_Coche_Touring_0034,0.1797
Coche_|_Touring_Community_02,Continental_Coche_Touring_0074,Triangle_Coche_Touring_0034,0.0845
Coche_|_Touring_Community_02,Firestone_Coche_Touring_0046,Triangle_Coche_Touring_0034,0.1757
Coche_|_Touring_Community_02,Hankook_Coche_Touring_0000,Triangle_Coche_Touring_0034,0.1749
Coche_|_Touring_Community_02,Nokian_Coche_Touring_0050,Triangle_Coche_Touring_0034,0.3946
Coche_|_Touring_Community_02,Roadmarch_Coche_Touring_0054,Triangle_Coche_Touring_0034,1.2451
Coche_|_Touring_Community_02,Toyo Tires_Coche_Touring_0021,Triangle_Coche_Touring_0034,0.1255
Coche_|_Touring_Community_02,Bridgestone_Coche_Touring_0045,Wanli_Coche_Touring_0004,0.5955
Coche_|_Touring_Community_02,Continental_Coche_Touring_0049,Wanli_Coche_Touring_0004,0.1425
Coche_|_Touring_Community_02,Continental_Coche_Touring_0074,Wanli_Coche_Touring_0004,0.4513
Coche_|_Touring_Community_02,Cooper Tires_Coche_Touring_0032,Wanli_Coche_Touring_0004,0.0579
Coche_|_Touring_Community_02,GT Radial_Coche_Touring_0061,Wanli_Coche_Touring_0004,0.2927
Coche_|_Touring_Community_02,Michelin_Coche_Touring_0036,Wanli_Coche_Touring_0004,0.4144
Coche_|_Touring_Community_02,Roadmarch_Coche_Touring_0054,Wanli_Coche_Touring_0004,0.5603
Coche_|_Touring_Community_02,Tracmax_Coche_Touring_0014,Wanli_Coche_Touring_0004,0.0581
Furgoneta_|_Reforzado_Community_02,Falken_Furgoneta_Reforzado_0048,BFGoodrich_Furgoneta_Reforzado_0008,0.1545
Furgoneta_|_Reforzado_Community_02,Fulda_Furgoneta_Reforzado_0023,BFGoodrich_Furgoneta_Reforzado_0008,0.418
Furgoneta_|_Reforzado_Community_02,Michelin_Furgoneta_Reforzado_0035,BFGoodrich_Furgoneta_Reforzado_0008,0.5386
Furgoneta_|_Reforzado_Community_02,Michelin_Furgoneta_Reforzado_0079,BFGoodrich_Furgoneta_Reforzado_0008,0.4775
Furgoneta_|_Reforzado_Community_02,Triangle_Furgoneta_Reforzado_0015,BFGoodrich_Furgoneta_Reforzado_0008,0.1526
Furgoneta_|_Reforzado_Community_02,Westlake_Furgoneta_Reforzado_0002,BFGoodrich_Furgoneta_Reforzado_0008,0.1435
Furgoneta_|_Reforzado_Community_02,BFGoodrich_Furgoneta_Reforzado_0008,Continental_Furgoneta_Reforzado_0003,0.1467
Furgoneta_|_Reforzado_Community_02,Fulda_Furgoneta_Reforzado_0023,Continental_Furgoneta_Reforzado_0003,0.1882
Furgoneta_|_Reforzado_Community_02,Pirelli_Furgoneta_Reforzado_0028,Continental_Furgoneta_Reforzado_0003,0.197
Furgoneta_|_Reforzado_Community_02,Toyo Tires_Furgoneta_Reforzado_0001,Continental_Furgoneta_Reforzado_0003,1.2791
Furgoneta_|_Reforzado_Community_02,Continental_Furgoneta_Reforzado_0009,Continental_Furgoneta_Reforzado_0007,0.2661
Furgoneta_|_Reforzado_Community_02,Kumho_Furgoneta_Reforzado_0071,Continental_Furgoneta_Reforzado_0007,0.9311
Furgoneta_|_Reforzado_Community_02,Pirelli_Furgoneta_Reforzado_0028,Continental_Furgoneta_Reforzado_0007,0.6819
Furgoneta_|_Reforzado_Community_02,Continental_Furgoneta_Reforzado_0007,Continental_Furgoneta_Reforzado_0009,0.4178
Furgoneta_|_Reforzado_Community_02,Fulda_Furgoneta_Reforzado_0019,Continental_Furgoneta_Reforzado_0009,0.0726
Furgoneta_|_Reforzado_Community_02,Kumho_Furgoneta_Reforzado_0071,Continental_Furgoneta_Reforzado_0009,0.1885
Furgoneta_|_Reforzado_Community_02,Michelin_Furgoneta_Reforzado_0035,Continental_Furgoneta_Reforzado_0009,0.1252
Furgoneta_|_Reforzado_Community_02,Pirelli_Furgoneta_Reforzado_0028,Continental_Furgoneta_Reforzado_0009,0.5776
Furgoneta_|_Reforzado_Community_02,Uniroyal_Furgoneta_Reforzado_0014,Continental_Furgoneta_Reforzado_0009,0.3317
Furgoneta_|_Reforzado_Community_02,Continental_Furgoneta_Reforzado_0007,Falken_Furgoneta_Reforzado_0048,0.3321
Furgoneta_|_Reforzado_Community_02,Goodyear_Furgoneta_Reforzado_0012,Falken_Furgoneta_Reforzado_0048,0.4722
Furgoneta_|_Reforzado_Community_02,Pirelli_Furgoneta_Reforzado_0028,Falken_Furgoneta_Reforzado_0048,0.2992
Furgoneta_|_Reforzado_Community_02,Triangle_Furgoneta_Reforzado_0015,Falken_Furgoneta_Reforzado_0048,0.3838
Furgoneta_|_Reforzado_Community_02,Wanli_Furgoneta_Reforzado_0077,Falken_Furgoneta_Reforzado_0048,0.2692
Furgoneta_|_Reforzado_Community_02,Fulda_Furgoneta_Reforzado_0023,Fulda_Furgoneta_Reforzado_0019,0.8251
Furgoneta_|_Reforzado_Community_02,Kumho_Furgoneta_Reforzado_0071,Fulda_Furgoneta_Reforzado_0019,0.3917
Furgoneta_|_Reforzado_Community_02,Michelin_Furgoneta_Reforzado_0035,Fulda_Furgoneta_Reforzado_0019,0.18
Furgoneta_|_Reforzado_Community_02,Toyo Tires_Furgoneta_Reforzado_0001,Fulda_Furgoneta_Reforzado_0019,0.4983
Furgoneta_|_Reforzado_Community_02,Goodyear_Furgoneta_Reforzado_0012,Fulda_Furgoneta_Reforzado_0023,0.4665
Furgoneta_|_Reforzado_Community_02,Goodyear_Furgoneta_Reforzado_0074,Fulda_Furgoneta_Reforzado_0023,0.4214
Furgoneta_|_Reforzado_Community_02,Wanli_Furgoneta_Reforzado_0059,Fulda_Furgoneta_Reforzado_0023,0.0776
Furgoneta_|_Reforzado_Community_02,Wanli_Furgoneta_Reforzado_0077,Fulda_Furgoneta_Reforzado_0023,0.7031
Furgoneta_|_Reforzado_Community_02,Falken_Furgoneta_Reforzado_0048,Goodyear_Furgoneta_Reforzado_0012,0.3155
Furgoneta_|_Reforzado_Community_02,Nokian_Furgoneta_Reforzado_0037,Goodyear_Furgoneta_Reforzado_0012,0.3042
Furgoneta_|_Reforzado_Community_02,Pirelli_Furgoneta_Reforzado_0028,Goodyear_Furgoneta_Reforzado_0012,0.1556
Furgoneta_|_Reforzado_Community_02,Wanli_Furgoneta_Reforzado_0059,Goodyear_Furgoneta_Reforzado_0012,0.3263
Furgoneta_|_Reforzado_Community_02,Westlake_Furgoneta_Reforzado_0002,Goodyear_Furgoneta_Reforzado_0012,0.606
Furgoneta_|_Reforzado_Community_02,Continental_Furgoneta_Reforzado_0003,Goodyear_Furgoneta_Reforzado_0074,0.3076
Furgoneta_|_Reforzado_Community_02,Continental_Furgoneta_Reforzado_0007,Goodyear_Furgoneta_Reforzado_0074,0.256
Furgoneta_|_Reforzado_Community_02,Michelin_Furgoneta_Reforzado_0079,Goodyear_Furgoneta_Reforzado_0074,0.2505
Furgoneta_|_Reforzado_Community_02,Pirelli_Furgoneta_Reforzado_0028,Goodyear_Furgoneta_Reforzado_0074,0.5567
Furgoneta_|_Reforzado_Community_02,Wanli_Furgoneta_Reforzado_0077,Goodyear_Furgoneta_Reforzado_0074,0.3756
Furgoneta_|_Reforzado_Community_02,BFGoodrich_Furgoneta_Reforzado_0008,Kumho_Furgoneta_Reforzado_0071,0.557
Furgoneta_|_Reforzado_Community_02,Fulda_Furgoneta_Reforzado_0023,Kumho_Furgoneta_Reforzado_0071,0.5511
Furgoneta_|_Reforzado_Community_02,Goodyear_Furgoneta_Reforzado_0074,Kumho_Furgoneta_Reforzado_0071,0.6341
Furgoneta_|_Reforzado_Community_02,Continental_Furgoneta_Reforzado_0009,Michelin_Furgoneta_Reforzado_0035,0.7127
Furgoneta_|_Reforzado_Community_02,Fulda_Furgoneta_Reforzado_0019,Michelin_Furgoneta_Reforzado_0035,0.2425
Furgoneta_|_Reforzado_Community_02,Goodyear_Furgoneta_Reforzado_0012,Michelin_Furgoneta_Reforzado_0035,0.4739
Furgoneta_|_Reforzado_Community_02,Tracmax_Furgoneta_Reforzado_0067,Michelin_Furgoneta_Reforzado_0035,0.2435
Furgoneta_|_Reforzado_Community_02,Triangle_Furgoneta_Reforzado_0015,Michelin_Furgoneta_Reforzado_0035,0.1756
Furgoneta_|_Reforzado_Community_02,Continental_Furgoneta_Reforzado_0007,Michelin_Furgoneta_Reforzado_0079,0.2036
Furgoneta_|_Reforzado_Community_02,Fulda_Furgoneta_Reforzado_0019,Michelin_Furgoneta_Reforzado_0079,0.4041
Furgoneta_|_Reforzado_Community_02,Michelin_Furgoneta_Reforzado_0035,Michelin_Furgoneta_Reforzado_0079,0.5805
Furgoneta_|_Reforzado_Community_02,Nokian_Furgoneta_Reforzado_0037,Michelin_Furgoneta_Reforzado_0079,0.8123
Furgoneta_|_Reforzado_Community_02,Fulda_Furgoneta_Reforzado_0019,Nokian_Furgoneta_Reforzado_0037,0.5887
Furgoneta_|_Reforzado_Community_02,Goodyear_Furgoneta_Reforzado_0074,Nokian_Furgoneta_Reforzado_0037,0.2621
Furgoneta_|_Reforzado_Community_02,Michelin_Furgoneta_Reforzado_0079,Nokian_Furgoneta_Reforzado_0037,0.5668
Furgoneta_|_Reforzado_Community_02,Wanli_Furgoneta_Reforzado_0077,Nokian_Furgoneta_Reforzado_0037,0.4826
Furgoneta_|_Reforzado_Community_02,Continental_Furgoneta_Reforzado_0003,Pirelli_Furgoneta_Reforzado_0028,0.1656
Furgoneta_|_Reforzado_Community_02,Continental_Furgoneta_Reforzado_0007,Pirelli_Furgoneta_Reforzado_0028,0.4271
Furgoneta_|_Reforzado_Community_02,Goodyear_Furgoneta_Reforzado_0074,Pirelli_Furgoneta_Reforzado_0028,0.2049
Furgoneta_|_Reforzado_Community_02,Michelin_Furgoneta_Reforzado_0079,Pirelli_Furgoneta_Reforzado_0028,0.0632
Furgoneta_|_Reforzado_Community_02,Triangle_Furgoneta_Reforzado_0015,Pirelli_Furgoneta_Reforzado_0028,0.1357
Furgoneta_|_Reforzado_Community_02,Wanli_Furgoneta_Reforzado_0059,Pirelli_Furgoneta_Reforzado_0028,0.8665
Furgoneta_|_Reforzado_Community_02,Continental_Furgoneta_Reforzado_0003,Toyo Tires_Furgoneta_Reforzado_0001,0.3052
Furgoneta_|_Reforzado_Community_02,Continental_Furgoneta_Reforzado_0009,Toyo Tires_Furgoneta_Reforzado_0001,0.0766
Furgoneta_|_Reforzado_Community_02,Falken_Furgoneta_Reforzado_0048,Toyo Tires_Furgoneta_Reforzado_0001,0.3519
Furgoneta_|_Reforzado_Community_02,Michelin_Furgoneta_Reforzado_0035,Toyo Tires_Furgoneta_Reforzado_0001,0.7561
Furgoneta_|_Reforzado_Community_02,Wanli_Furgoneta_Reforzado_0059,Toyo Tires_Furgoneta_Reforzado_0001,0.2612
Furgoneta_|_Reforzado_Community_02,Continental_Furgoneta_Reforzado_0009,Tracmax_Furgoneta_Reforzado_0067,0.2176
Furgoneta_|_Reforzado_Community_02,Goodyear_Furgoneta_Reforzado_0074,Tracmax_Furgoneta_Reforzado_0067,0.5198
Furgoneta_|_Reforzado_Community_02,Kumho_Furgoneta_Reforzado_0071,Tracmax_Furgoneta_Reforzado_0067,1.1053
Furgoneta_|_Reforzado_Community_02,Fulda_Furgoneta_Reforzado_0019,Triangle_Furgoneta_Reforzado_0015,0.1587
Furgoneta_|_Reforzado_Community_02,Michelin_Furgoneta_Reforzado_0079,Triangle_Furgoneta_Reforzado_0015,0.1866
Furgoneta_|_Reforzado_Community_02,Nokian_Furgoneta_Reforzado_0037,Triangle_Furgoneta_Reforzado_0015,0.3159
Furgoneta_|_Reforzado_Community_02,Pirelli_Furgoneta_Reforzado_0028,Triangle_Furgoneta_Reforzado_0015,0.1744
Furgoneta_|_Reforzado_Community_02,Westlake_Furgoneta_Reforzado_0002,Triangle_Furgoneta_Reforzado_0015,0.9101
Furgoneta_|_Reforzado_Community_02,Continental_Furgoneta_Reforzado_0003,Uniroyal_Furgoneta_Reforzado_0014,0.1546
Furgoneta_|_Reforzado_Community_02,Continental_Furgoneta_Reforzado_0007,Uniroyal_Furgoneta_Reforzado_0014,0.3521
Furgoneta_|_Reforzado_Community_02,Continental_Furgoneta_Reforzado_0009,Uniroyal_Furgoneta_Reforzado_0014,0.2313
Furgoneta_|_Reforzado_Community_02,Goodyear_Furgoneta_Reforzado_0012,Uniroyal_Furgoneta_Reforzado_0014,0.4997
Furgoneta_|_Reforzado_Community_02,Kumho_Furgoneta_Reforzado_0071,Uniroyal_Furgoneta_Reforzado_0014,0.0647
Furgoneta_|_Reforzado_Community_02,Michelin_Furgoneta_Reforzado_0035,Uniroyal_Furgoneta_Reforzado_0014,0.0564
Furgoneta_|_Reforzado_Community_02,Pirelli_Furgoneta_Reforzado_0028,Uniroyal_Furgoneta_Reforzado_0014,0.4574
Furgoneta_|_Reforzado_Community_02,Continental_Furgoneta_Reforzado_0003,Wanli_Furgoneta_Reforzado_0059,0.3235
Furgoneta_|_Reforzado_Community_02,Continental_Furgoneta_Reforzado_0007,Wanli_Furgoneta_Reforzado_0059,0.1622
Furgoneta_|_Reforzado_Community_02,Falken_Furgoneta_Reforzado_0048,Wanli_Furgoneta_Reforzado_0059,0.6846
Furgoneta_|_Reforzado_Community_02,Kumho_Furgoneta_Reforzado_0071,Wanli_Furgoneta_Reforzado_0059,0.381
Furgoneta_|_Reforzado_Community_02,Michelin_Furgoneta_Reforzado_0035,Wanli_Furgoneta_Reforzado_0059,0.3735
Furgoneta_|_Reforzado_Community_02,Continental_Furgoneta_Reforzado_0003,Wanli_Furgoneta_Reforzado_0077,0.6967
Furgoneta_|_Reforzado_Community_02,Continental_Furgoneta_Reforzado_0007,Wanli_Furgoneta_Reforzado_0077,0.174
Furgoneta_|_Reforzado_Community_02,Goodyear_Furgoneta_Reforzado_0074,Wanli_Furgoneta_Reforzado_0077,0.0921
Furgoneta_|_Reforzado_Community_02,Kumho_Furgoneta_Reforzado_0071,Wanli_Furgoneta_Reforzado_0077,0.3961
Furgoneta_|_Reforzado_Community_02,Nokian_Furgoneta_Reforzado_0037,Wanli_Furgoneta_Reforzado_0077,0.0795
Furgoneta_|_Reforzado_Community_02,Toyo Tires_Furgoneta_Reforzado_0001,Wanli_Furgoneta_Reforzado_0077,0.3237
Furgoneta_|_Reforzado_Community_02,Goodyear_Furgoneta_Reforzado_0012,Westlake_Furgoneta_Reforzado_0002,0.9687
Furgoneta_|_Reforzado_Community_02,Uniroyal_Furgoneta_Reforzado_0014,Westlake_Furgoneta_Reforzado_0002,0.1352
Furgoneta_|_Reforzado_Community_02,Wanli_Furgoneta_Reforzado_0077,Westlake_Furgoneta_Reforzado_0002,0.695
Furgoneta_|_Reforzado_Community_01,Falken_Furgoneta_Reforzado_0045,BFGoodrich_Furgoneta_Reforzado_0034,0.0893
Furgoneta_|_Reforzado_Community_01,Michelin_Furgoneta_Reforzado_0039,BFGoodrich_Furgoneta_Reforzado_0034,0.4914
Furgoneta_|_Reforzado_Community_01,Toyo Tires_Furgoneta_Reforzado_0062,BFGoodrich_Furgoneta_Reforzado_0034,0.5279
Furgoneta_|_Reforzado_Community_01,Vredestein_Furgoneta_Reforzado_0000,BFGoodrich_Furgoneta_Reforzado_0034,0.3244
Furgoneta_|_Reforzado_Community_01,Westlake_Furgoneta_Reforzado_0078,BFGoodrich_Furgoneta_Reforzado_0034,0.3574
Furgoneta_|_Reforzado_Community_01,BFGoodrich_Furgoneta_Reforzado_0034,BFGoodrich_Furgoneta_Reforzado_0076,0.244
Furgoneta_|_Reforzado_Community_01,Bridgestone_Furgoneta_Reforzado_0005,BFGoodrich_Furgoneta_Reforzado_0076,0.3624
Furgoneta_|_Reforzado_Community_01,Mazzini_Furgoneta_Reforzado_0036,BFGoodrich_Furgoneta_Reforzado_0076,0.8149
Furgoneta_|_Reforzado_Community_01,Toyo Tires_Furgoneta_Reforzado_0063,BFGoodrich_Furgoneta_Reforzado_0076,0.3098
Furgoneta_|_Reforzado_Community_01,Firestone_Furgoneta_Reforzado_0017,Bridgestone_Furgoneta_Reforzado_0005,0.1516
Furgoneta_|_Reforzado_Community_01,Mazzini_Furgoneta_Reforzado_0016,Bridgestone_Furgoneta_Reforzado_0005,0.9404
Furgoneta_|_Reforzado_Community_01,Vredestein_Furgoneta_Reforzado_0065,Bridgestone_Furgoneta_Reforzado_0005,0.7323
Furgoneta_|_Reforzado_Community_01,Bridgestone_Furgoneta_Reforzado_0005,Bridgestone_Furgoneta_Reforzado_0073,0.3081
Furgoneta_|_Reforzado_Community_01,Dunlop_Furgoneta_Reforzado_0057,Bridgestone_Furgoneta_Reforzado_0073,0.2144
Furgoneta_|_Reforzado_Community_01,Nexen_Furgoneta_Reforzado_0038,Bridgestone_Furgoneta_Reforzado_0073,0.2743
Furgoneta_|_Reforzado_Community_01,Vredestein_Furgoneta_Reforzado_0000,Bridgestone_Furgoneta_Reforzado_0073,0.7052
Furgoneta_|_Reforzado_Community_01,Vredestein_Furgoneta_Reforzado_0065,Bridgestone_Furgoneta_Reforzado_0073,0.4185
Furgoneta_|_Reforzado_Community_01,BFGoodrich_Furgoneta_Reforzado_0076,Continental_Furgoneta_Reforzado_0031,0.1011
Furgoneta_|_Reforzado_Community_01,Falken_Furgoneta_Reforzado_0045,Continental_Furgoneta_Reforzado_0031,0.1548
Furgoneta_|_Reforzado_Community_01,Fulda_Furgoneta_Reforzado_0058,Continental_Furgoneta_Reforzado_0031,0.1384
Furgoneta_|_Reforzado_Community_01,Hankook_Furgoneta_Reforzado_0022,Continental_Furgoneta_Reforzado_0031,0.2313
Furgoneta_|_Reforzado_Community_01,Linglong_Furgoneta_Reforzado_0056,Continental_Furgoneta_Reforzado_0031,0.4431
Furgoneta_|_Reforzado_Community_01,Toyo Tires_Furgoneta_Reforzado_0063,Continental_Furgoneta_Reforzado_0031,0.4138
Furgoneta_|_Reforzado_Community_01,Vredestein_Furgoneta_Reforzado_0065,Continental_Furgoneta_Reforzado_0031,0.1161
Furgoneta_|_Reforzado_Community_01,Continental_Furgoneta_Reforzado_0031,Dunlop_Furgoneta_Reforzado_0057,0.4829
Furgoneta_|_Reforzado_Community_01,Michelin_Furgoneta_Reforzado_0039,Dunlop_Furgoneta_Reforzado_0057,0.3043
Furgoneta_|_Reforzado_Community_01,Toyo Tires_Furgoneta_Reforzado_0070,Dunlop_Furgoneta_Reforzado_0057,0.1764
Furgoneta_|_Reforzado_Community_01,Westlake_Furgoneta_Reforzado_0078,Dunlop_Furgoneta_Reforzado_0057,0.8331
Furgoneta_|_Reforzado_Community_01,Bridgestone_Furgoneta_Reforzado_0005,Falken_Furgoneta_Reforzado_0045,1.0448
Furgoneta_|_Reforzado_Community_01,Dunlop_Furgoneta_Reforzado_0057,Falken_Furgoneta_Reforzado_0045,0.2072
Furgoneta_|_Reforzado_Community_01,Firestone_Furgoneta_Reforzado_0024,Falken_Furgoneta_Reforzado_0045,0.1344
Furgoneta_|_Reforzado_Community_01,Fulda_Furgoneta_Reforzado_0058,Falken_Furgoneta_Reforzado_0045,0.1577
Furgoneta_|_Reforzado_Community_01,Mazzini_Furgoneta_Reforzado_0016,Falken_Furgoneta_Reforzado_0045,0.212
Furgoneta_|_Reforzado_Community_01,Vredestein_Furgoneta_Reforzado_0065,Falken_Furgoneta_Reforzado_0045,0.1258
Furgoneta_|_Reforzado_Community_01,Bridgestone_Furgoneta_Reforzado_0073,Firestone_Furgoneta_Reforzado_0004,0.2265
Furgoneta_|_Reforzado_Community_01,Falken_Furgoneta_Reforzado_0045,Firestone_Furgoneta_Reforzado_0004,0.5027
Furgoneta_|_Reforzado_Community_01,Hankook_Furgoneta_Reforzado_0022,Firestone_Furgoneta_Reforzado_0004,0.1921
Furgoneta_|_Reforzado_Community_01,Nexen_Furgoneta_Reforzado_0038,Firestone_Furgoneta_Reforzado_0004,0.1847
Furgoneta_|_Reforzado_Community_01,Toyo Tires_Furgoneta_Reforzado_0063,Firestone_Furgoneta_Reforzado_0004,0.4644
Furgoneta_|_Reforzado_Community_01,Yokohama_Furgoneta_Reforzado_0060,Firestone_Furgoneta_Reforzado_0004,0.2207
Furgoneta_|_Reforzado_Community_01,Mazzini_Furgoneta_Reforzado_0016,Firestone_Furgoneta_Reforzado_0017,0.2853
Furgoneta_|_Reforzado_Community_01,Toyo Tires_Furgoneta_Reforzado_0070,Firestone_Furgoneta_Reforzado_0017,0.0589
Furgoneta_|_Reforzado_Community_01,Vredestein_Furgoneta_Reforzado_0000,Firestone_Furgoneta_Reforzado_0017,1.3329
Furgoneta_|_Reforzado_Community_01,Vredestein_Furgoneta_Reforzado_0065,Firestone_Furgoneta_Reforzado_0017,0.053
Furgoneta_|_Reforzado_Community_01,Westlake_Furgoneta_Reforzado_0078,Firestone_Furgoneta_Reforzado_0017,0.054
Furgoneta_|_Reforzado_Community_01,BFGoodrich_Furgoneta_Reforzado_0034,Firestone_Furgoneta_Reforzado_0024,0.2343
Furgoneta_|_Reforzado_Community_01,BFGoodrich_Furgoneta_Reforzado_0076,Firestone_Furgoneta_Reforzado_0024,0.0727
Furgoneta_|_Reforzado_Community_01,Michelin_Furgoneta_Reforzado_0039,Firestone_Furgoneta_Reforzado_0024,0.2591
Furgoneta_|_Reforzado_Community_01,Uniroyal_Furgoneta_Reforzado_0064,Firestone_Furgoneta_Reforzado_0024,0.8322
Furgoneta_|_Reforzado_Community_01,Vredestein_Furgoneta_Reforzado_0065,Firestone_Furgoneta_Reforzado_0024,0.1437
Furgoneta_|_Reforzado_Community_01,Westlake_Furgoneta_Reforzado_0078,Firestone_Furgoneta_Reforzado_0024,0.1591
Furgoneta_|_Reforzado_Community_01,BFGoodrich_Furgoneta_Reforzado_0076,Fulda_Furgoneta_Reforzado_0058,0.0642
Furgoneta_|_Reforzado_Community_01,Dunlop_Furgoneta_Reforzado_0057,Fulda_Furgoneta_Reforzado_0058,0.493
Furgoneta_|_Reforzado_Community_01,Firestone_Furgoneta_Reforzado_0024,Fulda_Furgoneta_Reforzado_0058,0.2113
Furgoneta_|_Reforzado_Community_01,Linglong_Furgoneta_Reforzado_0056,Fulda_Furgoneta_Reforzado_0058,0.4272
Furgoneta_|_Reforzado_Community_01,Nexen_Furgoneta_Reforzado_0038,Fulda_Furgoneta_Reforzado_0058,0.2352
Furgoneta_|_Reforzado_Community_01,Toyo Tires_Furgoneta_Reforzado_0062,Fulda_Furgoneta_Reforzado_0058,0.0811
Furgoneta_|_Reforzado_Community_01,Toyo Tires_Furgoneta_Reforzado_0070,Fulda_Furgoneta_Reforzado_0058,0.0712
Furgoneta_|_Reforzado_Community_01,Vredestein_Furgoneta_Reforzado_0000,Fulda_Furgoneta_Reforzado_0058,0.0844
Furgoneta_|_Reforzado_Community_01,Fulda_Furgoneta_Reforzado_0058,Goodride_Furgoneta_Reforzado_0030,0.9841
Furgoneta_|_Reforzado_Community_01,Michelin_Furgoneta_Reforzado_0039,Goodride_Furgoneta_Reforzado_0030,0.9351
Furgoneta_|_Reforzado_Community_01,BFGoodrich_Furgoneta_Reforzado_0076,Hankook_Furgoneta_Reforzado_0022,0.8928
Furgoneta_|_Reforzado_Community_01,Falken_Furgoneta_Reforzado_0045,Hankook_Furgoneta_Reforzado_0022,0.2045
Furgoneta_|_Reforzado_Community_01,Mazzini_Furgoneta_Reforzado_0016,Hankook_Furgoneta_Reforzado_0022,0.0834
Furgoneta_|_Reforzado_Community_01,Mazzini_Furgoneta_Reforzado_0036,Hankook_Furgoneta_Reforzado_0022,0.1211
Furgoneta_|_Reforzado_Community_01,Toyo Tires_Furgoneta_Reforzado_0062,Hankook_Furgoneta_Reforzado_0022,0.5133
Furgoneta_|_Reforzado_Community_01,BFGoodrich_Furgoneta_Reforzado_0034,Linglong_Furgoneta_Reforzado_0056,0.4353
Furgoneta_|_Reforzado_Community_01,Bridgestone_Furgoneta_Reforzado_0073,Linglong_Furgoneta_Reforzado_0056,0.6676
Furgoneta_|_Reforzado_Community_01,Dunlop_Furgoneta_Reforzado_0057,Linglong_Furgoneta_Reforzado_0056,0.3116
Furgoneta_|_Reforzado_Community_01,Mazzini_Furgoneta_Reforzado_0036,Linglong_Furgoneta_Reforzado_0056,0.1122
Furgoneta_|_Reforzado_Community_01,Nexen_Furgoneta_Reforzado_0038,Linglong_Furgoneta_Reforzado_0056,0.2252
Furgoneta_|_Reforzado_Community_01,Mazzini_Furgoneta_Reforzado_0036,Mazzini_Furgoneta_Reforzado_0016,0.0714
Furgoneta_|_Reforzado_Community_01,Nexen_Furgoneta_Reforzado_0038,Mazzini_Furgoneta_Reforzado_0016,0.8571
Furgoneta_|_Reforzado_Community_01,Toyo Tires_Furgoneta_Reforzado_0062,Mazzini_Furgoneta_Reforzado_0016,0.5191
Furgoneta_|_Reforzado_Community_01,Vredestein_Furgoneta_Reforzado_0000,Mazzini_Furgoneta_Reforzado_0016,0.2892
Furgoneta_|_Reforzado_Community_01,Yokohama_Furgoneta_Reforzado_0060,Mazzini_Furgoneta_Reforzado_0016,0.1689
Furgoneta_|_Reforzado_Community_01,Bridgestone_Furgoneta_Reforzado_0073,Mazzini_Furgoneta_Reforzado_0036,0.3751
Furgoneta_|_Reforzado_Community_01,Dunlop_Furgoneta_Reforzado_0057,Mazzini_Furgoneta_Reforzado_0036,0.37
Furgoneta_|_Reforzado_Community_01,Firestone_Furgoneta_Reforzado_0017,Mazzini_Furgoneta_Reforzado_0036,0.4717
Furgoneta_|_Reforzado_Community_01,Fulda_Furgoneta_Reforzado_0058,Mazzini_Furgoneta_Reforzado_0036,0.2547
Furgoneta_|_Reforzado_Community_01,Hankook_Furgoneta_Reforzado_0022,Mazzini_Furgoneta_Reforzado_0036,0.391
Furgoneta_|_Reforzado_Community_01,Bridgestone_Furgoneta_Reforzado_0073,Michelin_Furgoneta_Reforzado_0039,0.942
Furgoneta_|_Reforzado_Community_01,Falken_Furgoneta_Reforzado_0045,Michelin_Furgoneta_Reforzado_0039,0.4793
Furgoneta_|_Reforzado_Community_01,Mazzini_Furgoneta_Reforzado_0036,Michelin_Furgoneta_Reforzado_0039,0.1817
Furgoneta_|_Reforzado_Community_01,Uniroyal_Furgoneta_Reforzado_0064,Michelin_Furgoneta_Reforzado_0039,0.1788
Furgoneta_|_Reforzado_Community_01,Fulda_Furgoneta_Reforzado_0058,Nexen_Furgoneta_Reforzado_0038,0.5977
Furgoneta_|_Reforzado_Community_01,Vredestein_Furgoneta_Reforzado_0000,Nexen_Furgoneta_Reforzado_0038,0.7639
Furgoneta_|_Reforzado_Community_01,Vredestein_Furgoneta_Reforzado_0065,Nexen_Furgoneta_Reforzado_0038,0.5037
Furgoneta_|_Reforzado_Community_01,BFGoodrich_Furgoneta_Reforzado_0034,Toyo Tires_Furgoneta_Reforzado_0062,0.441
Furgoneta_|_Reforzado_Community_01,BFGoodrich_Furgoneta_Reforzado_0076,Toyo Tires_Furgoneta_Reforzado_0062,0.055
Furgoneta_|_Reforzado_Community_01,Bridgestone_Furgoneta_Reforzado_0073,Toyo Tires_Furgoneta_Reforzado_0062,0.0665
Furgoneta_|_Reforzado_Community_01,Michelin_Furgoneta_Reforzado_0039,Toyo Tires_Furgoneta_Reforzado_0062,0.1896
Furgoneta_|_Reforzado_Community_01,Uniroyal_Furgoneta_Reforzado_0064,Toyo Tires_Furgoneta_Reforzado_0062,1.1398
Furgoneta_|_Reforzado_Community_01,Hankook_Furgoneta_Reforzado_0022,Toyo Tires_Furgoneta_Reforzado_0063,1.0122
Furgoneta_|_Reforzado_Community_01,Mazzini_Furgoneta_Reforzado_0036,Toyo Tires_Furgoneta_Reforzado_0063,0.6101
Furgoneta_|_Reforzado_Community_01,Michelin_Furgoneta_Reforzado_0039,Toyo Tires_Furgoneta_Reforzado_0063,0.0932
Furgoneta_|_Reforzado_Community_01,Westlake_Furgoneta_Reforzado_0078,Toyo Tires_Furgoneta_Reforzado_0063,0.1655
Furgoneta_|_Reforzado_Community_01,BFGoodrich_Furgoneta_Reforzado_0076,Toyo Tires_Furgoneta_Reforzado_0070,0.3044
Furgoneta_|_Reforzado_Community_01,Falken_Furgoneta_Reforzado_0045,Toyo Tires_Furgoneta_Reforzado_0070,0.144
Furgoneta_|_Reforzado_Community_01,Firestone_Furgoneta_Reforzado_0004,Toyo Tires_Furgoneta_Reforzado_0070,0.6208
Furgoneta_|_Reforzado_Community_01,Vredestein_Furgoneta_Reforzado_0065,Toyo Tires_Furgoneta_Reforzado_0070,0.3595
Furgoneta_|_Reforzado_Community_01,Westlake_Furgoneta_Reforzado_0078,Toyo Tires_Furgoneta_Reforzado_0070,0.3514
Furgoneta_|_Reforzado_Community_01,Bridgestone_Furgoneta_Reforzado_0005,Uniroyal_Furgoneta_Reforzado_0064,0.0749
Furgoneta_|_Reforzado_Community_01,Continental_Furgoneta_Reforzado_0031,Uniroyal_Furgoneta_Reforzado_0064,0.4145
Furgoneta_|_Reforzado_Community_01,Firestone_Furgoneta_Reforzado_0024,Uniroyal_Furgoneta_Reforzado_0064,0.6377
Furgoneta_|_Reforzado_Community_01,Toyo Tires_Furgoneta_Reforzado_0062,Uniroyal_Furgoneta_Reforzado_0064,0.1977
Furgoneta_|_Reforzado_Community_01,Toyo Tires_Furgoneta_Reforzado_0063,Uniroyal_Furgoneta_Reforzado_0064,0.4529
Furgoneta_|_Reforzado_Community_01,Vredestein_Furgoneta_Reforzado_0065,Uniroyal_Furgoneta_Reforzado_0064,0.0912
Furgoneta_|_Reforzado_Community_01,Dunlop_Furgoneta_Reforzado_0057,Vredestein_Furgoneta_Reforzado_0000,0.2244
Furgoneta_|_Reforzado_Community_01,Hankook_Furgoneta_Reforzado_0022,Vredestein_Furgoneta_Reforzado_0000,0.0934
Furgoneta_|_Reforzado_Community_01,Mazzini_Furgoneta_Reforzado_0036,Vredestein_Furgoneta_Reforzado_0000,0.225
Furgoneta_|_Reforzado_Community_01,Toyo Tires_Furgoneta_Reforzado_0062,Vredestein_Furgoneta_Reforzado_0000,0.1578
Furgoneta_|_Reforzado_Community_01,Toyo Tires_Furgoneta_Reforzado_0070,Vredestein_Furgoneta_Reforzado_0000,0.1942
Furgoneta_|_Reforzado_Community_01,Uniroyal_Furgoneta_Reforzado_0064,Vredestein_Furgoneta_Reforzado_0000,0.1599
Furgoneta_|_Reforzado_Community_01,Westlake_Furgoneta_Reforzado_0078,Vredestein_Furgoneta_Reforzado_0000,0.4412
Furgoneta_|_Reforzado_Community_01,Yokohama_Furgoneta_Reforzado_0060,Vredestein_Furgoneta_Reforzado_0000,0.2029
Furgoneta_|_Reforzado_Community_01,Bridgestone_Furgoneta_Reforzado_0073,Vredestein_Furgoneta_Reforzado_0065,0.3812
Furgoneta_|_Reforzado_Community_01,Continental_Furgoneta_Reforzado_0031,Vredestein_Furgoneta_Reforzado_0065,0.5958
Furgoneta_|_Reforzado_Community_01,Falken_Furgoneta_Reforzado_0045,Vredestein_Furgoneta_Reforzado_0065,0.3314
Furgoneta_|_Reforzado_Community_01,Linglong_Furgoneta_Reforzado_0056,Vredestein_Furgoneta_Reforzado_0065,0.0666
Furgoneta_|_Reforzado_Community_01,Michelin_Furgoneta_Reforzado_0039,Vredestein_Furgoneta_Reforzado_0065,0.1622
Furgoneta_|_Reforzado_Community_01,Toyo Tires_Furgoneta_Reforzado_0063,Vredestein_Furgoneta_Reforzado_0065,0.2693
Furgoneta_|_Reforzado_Community_01,Bridgestone_Furgoneta_Reforzado_0073,Westlake_Furgoneta_Reforzado_0078,0.4632
Furgoneta_|_Reforzado_Community_01,Firestone_Furgoneta_Reforzado_0017,Westlake_Furgoneta_Reforzado_0078,0.358
Furgoneta_|_Reforzado_Community_01,Mazzini_Furgoneta_Reforzado_0036,Westlake_Furgoneta_Reforzado_0078,0.4514
Furgoneta_|_Reforzado_Community_01,Toyo Tires_Furgoneta_Reforzado_0070,Westlake_Furgoneta_Reforzado_0078,0.2102
Furgoneta_|_Reforzado_Community_01,Uniroyal_Furgoneta_Reforzado_0064,Westlake_Furgoneta_Reforzado_0078,0.3952
Furgoneta_|_Reforzado_Community_01,Firestone_Furgoneta_Reforzado_0004,Yokohama_Furgoneta_Reforzado_0060,0.7351
Furgoneta_|_Reforzado_Community_01,Goodride_Furgoneta_Reforzado_0030,Yokohama_Furgoneta_Reforzado_0060,0.1282
Furgoneta_|_Reforzado_Community_01,Mazzini_Furgoneta_Reforzado_0016,Yokohama_Furgoneta_Reforzado_0060,0.1839
Furgoneta_|_Reforzado_Community_01,Michelin_Furgoneta_Reforzado_0039,Yokohama_Furgoneta_Reforzado_0060,0.3406
Furgoneta_|_Reforzado_Community_01,Toyo Tires_Furgoneta_Reforzado_0063,Yokohama_Furgoneta_Reforzado_0060,0.4847
Furgoneta_|_Standard_Community_02,Firestone_Furgoneta_Standard_0036,BFGoodrich_Furgoneta_Standard_0038,0.1976
Furgoneta_|_Standard_Community_02,Hifly_Furgoneta_Standard_0060,BFGoodrich_Furgoneta_Standard_0038,0.7445
Furgoneta_|_Standard_Community_02,Michelin_Furgoneta_Standard_0069,BFGoodrich_Furgoneta_Standard_0038,0.8358
Furgoneta_|_Standard_Community_02,Triangle_Furgoneta_Standard_0011,BFGoodrich_Furgoneta_Standard_0038,0.2567
Furgoneta_|_Standard_Community_02,General Tire_Furgoneta_Standard_0070,Bridgestone_Furgoneta_Standard_0021,0.1016
Furgoneta_|_Standard_Community_02,Hankook_Furgoneta_Standard_0000,Bridgestone_Furgoneta_Standard_0021,1.1824
Furgoneta_|_Standard_Community_02,Toyo Tires_Furgoneta_Standard_0004,Bridgestone_Furgoneta_Standard_0021,0.1524
Furgoneta_|_Standard_Community_02,Tracmax_Furgoneta_Standard_0006,Bridgestone_Furgoneta_Standard_0021,0.1184
Furgoneta_|_Standard_Community_02,Triangle_Furgoneta_Standard_0011,Bridgestone_Furgoneta_Standard_0021,0.4038
Furgoneta_|_Standard_Community_02,Bridgestone_Furgoneta_Standard_0066,Bridgestone_Furgoneta_Standard_0065,0.4769
Furgoneta_|_Standard_Community_02,Hankook_Furgoneta_Standard_0000,Bridgestone_Furgoneta_Standard_0065,0.8236
Furgoneta_|_Standard_Community_02,Minerva_Furgoneta_Standard_0014,Bridgestone_Furgoneta_Standard_0065,0.8238
Furgoneta_|_Standard_Community_02,Firestone_Furgoneta_Standard_0036,Bridgestone_Furgoneta_Standard_0066,0.0828
Furgoneta_|_Standard_Community_02,Hankook_Furgoneta_Standard_0000,Bridgestone_Furgoneta_Standard_0066,0.5892
Furgoneta_|_Standard_Community_02,Minerva_Furgoneta_Standard_0014,Bridgestone_Furgoneta_Standard_0066,0.5975
Furgoneta_|_Standard_Community_02,Triangle_Furgoneta_Standard_0011,Bridgestone_Furgoneta_Standard_0066,0.3643
Furgoneta_|_Standard_Community_02,Triangle_Furgoneta_Standard_0075,Bridgestone_Furgoneta_Standard_0066,0.3278
Furgoneta_|_Standard_Community_02,Bridgestone_Furgoneta_Standard_0066,Continental_Furgoneta_Standard_0037,0.7719
Furgoneta_|_Standard_Community_02,Hankook_Furgoneta_Standard_0000,Continental_Furgoneta_Standard_0037,0.6542
Furgoneta_|_Standard_Community_02,Michelin_Furgoneta_Standard_0067,Continental_Furgoneta_Standard_0037,0.2246
Furgoneta_|_Standard_Community_02,Nokian_Furgoneta_Standard_0061,Continental_Furgoneta_Standard_0037,0.2473
Furgoneta_|_Standard_Community_02,Toyo Tires_Furgoneta_Standard_0004,Continental_Furgoneta_Standard_0037,0.1971
Furgoneta_|_Standard_Community_02,Uniroyal_Furgoneta_Standard_0073,Continental_Furgoneta_Standard_0037,0.0995
Furgoneta_|_Standard_Community_02,Kumho_Furgoneta_Standard_0078,Cooper Tires_Furgoneta_Standard_0040,0.0934
Furgoneta_|_Standard_Community_02,Michelin_Furgoneta_Standard_0067,Cooper Tires_Furgoneta_Standard_0040,0.2488
Furgoneta_|_Standard_Community_02,Michelin_Furgoneta_Standard_0069,Cooper Tires_Furgoneta_Standard_0040,0.1661
Furgoneta_|_Standard_Community_02,Minerva_Furgoneta_Standard_0014,Cooper Tires_Furgoneta_Standard_0040,0.6628
Furgoneta_|_Standard_Community_02,Nokian_Furgoneta_Standard_0032,Cooper Tires_Furgoneta_Standard_0040,0.078
Furgoneta_|_Standard_Community_02,Triangle_Furgoneta_Standard_0011,Cooper Tires_Furgoneta_Standard_0040,0.8173
Furgoneta_|_Standard_Community_02,Bridgestone_Furgoneta_Standard_0066,Firestone_Furgoneta_Standard_0036,0.9309
Furgoneta_|_Standard_Community_02,Hifly_Furgoneta_Standard_0060,Firestone_Furgoneta_Standard_0036,0.6133
Furgoneta_|_Standard_Community_02,Nokian_Furgoneta_Standard_0061,Firestone_Furgoneta_Standard_0036,0.3837
Furgoneta_|_Standard_Community_02,Tracmax_Furgoneta_Standard_0006,Firestone_Furgoneta_Standard_0036,0.2144
Furgoneta_|_Standard_Community_02,Hankook_Furgoneta_Standard_0062,General Tire_Furgoneta_Standard_0070,0.712
Furgoneta_|_Standard_Community_02,Hifly_Furgoneta_Standard_0045,General Tire_Furgoneta_Standard_0070,0.0754
Furgoneta_|_Standard_Community_02,Minerva_Furgoneta_Standard_0014,General Tire_Furgoneta_Standard_0070,0.6592
Furgoneta_|_Standard_Community_02,Nokian_Furgoneta_Standard_0032,General Tire_Furgoneta_Standard_0070,0.1172
Furgoneta_|_Standard_Community_02,Toyo Tires_Furgoneta_Standard_0004,General Tire_Furgoneta_Standard_0070,0.0567
Furgoneta_|_Standard_Community_02,Uniroyal_Furgoneta_Standard_0073,General Tire_Furgoneta_Standard_0070,0.3887
Furgoneta_|_Standard_Community_02,Continental_Furgoneta_Standard_0037,Hankook_Furgoneta_Standard_0000,0.2306
Furgoneta_|_Standard_Community_02,Hankook_Furgoneta_Standard_0062,Hankook_Furgoneta_Standard_0000,0.0809
Furgoneta_|_Standard_Community_02,Nokian_Furgoneta_Standard_0061,Hankook_Furgoneta_Standard_0000,0.3055
Furgoneta_|_Standard_Community_02,Toyo Tires_Furgoneta_Standard_0004,Hankook_Furgoneta_Standard_0000,1.1963
Furgoneta_|_Standard_Community_02,Uniroyal_Furgoneta_Standard_0073,Hankook_Furgoneta_Standard_0000,0.1443
Furgoneta_|_Standard_Community_02,Bridgestone_Furgoneta_Standard_0065,Hankook_Furgoneta_Standard_0062,0.1432
Furgoneta_|_Standard_Community_02,Bridgestone_Furgoneta_Standard_0066,Hankook_Furgoneta_Standard_0062,0.3469
Furgoneta_|_Standard_Community_02,Firestone_Furgoneta_Standard_0036,Hankook_Furgoneta_Standard_0062,0.7161
Furgoneta_|_Standard_Community_02,Minerva_Furgoneta_Standard_0014,Hankook_Furgoneta_Standard_0062,0.0856
Furgoneta_|_Standard_Community_02,Triangle_Furgoneta_Standard_0011,Hankook_Furgoneta_Standard_0062,0.3908
Furgoneta_|_Standard_Community_02,Yokohama_Furgoneta_Standard_0077,Hankook_Furgoneta_Standard_0062,0.4492
Furgoneta_|_Standard_Community_02,Bridgestone_Furgoneta_Standard_0021,Hifly_Furgoneta_Standard_0045,0.9125
Furgoneta_|_Standard_Community_02,Kumho_Furgoneta_Standard_0078,Hifly_Furgoneta_Standard_0045,0.1019
Furgoneta_|_Standard_Community_02,Michelin_Furgoneta_Standard_0067,Hifly_Furgoneta_Standard_0045,0.2782
Furgoneta_|_Standard_Community_02,Minerva_Furgoneta_Standard_0014,Hifly_Furgoneta_Standard_0045,0.6601
Furgoneta_|_Standard_Community_02,Toyo Tires_Furgoneta_Standard_0004,Hifly_Furgoneta_Standard_0045,0.2794
Furgoneta_|_Standard_Community_02,General Tire_Furgoneta_Standard_0070,Hifly_Furgoneta_Standard_0060,0.1965
Furgoneta_|_Standard_Community_02,Hankook_Furgoneta_Standard_0062,Hifly_Furgoneta_Standard_0060,0.4296
Furgoneta_|_Standard_Community_02,Minerva_Furgoneta_Standard_0014,Hifly_Furgoneta_Standard_0060,0.664
Furgoneta_|_Standard_Community_02,Toyo Tires_Furgoneta_Standard_0057,Hifly_Furgoneta_Standard_0060,0.1982
Furgoneta_|_Standard_Community_02,Triangle_Furgoneta_Standard_0011,Hifly_Furgoneta_Standard_0060,0.3853
Furgoneta_|_Standard_Community_02,Uniroyal_Furgoneta_Standard_0073,Hifly_Furgoneta_Standard_0060,0.053
Furgoneta_|_Standard_Community_02,BFGoodrich_Furgoneta_Standard_0038,Kumho_Furgoneta_Standard_0078,0.2334
Furgoneta_|_Standard_Community_02,Bridgestone_Furgoneta_Standard_0066,Kumho_Furgoneta_Standard_0078,0.5837
Furgoneta_|_Standard_Community_02,Hifly_Furgoneta_Standard_0045,Kumho_Furgoneta_Standard_0078,0.3446
Furgoneta_|_Standard_Community_02,Nokian_Furgoneta_Standard_0061,Kumho_Furgoneta_Standard_0078,0.498
Furgoneta_|_Standard_Community_02,Uniroyal_Furgoneta_Standard_0073,Kumho_Furgoneta_Standard_0078,0.1511
Furgoneta_|_Standard_Community_02,Yokohama_Furgoneta_Standard_0077,Kumho_Furgoneta_Standard_0078,0.2513
Furgoneta_|_Standard_Community_02,Hifly_Furgoneta_Standard_0060,Michelin_Furgoneta_Standard_0055,0.3533
Furgoneta_|_Standard_Community_02,Kumho_Furgoneta_Standard_0078,Michelin_Furgoneta_Standard_0055,0.5238
Furgoneta_|_Standard_Community_02,Michelin_Furgoneta_Standard_0067,Michelin_Furgoneta_Standard_0055,0.131
Furgoneta_|_Standard_Community_02,Nokian_Furgoneta_Standard_0032,Michelin_Furgoneta_Standard_0055,0.4349
Furgoneta_|_Standard_Community_02,Toyo Tires_Furgoneta_Standard_0026,Michelin_Furgoneta_Standard_0055,0.097
Furgoneta_|_Standard_Community_02,Tracmax_Furgoneta_Standard_0006,Michelin_Furgoneta_Standard_0055,0.1819
Furgoneta_|_Standard_Community_02,Triangle_Furgoneta_Standard_0011,Michelin_Furgoneta_Standard_0055,0.5867
Furgoneta_|_Standard_Community_02,Bridgestone_Furgoneta_Standard_0066,Michelin_Furgoneta_Standard_0067,0.5451
Furgoneta_|_Standard_Community_02,Cooper Tires_Furgoneta_Standard_0040,Michelin_Furgoneta_Standard_0067,0.4093
Furgoneta_|_Standard_Community_02,Hifly_Furgoneta_Standard_0060,Michelin_Furgoneta_Standard_0067,0.1236
Furgoneta_|_Standard_Community_02,Nokian_Furgoneta_Standard_0061,Michelin_Furgoneta_Standard_0067,0.0969
Furgoneta_|_Standard_Community_02,Toyo Tires_Furgoneta_Standard_0004,Michelin_Furgoneta_Standard_0067,0.0687
Furgoneta_|_Standard_Community_02,Tracmax_Furgoneta_Standard_0006,Michelin_Furgoneta_Standard_0067,0.5572
Furgoneta_|_Standard_Community_02,Firestone_Furgoneta_Standard_0036,Michelin_Furgoneta_Standard_0069,0.3164
Furgoneta_|_Standard_Community_02,General Tire_Furgoneta_Standard_0070,Michelin_Furgoneta_Standard_0069,0.2508
Furgoneta_|_Standard_Community_02,Hankook_Furgoneta_Standard_0062,Michelin_Furgoneta_Standard_0069,1.241
Furgoneta_|_Standard_Community_02,Toyo Tires_Furgoneta_Standard_0057,Michelin_Furgoneta_Standard_0069,0.33
Furgoneta_|_Standard_Community_02,Bridgestone_Furgoneta_Standard_0021,Minerva_Furgoneta_Standard_0014,0.2596
Furgoneta_|_Standard_Community_02,Nokian_Furgoneta_Standard_0032,Minerva_Furgoneta_Standard_0014,0.2639
Furgoneta_|_Standard_Community_02,Toyo Tires_Furgoneta_Standard_0057,Minerva_Furgoneta_Standard_0014,0.7607
Furgoneta_|_Standard_Community_02,Triangle_Furgoneta_Standard_0011,Minerva_Furgoneta_Standard_0014,0.7581
Furgoneta_|_Standard_Community_02,BFGoodrich_Furgoneta_Standard_0038,Minerva_Furgoneta_Standard_0074,0.5888
Furgoneta_|_Standard_Community_02,Continental_Furgoneta_Standard_0037,Minerva_Furgoneta_Standard_0074,0.1737
Furgoneta_|_Standard_Community_02,Hankook_Furgoneta_Standard_0000,Minerva_Furgoneta_Standard_0074,0.7843
Furgoneta_|_Standard_Community_02,Michelin_Furgoneta_Standard_0055,Minerva_Furgoneta_Standard_0074,0.1668
Furgoneta_|_Standard_Community_02,Michelin_Furgoneta_Standard_0069,Minerva_Furgoneta_Standard_0074,0.3744
Furgoneta_|_Standard_Community_02,Michelin_Furgoneta_Standard_0069,Nokian_Furgoneta_Standard_0032,0.3167
Furgoneta_|_Standard_Community_02,Minerva_Furgoneta_Standard_0014,Nokian_Furgoneta_Standard_0032,0.1187
Furgoneta_|_Standard_Community_02,Minerva_Furgoneta_Standard_0074,Nokian_Furgoneta_Standard_0032,0.3273
Furgoneta_|_Standard_Community_02,Toyo Tires_Furgoneta_Standard_0004,Nokian_Furgoneta_Standard_0032,0.9833
Furgoneta_|_Standard_Community_02,BFGoodrich_Furgoneta_Standard_0038,Nokian_Furgoneta_Standard_0061,0.0666
Furgoneta_|_Standard_Community_02,Bridgestone_Furgoneta_Standard_0021,Nokian_Furgoneta_Standard_0061,0.5443
Furgoneta_|_Standard_Community_02,Hifly_Furgoneta_Standard_0045,Nokian_Furgoneta_Standard_0061,0.0998
Furgoneta_|_Standard_Community_02,Kumho_Furgoneta_Standard_0078,Nokian_Furgoneta_Standard_0061,0.2019
Furgoneta_|_Standard_Community_02,Nokian_Furgoneta_Standard_0032,Nokian_Furgoneta_Standard_0061,0.5385
Furgoneta_|_Standard_Community_02,Wanli_Furgoneta_Standard_0025,Nokian_Furgoneta_Standard_0061,0.8116
Furgoneta_|_Standard_Community_02,Cooper Tires_Furgoneta_Standard_0040,Toyo Tires_Furgoneta_Standard_0004,0.5408
Furgoneta_|_Standard_Community_02,Hankook_Furgoneta_Standard_0000,Toyo Tires_Furgoneta_Standard_0004,0.0646
Furgoneta_|_Standard_Community_02,Kumho_Furgoneta_Standard_0078,Toyo Tires_Furgoneta_Standard_0004,0.2825
Furgoneta_|_Standard_Community_02,Nokian_Furgoneta_Standard_0061,Toyo Tires_Furgoneta_Standard_0004,0.1969
Furgoneta_|_Standard_Community_02,Toyo Tires_Furgoneta_Standard_0026,Toyo Tires_Furgoneta_Standard_0004,0.6282
Furgoneta_|_Standard_Community_02,Tracmax_Furgoneta_Standard_0006,Toyo Tires_Furgoneta_Standard_0004,0.441
Furgoneta_|_Standard_Community_02,Cooper Tires_Furgoneta_Standard_0040,Toyo Tires_Furgoneta_Standard_0026,0.6397
Furgoneta_|_Standard_Community_02,Kumho_Furgoneta_Standard_0078,Toyo Tires_Furgoneta_Standard_0026,0.4295
Furgoneta_|_Standard_Community_02,Minerva_Furgoneta_Standard_0014,Toyo Tires_Furgoneta_Standard_0026,0.4605
Furgoneta_|_Standard_Community_02,Uniroyal_Furgoneta_Standard_0073,Toyo Tires_Furgoneta_Standard_0026,0.6171
Furgoneta_|_Standard_Community_02,BFGoodrich_Furgoneta_Standard_0038,Toyo Tires_Furgoneta_Standard_0057,0.2025
Furgoneta_|_Standard_Community_02,Bridgestone_Furgoneta_Standard_0021,Toyo Tires_Furgoneta_Standard_0057,0.4631
Furgoneta_|_Standard_Community_02,General Tire_Furgoneta_Standard_0070,Toyo Tires_Furgoneta_Standard_0057,0.216
Furgoneta_|_Standard_Community_02,Hifly_Furgoneta_Standard_0060,Toyo Tires_Furgoneta_Standard_0057,0.2007
Furgoneta_|_Standard_Community_02,Michelin_Furgoneta_Standard_0067,Toyo Tires_Furgoneta_Standard_0057,0.0534
Furgoneta_|_Standard_Community_02,Minerva_Furgoneta_Standard_0014,Toyo Tires_Furgoneta_Standard_0057,0.191
Furgoneta_|_Standard_Community_02,Nokian_Furgoneta_Standard_0061,Toyo Tires_Furgoneta_Standard_0057,0.769
Furgoneta_|_Standard_Community_02,Cooper Tires_Furgoneta_Standard_0040,Tracmax_Furgoneta_Standard_0006,0.5161
Furgoneta_|_Standard_Community_02,Minerva_Furgoneta_Standard_0014,Tracmax_Furgoneta_Standard_0006,0.6345
Furgoneta_|_Standard_Community_02,Nokian_Furgoneta_Standard_0061,Tracmax_Furgoneta_Standard_0006,0.7889
Furgoneta_|_Standard_Community_02,Triangle_Furgoneta_Standard_0075,Tracmax_Furgoneta_Standard_0006,0.1738
Furgoneta_|_Standard_Community_02,Bridgestone_Furgoneta_Standard_0065,Triangle_Furgoneta_Standard_0011,0.6959
Furgoneta_|_Standard_Community_02,Bridgestone_Furgoneta_Standard_0066,Triangle_Furgoneta_Standard_0011,0.1877
Furgoneta_|_Standard_Community_02,Cooper Tires_Furgoneta_Standard_0040,Triangle_Furgoneta_Standard_0011,0.4113
Furgoneta_|_Standard_Community_02,Michelin_Furgoneta_Standard_0067,Triangle_Furgoneta_Standard_0011,0.263
Furgoneta_|_Standard_Community_02,Michelin_Furgoneta_Standard_0069,Triangle_Furgoneta_Standard_0011,0.5064
Furgoneta_|_Standard_Community_02,Bridgestone_Furgoneta_Standard_0065,Triangle_Furgoneta_Standard_0075,0.3254
Furgoneta_|_Standard_Community_02,Hankook_Furgoneta_Standard_0000,Triangle_Furgoneta_Standard_0075,0.1378
Furgoneta_|_Standard_Community_02,Hifly_Furgoneta_Standard_0045,Triangle_Furgoneta_Standard_0075,0.7319
Furgoneta_|_Standard_Community_02,Michelin_Furgoneta_Standard_0067,Triangle_Furgoneta_Standard_0075,0.1061
Furgoneta_|_Standard_Community_02,Minerva_Furgoneta_Standard_0014,Triangle_Furgoneta_Standard_0075,0.1704
Furgoneta_|_Standard_Community_02,Triangle_Furgoneta_Standard_0011,Triangle_Furgoneta_Standard_0075,0.3555
Furgoneta_|_Standard_Community_02,BFGoodrich_Furgoneta_Standard_0038,Uniroyal_Furgoneta_Standard_0073,0.7752
Furgoneta_|_Standard_Community_02,Bridgestone_Furgoneta_Standard_0021,Uniroyal_Furgoneta_Standard_0073,0.1552
Furgoneta_|_Standard_Community_02,Michelin_Furgoneta_Standard_0069,Uniroyal_Furgoneta_Standard_0073,0.1593
Furgoneta_|_Standard_Community_02,Nokian_Furgoneta_Standard_0061,Uniroyal_Furgoneta_Standard_0073,0.5317
Furgoneta_|_Standard_Community_02,Wanli_Furgoneta_Standard_0025,Uniroyal_Furgoneta_Standard_0073,0.5525
Furgoneta_|_Standard_Community_02,Bridgestone_Furgoneta_Standard_0021,Wanli_Furgoneta_Standard_0025,0.0894
Furgoneta_|_Standard_Community_02,Bridgestone_Furgoneta_Standard_0065,Wanli_Furgoneta_Standard_0025,0.964
Furgoneta_|_Standard_Community_02,General Tire_Furgoneta_Standard_0070,Wanli_Furgoneta_Standard_0025,0.542
Furgoneta_|_Standard_Community_02,Michelin_Furgoneta_Standard_0067,Wanli_Furgoneta_Standard_0025,0.4336
Furgoneta_|_Standard_Community_02,Triangle_Furgoneta_Standard_0075,Wanli_Furgoneta_Standard_0025,0.2179
Furgoneta_|_Standard_Community_02,Bridgestone_Furgoneta_Standard_0021,Yokohama_Furgoneta_Standard_0077,0.2127
Furgoneta_|_Standard_Community_02,Bridgestone_Furgoneta_Standard_0065,Yokohama_Furgoneta_Standard_0077,0.9491
Furgoneta_|_Standard_Community_02,Continental_Furgoneta_Standard_0037,Yokohama_Furgoneta_Standard_0077,0.2586
Furgoneta_|_Standard_Community_02,General Tire_Furgoneta_Standard_0070,Yokohama_Furgoneta_Standard_0077,0.1308
Furgoneta_|_Standard_Community_02,Hifly_Furgoneta_Standard_0060,Yokohama_Furgoneta_Standard_0077,0.1454
Furgoneta_|_Standard_Community_02,Minerva_Furgoneta_Standard_0014,Yokohama_Furgoneta_Standard_0077,0.1036
Furgoneta_|_Standard_Community_02,Toyo Tires_Furgoneta_Standard_0004,Yokohama_Furgoneta_Standard_0077,0.2357
Furgoneta_|_Standard_Community_01,Firestone_Furgoneta_Standard_0029,BFGoodrich_Furgoneta_Standard_0058,0.2453
Furgoneta_|_Standard_Community_01,GT Radial_Furgoneta_Standard_0003,BFGoodrich_Furgoneta_Standard_0058,0.1254
Furgoneta_|_Standard_Community_01,Tracmax_Furgoneta_Standard_0044,BFGoodrich_Furgoneta_Standard_0058,0.6369
Furgoneta_|_Standard_Community_01,Wanli_Furgoneta_Standard_0017,BFGoodrich_Furgoneta_Standard_0058,1.1227
Furgoneta_|_Standard_Community_01,Bridgestone_Furgoneta_Standard_0019,Bridgestone_Furgoneta_Standard_0009,0.2835
Furgoneta_|_Standard_Community_01,Firestone_Furgoneta_Standard_0029,Bridgestone_Furgoneta_Standard_0009,0.4204
Furgoneta_|_Standard_Community_01,Goodyear_Furgoneta_Standard_0071,Bridgestone_Furgoneta_Standard_0009,1.1211
Furgoneta_|_Standard_Community_01,Hifly_Furgoneta_Standard_0027,Bridgestone_Furgoneta_Standard_0009,0.1536
Furgoneta_|_Standard_Community_01,Nokian_Furgoneta_Standard_0042,Bridgestone_Furgoneta_Standard_0009,0.1611
Furgoneta_|_Standard_Community_01,Westlake_Furgoneta_Standard_0007,Bridgestone_Furgoneta_Standard_0009,0.0819
Furgoneta_|_Standard_Community_01,BFGoodrich_Furgoneta_Standard_0058,Bridgestone_Furgoneta_Standard_0012,0.2323
Furgoneta_|_Standard_Community_01,GT Radial_Furgoneta_Standard_0003,Bridgestone_Furgoneta_Standard_0012,0.5282
Furgoneta_|_Standard_Community_01,Goodyear_Furgoneta_Standard_0048,Bridgestone_Furgoneta_Standard_0012,0.2343
Furgoneta_|_Standard_Community_01,Goodyear_Furgoneta_Standard_0071,Bridgestone_Furgoneta_Standard_0012,0.1349
Furgoneta_|_Standard_Community_01,Goodyear_Furgoneta_Standard_0072,Bridgestone_Furgoneta_Standard_0012,0.2223
Furgoneta_|_Standard_Community_01,Nokian_Furgoneta_Standard_0010,Bridgestone_Furgoneta_Standard_0012,0.4676
Furgoneta_|_Standard_Community_01,Westlake_Furgoneta_Standard_0007,Bridgestone_Furgoneta_Standard_0012,0.2207
Furgoneta_|_Standard_Community_01,Bridgestone_Furgoneta_Standard_0012,Bridgestone_Furgoneta_Standard_0013,1.2005
Furgoneta_|_Standard_Community_01,Continental_Furgoneta_Standard_0005,Bridgestone_Furgoneta_Standard_0013,0.1282
Furgoneta_|_Standard_Community_01,Dunlop_Furgoneta_Standard_0039,Bridgestone_Furgoneta_Standard_0013,0.1439
Furgoneta_|_Standard_Community_01,Goodyear_Furgoneta_Standard_0071,Bridgestone_Furgoneta_Standard_0013,0.5038
Furgoneta_|_Standard_Community_01,Tracmax_Furgoneta_Standard_0044,Bridgestone_Furgoneta_Standard_0013,0.2708
Furgoneta_|_Standard_Community_01,BFGoodrich_Furgoneta_Standard_0058,Bridgestone_Furgoneta_Standard_0019,0.2814
Furgoneta_|_Standard_Community_01,Bridgestone_Furgoneta_Standard_0013,Bridgestone_Furgoneta_Standard_0019,0.4843
Furgoneta_|_Standard_Community_01,GT Radial_Furgoneta_Standard_0003,Bridgestone_Furgoneta_Standard_0019,0.5191
Furgoneta_|_Standard_Community_01,Goodyear_Furgoneta_Standard_0072,Bridgestone_Furgoneta_Standard_0019,0.0822
Furgoneta_|_Standard_Community_01,Michelin_Furgoneta_Standard_0022,Bridgestone_Furgoneta_Standard_0019,0.2839
Furgoneta_|_Standard_Community_01,Vredestein_Furgoneta_Standard_0059,Bridgestone_Furgoneta_Standard_0019,0.4068
Furgoneta_|_Standard_Community_01,Bridgestone_Furgoneta_Standard_0019,Continental_Furgoneta_Standard_0005,0.6477
Furgoneta_|_Standard_Community_01,Goodyear_Furgoneta_Standard_0048,Continental_Furgoneta_Standard_0005,0.8836
Furgoneta_|_Standard_Community_01,Vredestein_Furgoneta_Standard_0059,Continental_Furgoneta_Standard_0005,0.1434
Furgoneta_|_Standard_Community_01,Wanli_Furgoneta_Standard_0017,Continental_Furgoneta_Standard_0005,0.5383
Furgoneta_|_Standard_Community_01,Bridgestone_Furgoneta_Standard_0012,Dunlop_Furgoneta_Standard_0039,0.4736
Furgoneta_|_Standard_Community_01,Bridgestone_Furgoneta_Standard_0019,Dunlop_Furgoneta_Standard_0039,0.0917
Furgoneta_|_Standard_Community_01,Firestone_Furgoneta_Standard_0029,Dunlop_Furgoneta_Standard_0039,0.4795
Furgoneta_|_Standard_Community_01,Tracmax_Furgoneta_Standard_0044,Dunlop_Furgoneta_Standard_0039,0.5563
Furgoneta_|_Standard_Community_01,Vredestein_Furgoneta_Standard_0059,Dunlop_Furgoneta_Standard_0039,0.275
Furgoneta_|_Standard_Community_01,Westlake_Furgoneta_Standard_0007,Dunlop_Furgoneta_Standard_0039,0.1487
Furgoneta_|_Standard_Community_01,Bridgestone_Furgoneta_Standard_0009,Dunlop_Furgoneta_Standard_0046,0.8582
Furgoneta_|_Standard_Community_01,GT Radial_Furgoneta_Standard_0003,Dunlop_Furgoneta_Standard_0046,0.6071
Furgoneta_|_Standard_Community_01,Goodyear_Furgoneta_Standard_0072,Dunlop_Furgoneta_Standard_0046,0.695
Furgoneta_|_Standard_Community_01,Bridgestone_Furgoneta_Standard_0009,Firestone_Furgoneta_Standard_0029,0.3097
Furgoneta_|_Standard_Community_01,Dunlop_Furgoneta_Standard_0039,Firestone_Furgoneta_Standard_0029,0.171
Furgoneta_|_Standard_Community_01,GT Radial_Furgoneta_Standard_0043,Firestone_Furgoneta_Standard_0029,0.5803
Furgoneta_|_Standard_Community_01,Vredestein_Furgoneta_Standard_0059,Firestone_Furgoneta_Standard_0029,1.1474
Furgoneta_|_Standard_Community_01,Dunlop_Furgoneta_Standard_0046,GT Radial_Furgoneta_Standard_0003,1.2146
Furgoneta_|_Standard_Community_01,Goodyear_Furgoneta_Standard_0071,GT Radial_Furgoneta_Standard_0003,0.9375
Furgoneta_|_Standard_Community_01,Goodyear_Furgoneta_Standard_0048,GT Radial_Furgoneta_Standard_0043,0.7255
Furgoneta_|_Standard_Community_01,Tracmax_Furgoneta_Standard_0044,GT Radial_Furgoneta_Standard_0043,0.1894
Furgoneta_|_Standard_Community_01,Vredestein_Furgoneta_Standard_0059,GT Radial_Furgoneta_Standard_0043,0.8529
Furgoneta_|_Standard_Community_01,Wanli_Furgoneta_Standard_0017,GT Radial_Furgoneta_Standard_0043,0.2823
Furgoneta_|_Standard_Community_01,Bridgestone_Furgoneta_Standard_0019,General Tire_Furgoneta_Standard_0024,0.1653
Furgoneta_|_Standard_Community_01,Dunlop_Furgoneta_Standard_0046,General Tire_Furgoneta_Standard_0024,0.2097
Furgoneta_|_Standard_Community_01,Firestone_Furgoneta_Standard_0029,General Tire_Furgoneta_Standard_0024,0.5802
Furgoneta_|_Standard_Community_01,Goodyear_Furgoneta_Standard_0071,General Tire_Furgoneta_Standard_0024,0.7071
Furgoneta_|_Standard_Community_01,Hifly_Furgoneta_Standard_0027,General Tire_Furgoneta_Standard_0024,0.5052
Furgoneta_|_Standard_Community_01,Tracmax_Furgoneta_Standard_0044,General Tire_Furgoneta_Standard_0024,0.0592
Furgoneta_|_Standard_Community_01,BFGoodrich_Furgoneta_Standard_0058,Goodyear_Furgoneta_Standard_0048,0.1727
Furgoneta_|_Standard_Community_01,Bridgestone_Furgoneta_Standard_0012,Goodyear_Furgoneta_Standard_0048,0.6535
Furgoneta_|_Standard_Community_01,Bridgestone_Furgoneta_Standard_0013,Goodyear_Furgoneta_Standard_0048,0.2296
Furgoneta_|_Standard_Community_01,Bridgestone_Furgoneta_Standard_0019,Goodyear_Furgoneta_Standard_0048,0.5663
Furgoneta_|_Standard_Community_01,Goodyear_Furgoneta_Standard_0072,Goodyear_Furgoneta_Standard_0048,0.1567
Furgoneta_|_Standard_Community_01,Michelin_Furgoneta_Standard_0022,Goodyear_Furgoneta_Standard_0048,0.3748
Furgoneta_|_Standard_Community_01,Nokian_Furgoneta_Standard_0020,Goodyear_Furgoneta_Standard_0071,1.6641
Furgoneta_|_Standard_Community_01,Nokian_Furgoneta_Standard_0042,Goodyear_Furgoneta_Standard_0071,0.4433
Furgoneta_|_Standard_Community_01,Dunlop_Furgoneta_Standard_0046,Goodyear_Furgoneta_Standard_0072,0.2195
Furgoneta_|_Standard_Community_01,Goodyear_Furgoneta_Standard_0048,Goodyear_Furgoneta_Standard_0072,0.2077
Furgoneta_|_Standard_Community_01,Michelin_Furgoneta_Standard_0022,Goodyear_Furgoneta_Standard_0072,0.9712
Furgoneta_|_Standard_Community_01,Nokian_Furgoneta_Standard_0020,Goodyear_Furgoneta_Standard_0072,0.5151
Furgoneta_|_Standard_Community_01,Nokian_Furgoneta_Standard_0042,Goodyear_Furgoneta_Standard_0072,0.3099
Furgoneta_|_Standard_Community_01,Dunlop_Furgoneta_Standard_0039,Hifly_Furgoneta_Standard_0027,0.6918
Furgoneta_|_Standard_Community_01,Goodyear_Furgoneta_Standard_0072,Hifly_Furgoneta_Standard_0027,0.086
Furgoneta_|_Standard_Community_01,Linglong_Furgoneta_Standard_0016,Hifly_Furgoneta_Standard_0027,0.3298
Furgoneta_|_Standard_Community_01,Michelin_Furgoneta_Standard_0022,Hifly_Furgoneta_Standard_0027,0.5469
Furgoneta_|_Standard_Community_01,Nokian_Furgoneta_Standard_0020,Hifly_Furgoneta_Standard_0027,0.562
Furgoneta_|_Standard_Community_01,Bridgestone_Furgoneta_Standard_0009,Linglong_Furgoneta_Standard_0016,0.3931
Furgoneta_|_Standard_Community_01,Continental_Furgoneta_Standard_0005,Linglong_Furgoneta_Standard_0016,0.1451
Furgoneta_|_Standard_Community_01,Firestone_Furgoneta_Standard_0029,Linglong_Furgoneta_Standard_0016,0.8261
Furgoneta_|_Standard_Community_01,General Tire_Furgoneta_Standard_0024,Linglong_Furgoneta_Standard_0016,0.4347
Furgoneta_|_Standard_Community_01,Nokian_Furgoneta_Standard_0042,Linglong_Furgoneta_Standard_0016,0.3544
Furgoneta_|_Standard_Community_01,Bridgestone_Furgoneta_Standard_0009,Michelin_Furgoneta_Standard_0022,0.6266
Furgoneta_|_Standard_Community_01,Continental_Furgoneta_Standard_0005,Michelin_Furgoneta_Standard_0022,0.0517
Furgoneta_|_Standard_Community_01,Dunlop_Furgoneta_Standard_0046,Michelin_Furgoneta_Standard_0022,0.1799
Furgoneta_|_Standard_Community_01,Firestone_Furgoneta_Standard_0029,Michelin_Furgoneta_Standard_0022,0.9756
Furgoneta_|_Standard_Community_01,GT Radial_Furgoneta_Standard_0003,Michelin_Furgoneta_Standard_0022,0.206
Furgoneta_|_Standard_Community_01,Wanli_Furgoneta_Standard_0017,Michelin_Furgoneta_Standard_0022,0.1998
Furgoneta_|_Standard_Community_01,Bridgestone_Furgoneta_Standard_0013,Nokian_Furgoneta_Standard_0010,0.4853
Furgoneta_|_Standard_Community_01,Dunlop_Furgoneta_Standard_0046,Nokian_Furgoneta_Standard_0010,0.2136
Furgoneta_|_Standard_Community_01,Firestone_Furgoneta_Standard_0029,Nokian_Furgoneta_Standard_0010,0.1899
Furgoneta_|_Standard_Community_01,Goodyear_Furgoneta_Standard_0072,Nokian_Furgoneta_Standard_0010,0.7936
Furgoneta_|_Standard_Community_01,Nokian_Furgoneta_Standard_0042,Nokian_Furgoneta_Standard_0010,0.3904
Furgoneta_|_Standard_Community_01,Westlake_Furgoneta_Standard_0007,Nokian_Furgoneta_Standard_0010,0.168
Furgoneta_|_Standard_Community_01,Bridgestone_Furgoneta_Standard_0009,Nokian_Furgoneta_Standard_0020,0.346
Furgoneta_|_Standard_Community_01,Bridgestone_Furgoneta_Standard_0012,Nokian_Furgoneta_Standard_0020,0.2982
Furgoneta_|_Standard_Community_01,Goodyear_Furgoneta_Standard_0072,Nokian_Furgoneta_Standard_0020,0.3836
Furgoneta_|_Standard_Community_01,Nokian_Furgoneta_Standard_0010,Nokian_Furgoneta_Standard_0020,1.0111
Furgoneta_|_Standard_Community_01,Wanli_Furgoneta_Standard_0017,Nokian_Furgoneta_Standard_0020,0.0796
Furgoneta_|_Standard_Community_01,BFGoodrich_Furgoneta_Standard_0058,Nokian_Furgoneta_Standard_0042,0.8236
Furgoneta_|_Standard_Community_01,General Tire_Furgoneta_Standard_0024,Nokian_Furgoneta_Standard_0042,0.36
Furgoneta_|_Standard_Community_01,Goodyear_Furgoneta_Standard_0048,Nokian_Furgoneta_Standard_0042,0.9381
Furgoneta_|_Standard_Community_01,Bridgestone_Furgoneta_Standard_0012,Tracmax_Furgoneta_Standard_0044,0.2531
Furgoneta_|_Standard_Community_01,Dunlop_Furgoneta_Standard_0039,Tracmax_Furgoneta_Standard_0044,0.2131
Furgoneta_|_Standard_Community_01,Nokian_Furgoneta_Standard_0010,Tracmax_Furgoneta_Standard_0044,0.8277
Furgoneta_|_Standard_Community_01,Nokian_Furgoneta_Standard_0020,Tracmax_Furgoneta_Standard_0044,0.725
Furgoneta_|_Standard_Community_01,GT Radial_Furgoneta_Standard_0003,Vredestein_Furgoneta_Standard_0059,0.5174
Furgoneta_|_Standard_Community_01,GT Radial_Furgoneta_Standard_0043,Vredestein_Furgoneta_Standard_0059,0.7438
Furgoneta_|_Standard_Community_01,Goodyear_Furgoneta_Standard_0048,Vredestein_Furgoneta_Standard_0059,0.2163
Furgoneta_|_Standard_Community_01,Michelin_Furgoneta_Standard_0022,Vredestein_Furgoneta_Standard_0059,0.3452
Furgoneta_|_Standard_Community_01,Wanli_Furgoneta_Standard_0017,Vredestein_Furgoneta_Standard_0059,0.2363
Furgoneta_|_Standard_Community_01,Bridgestone_Furgoneta_Standard_0019,Wanli_Furgoneta_Standard_0017,0.1275
Furgoneta_|_Standard_Community_01,Continental_Furgoneta_Standard_0005,Wanli_Furgoneta_Standard_0017,0.6599
Furgoneta_|_Standard_Community_01,GT Radial_Furgoneta_Standard_0003,Wanli_Furgoneta_Standard_0017,0.2406
Furgoneta_|_Standard_Community_01,Goodyear_Furgoneta_Standard_0048,Wanli_Furgoneta_Standard_0017,0.3365
Furgoneta_|_Standard_Community_01,Nokian_Furgoneta_Standard_0010,Wanli_Furgoneta_Standard_0017,0.4842
Furgoneta_|_Standard_Community_01,Vredestein_Furgoneta_Standard_0059,Wanli_Furgoneta_Standard_0017,0.2646
Furgoneta_|_Standard_Community_01,Bridgestone_Furgoneta_Standard_0013,Westlake_Furgoneta_Standard_0007,0.4501
Furgoneta_|_Standard_Community_01,GT Radial_Furgoneta_Standard_0003,Westlake_Furgoneta_Standard_0007,0.1621
Furgoneta_|_Standard_Community_01,General Tire_Furgoneta_Standard_0024,Westlake_Furgoneta_Standard_0007,0.538
Furgoneta_|_Standard_Community_01,Goodyear_Furgoneta_Standard_0048,Westlake_Furgoneta_Standard_0007,0.1199
Furgoneta_|_Standard_Community_01,Linglong_Furgoneta_Standard_0016,Westlake_Furgoneta_Standard_0007,0.1947
Furgoneta_|_Standard_Community_01,Nokian_Furgoneta_Standard_0020,Westlake_Furgoneta_Standard_0007,0.4172
Furgoneta_|_Standard_Community_01,Nokian_Furgoneta_Standard_0042,Westlake_Furgoneta_Standard_0007,0.3188
Industrial_|_Construcción_Pesada_Community_01,Falken_Industrial_Construcción Pesada_0010,BFGoodrich_Industrial_Construcción Pesada_0013,0.0607
Industrial_|_Construcción_Pesada_Community_01,Hifly_Industrial_Construcción Pesada_0058,BFGoodrich_Industrial_Construcción Pesada_0013,0.3206
Industrial_|_Construcción_Pesada_Community_01,Roadmarch_Industrial_Construcción Pesada_0068,BFGoodrich_Industrial_Construcción Pesada_0013,0.4824
Industrial_|_Construcción_Pesada_Community_01,Toyo Tires_Industrial_Construcción Pesada_0024,BFGoodrich_Industrial_Construcción Pesada_0013,0.0504
Industrial_|_Construcción_Pesada_Community_01,Toyo Tires_Industrial_Construcción Pesada_0054,BFGoodrich_Industrial_Construcción Pesada_0013,0.2806
Industrial_|_Construcción_Pesada_Community_01,Cooper Tires_Industrial_Construcción Pesada_0029,BFGoodrich_Industrial_Construcción Pesada_0020,0.2894
Industrial_|_Construcción_Pesada_Community_01,Firestone_Industrial_Construcción Pesada_0065,BFGoodrich_Industrial_Construcción Pesada_0020,0.2211
Industrial_|_Construcción_Pesada_Community_01,Hifly_Industrial_Construcción Pesada_0058,BFGoodrich_Industrial_Construcción Pesada_0020,0.0888
Industrial_|_Construcción_Pesada_Community_01,Nexen_Industrial_Construcción Pesada_0059,BFGoodrich_Industrial_Construcción Pesada_0020,0.2791
Industrial_|_Construcción_Pesada_Community_01,Pirelli_Industrial_Construcción Pesada_0063,BFGoodrich_Industrial_Construcción Pesada_0020,0.2943
Industrial_|_Construcción_Pesada_Community_01,Roadmarch_Industrial_Construcción Pesada_0068,BFGoodrich_Industrial_Construcción Pesada_0020,0.1208
Industrial_|_Construcción_Pesada_Community_01,BFGoodrich_Industrial_Construcción Pesada_0020,BFGoodrich_Industrial_Construcción Pesada_0056,0.4812
Industrial_|_Construcción_Pesada_Community_01,Cooper Tires_Industrial_Construcción Pesada_0029,BFGoodrich_Industrial_Construcción Pesada_0056,0.052
Industrial_|_Construcción_Pesada_Community_01,Falken_Industrial_Construcción Pesada_0010,BFGoodrich_Industrial_Construcción Pesada_0056,0.3468
Industrial_|_Construcción_Pesada_Community_01,Firestone_Industrial_Construcción Pesada_0065,BFGoodrich_Industrial_Construcción Pesada_0056,0.3067
Industrial_|_Construcción_Pesada_Community_01,Triangle_Industrial_Construcción Pesada_0039,BFGoodrich_Industrial_Construcción Pesada_0056,0.0916
Industrial_|_Construcción_Pesada_Community_01,Continental_Industrial_Construcción Pesada_0040,Continental_Industrial_Construcción Pesada_0028,0.8112
Industrial_|_Construcción_Pesada_Community_01,Goodride_Industrial_Construcción Pesada_0017,Continental_Industrial_Construcción Pesada_0028,0.1138
Industrial_|_Construcción_Pesada_Community_01,Nexen_Industrial_Construcción Pesada_0061,Continental_Industrial_Construcción Pesada_0028,0.1193
Industrial_|_Construcción_Pesada_Community_01,Toyo Tires_Industrial_Construcción Pesada_0054,Continental_Industrial_Construcción Pesada_0028,0.1704
Industrial_|_Construcción_Pesada_Community_01,Dunlop_Industrial_Construcción Pesada_0012,Continental_Industrial_Construcción Pesada_0040,0.5099
Industrial_|_Construcción_Pesada_Community_01,Roadmarch_Industrial_Construcción Pesada_0050,Continental_Industrial_Construcción Pesada_0040,0.2242
Industrial_|_Construcción_Pesada_Community_01,Triangle_Industrial_Construcción Pesada_0039,Continental_Industrial_Construcción Pesada_0040,0.498
Industrial_|_Construcción_Pesada_Community_01,BFGoodrich_Industrial_Construcción Pesada_0013,Continental_Industrial_Construcción Pesada_0077,0.1816
Industrial_|_Construcción_Pesada_Community_01,Dunlop_Industrial_Construcción Pesada_0012,Continental_Industrial_Construcción Pesada_0077,0.5149
Industrial_|_Construcción_Pesada_Community_01,Fulda_Industrial_Construcción Pesada_0051,Continental_Industrial_Construcción Pesada_0077,0.2984
Industrial_|_Construcción_Pesada_Community_01,Nexen_Industrial_Construcción Pesada_0061,Continental_Industrial_Construcción Pesada_0077,0.1658
Industrial_|_Construcción_Pesada_Community_01,Yokohama_Industrial_Construcción Pesada_0027,Continental_Industrial_Construcción Pesada_0077,0.186
Industrial_|_Construcción_Pesada_Community_01,BFGoodrich_Industrial_Construcción Pesada_0013,Cooper Tires_Industrial_Construcción Pesada_0029,0.058
Industrial_|_Construcción_Pesada_Community_01,Nexen_Industrial_Construcción Pesada_0007,Cooper Tires_Industrial_Construcción Pesada_0029,0.075
Industrial_|_Construcción_Pesada_Community_01,Nexen_Industrial_Construcción Pesada_0059,Cooper Tires_Industrial_Construcción Pesada_0029,0.2989
Industrial_|_Construcción_Pesada_Community_01,Roadmarch_Industrial_Construcción Pesada_0050,Cooper Tires_Industrial_Construcción Pesada_0029,0.2737
Industrial_|_Construcción_Pesada_Community_01,Toyo Tires_Industrial_Construcción Pesada_0054,Cooper Tires_Industrial_Construcción Pesada_0029,0.2775
Industrial_|_Construcción_Pesada_Community_01,Triangle_Industrial_Construcción Pesada_0039,Cooper Tires_Industrial_Construcción Pesada_0029,0.0788
Industrial_|_Construcción_Pesada_Community_01,Yokohama_Industrial_Construcción Pesada_0027,Cooper Tires_Industrial_Construcción Pesada_0029,0.0968
Industrial_|_Construcción_Pesada_Community_01,BFGoodrich_Industrial_Construcción Pesada_0020,Dunlop_Industrial_Construcción Pesada_0012,0.1217
Industrial_|_Construcción_Pesada_Community_01,Cooper Tires_Industrial_Construcción Pesada_0029,Dunlop_Industrial_Construcción Pesada_0012,0.1052
Industrial_|_Construcción_Pesada_Community_01,Falken_Industrial_Construcción Pesada_0010,Dunlop_Industrial_Construcción Pesada_0012,0.1236
Industrial_|_Construcción_Pesada_Community_01,Firestone_Industrial_Construcción Pesada_0065,Dunlop_Industrial_Construcción Pesada_0012,0.1925
Industrial_|_Construcción_Pesada_Community_01,Hifly_Industrial_Construcción Pesada_0058,Dunlop_Industrial_Construcción Pesada_0012,0.488
Industrial_|_Construcción_Pesada_Community_01,Roadmarch_Industrial_Construcción Pesada_0050,Dunlop_Industrial_Construcción Pesada_0012,0.1826
Industrial_|_Construcción_Pesada_Community_01,Yokohama_Industrial_Construcción Pesada_0052,Dunlop_Industrial_Construcción Pesada_0012,0.1306
Industrial_|_Construcción_Pesada_Community_01,BFGoodrich_Industrial_Construcción Pesada_0020,Falken_Industrial_Construcción Pesada_0003,0.2603
Industrial_|_Construcción_Pesada_Community_01,Continental_Industrial_Construcción Pesada_0040,Falken_Industrial_Construcción Pesada_0003,0.2902
Industrial_|_Construcción_Pesada_Community_01,Cooper Tires_Industrial_Construcción Pesada_0029,Falken_Industrial_Construcción Pesada_0003,0.1254
Industrial_|_Construcción_Pesada_Community_01,Nexen_Industrial_Construcción Pesada_0061,Falken_Industrial_Construcción Pesada_0003,0.0646
Industrial_|_Construcción_Pesada_Community_01,Roadmarch_Industrial_Construcción Pesada_0068,Falken_Industrial_Construcción Pesada_0003,0.3702
Industrial_|_Construcción_Pesada_Community_01,BFGoodrich_Industrial_Construcción Pesada_0020,Falken_Industrial_Construcción Pesada_0010,0.301
Industrial_|_Construcción_Pesada_Community_01,Firestone_Industrial_Construcción Pesada_0065,Falken_Industrial_Construcción Pesada_0010,0.16
Industrial_|_Construcción_Pesada_Community_01,Firestone_Industrial_Construcción Pesada_0069,Falken_Industrial_Construcción Pesada_0010,0.502
Industrial_|_Construcción_Pesada_Community_01,Goodride_Industrial_Construcción Pesada_0017,Falken_Industrial_Construcción Pesada_0010,0.187
Industrial_|_Construcción_Pesada_Community_01,Hifly_Industrial_Construcción Pesada_0058,Falken_Industrial_Construcción Pesada_0010,0.1751
Industrial_|_Construcción_Pesada_Community_01,Falken_Industrial_Construcción Pesada_0010,Falken_Industrial_Construcción Pesada_0060,0.5411
Industrial_|_Construcción_Pesada_Community_01,Nexen_Industrial_Construcción Pesada_0007,Falken_Industrial_Construcción Pesada_0060,0.3754
Industrial_|_Construcción_Pesada_Community_01,Roadmarch_Industrial_Construcción Pesada_0050,Falken_Industrial_Construcción Pesada_0060,0.1131
Industrial_|_Construcción_Pesada_Community_01,Roadmarch_Industrial_Construcción Pesada_0068,Falken_Industrial_Construcción Pesada_0060,0.224
Industrial_|_Construcción_Pesada_Community_01,Mazzini_Industrial_Construcción Pesada_0075,Firestone_Industrial_Construcción Pesada_0065,0.2923
Industrial_|_Construcción_Pesada_Community_01,Roadmarch_Industrial_Construcción Pesada_0050,Firestone_Industrial_Construcción Pesada_0065,0.2514
Industrial_|_Construcción_Pesada_Community_01,Roadmarch_Industrial_Construcción Pesada_0068,Firestone_Industrial_Construcción Pesada_0065,0.5617
Industrial_|_Construcción_Pesada_Community_01,Triangle_Industrial_Construcción Pesada_0039,Firestone_Industrial_Construcción Pesada_0065,0.115
Industrial_|_Construcción_Pesada_Community_01,Continental_Industrial_Construcción Pesada_0077,Firestone_Industrial_Construcción Pesada_0069,0.3142
Industrial_|_Construcción_Pesada_Community_01,Firestone_Industrial_Construcción Pesada_0065,Firestone_Industrial_Construcción Pesada_0069,0.2674
Industrial_|_Construcción_Pesada_Community_01,Roadmarch_Industrial_Construcción Pesada_0068,Firestone_Industrial_Construcción Pesada_0069,0.5082
Industrial_|_Construcción_Pesada_Community_01,BFGoodrich_Industrial_Construcción Pesada_0013,Fulda_Industrial_Construcción Pesada_0051,0.0942
Industrial_|_Construcción_Pesada_Community_01,Continental_Industrial_Construcción Pesada_0077,Fulda_Industrial_Construcción Pesada_0051,0.1218
Industrial_|_Construcción_Pesada_Community_01,Falken_Industrial_Construcción Pesada_0010,Fulda_Industrial_Construcción Pesada_0051,0.1377
Industrial_|_Construcción_Pesada_Community_01,Goodride_Industrial_Construcción Pesada_0017,Fulda_Industrial_Construcción Pesada_0051,0.3919
Industrial_|_Construcción_Pesada_Community_01,Triangle_Industrial_Construcción Pesada_0039,Fulda_Industrial_Construcción Pesada_0051,0.5413
Industrial_|_Construcción_Pesada_Community_01,Firestone_Industrial_Construcción Pesada_0065,Goodride_Industrial_Construcción Pesada_0017,0.2474
Industrial_|_Construcción_Pesada_Community_01,Mazzini_Industrial_Construcción Pesada_0075,Goodride_Industrial_Construcción Pesada_0017,0.3003
Industrial_|_Construcción_Pesada_Community_01,Nexen_Industrial_Construcción Pesada_0059,Goodride_Industrial_Construcción Pesada_0017,0.335
Industrial_|_Construcción_Pesada_Community_01,Nexen_Industrial_Construcción Pesada_0061,Goodride_Industrial_Construcción Pesada_0017,0.1181
Industrial_|_Construcción_Pesada_Community_01,Tracmax_Industrial_Construcción Pesada_0030,Goodride_Industrial_Construcción Pesada_0017,0.2795
Industrial_|_Construcción_Pesada_Community_01,Continental_Industrial_Construcción Pesada_0077,Hifly_Industrial_Construcción Pesada_0058,0.8616
Industrial_|_Construcción_Pesada_Community_01,Nexen_Industrial_Construcción Pesada_0007,Hifly_Industrial_Construcción Pesada_0058,0.2794
Industrial_|_Construcción_Pesada_Community_01,Yokohama_Industrial_Construcción Pesada_0052,Hifly_Industrial_Construcción Pesada_0058,0.1255
Industrial_|_Construcción_Pesada_Community_01,BFGoodrich_Industrial_Construcción Pesada_0056,Mazzini_Industrial_Construcción Pesada_0075,0.184
Industrial_|_Construcción_Pesada_Community_01,Cooper Tires_Industrial_Construcción Pesada_0029,Mazzini_Industrial_Construcción Pesada_0075,0.1459
Industrial_|_Construcción_Pesada_Community_01,Firestone_Industrial_Construcción Pesada_0069,Mazzini_Industrial_Construcción Pesada_0075,0.1421
Industrial_|_Construcción_Pesada_Community_01,Nexen_Industrial_Construcción Pesada_0061,Mazzini_Industrial_Construcción Pesada_0075,0.166
Industrial_|_Construcción_Pesada_Community_01,Roadmarch_Industrial_Construcción Pesada_0068,Mazzini_Industrial_Construcción Pesada_0075,0.1355
Industrial_|_Construcción_Pesada_Community_01,Tracmax_Industrial_Construcción Pesada_0030,Mazzini_Industrial_Construcción Pesada_0075,0.1381
Industrial_|_Construcción_Pesada_Community_01,Triangle_Industrial_Construcción Pesada_0039,Mazzini_Industrial_Construcción Pesada_0075,0.3573
Industrial_|_Construcción_Pesada_Community_01,BFGoodrich_Industrial_Construcción Pesada_0020,Nexen_Industrial_Construcción Pesada_0007,0.5948
Industrial_|_Construcción_Pesada_Community_01,Cooper Tires_Industrial_Construcción Pesada_0029,Nexen_Industrial_Construcción Pesada_0007,0.1349
Industrial_|_Construcción_Pesada_Community_01,Pirelli_Industrial_Construcción Pesada_0063,Nexen_Industrial_Construcción Pesada_0007,0.2406
Industrial_|_Construcción_Pesada_Community_01,Roadmarch_Industrial_Construcción Pesada_0068,Nexen_Industrial_Construcción Pesada_0007,0.3773
Industrial_|_Construcción_Pesada_Community_01,BFGoodrich_Industrial_Construcción Pesada_0020,Nexen_Industrial_Construcción Pesada_0059,0.1057
Industrial_|_Construcción_Pesada_Community_01,Continental_Industrial_Construcción Pesada_0077,Nexen_Industrial_Construcción Pesada_0059,0.3174
Industrial_|_Construcción_Pesada_Community_01,Cooper Tires_Industrial_Construcción Pesada_0029,Nexen_Industrial_Construcción Pesada_0059,0.1824
Industrial_|_Construcción_Pesada_Community_01,Yokohama_Industrial_Construcción Pesada_0052,Nexen_Industrial_Construcción Pesada_0059,0.5586
Industrial_|_Construcción_Pesada_Community_01,BFGoodrich_Industrial_Construcción Pesada_0056,Nexen_Industrial_Construcción Pesada_0061,0.7357
Industrial_|_Construcción_Pesada_Community_01,Hifly_Industrial_Construcción Pesada_0058,Nexen_Industrial_Construcción Pesada_0061,0.0768
Industrial_|_Construcción_Pesada_Community_01,Nexen_Industrial_Construcción Pesada_0007,Nexen_Industrial_Construcción Pesada_0061,0.3699
Industrial_|_Construcción_Pesada_Community_01,Firestone_Industrial_Construcción Pesada_0069,Nokian_Industrial_Construcción Pesada_0047,0.2102
Industrial_|_Construcción_Pesada_Community_01,Toyo Tires_Industrial_Construcción Pesada_0054,Nokian_Industrial_Construcción Pesada_0047,0.8787
Industrial_|_Construcción_Pesada_Community_01,Tracmax_Industrial_Construcción Pesada_0030,Nokian_Industrial_Construcción Pesada_0047,0.129
Industrial_|_Construcción_Pesada_Community_01,Firestone_Industrial_Construcción Pesada_0065,Pirelli_Industrial_Construcción Pesada_0063,0.3601
Industrial_|_Construcción_Pesada_Community_01,Mazzini_Industrial_Construcción Pesada_0075,Pirelli_Industrial_Construcción Pesada_0063,0.5683
Industrial_|_Construcción_Pesada_Community_01,Roadmarch_Industrial_Construcción Pesada_0068,Pirelli_Industrial_Construcción Pesada_0063,0.0962
Industrial_|_Construcción_Pesada_Community_01,Toyo Tires_Industrial_Construcción Pesada_0054,Pirelli_Industrial_Construcción Pesada_0063,0.0553
Industrial_|_Construcción_Pesada_Community_01,Tracmax_Industrial_Construcción Pesada_0030,Pirelli_Industrial_Construcción Pesada_0063,0.1567
Industrial_|_Construcción_Pesada_Community_01,BFGoodrich_Industrial_Construcción Pesada_0056,Roadmarch_Industrial_Construcción Pesada_0050,0.3443
Industrial_|_Construcción_Pesada_Community_01,Fulda_Industrial_Construcción Pesada_0051,Roadmarch_Industrial_Construcción Pesada_0050,0.0584
Industrial_|_Construcción_Pesada_Community_01,Hifly_Industrial_Construcción Pesada_0058,Roadmarch_Industrial_Construcción Pesada_0050,0.0734
Industrial_|_Construcción_Pesada_Community_01,Pirelli_Industrial_Construcción Pesada_0063,Roadmarch_Industrial_Construcción Pesada_0050,0.1838
Industrial_|_Construcción_Pesada_Community_01,Roadmarch_Industrial_Construcción Pesada_0068,Roadmarch_Industrial_Construcción Pesada_0050,0.1259
Industrial_|_Construcción_Pesada_Community_01,Toyo Tires_Industrial_Construcción Pesada_0054,Roadmarch_Industrial_Construcción Pesada_0050,0.3713
Industrial_|_Construcción_Pesada_Community_01,Yokohama_Industrial_Construcción Pesada_0027,Roadmarch_Industrial_Construcción Pesada_0050,0.1394
Industrial_|_Construcción_Pesada_Community_01,Continental_Industrial_Construcción Pesada_0077,Roadmarch_Industrial_Construcción Pesada_0068,0.479
Industrial_|_Construcción_Pesada_Community_01,Falken_Industrial_Construcción Pesada_0060,Roadmarch_Industrial_Construcción Pesada_0068,0.3253
Industrial_|_Construcción_Pesada_Community_01,Firestone_Industrial_Construcción Pesada_0069,Roadmarch_Industrial_Construcción Pesada_0068,0.1079
Industrial_|_Construcción_Pesada_Community_01,Fulda_Industrial_Construcción Pesada_0051,Roadmarch_Industrial_Construcción Pesada_0068,0.1585
Industrial_|_Construcción_Pesada_Community_01,Pirelli_Industrial_Construcción Pesada_0063,Roadmarch_Industrial_Construcción Pesada_0068,0.1538
Industrial_|_Construcción_Pesada_Community_01,Roadmarch_Industrial_Construcción Pesada_0050,Roadmarch_Industrial_Construcción Pesada_0068,0.0733
Industrial_|_Construcción_Pesada_Community_01,Continental_Industrial_Construcción Pesada_0028,Toyo Tires_Industrial_Construcción Pesada_0024,0.0721
Industrial_|_Construcción_Pesada_Community_01,Firestone_Industrial_Construcción Pesada_0069,Toyo Tires_Industrial_Construcción Pesada_0024,0.2452
Industrial_|_Construcción_Pesada_Community_01,Hifly_Industrial_Construcción Pesada_0058,Toyo Tires_Industrial_Construcción Pesada_0024,0.2708
Industrial_|_Construcción_Pesada_Community_01,Mazzini_Industrial_Construcción Pesada_0075,Toyo Tires_Industrial_Construcción Pesada_0024,0.3023
Industrial_|_Construcción_Pesada_Community_01,Pirelli_Industrial_Construcción Pesada_0063,Toyo Tires_Industrial_Construcción Pesada_0024,0.1827
Industrial_|_Construcción_Pesada_Community_01,Tracmax_Industrial_Construcción Pesada_0030,Toyo Tires_Industrial_Construcción Pesada_0024,0.1662
Industrial_|_Construcción_Pesada_Community_01,Goodride_Industrial_Construcción Pesada_0017,Toyo Tires_Industrial_Construcción Pesada_0054,0.2403
Industrial_|_Construcción_Pesada_Community_01,Hifly_Industrial_Construcción Pesada_0058,Toyo Tires_Industrial_Construcción Pesada_0054,0.3545
Industrial_|_Construcción_Pesada_Community_01,Nexen_Industrial_Construcción Pesada_0061,Toyo Tires_Industrial_Construcción Pesada_0054,0.0646
Industrial_|_Construcción_Pesada_Community_01,Nokian_Industrial_Construcción Pesada_0047,Toyo Tires_Industrial_Construcción Pesada_0054,0.1735
Industrial_|_Construcción_Pesada_Community_01,Pirelli_Industrial_Construcción Pesada_0063,Toyo Tires_Industrial_Construcción Pesada_0054,0.1736
Industrial_|_Construcción_Pesada_Community_01,Roadmarch_Industrial_Construcción Pesada_0068,Toyo Tires_Industrial_Construcción Pesada_0054,0.0782
Industrial_|_Construcción_Pesada_Community_01,Yokohama_Industrial_Construcción Pesada_0052,Toyo Tires_Industrial_Construcción Pesada_0054,0.0905
Industrial_|_Construcción_Pesada_Community_01,BFGoodrich_Industrial_Construcción Pesada_0056,Tracmax_Industrial_Construcción Pesada_0030,0.1483
Industrial_|_Construcción_Pesada_Community_01,Continental_Industrial_Construcción Pesada_0028,Tracmax_Industrial_Construcción Pesada_0030,0.1665
Industrial_|_Construcción_Pesada_Community_01,Cooper Tires_Industrial_Construcción Pesada_0029,Tracmax_Industrial_Construcción Pesada_0030,0.1301
Industrial_|_Construcción_Pesada_Community_01,Firestone_Industrial_Construcción Pesada_0065,Tracmax_Industrial_Construcción Pesada_0030,0.0636
Industrial_|_Construcción_Pesada_Community_01,Hifly_Industrial_Construcción Pesada_0058,Tracmax_Industrial_Construcción Pesada_0030,0.6127
Industrial_|_Construcción_Pesada_Community_01,Nexen_Industrial_Construcción Pesada_0059,Tracmax_Industrial_Construcción Pesada_0030,0.1357
Industrial_|_Construcción_Pesada_Community_01,Fulda_Industrial_Construcción Pesada_0051,Triangle_Industrial_Construcción Pesada_0039,0.3143
Industrial_|_Construcción_Pesada_Community_01,Goodride_Industrial_Construcción Pesada_0017,Triangle_Industrial_Construcción Pesada_0039,0.4364
Industrial_|_Construcción_Pesada_Community_01,Nexen_Industrial_Construcción Pesada_0007,Triangle_Industrial_Construcción Pesada_0039,0.1406
Industrial_|_Construcción_Pesada_Community_01,Yokohama_Industrial_Construcción Pesada_0027,Triangle_Industrial_Construcción Pesada_0039,0.321
Industrial_|_Construcción_Pesada_Community_01,Nokian_Industrial_Construcción Pesada_0047,Vredestein_Industrial_Construcción Pesada_0015,0.8021
Industrial_|_Construcción_Pesada_Community_01,Roadmarch_Industrial_Construcción Pesada_0050,Vredestein_Industrial_Construcción Pesada_0015,0.2343
Industrial_|_Construcción_Pesada_Community_01,Roadmarch_Industrial_Construcción Pesada_0068,Vredestein_Industrial_Construcción Pesada_0015,0.2271
Industrial_|_Construcción_Pesada_Community_01,Continental_Industrial_Construcción Pesada_0028,Yokohama_Industrial_Construcción Pesada_0027,0.0526
Industrial_|_Construcción_Pesada_Community_01,Cooper Tires_Industrial_Construcción Pesada_0029,Yokohama_Industrial_Construcción Pesada_0027,0.1397
Industrial_|_Construcción_Pesada_Community_01,Falken_Industrial_Construcción Pesada_0060,Yokohama_Industrial_Construcción Pesada_0027,0.1875
Industrial_|_Construcción_Pesada_Community_01,Toyo Tires_Industrial_Construcción Pesada_0024,Yokohama_Industrial_Construcción Pesada_0027,0.1245
Industrial_|_Construcción_Pesada_Community_01,Vredestein_Industrial_Construcción Pesada_0015,Yokohama_Industrial_Construcción Pesada_0027,0.3474
Industrial_|_Construcción_Pesada_Community_01,Yokohama_Industrial_Construcción Pesada_0052,Yokohama_Industrial_Construcción Pesada_0027,0.2244
Industrial_|_Construcción_Pesada_Community_01,BFGoodrich_Industrial_Construcción Pesada_0020,Yokohama_Industrial_Construcción Pesada_0052,0.1381
Industrial_|_Construcción_Pesada_Community_01,Falken_Industrial_Construcción Pesada_0003,Yokohama_Industrial_Construcción Pesada_0052,0.1719
Industrial_|_Construcción_Pesada_Community_01,Falken_Industrial_Construcción Pesada_0010,Yokohama_Industrial_Construcción Pesada_0052,0.1671
Industrial_|_Construcción_Pesada_Community_01,Fulda_Industrial_Construcción Pesada_0051,Yokohama_Industrial_Construcción Pesada_0052,0.0807
Industrial_|_Construcción_Pesada_Community_01,Hifly_Industrial_Construcción Pesada_0058,Yokohama_Industrial_Construcción Pesada_0052,0.3001
Industrial_|_Construcción_Pesada_Community_01,Pirelli_Industrial_Construcción Pesada_0063,Yokohama_Industrial_Construcción Pesada_0052,0.0706
Industrial_|_Construcción_Pesada_Community_01,Tracmax_Industrial_Construcción Pesada_0030,Yokohama_Industrial_Construcción Pesada_0052,0.1496
Industrial_|_Construcción_Pesada_Community_01,Triangle_Industrial_Construcción Pesada_0039,Yokohama_Industrial_Construcción Pesada_0052,0.1292
Industrial_|_Construcción_Pesada_Community_03,Bridgestone_Industrial_Construcción Pesada_0016,BFGoodrich_Industrial_Construcción Pesada_0025,0.077
Industrial_|_Construcción_Pesada_Community_03,Cooper Tires_Industrial_Construcción Pesada_0079,BFGoodrich_Industrial_Construcción Pesada_0025,0.0731
Industrial_|_Construcción_Pesada_Community_03,Firestone_Industrial_Construcción Pesada_0049,BFGoodrich_Industrial_Construcción Pesada_0025,0.2362
Industrial_|_Construcción_Pesada_Community_03,Hankook_Industrial_Construcción Pesada_0032,BFGoodrich_Industrial_Construcción Pesada_0025,0.271
Industrial_|_Construcción_Pesada_Community_03,Yokohama_Industrial_Construcción Pesada_0000,BFGoodrich_Industrial_Construcción Pesada_0025,0.4874
Industrial_|_Construcción_Pesada_Community_03,Dunlop_Industrial_Construcción Pesada_0043,Bridgestone_Industrial_Construcción Pesada_0016,0.3795
Industrial_|_Construcción_Pesada_Community_03,Nokian_Industrial_Construcción Pesada_0034,Bridgestone_Industrial_Construcción Pesada_0016,0.0753
Industrial_|_Construcción_Pesada_Community_03,Roadmarch_Industrial_Construcción Pesada_0011,Bridgestone_Industrial_Construcción Pesada_0016,0.2602
Industrial_|_Construcción_Pesada_Community_03,Roadmarch_Industrial_Construcción Pesada_0035,Bridgestone_Industrial_Construcción Pesada_0016,0.2974
Industrial_|_Construcción_Pesada_Community_03,Uniroyal_Industrial_Construcción Pesada_0073,Bridgestone_Industrial_Construcción Pesada_0016,0.1154
Industrial_|_Construcción_Pesada_Community_03,Bridgestone_Industrial_Construcción Pesada_0016,Continental_Industrial_Construcción Pesada_0048,0.2854
Industrial_|_Construcción_Pesada_Community_03,Dunlop_Industrial_Construcción Pesada_0022,Continental_Industrial_Construcción Pesada_0048,0.1235
Industrial_|_Construcción_Pesada_Community_03,Firestone_Industrial_Construcción Pesada_0049,Continental_Industrial_Construcción Pesada_0048,0.122
Industrial_|_Construcción_Pesada_Community_03,Hankook_Industrial_Construcción Pesada_0078,Continental_Industrial_Construcción Pesada_0048,0.208
Industrial_|_Construcción_Pesada_Community_03,Minerva_Industrial_Construcción Pesada_0023,Continental_Industrial_Construcción Pesada_0048,0.2223
Industrial_|_Construcción_Pesada_Community_03,Triangle_Industrial_Construcción Pesada_0072,Continental_Industrial_Construcción Pesada_0048,0.1002
Industrial_|_Construcción_Pesada_Community_03,Yokohama_Industrial_Construcción Pesada_0000,Continental_Industrial_Construcción Pesada_0048,0.1441
Industrial_|_Construcción_Pesada_Community_03,GT Radial_Industrial_Construcción Pesada_0036,Cooper Tires_Industrial_Construcción Pesada_0079,0.1295
Industrial_|_Construcción_Pesada_Community_03,Hankook_Industrial_Construcción Pesada_0078,Cooper Tires_Industrial_Construcción Pesada_0079,0.385
Industrial_|_Construcción_Pesada_Community_03,Triangle_Industrial_Construcción Pesada_0072,Cooper Tires_Industrial_Construcción Pesada_0079,0.3451
Industrial_|_Construcción_Pesada_Community_03,Yokohama_Industrial_Construcción Pesada_0000,Cooper Tires_Industrial_Construcción Pesada_0079,0.4432
Industrial_|_Construcción_Pesada_Community_03,Firestone_Industrial_Construcción Pesada_0049,Dunlop_Industrial_Construcción Pesada_0022,0.1528
Industrial_|_Construcción_Pesada_Community_03,Hankook_Industrial_Construcción Pesada_0032,Dunlop_Industrial_Construcción Pesada_0022,0.0823
Industrial_|_Construcción_Pesada_Community_03,Hankook_Industrial_Construcción Pesada_0078,Dunlop_Industrial_Construcción Pesada_0022,0.0678
Industrial_|_Construcción_Pesada_Community_03,Hifly_Industrial_Construcción Pesada_0045,Dunlop_Industrial_Construcción Pesada_0022,0.1624
Industrial_|_Construcción_Pesada_Community_03,Uniroyal_Industrial_Construcción Pesada_0008,Dunlop_Industrial_Construcción Pesada_0022,0.1041
Industrial_|_Construcción_Pesada_Community_03,Vredestein_Industrial_Construcción Pesada_0046,Dunlop_Industrial_Construcción Pesada_0022,0.5418
Industrial_|_Construcción_Pesada_Community_03,Dunlop_Industrial_Construcción Pesada_0043,Dunlop_Industrial_Construcción Pesada_0041,0.1531
Industrial_|_Construcción_Pesada_Community_03,Hankook_Industrial_Construcción Pesada_0032,Dunlop_Industrial_Construcción Pesada_0041,0.1279
Industrial_|_Construcción_Pesada_Community_03,Triangle_Industrial_Construcción Pesada_0072,Dunlop_Industrial_Construcción Pesada_0041,0.4834
Industrial_|_Construcción_Pesada_Community_03,Uniroyal_Industrial_Construcción Pesada_0008,Dunlop_Industrial_Construcción Pesada_0041,0.4935
Industrial_|_Construcción_Pesada_Community_03,Continental_Industrial_Construcción Pesada_0048,Dunlop_Industrial_Construcción Pesada_0043,0.344
Industrial_|_Construcción_Pesada_Community_03,Dunlop_Industrial_Construcción Pesada_0041,Dunlop_Industrial_Construcción Pesada_0043,0.2305
Industrial_|_Construcción_Pesada_Community_03,Hifly_Industrial_Construcción Pesada_0045,Dunlop_Industrial_Construcción Pesada_0043,0.0908
Industrial_|_Construcción_Pesada_Community_03,Kumho_Industrial_Construcción Pesada_0002,Dunlop_Industrial_Construcción Pesada_0043,0.1448
Industrial_|_Construcción_Pesada_Community_03,Nokian_Industrial_Construcción Pesada_0021,Dunlop_Industrial_Construcción Pesada_0043,0.2374
Industrial_|_Construcción_Pesada_Community_03,Yokohama_Industrial_Construcción Pesada_0000,Dunlop_Industrial_Construcción Pesada_0043,0.0901
Industrial_|_Construcción_Pesada_Community_03,Bridgestone_Industrial_Construcción Pesada_0016,Firestone_Industrial_Construcción Pesada_0049,0.3193
Industrial_|_Construcción_Pesada_Community_03,Hankook_Industrial_Construcción Pesada_0032,Firestone_Industrial_Construcción Pesada_0049,0.4181
Industrial_|_Construcción_Pesada_Community_03,Kumho_Industrial_Construcción Pesada_0002,Firestone_Industrial_Construcción Pesada_0049,0.5132
Industrial_|_Construcción_Pesada_Community_03,BFGoodrich_Industrial_Construcción Pesada_0025,GT Radial_Industrial_Construcción Pesada_0036,0.2191
Industrial_|_Construcción_Pesada_Community_03,Cooper Tires_Industrial_Construcción Pesada_0079,GT Radial_Industrial_Construcción Pesada_0036,0.3736
Industrial_|_Construcción_Pesada_Community_03,Kumho_Industrial_Construcción Pesada_0071,GT Radial_Industrial_Construcción Pesada_0036,0.0519
Industrial_|_Construcción_Pesada_Community_03,Nokian_Industrial_Construcción Pesada_0034,GT Radial_Industrial_Construcción Pesada_0036,0.4579
Industrial_|_Construcción_Pesada_Community_03,Yokohama_Industrial_Construcción Pesada_0000,GT Radial_Industrial_Construcción Pesada_0036,0.1907
Industrial_|_Construcción_Pesada_Community_03,Dunlop_Industrial_Construcción Pesada_0022,Goodyear_Industrial_Construcción Pesada_0004,0.2575
Industrial_|_Construcción_Pesada_Community_03,Minerva_Industrial_Construcción Pesada_0023,Goodyear_Industrial_Construcción Pesada_0004,0.0537
Industrial_|_Construcción_Pesada_Community_03,Roadmarch_Industrial_Construcción Pesada_0035,Goodyear_Industrial_Construcción Pesada_0004,0.7716
Industrial_|_Construcción_Pesada_Community_03,BFGoodrich_Industrial_Construcción Pesada_0025,Hankook_Industrial_Construcción Pesada_0032,0.5933
Industrial_|_Construcción_Pesada_Community_03,Continental_Industrial_Construcción Pesada_0048,Hankook_Industrial_Construcción Pesada_0032,0.2713
Industrial_|_Construcción_Pesada_Community_03,Michelin_Industrial_Construcción Pesada_0076,Hankook_Industrial_Construcción Pesada_0032,0.2877
Industrial_|_Construcción_Pesada_Community_03,Roadmarch_Industrial_Construcción Pesada_0011,Hankook_Industrial_Construcción Pesada_0032,0.0997
Industrial_|_Construcción_Pesada_Community_03,Cooper Tires_Industrial_Construcción Pesada_0079,Hankook_Industrial_Construcción Pesada_0078,0.7274
Industrial_|_Construcción_Pesada_Community_03,Goodyear_Industrial_Construcción Pesada_0004,Hankook_Industrial_Construcción Pesada_0078,0.2103
Industrial_|_Construcción_Pesada_Community_03,Kumho_Industrial_Construcción Pesada_0062,Hankook_Industrial_Construcción Pesada_0078,0.1276
Industrial_|_Construcción_Pesada_Community_03,Minerva_Industrial_Construcción Pesada_0023,Hankook_Industrial_Construcción Pesada_0078,0.2135
Industrial_|_Construcción_Pesada_Community_03,Bridgestone_Industrial_Construcción Pesada_0016,Hifly_Industrial_Construcción Pesada_0045,0.1373
Industrial_|_Construcción_Pesada_Community_03,Cooper Tires_Industrial_Construcción Pesada_0079,Hifly_Industrial_Construcción Pesada_0045,0.3204
Industrial_|_Construcción_Pesada_Community_03,Hankook_Industrial_Construcción Pesada_0032,Hifly_Industrial_Construcción Pesada_0045,0.3826
Industrial_|_Construcción_Pesada_Community_03,Kumho_Industrial_Construcción Pesada_0002,Hifly_Industrial_Construcción Pesada_0045,0.1776
Industrial_|_Construcción_Pesada_Community_03,Minerva_Industrial_Construcción Pesada_0023,Hifly_Industrial_Construcción Pesada_0045,0.0755
Industrial_|_Construcción_Pesada_Community_03,Nokian_Industrial_Construcción Pesada_0021,Hifly_Industrial_Construcción Pesada_0045,0.2305
Industrial_|_Construcción_Pesada_Community_03,Hankook_Industrial_Construcción Pesada_0078,Kumho_Industrial_Construcción Pesada_0002,0.3081
Industrial_|_Construcción_Pesada_Community_03,Hifly_Industrial_Construcción Pesada_0045,Kumho_Industrial_Construcción Pesada_0002,0.3209
Industrial_|_Construcción_Pesada_Community_03,Kumho_Industrial_Construcción Pesada_0071,Kumho_Industrial_Construcción Pesada_0002,0.0761
Industrial_|_Construcción_Pesada_Community_03,Sailun_Industrial_Construcción Pesada_0057,Kumho_Industrial_Construcción Pesada_0002,0.5261
Industrial_|_Construcción_Pesada_Community_03,Uniroyal_Industrial_Construcción Pesada_0008,Kumho_Industrial_Construcción Pesada_0002,0.0661
Industrial_|_Construcción_Pesada_Community_03,Dunlop_Industrial_Construcción Pesada_0022,Kumho_Industrial_Construcción Pesada_0062,0.5302
Industrial_|_Construcción_Pesada_Community_03,Michelin_Industrial_Construcción Pesada_0031,Kumho_Industrial_Construcción Pesada_0062,0.4467
Industrial_|_Construcción_Pesada_Community_03,Vredestein_Industrial_Construcción Pesada_0046,Kumho_Industrial_Construcción Pesada_0062,0.2873
Industrial_|_Construcción_Pesada_Community_03,Continental_Industrial_Construcción Pesada_0048,Kumho_Industrial_Construcción Pesada_0071,0.2506
Industrial_|_Construcción_Pesada_Community_03,Dunlop_Industrial_Construcción Pesada_0043,Kumho_Industrial_Construcción Pesada_0071,0.3141
Industrial_|_Construcción_Pesada_Community_03,Michelin_Industrial_Construcción Pesada_0076,Kumho_Industrial_Construcción Pesada_0071,0.2527
Industrial_|_Construcción_Pesada_Community_03,Tracmax_Industrial_Construcción Pesada_0033,Kumho_Industrial_Construcción Pesada_0071,0.429
Industrial_|_Construcción_Pesada_Community_03,Hankook_Industrial_Construcción Pesada_0032,Michelin_Industrial_Construcción Pesada_0031,0.1357
Industrial_|_Construcción_Pesada_Community_03,Hifly_Industrial_Construcción Pesada_0045,Michelin_Industrial_Construcción Pesada_0031,0.7674
Industrial_|_Construcción_Pesada_Community_03,Michelin_Industrial_Construcción Pesada_0076,Michelin_Industrial_Construcción Pesada_0031,0.1779
Industrial_|_Construcción_Pesada_Community_03,Tracmax_Industrial_Construcción Pesada_0033,Michelin_Industrial_Construcción Pesada_0031,0.2061
Industrial_|_Construcción_Pesada_Community_03,Dunlop_Industrial_Construcción Pesada_0022,Michelin_Industrial_Construcción Pesada_0076,0.0982
Industrial_|_Construcción_Pesada_Community_03,Hankook_Industrial_Construcción Pesada_0032,Michelin_Industrial_Construcción Pesada_0076,0.2437
Industrial_|_Construcción_Pesada_Community_03,Hifly_Industrial_Construcción Pesada_0045,Michelin_Industrial_Construcción Pesada_0076,0.1704
Industrial_|_Construcción_Pesada_Community_03,Nokian_Industrial_Construcción Pesada_0021,Michelin_Industrial_Construcción Pesada_0076,0.4119
Industrial_|_Construcción_Pesada_Community_03,Nokian_Industrial_Construcción Pesada_0034,Michelin_Industrial_Construcción Pesada_0076,0.2122
Industrial_|_Construcción_Pesada_Community_03,Sailun_Industrial_Construcción Pesada_0057,Michelin_Industrial_Construcción Pesada_0076,0.084
Industrial_|_Construcción_Pesada_Community_03,Bridgestone_Industrial_Construcción Pesada_0016,Minerva_Industrial_Construcción Pesada_0023,0.3459
Industrial_|_Construcción_Pesada_Community_03,Dunlop_Industrial_Construcción Pesada_0041,Minerva_Industrial_Construcción Pesada_0023,0.3007
Industrial_|_Construcción_Pesada_Community_03,Goodyear_Industrial_Construcción Pesada_0004,Minerva_Industrial_Construcción Pesada_0023,0.2895
Industrial_|_Construcción_Pesada_Community_03,Kumho_Industrial_Construcción Pesada_0062,Minerva_Industrial_Construcción Pesada_0023,0.276
Industrial_|_Construcción_Pesada_Community_03,Dunlop_Industrial_Construcción Pesada_0041,Nokian_Industrial_Construcción Pesada_0021,0.2224
Industrial_|_Construcción_Pesada_Community_03,GT Radial_Industrial_Construcción Pesada_0036,Nokian_Industrial_Construcción Pesada_0021,0.0804
Industrial_|_Construcción_Pesada_Community_03,Goodyear_Industrial_Construcción Pesada_0004,Nokian_Industrial_Construcción Pesada_0021,0.2833
Industrial_|_Construcción_Pesada_Community_03,Hankook_Industrial_Construcción Pesada_0078,Nokian_Industrial_Construcción Pesada_0021,0.2206
Industrial_|_Construcción_Pesada_Community_03,Vredestein_Industrial_Construcción Pesada_0046,Nokian_Industrial_Construcción Pesada_0021,0.3695
Industrial_|_Construcción_Pesada_Community_03,Firestone_Industrial_Construcción Pesada_0049,Nokian_Industrial_Construcción Pesada_0034,0.1142
Industrial_|_Construcción_Pesada_Community_03,Goodyear_Industrial_Construcción Pesada_0004,Nokian_Industrial_Construcción Pesada_0034,0.3018
Industrial_|_Construcción_Pesada_Community_03,Michelin_Industrial_Construcción Pesada_0031,Nokian_Industrial_Construcción Pesada_0034,0.3984
Industrial_|_Construcción_Pesada_Community_03,Minerva_Industrial_Construcción Pesada_0023,Nokian_Industrial_Construcción Pesada_0034,0.1149
Industrial_|_Construcción_Pesada_Community_03,Sailun_Industrial_Construcción Pesada_0057,Nokian_Industrial_Construcción Pesada_0034,0.069
Industrial_|_Construcción_Pesada_Community_03,Uniroyal_Industrial_Construcción Pesada_0008,Nokian_Industrial_Construcción Pesada_0034,0.3107
Industrial_|_Construcción_Pesada_Community_03,BFGoodrich_Industrial_Construcción Pesada_0025,Roadmarch_Industrial_Construcción Pesada_0011,0.0581
Industrial_|_Construcción_Pesada_Community_03,Dunlop_Industrial_Construcción Pesada_0022,Roadmarch_Industrial_Construcción Pesada_0011,0.4813
Industrial_|_Construcción_Pesada_Community_03,Hifly_Industrial_Construcción Pesada_0045,Roadmarch_Industrial_Construcción Pesada_0011,0.3295
Industrial_|_Construcción_Pesada_Community_03,Roadmarch_Industrial_Construcción Pesada_0035,Roadmarch_Industrial_Construcción Pesada_0011,0.2407
Industrial_|_Construcción_Pesada_Community_03,Triangle_Industrial_Construcción Pesada_0072,Roadmarch_Industrial_Construcción Pesada_0011,0.1094
Industrial_|_Construcción_Pesada_Community_03,Vredestein_Industrial_Construcción Pesada_0046,Roadmarch_Industrial_Construcción Pesada_0011,0.0593
Industrial_|_Construcción_Pesada_Community_03,Dunlop_Industrial_Construcción Pesada_0041,Roadmarch_Industrial_Construcción Pesada_0035,0.3892
Industrial_|_Construcción_Pesada_Community_03,GT Radial_Industrial_Construcción Pesada_0036,Roadmarch_Industrial_Construcción Pesada_0035,0.3545
Industrial_|_Construcción_Pesada_Community_03,Kumho_Industrial_Construcción Pesada_0062,Roadmarch_Industrial_Construcción Pesada_0035,0.1481
Industrial_|_Construcción_Pesada_Community_03,Kumho_Industrial_Construcción Pesada_0071,Roadmarch_Industrial_Construcción Pesada_0035,0.0635
Industrial_|_Construcción_Pesada_Community_03,Sailun_Industrial_Construcción Pesada_0057,Roadmarch_Industrial_Construcción Pesada_0035,0.1149
Industrial_|_Construcción_Pesada_Community_03,Dunlop_Industrial_Construcción Pesada_0022,Sailun_Industrial_Construcción Pesada_0057,0.1426
Industrial_|_Construcción_Pesada_Community_03,Hifly_Industrial_Construcción Pesada_0045,Sailun_Industrial_Construcción Pesada_0057,0.1858
Industrial_|_Construcción_Pesada_Community_03,Nokian_Industrial_Construcción Pesada_0034,Sailun_Industrial_Construcción Pesada_0057,0.2378
Industrial_|_Construcción_Pesada_Community_03,Vredestein_Industrial_Construcción Pesada_0046,Sailun_Industrial_Construcción Pesada_0057,0.4575
Industrial_|_Construcción_Pesada_Community_03,Yokohama_Industrial_Construcción Pesada_0000,Sailun_Industrial_Construcción Pesada_0057,0.2669
Industrial_|_Construcción_Pesada_Community_03,GT Radial_Industrial_Construcción Pesada_0036,Tracmax_Industrial_Construcción Pesada_0033,0.4124
Industrial_|_Construcción_Pesada_Community_03,Michelin_Industrial_Construcción Pesada_0031,Tracmax_Industrial_Construcción Pesada_0033,0.7031
Industrial_|_Construcción_Pesada_Community_03,Yokohama_Industrial_Construcción Pesada_0000,Tracmax_Industrial_Construcción Pesada_0033,0.1803
Industrial_|_Construcción_Pesada_Community_03,Cooper Tires_Industrial_Construcción Pesada_0079,Triangle_Industrial_Construcción Pesada_0072,0.4451
Industrial_|_Construcción_Pesada_Community_03,Goodyear_Industrial_Construcción Pesada_0004,Triangle_Industrial_Construcción Pesada_0072,0.2538
Industrial_|_Construcción_Pesada_Community_03,Kumho_Industrial_Construcción Pesada_0071,Triangle_Industrial_Construcción Pesada_0072,0.2227
Industrial_|_Construcción_Pesada_Community_03,Sailun_Industrial_Construcción Pesada_0057,Triangle_Industrial_Construcción Pesada_0072,0.2301
Industrial_|_Construcción_Pesada_Community_03,Cooper Tires_Industrial_Construcción Pesada_0079,Uniroyal_Industrial_Construcción Pesada_0008,0.0511
Industrial_|_Construcción_Pesada_Community_03,Dunlop_Industrial_Construcción Pesada_0022,Uniroyal_Industrial_Construcción Pesada_0008,0.0571
Industrial_|_Construcción_Pesada_Community_03,Dunlop_Industrial_Construcción Pesada_0041,Uniroyal_Industrial_Construcción Pesada_0008,0.2312
Industrial_|_Construcción_Pesada_Community_03,Firestone_Industrial_Construcción Pesada_0049,Uniroyal_Industrial_Construcción Pesada_0008,0.4037
Industrial_|_Construcción_Pesada_Community_03,Hankook_Industrial_Construcción Pesada_0032,Uniroyal_Industrial_Construcción Pesada_0008,0.11
Industrial_|_Construcción_Pesada_Community_03,Michelin_Industrial_Construcción Pesada_0031,Uniroyal_Industrial_Construcción Pesada_0008,0.1716
Industrial_|_Construcción_Pesada_Community_03,Uniroyal_Industrial_Construcción Pesada_0073,Uniroyal_Industrial_Construcción Pesada_0008,0.1454
Industrial_|_Construcción_Pesada_Community_03,Dunlop_Industrial_Construcción Pesada_0043,Uniroyal_Industrial_Construcción Pesada_0073,0.1019
Industrial_|_Construcción_Pesada_Community_03,Goodyear_Industrial_Construcción Pesada_0004,Uniroyal_Industrial_Construcción Pesada_0073,0.5431
Industrial_|_Construcción_Pesada_Community_03,Hankook_Industrial_Construcción Pesada_0032,Uniroyal_Industrial_Construcción Pesada_0073,0.0926
Industrial_|_Construcción_Pesada_Community_03,Roadmarch_Industrial_Construcción Pesada_0011,Uniroyal_Industrial_Construcción Pesada_0073,0.107
Industrial_|_Construcción_Pesada_Community_03,Triangle_Industrial_Construcción Pesada_0072,Uniroyal_Industrial_Construcción Pesada_0073,0.4777
Industrial_|_Construcción_Pesada_Community_03,BFGoodrich_Industrial_Construcción Pesada_0025,Vredestein_Industrial_Construcción Pesada_0046,0.3475
Industrial_|_Construcción_Pesada_Community_03,Hifly_Industrial_Construcción Pesada_0045,Vredestein_Industrial_Construcción Pesada_0046,0.2306
Industrial_|_Construcción_Pesada_Community_03,Michelin_Industrial_Construcción Pesada_0076,Vredestein_Industrial_Construcción Pesada_0046,0.1443
Industrial_|_Construcción_Pesada_Community_03,Sailun_Industrial_Construcción Pesada_0057,Vredestein_Industrial_Construcción Pesada_0046,0.064
Industrial_|_Construcción_Pesada_Community_03,Tracmax_Industrial_Construcción Pesada_0033,Vredestein_Industrial_Construcción Pesada_0046,0.2408
Industrial_|_Construcción_Pesada_Community_03,Uniroyal_Industrial_Construcción Pesada_0008,Vredestein_Industrial_Construcción Pesada_0046,0.2962
Industrial_|_Construcción_Pesada_Community_03,Bridgestone_Industrial_Construcción Pesada_0016,Yokohama_Industrial_Construcción Pesada_0000,0.4852
Industrial_|_Construcción_Pesada_Community_03,Dunlop_Industrial_Construcción Pesada_0041,Yokohama_Industrial_Construcción Pesada_0000,0.4606
Industrial_|_Construcción_Pesada_Community_03,Michelin_Industrial_Construcción Pesada_0031,Yokohama_Industrial_Construcción Pesada_0000,0.3129
Industrial_|_Construcción_Pesada_Community_02,BFGoodrich_Industrial_Construcción Pesada_0067,BFGoodrich_Industrial_Construcción Pesada_0037,0.2997
Industrial_|_Construcción_Pesada_Community_02,Falken_Industrial_Construcción Pesada_0005,BFGoodrich_Industrial_Construcción Pesada_0037,0.1435
Industrial_|_Construcción_Pesada_Community_02,Hankook_Industrial_Construcción Pesada_0009,BFGoodrich_Industrial_Construcción Pesada_0037,0.3316
Industrial_|_Construcción_Pesada_Community_02,Nokian_Industrial_Construcción Pesada_0018,BFGoodrich_Industrial_Construcción Pesada_0037,0.1948
Industrial_|_Construcción_Pesada_Community_02,Roadmarch_Industrial_Construcción Pesada_0038,BFGoodrich_Industrial_Construcción Pesada_0037,0.2817
Industrial_|_Construcción_Pesada_Community_02,BFGoodrich_Industrial_Construcción Pesada_0037,BFGoodrich_Industrial_Construcción Pesada_0067,0.262
Industrial_|_Construcción_Pesada_Community_02,Cooper Tires_Industrial_Construcción Pesada_0019,BFGoodrich_Industrial_Construcción Pesada_0067,0.361
Industrial_|_Construcción_Pesada_Community_02,GT Radial_Industrial_Construcción Pesada_0064,BFGoodrich_Industrial_Construcción Pesada_0067,0.3326
Industrial_|_Construcción_Pesada_Community_02,Tomket_Industrial_Construcción Pesada_0074,BFGoodrich_Industrial_Construcción Pesada_0067,0.0845
Industrial_|_Construcción_Pesada_Community_02,Triangle_Industrial_Construcción Pesada_0066,BFGoodrich_Industrial_Construcción Pesada_0067,0.2359
Industrial_|_Construcción_Pesada_Community_02,BFGoodrich_Industrial_Construcción Pesada_0067,Cooper Tires_Industrial_Construcción Pesada_0019,0.0633
Industrial_|_Construcción_Pesada_Community_02,Dunlop_Industrial_Construcción Pesada_0001,Cooper Tires_Industrial_Construcción Pesada_0019,0.184
Industrial_|_Construcción_Pesada_Community_02,GT Radial_Industrial_Construcción Pesada_0064,Cooper Tires_Industrial_Construcción Pesada_0019,0.0932
Industrial_|_Construcción_Pesada_Community_02,Goodyear_Industrial_Construcción Pesada_0014,Cooper Tires_Industrial_Construcción Pesada_0019,0.077
Industrial_|_Construcción_Pesada_Community_02,Tomket_Industrial_Construcción Pesada_0074,Cooper Tires_Industrial_Construcción Pesada_0019,0.6511
Industrial_|_Construcción_Pesada_Community_02,Triangle_Industrial_Construcción Pesada_0066,Cooper Tires_Industrial_Construcción Pesada_0019,0.3041
Industrial_|_Construcción_Pesada_Community_02,BFGoodrich_Industrial_Construcción Pesada_0067,Dunlop_Industrial_Construcción Pesada_0001,0.0688
Industrial_|_Construcción_Pesada_Community_02,Falken_Industrial_Construcción Pesada_0005,Dunlop_Industrial_Construcción Pesada_0001,0.463
Industrial_|_Construcción_Pesada_Community_02,Goodyear_Industrial_Construcción Pesada_0053,Dunlop_Industrial_Construcción Pesada_0001,0.1645
Industrial_|_Construcción_Pesada_Community_02,Minerva_Industrial_Construcción Pesada_0055,Dunlop_Industrial_Construcción Pesada_0001,0.3035
Industrial_|_Construcción_Pesada_Community_02,Roadmarch_Industrial_Construcción Pesada_0006,Dunlop_Industrial_Construcción Pesada_0001,0.1995
Industrial_|_Construcción_Pesada_Community_02,Sailun_Industrial_Construcción Pesada_0026,Dunlop_Industrial_Construcción Pesada_0001,0.1349
Industrial_|_Construcción_Pesada_Community_02,BFGoodrich_Industrial_Construcción Pesada_0037,Dunlop_Industrial_Construcción Pesada_0070,0.2908
Industrial_|_Construcción_Pesada_Community_02,BFGoodrich_Industrial_Construcción Pesada_0067,Dunlop_Industrial_Construcción Pesada_0070,0.4771
Industrial_|_Construcción_Pesada_Community_02,Cooper Tires_Industrial_Construcción Pesada_0019,Dunlop_Industrial_Construcción Pesada_0070,0.3076
Industrial_|_Construcción_Pesada_Community_02,Tomket_Industrial_Construcción Pesada_0074,Dunlop_Industrial_Construcción Pesada_0070,0.2804
Industrial_|_Construcción_Pesada_Community_02,Goodyear_Industrial_Construcción Pesada_0014,Falken_Industrial_Construcción Pesada_0005,0.2553
Industrial_|_Construcción_Pesada_Community_02,Sailun_Industrial_Construcción Pesada_0026,Falken_Industrial_Construcción Pesada_0005,0.3823
Industrial_|_Construcción_Pesada_Community_02,Tomket_Industrial_Construcción Pesada_0074,Falken_Industrial_Construcción Pesada_0005,0.3466
Industrial_|_Construcción_Pesada_Community_02,Triangle_Industrial_Construcción Pesada_0066,Falken_Industrial_Construcción Pesada_0005,0.3159
Industrial_|_Construcción_Pesada_Community_02,Dunlop_Industrial_Construcción Pesada_0001,GT Radial_Industrial_Construcción Pesada_0064,0.2754
Industrial_|_Construcción_Pesada_Community_02,Goodyear_Industrial_Construcción Pesada_0053,GT Radial_Industrial_Construcción Pesada_0064,0.4228
Industrial_|_Construcción_Pesada_Community_02,Hankook_Industrial_Construcción Pesada_0009,GT Radial_Industrial_Construcción Pesada_0064,0.3211
Industrial_|_Construcción_Pesada_Community_02,Tomket_Industrial_Construcción Pesada_0074,GT Radial_Industrial_Construcción Pesada_0064,0.1046
Industrial_|_Construcción_Pesada_Community_02,BFGoodrich_Industrial_Construcción Pesada_0067,Goodyear_Industrial_Construcción Pesada_0014,0.2745
Industrial_|_Construcción_Pesada_Community_02,GT Radial_Industrial_Construcción Pesada_0064,Goodyear_Industrial_Construcción Pesada_0014,0.1714
Industrial_|_Construcción_Pesada_Community_02,Hankook_Industrial_Construcción Pesada_0009,Goodyear_Industrial_Construcción Pesada_0014,0.0669
Industrial_|_Construcción_Pesada_Community_02,Triangle_Industrial_Construcción Pesada_0066,Goodyear_Industrial_Construcción Pesada_0014,0.273
Industrial_|_Construcción_Pesada_Community_02,Wanli_Industrial_Construcción Pesada_0042,Goodyear_Industrial_Construcción Pesada_0014,0.3087
Industrial_|_Construcción_Pesada_Community_02,GT Radial_Industrial_Construcción Pesada_0064,Goodyear_Industrial_Construcción Pesada_0053,0.0669
Industrial_|_Construcción_Pesada_Community_02,Goodyear_Industrial_Construcción Pesada_0014,Goodyear_Industrial_Construcción Pesada_0053,0.0548
Industrial_|_Construcción_Pesada_Community_02,Nokian_Industrial_Construcción Pesada_0018,Goodyear_Industrial_Construcción Pesada_0053,0.7525
Industrial_|_Construcción_Pesada_Community_02,Roadmarch_Industrial_Construcción Pesada_0006,Goodyear_Industrial_Construcción Pesada_0053,0.2414
Industrial_|_Construcción_Pesada_Community_02,Tomket_Industrial_Construcción Pesada_0044,Goodyear_Industrial_Construcción Pesada_0053,0.0892
Industrial_|_Construcción_Pesada_Community_02,Dunlop_Industrial_Construcción Pesada_0070,Hankook_Industrial_Construcción Pesada_0009,0.5325
Industrial_|_Construcción_Pesada_Community_02,Roadmarch_Industrial_Construcción Pesada_0038,Hankook_Industrial_Construcción Pesada_0009,0.4413
Industrial_|_Construcción_Pesada_Community_02,Sailun_Industrial_Construcción Pesada_0026,Hankook_Industrial_Construcción Pesada_0009,0.2067
Industrial_|_Construcción_Pesada_Community_02,Dunlop_Industrial_Construcción Pesada_0001,Minerva_Industrial_Construcción Pesada_0055,0.087
Industrial_|_Construcción_Pesada_Community_02,Goodyear_Industrial_Construcción Pesada_0014,Minerva_Industrial_Construcción Pesada_0055,0.0722
Industrial_|_Construcción_Pesada_Community_02,Roadmarch_Industrial_Construcción Pesada_0006,Minerva_Industrial_Construcción Pesada_0055,0.5106
Industrial_|_Construcción_Pesada_Community_02,Roadmarch_Industrial_Construcción Pesada_0038,Minerva_Industrial_Construcción Pesada_0055,0.3969
Industrial_|_Construcción_Pesada_Community_02,Triangle_Industrial_Construcción Pesada_0066,Minerva_Industrial_Construcción Pesada_0055,0.2576
Industrial_|_Construcción_Pesada_Community_02,Dunlop_Industrial_Construcción Pesada_0070,Nokian_Industrial_Construcción Pesada_0018,0.26
Industrial_|_Construcción_Pesada_Community_02,GT Radial_Industrial_Construcción Pesada_0064,Nokian_Industrial_Construcción Pesada_0018,0.3554
Industrial_|_Construcción_Pesada_Community_02,Goodyear_Industrial_Construcción Pesada_0014,Nokian_Industrial_Construcción Pesada_0018,0.591
Industrial_|_Construcción_Pesada_Community_02,Tomket_Industrial_Construcción Pesada_0044,Nokian_Industrial_Construcción Pesada_0018,0.1317
Industrial_|_Construcción_Pesada_Community_02,Dunlop_Industrial_Construcción Pesada_0070,Roadmarch_Industrial_Construcción Pesada_0006,0.2826
Industrial_|_Construcción_Pesada_Community_02,Hankook_Industrial_Construcción Pesada_0009,Roadmarch_Industrial_Construcción Pesada_0006,0.1915
Industrial_|_Construcción_Pesada_Community_02,Roadmarch_Industrial_Construcción Pesada_0038,Roadmarch_Industrial_Construcción Pesada_0006,0.315
Industrial_|_Construcción_Pesada_Community_02,Sailun_Industrial_Construcción Pesada_0026,Roadmarch_Industrial_Construcción Pesada_0006,0.2221
Industrial_|_Construcción_Pesada_Community_02,Tomket_Industrial_Construcción Pesada_0044,Roadmarch_Industrial_Construcción Pesada_0006,0.0756
Industrial_|_Construcción_Pesada_Community_02,Cooper Tires_Industrial_Construcción Pesada_0019,Roadmarch_Industrial_Construcción Pesada_0038,0.5527
Industrial_|_Construcción_Pesada_Community_02,Dunlop_Industrial_Construcción Pesada_0070,Roadmarch_Industrial_Construcción Pesada_0038,0.3007
Industrial_|_Construcción_Pesada_Community_02,Hankook_Industrial_Construcción Pesada_0009,Roadmarch_Industrial_Construcción Pesada_0038,0.1314
Industrial_|_Construcción_Pesada_Community_02,Triangle_Industrial_Construcción Pesada_0066,Roadmarch_Industrial_Construcción Pesada_0038,0.1191
Industrial_|_Construcción_Pesada_Community_02,Wanli_Industrial_Construcción Pesada_0042,Roadmarch_Industrial_Construcción Pesada_0038,0.124
Industrial_|_Construcción_Pesada_Community_02,BFGoodrich_Industrial_Construcción Pesada_0067,Sailun_Industrial_Construcción Pesada_0026,0.2403
Industrial_|_Construcción_Pesada_Community_02,GT Radial_Industrial_Construcción Pesada_0064,Sailun_Industrial_Construcción Pesada_0026,0.2667
Industrial_|_Construcción_Pesada_Community_02,Minerva_Industrial_Construcción Pesada_0055,Sailun_Industrial_Construcción Pesada_0026,0.3404
Industrial_|_Construcción_Pesada_Community_02,Roadmarch_Industrial_Construcción Pesada_0006,Sailun_Industrial_Construcción Pesada_0026,0.38
Industrial_|_Construcción_Pesada_Community_02,BFGoodrich_Industrial_Construcción Pesada_0067,Tomket_Industrial_Construcción Pesada_0044,0.7963
Industrial_|_Construcción_Pesada_Community_02,Goodyear_Industrial_Construcción Pesada_0053,Tomket_Industrial_Construcción Pesada_0044,0.5576
Industrial_|_Construcción_Pesada_Community_02,Cooper Tires_Industrial_Construcción Pesada_0019,Tomket_Industrial_Construcción Pesada_0074,0.057
Industrial_|_Construcción_Pesada_Community_02,Minerva_Industrial_Construcción Pesada_0055,Tomket_Industrial_Construcción Pesada_0074,0.1557
Industrial_|_Construcción_Pesada_Community_02,Roadmarch_Industrial_Construcción Pesada_0006,Tomket_Industrial_Construcción Pesada_0074,0.27
Industrial_|_Construcción_Pesada_Community_02,Sailun_Industrial_Construcción Pesada_0026,Tomket_Industrial_Construcción Pesada_0074,0.1481
Industrial_|_Construcción_Pesada_Community_02,Wanli_Industrial_Construcción Pesada_0042,Tomket_Industrial_Construcción Pesada_0074,0.5724
Industrial_|_Construcción_Pesada_Community_02,BFGoodrich_Industrial_Construcción Pesada_0037,Triangle_Industrial_Construcción Pesada_0066,0.3024
Industrial_|_Construcción_Pesada_Community_02,Cooper Tires_Industrial_Construcción Pesada_0019,Triangle_Industrial_Construcción Pesada_0066,0.195
Industrial_|_Construcción_Pesada_Community_02,Dunlop_Industrial_Construcción Pesada_0070,Triangle_Industrial_Construcción Pesada_0066,0.1206
Industrial_|_Construcción_Pesada_Community_02,Goodyear_Industrial_Construcción Pesada_0053,Triangle_Industrial_Construcción Pesada_0066,0.0671
Industrial_|_Construcción_Pesada_Community_02,Hankook_Industrial_Construcción Pesada_0009,Triangle_Industrial_Construcción Pesada_0066,0.2181
Industrial_|_Construcción_Pesada_Community_02,Nokian_Industrial_Construcción Pesada_0018,Triangle_Industrial_Construcción Pesada_0066,0.2013
Industrial_|_Construcción_Pesada_Community_02,Roadmarch_Industrial_Construcción Pesada_0038,Triangle_Industrial_Construcción Pesada_0066,0.24
Industrial_|_Construcción_Pesada_Community_02,BFGoodrich_Industrial_Construcción Pesada_0037,Wanli_Industrial_Construcción Pesada_0042,0.2986
Industrial_|_Construcción_Pesada_Community_02,Falken_Industrial_Construcción Pesada_0005,Wanli_Industrial_Construcción Pesada_0042,0.0747
Industrial_|_Construcción_Pesada_Community_02,GT Radial_Industrial_Construcción Pesada_0064,Wanli_Industrial_Construcción Pesada_0042,0.3623
Industrial_|_Construcción_Pesada_Community_02,Roadmarch_Industrial_Construcción Pesada_0006,Wanli_Industrial_Construcción Pesada_0042,0.3977
Industrial_|_Construcción_Pesada_Community_02,Triangle_Industrial_Construcción Pesada_0066,Wanli_Industrial_Construcción Pesada_0042,0.1138
Industrial_|_Manipulación_Ligera_Community_02,Dunlop_Industrial_Manipulación Ligera_0029,BFGoodrich_Industrial_Manipulación Ligera_0000,0.3375
Industrial_|_Manipulación_Ligera_Community_02,Linglong_Industrial_Manipulación Ligera_0025,BFGoodrich_Industrial_Manipulación Ligera_0000,0.5663
Industrial_|_Manipulación_Ligera_Community_02,Roadmarch_Industrial_Manipulación Ligera_0065,BFGoodrich_Industrial_Manipulación Ligera_0000,0.0706
Industrial_|_Manipulación_Ligera_Community_02,Tracmax_Industrial_Manipulación Ligera_0052,BFGoodrich_Industrial_Manipulación Ligera_0000,0.9447
Industrial_|_Manipulación_Ligera_Community_02,Continental_Industrial_Manipulación Ligera_0022,Bridgestone_Industrial_Manipulación Ligera_0007,0.1972
Industrial_|_Manipulación_Ligera_Community_02,Dunlop_Industrial_Manipulación Ligera_0029,Bridgestone_Industrial_Manipulación Ligera_0007,0.1532
Industrial_|_Manipulación_Ligera_Community_02,Falken_Industrial_Manipulación Ligera_0026,Bridgestone_Industrial_Manipulación Ligera_0007,0.1008
Industrial_|_Manipulación_Ligera_Community_02,Kumho_Industrial_Manipulación Ligera_0062,Bridgestone_Industrial_Manipulación Ligera_0007,0.0604
Industrial_|_Manipulación_Ligera_Community_02,Minerva_Industrial_Manipulación Ligera_0070,Bridgestone_Industrial_Manipulación Ligera_0007,0.8785
Industrial_|_Manipulación_Ligera_Community_02,Vredestein_Industrial_Manipulación Ligera_0039,Bridgestone_Industrial_Manipulación Ligera_0007,0.2304
Industrial_|_Manipulación_Ligera_Community_02,Wanli_Industrial_Manipulación Ligera_0060,Bridgestone_Industrial_Manipulación Ligera_0007,0.307
Industrial_|_Manipulación_Ligera_Community_02,BFGoodrich_Industrial_Manipulación Ligera_0000,Continental_Industrial_Manipulación Ligera_0022,0.1302
Industrial_|_Manipulación_Ligera_Community_02,Dunlop_Industrial_Manipulación Ligera_0029,Continental_Industrial_Manipulación Ligera_0022,0.8331
Industrial_|_Manipulación_Ligera_Community_02,Falken_Industrial_Manipulación Ligera_0026,Continental_Industrial_Manipulación Ligera_0022,0.6426
Industrial_|_Manipulación_Ligera_Community_02,Kumho_Industrial_Manipulación Ligera_0062,Continental_Industrial_Manipulación Ligera_0022,0.1517
Industrial_|_Manipulación_Ligera_Community_02,Vredestein_Industrial_Manipulación Ligera_0027,Continental_Industrial_Manipulación Ligera_0022,0.2341
Industrial_|_Manipulación_Ligera_Community_02,Continental_Industrial_Manipulación Ligera_0022,Continental_Industrial_Manipulación Ligera_0041,0.0801
Industrial_|_Manipulación_Ligera_Community_02,Dunlop_Industrial_Manipulación Ligera_0029,Continental_Industrial_Manipulación Ligera_0041,0.114
Industrial_|_Manipulación_Ligera_Community_02,Dunlop_Industrial_Manipulación Ligera_0071,Continental_Industrial_Manipulación Ligera_0041,0.111
Industrial_|_Manipulación_Ligera_Community_02,Falken_Industrial_Manipulación Ligera_0019,Continental_Industrial_Manipulación Ligera_0041,0.0639
Industrial_|_Manipulación_Ligera_Community_02,Hifly_Industrial_Manipulación Ligera_0044,Continental_Industrial_Manipulación Ligera_0041,0.1266
Industrial_|_Manipulación_Ligera_Community_02,Kumho_Industrial_Manipulación Ligera_0062,Continental_Industrial_Manipulación Ligera_0041,0.3678
Industrial_|_Manipulación_Ligera_Community_02,Minerva_Industrial_Manipulación Ligera_0070,Continental_Industrial_Manipulación Ligera_0041,0.2367
Industrial_|_Manipulación_Ligera_Community_02,Roadmarch_Industrial_Manipulación Ligera_0042,Continental_Industrial_Manipulación Ligera_0041,0.4061
Industrial_|_Manipulación_Ligera_Community_02,Westlake_Industrial_Manipulación Ligera_0049,Continental_Industrial_Manipulación Ligera_0041,0.3378
Industrial_|_Manipulación_Ligera_Community_02,GT Radial_Industrial_Manipulación Ligera_0050,Continental_Industrial_Manipulación Ligera_0046,0.1227
Industrial_|_Manipulación_Ligera_Community_02,Kumho_Industrial_Manipulación Ligera_0062,Continental_Industrial_Manipulación Ligera_0046,0.4868
Industrial_|_Manipulación_Ligera_Community_02,Mazzini_Industrial_Manipulación Ligera_0021,Continental_Industrial_Manipulación Ligera_0046,0.837
Industrial_|_Manipulación_Ligera_Community_02,Tracmax_Industrial_Manipulación Ligera_0011,Continental_Industrial_Manipulación Ligera_0046,0.4915
Industrial_|_Manipulación_Ligera_Community_02,Vredestein_Industrial_Manipulación Ligera_0039,Continental_Industrial_Manipulación Ligera_0046,0.0584
Industrial_|_Manipulación_Ligera_Community_02,BFGoodrich_Industrial_Manipulación Ligera_0000,Dunlop_Industrial_Manipulación Ligera_0006,0.2205
Industrial_|_Manipulación_Ligera_Community_02,Dunlop_Industrial_Manipulación Ligera_0029,Dunlop_Industrial_Manipulación Ligera_0006,0.306
Industrial_|_Manipulación_Ligera_Community_02,Falken_Industrial_Manipulación Ligera_0026,Dunlop_Industrial_Manipulación Ligera_0006,0.1129
Industrial_|_Manipulación_Ligera_Community_02,Mazzini_Industrial_Manipulación Ligera_0021,Dunlop_Industrial_Manipulación Ligera_0006,0.069
Industrial_|_Manipulación_Ligera_Community_02,Michelin_Industrial_Manipulación Ligera_0069,Dunlop_Industrial_Manipulación Ligera_0006,0.4207
Industrial_|_Manipulación_Ligera_Community_02,Nokian_Industrial_Manipulación Ligera_0031,Dunlop_Industrial_Manipulación Ligera_0006,0.1193
Industrial_|_Manipulación_Ligera_Community_02,Roadmarch_Industrial_Manipulación Ligera_0065,Dunlop_Industrial_Manipulación Ligera_0006,0.4395
Industrial_|_Manipulación_Ligera_Community_02,Vredestein_Industrial_Manipulación Ligera_0027,Dunlop_Industrial_Manipulación Ligera_0006,0.1815
Industrial_|_Manipulación_Ligera_Community_02,BFGoodrich_Industrial_Manipulación Ligera_0000,Dunlop_Industrial_Manipulación Ligera_0029,0.9387
Industrial_|_Manipulación_Ligera_Community_02,Bridgestone_Industrial_Manipulación Ligera_0007,Dunlop_Industrial_Manipulación Ligera_0029,0.122
Industrial_|_Manipulación_Ligera_Community_02,GT Radial_Industrial_Manipulación Ligera_0050,Dunlop_Industrial_Manipulación Ligera_0029,0.0595
Industrial_|_Manipulación_Ligera_Community_02,Michelin_Industrial_Manipulación Ligera_0069,Dunlop_Industrial_Manipulación Ligera_0029,0.8185
Industrial_|_Manipulación_Ligera_Community_02,Wanli_Industrial_Manipulación Ligera_0060,Dunlop_Industrial_Manipulación Ligera_0029,0.1002
Industrial_|_Manipulación_Ligera_Community_02,Dunlop_Industrial_Manipulación Ligera_0006,Dunlop_Industrial_Manipulación Ligera_0071,0.2853
Industrial_|_Manipulación_Ligera_Community_02,Falken_Industrial_Manipulación Ligera_0019,Dunlop_Industrial_Manipulación Ligera_0071,0.229
Industrial_|_Manipulación_Ligera_Community_02,Goodyear_Industrial_Manipulación Ligera_0058,Dunlop_Industrial_Manipulación Ligera_0071,0.0765
Industrial_|_Manipulación_Ligera_Community_02,Minerva_Industrial_Manipulación Ligera_0070,Dunlop_Industrial_Manipulación Ligera_0071,0.3034
Industrial_|_Manipulación_Ligera_Community_02,Nokian_Industrial_Manipulación Ligera_0031,Dunlop_Industrial_Manipulación Ligera_0071,0.564
Industrial_|_Manipulación_Ligera_Community_02,Tracmax_Industrial_Manipulación Ligera_0052,Dunlop_Industrial_Manipulación Ligera_0071,0.0878
Industrial_|_Manipulación_Ligera_Community_02,Vredestein_Industrial_Manipulación Ligera_0073,Dunlop_Industrial_Manipulación Ligera_0071,0.5385
Industrial_|_Manipulación_Ligera_Community_02,Continental_Industrial_Manipulación Ligera_0041,Falken_Industrial_Manipulación Ligera_0019,0.1715
Industrial_|_Manipulación_Ligera_Community_02,Continental_Industrial_Manipulación Ligera_0046,Falken_Industrial_Manipulación Ligera_0019,0.5702
Industrial_|_Manipulación_Ligera_Community_02,Dunlop_Industrial_Manipulación Ligera_0029,Falken_Industrial_Manipulación Ligera_0019,0.6481
Industrial_|_Manipulación_Ligera_Community_02,General Tire_Industrial_Manipulación Ligera_0024,Falken_Industrial_Manipulación Ligera_0019,0.091
Industrial_|_Manipulación_Ligera_Community_02,Mazzini_Industrial_Manipulación Ligera_0021,Falken_Industrial_Manipulación Ligera_0019,0.2647
Industrial_|_Manipulación_Ligera_Community_02,Vredestein_Industrial_Manipulación Ligera_0073,Falken_Industrial_Manipulación Ligera_0019,0.1373
Industrial_|_Manipulación_Ligera_Community_02,Continental_Industrial_Manipulación Ligera_0041,Falken_Industrial_Manipulación Ligera_0026,0.5881
Industrial_|_Manipulación_Ligera_Community_02,General Tire_Industrial_Manipulación Ligera_0024,Falken_Industrial_Manipulación Ligera_0026,0.184
Industrial_|_Manipulación_Ligera_Community_02,Kumho_Industrial_Manipulación Ligera_0062,Falken_Industrial_Manipulación Ligera_0026,0.1315
Industrial_|_Manipulación_Ligera_Community_02,Nokian_Industrial_Manipulación Ligera_0034,Falken_Industrial_Manipulación Ligera_0026,0.1134
Industrial_|_Manipulación_Ligera_Community_02,Roadmarch_Industrial_Manipulación Ligera_0042,Falken_Industrial_Manipulación Ligera_0026,0.0531
Industrial_|_Manipulación_Ligera_Community_02,Tracmax_Industrial_Manipulación Ligera_0052,Falken_Industrial_Manipulación Ligera_0026,0.805
Industrial_|_Manipulación_Ligera_Community_02,General Tire_Industrial_Manipulación Ligera_0024,GT Radial_Industrial_Manipulación Ligera_0050,0.7481
Industrial_|_Manipulación_Ligera_Community_02,Hifly_Industrial_Manipulación Ligera_0044,GT Radial_Industrial_Manipulación Ligera_0050,0.4583
Industrial_|_Manipulación_Ligera_Community_02,Vredestein_Industrial_Manipulación Ligera_0039,GT Radial_Industrial_Manipulación Ligera_0050,0.1945
Industrial_|_Manipulación_Ligera_Community_02,Wanli_Industrial_Manipulación Ligera_0060,GT Radial_Industrial_Manipulación Ligera_0050,0.541
Industrial_|_Manipulación_Ligera_Community_02,BFGoodrich_Industrial_Manipulación Ligera_0000,General Tire_Industrial_Manipulación Ligera_0024,0.6281
Industrial_|_Manipulación_Ligera_Community_02,Dunlop_Industrial_Manipulación Ligera_0029,General Tire_Industrial_Manipulación Ligera_0024,0.1799
Industrial_|_Manipulación_Ligera_Community_02,Kumho_Industrial_Manipulación Ligera_0062,General Tire_Industrial_Manipulación Ligera_0024,0.1083
Industrial_|_Manipulación_Ligera_Community_02,Mazzini_Industrial_Manipulación Ligera_0021,General Tire_Industrial_Manipulación Ligera_0024,0.1634
Industrial_|_Manipulación_Ligera_Community_02,Roadmarch_Industrial_Manipulación Ligera_0042,General Tire_Industrial_Manipulación Ligera_0024,0.604
Industrial_|_Manipulación_Ligera_Community_02,Vredestein_Industrial_Manipulación Ligera_0039,General Tire_Industrial_Manipulación Ligera_0024,0.1584
Industrial_|_Manipulación_Ligera_Community_02,Dunlop_Industrial_Manipulación Ligera_0006,Goodyear_Industrial_Manipulación Ligera_0058,0.5532
Industrial_|_Manipulación_Ligera_Community_02,General Tire_Industrial_Manipulación Ligera_0024,Goodyear_Industrial_Manipulación Ligera_0058,0.3599
Industrial_|_Manipulación_Ligera_Community_02,Hifly_Industrial_Manipulación Ligera_0044,Goodyear_Industrial_Manipulación Ligera_0058,0.1456
Industrial_|_Manipulación_Ligera_Community_02,Kumho_Industrial_Manipulación Ligera_0062,Goodyear_Industrial_Manipulación Ligera_0058,0.5916
Industrial_|_Manipulación_Ligera_Community_02,Mazzini_Industrial_Manipulación Ligera_0021,Goodyear_Industrial_Manipulación Ligera_0058,0.1415
Industrial_|_Manipulación_Ligera_Community_02,Roadmarch_Industrial_Manipulación Ligera_0042,Goodyear_Industrial_Manipulación Ligera_0058,0.1704
Industrial_|_Manipulación_Ligera_Community_02,Dunlop_Industrial_Manipulación Ligera_0071,Hifly_Industrial_Manipulación Ligera_0044,0.6067
Industrial_|_Manipulación_Ligera_Community_02,Falken_Industrial_Manipulación Ligera_0019,Hifly_Industrial_Manipulación Ligera_0044,0.5303
Industrial_|_Manipulación_Ligera_Community_02,Nexen_Industrial_Manipulación Ligera_0037,Hifly_Industrial_Manipulación Ligera_0044,0.2243
Industrial_|_Manipulación_Ligera_Community_02,Nokian_Industrial_Manipulación Ligera_0034,Hifly_Industrial_Manipulación Ligera_0044,0.0716
Industrial_|_Manipulación_Ligera_Community_02,Vredestein_Industrial_Manipulación Ligera_0027,Hifly_Industrial_Manipulación Ligera_0044,0.5063
Industrial_|_Manipulación_Ligera_Community_02,Linglong_Industrial_Manipulación Ligera_0025,Kumho_Industrial_Manipulación Ligera_0062,0.1156
Industrial_|_Manipulación_Ligera_Community_02,Mazzini_Industrial_Manipulación Ligera_0021,Kumho_Industrial_Manipulación Ligera_0062,0.0809
Industrial_|_Manipulación_Ligera_Community_02,Nokian_Industrial_Manipulación Ligera_0034,Kumho_Industrial_Manipulación Ligera_0062,0.3143
Industrial_|_Manipulación_Ligera_Community_02,Roadmarch_Industrial_Manipulación Ligera_0042,Kumho_Industrial_Manipulación Ligera_0062,0.7254
Industrial_|_Manipulación_Ligera_Community_02,Tracmax_Industrial_Manipulación Ligera_0011,Kumho_Industrial_Manipulación Ligera_0062,0.4224
Industrial_|_Manipulación_Ligera_Community_02,Vredestein_Industrial_Manipulación Ligera_0073,Kumho_Industrial_Manipulación Ligera_0062,0.35
Industrial_|_Manipulación_Ligera_Community_02,BFGoodrich_Industrial_Manipulación Ligera_0000,Linglong_Industrial_Manipulación Ligera_0025,0.6504
Industrial_|_Manipulación_Ligera_Community_02,Bridgestone_Industrial_Manipulación Ligera_0007,Linglong_Industrial_Manipulación Ligera_0025,0.1156
Industrial_|_Manipulación_Ligera_Community_02,Minerva_Industrial_Manipulación Ligera_0070,Linglong_Industrial_Manipulación Ligera_0025,0.2245
Industrial_|_Manipulación_Ligera_Community_02,Vredestein_Industrial_Manipulación Ligera_0073,Linglong_Industrial_Manipulación Ligera_0025,0.7871
Industrial_|_Manipulación_Ligera_Community_02,Wanli_Industrial_Manipulación Ligera_0060,Linglong_Industrial_Manipulación Ligera_0025,0.2558
Industrial_|_Manipulación_Ligera_Community_02,Falken_Industrial_Manipulación Ligera_0019,Mazzini_Industrial_Manipulación Ligera_0021,0.3923
Industrial_|_Manipulación_Ligera_Community_02,Hifly_Industrial_Manipulación Ligera_0044,Mazzini_Industrial_Manipulación Ligera_0021,0.1068
Industrial_|_Manipulación_Ligera_Community_02,Nexen_Industrial_Manipulación Ligera_0037,Mazzini_Industrial_Manipulación Ligera_0021,0.7441
Industrial_|_Manipulación_Ligera_Community_02,Tracmax_Industrial_Manipulación Ligera_0011,Mazzini_Industrial_Manipulación Ligera_0021,0.7344
Industrial_|_Manipulación_Ligera_Community_02,Continental_Industrial_Manipulación Ligera_0041,Michelin_Industrial_Manipulación Ligera_0069,0.3659
Industrial_|_Manipulación_Ligera_Community_02,General Tire_Industrial_Manipulación Ligera_0024,Michelin_Industrial_Manipulación Ligera_0069,0.1186
Industrial_|_Manipulación_Ligera_Community_02,Linglong_Industrial_Manipulación Ligera_0025,Michelin_Industrial_Manipulación Ligera_0069,0.4705
Industrial_|_Manipulación_Ligera_Community_02,Roadmarch_Industrial_Manipulación Ligera_0065,Michelin_Industrial_Manipulación Ligera_0069,0.1649
Industrial_|_Manipulación_Ligera_Community_02,Tracmax_Industrial_Manipulación Ligera_0052,Michelin_Industrial_Manipulación Ligera_0069,0.7911
Industrial_|_Manipulación_Ligera_Community_02,Wanli_Industrial_Manipulación Ligera_0060,Michelin_Industrial_Manipulación Ligera_0069,0.1205
Industrial_|_Manipulación_Ligera_Community_02,Continental_Industrial_Manipulación Ligera_0046,Minerva_Industrial_Manipulación Ligera_0070,0.6434
Industrial_|_Manipulación_Ligera_Community_02,GT Radial_Industrial_Manipulación Ligera_0050,Minerva_Industrial_Manipulación Ligera_0070,0.355
Industrial_|_Manipulación_Ligera_Community_02,Michelin_Industrial_Manipulación Ligera_0069,Minerva_Industrial_Manipulación Ligera_0070,0.0755
Industrial_|_Manipulación_Ligera_Community_02,Nokian_Industrial_Manipulación Ligera_0034,Minerva_Industrial_Manipulación Ligera_0070,0.7466
Industrial_|_Manipulación_Ligera_Community_02,Tracmax_Industrial_Manipulación Ligera_0011,Minerva_Industrial_Manipulación Ligera_0070,0.0765
Industrial_|_Manipulación_Ligera_Community_02,Dunlop_Industrial_Manipulación Ligera_0029,Nexen_Industrial_Manipulación Ligera_0037,0.116
Industrial_|_Manipulación_Ligera_Community_02,Michelin_Industrial_Manipulación Ligera_0069,Nexen_Industrial_Manipulación Ligera_0037,0.1156
Industrial_|_Manipulación_Ligera_Community_02,Minerva_Industrial_Manipulación Ligera_0070,Nexen_Industrial_Manipulación Ligera_0037,1.131
Industrial_|_Manipulación_Ligera_Community_02,Nokian_Industrial_Manipulación Ligera_0034,Nexen_Industrial_Manipulación Ligera_0037,0.4871
Industrial_|_Manipulación_Ligera_Community_02,Tracmax_Industrial_Manipulación Ligera_0052,Nexen_Industrial_Manipulación Ligera_0037,0.1842
Industrial_|_Manipulación_Ligera_Community_02,BFGoodrich_Industrial_Manipulación Ligera_0000,Nokian_Industrial_Manipulación Ligera_0031,0.9526
Industrial_|_Manipulación_Ligera_Community_02,Continental_Industrial_Manipulación Ligera_0022,Nokian_Industrial_Manipulación Ligera_0031,0.1738
Industrial_|_Manipulación_Ligera_Community_02,Goodyear_Industrial_Manipulación Ligera_0058,Nokian_Industrial_Manipulación Ligera_0031,0.3711
Industrial_|_Manipulación_Ligera_Community_02,Kumho_Industrial_Manipulación Ligera_0062,Nokian_Industrial_Manipulación Ligera_0031,0.4039
Industrial_|_Manipulación_Ligera_Community_02,Roadmarch_Industrial_Manipulación Ligera_0042,Nokian_Industrial_Manipulación Ligera_0031,0.1296
Industrial_|_Manipulación_Ligera_Community_02,Goodyear_Industrial_Manipulación Ligera_0058,Nokian_Industrial_Manipulación Ligera_0034,0.103
Industrial_|_Manipulación_Ligera_Community_02,Kumho_Industrial_Manipulación Ligera_0062,Nokian_Industrial_Manipulación Ligera_0034,0.2141
Industrial_|_Manipulación_Ligera_Community_02,Nexen_Industrial_Manipulación Ligera_0037,Nokian_Industrial_Manipulación Ligera_0034,0.7785
Industrial_|_Manipulación_Ligera_Community_02,Tracmax_Industrial_Manipulación Ligera_0011,Nokian_Industrial_Manipulación Ligera_0034,0.1461
Industrial_|_Manipulación_Ligera_Community_02,Vredestein_Industrial_Manipulación Ligera_0073,Nokian_Industrial_Manipulación Ligera_0034,0.4581
Industrial_|_Manipulación_Ligera_Community_02,Westlake_Industrial_Manipulación Ligera_0049,Nokian_Industrial_Manipulación Ligera_0034,0.284
Industrial_|_Manipulación_Ligera_Community_02,BFGoodrich_Industrial_Manipulación Ligera_0000,Roadmarch_Industrial_Manipulación Ligera_0042,0.2198
Industrial_|_Manipulación_Ligera_Community_02,Linglong_Industrial_Manipulación Ligera_0025,Roadmarch_Industrial_Manipulación Ligera_0042,0.0849
Industrial_|_Manipulación_Ligera_Community_02,Mazzini_Industrial_Manipulación Ligera_0021,Roadmarch_Industrial_Manipulación Ligera_0042,0.1447
Industrial_|_Manipulación_Ligera_Community_02,Roadmarch_Industrial_Manipulación Ligera_0065,Roadmarch_Industrial_Manipulación Ligera_0042,0.7992
Industrial_|_Manipulación_Ligera_Community_02,Tracmax_Industrial_Manipulación Ligera_0011,Roadmarch_Industrial_Manipulación Ligera_0042,0.2826
Industrial_|_Manipulación_Ligera_Community_02,Vredestein_Industrial_Manipulación Ligera_0027,Roadmarch_Industrial_Manipulación Ligera_0042,0.512
Industrial_|_Manipulación_Ligera_Community_02,Wanli_Industrial_Manipulación Ligera_0060,Roadmarch_Industrial_Manipulación Ligera_0042,0.0939
Industrial_|_Manipulación_Ligera_Community_02,Continental_Industrial_Manipulación Ligera_0041,Roadmarch_Industrial_Manipulación Ligera_0065,0.1865
Industrial_|_Manipulación_Ligera_Community_02,Goodyear_Industrial_Manipulación Ligera_0058,Roadmarch_Industrial_Manipulación Ligera_0065,0.2846
Industrial_|_Manipulación_Ligera_Community_02,Hifly_Industrial_Manipulación Ligera_0044,Roadmarch_Industrial_Manipulación Ligera_0065,0.6724
Industrial_|_Manipulación_Ligera_Community_02,Minerva_Industrial_Manipulación Ligera_0070,Roadmarch_Industrial_Manipulación Ligera_0065,0.7309
Industrial_|_Manipulación_Ligera_Community_02,Wanli_Industrial_Manipulación Ligera_0060,Roadmarch_Industrial_Manipulación Ligera_0065,0.1731
Industrial_|_Manipulación_Ligera_Community_02,Bridgestone_Industrial_Manipulación Ligera_0007,Tracmax_Industrial_Manipulación Ligera_0011,0.0732
Industrial_|_Manipulación_Ligera_Community_02,Continental_Industrial_Manipulación Ligera_0041,Tracmax_Industrial_Manipulación Ligera_0011,0.6223
Industrial_|_Manipulación_Ligera_Community_02,Nokian_Industrial_Manipulación Ligera_0031,Tracmax_Industrial_Manipulación Ligera_0011,0.8318
Industrial_|_Manipulación_Ligera_Community_02,Vredestein_Industrial_Manipulación Ligera_0039,Tracmax_Industrial_Manipulación Ligera_0011,0.4766
Industrial_|_Manipulación_Ligera_Community_02,BFGoodrich_Industrial_Manipulación Ligera_0000,Tracmax_Industrial_Manipulación Ligera_0052,0.1395
Industrial_|_Manipulación_Ligera_Community_02,Continental_Industrial_Manipulación Ligera_0041,Tracmax_Industrial_Manipulación Ligera_0052,0.1133
Industrial_|_Manipulación_Ligera_Community_02,Dunlop_Industrial_Manipulación Ligera_0006,Tracmax_Industrial_Manipulación Ligera_0052,0.1584
Industrial_|_Manipulación_Ligera_Community_02,Dunlop_Industrial_Manipulación Ligera_0029,Tracmax_Industrial_Manipulación Ligera_0052,0.664
Industrial_|_Manipulación_Ligera_Community_02,Michelin_Industrial_Manipulación Ligera_0069,Tracmax_Industrial_Manipulación Ligera_0052,0.0672
Industrial_|_Manipulación_Ligera_Community_02,Nokian_Industrial_Manipulación Ligera_0034,Tracmax_Industrial_Manipulación Ligera_0052,0.3806
Industrial_|_Manipulación_Ligera_Community_02,Vredestein_Industrial_Manipulación Ligera_0039,Tracmax_Industrial_Manipulación Ligera_0052,0.1521
Industrial_|_Manipulación_Ligera_Community_02,Wanli_Industrial_Manipulación Ligera_0060,Tracmax_Industrial_Manipulación Ligera_0052,0.3667
Industrial_|_Manipulación_Ligera_Community_02,Dunlop_Industrial_Manipulación Ligera_0029,Vredestein_Industrial_Manipulación Ligera_0027,0.3298
Industrial_|_Manipulación_Ligera_Community_02,Linglong_Industrial_Manipulación Ligera_0025,Vredestein_Industrial_Manipulación Ligera_0027,0.2863
Industrial_|_Manipulación_Ligera_Community_02,Roadmarch_Industrial_Manipulación Ligera_0065,Vredestein_Industrial_Manipulación Ligera_0027,0.612
Industrial_|_Manipulación_Ligera_Community_02,Tracmax_Industrial_Manipulación Ligera_0011,Vredestein_Industrial_Manipulación Ligera_0027,0.3497
Industrial_|_Manipulación_Ligera_Community_02,Wanli_Industrial_Manipulación Ligera_0060,Vredestein_Industrial_Manipulación Ligera_0027,0.3282
Industrial_|_Manipulación_Ligera_Community_02,Continental_Industrial_Manipulación Ligera_0041,Vredestein_Industrial_Manipulación Ligera_0039,0.1779
Industrial_|_Manipulación_Ligera_Community_02,Dunlop_Industrial_Manipulación Ligera_0006,Vredestein_Industrial_Manipulación Ligera_0039,0.1557
Industrial_|_Manipulación_Ligera_Community_02,Goodyear_Industrial_Manipulación Ligera_0058,Vredestein_Industrial_Manipulación Ligera_0039,0.2965
Industrial_|_Manipulación_Ligera_Community_02,Michelin_Industrial_Manipulación Ligera_0069,Vredestein_Industrial_Manipulación Ligera_0039,0.3829
Industrial_|_Manipulación_Ligera_Community_02,Minerva_Industrial_Manipulación Ligera_0070,Vredestein_Industrial_Manipulación Ligera_0039,0.3252
Industrial_|_Manipulación_Ligera_Community_02,Nokian_Industrial_Manipulación Ligera_0034,Vredestein_Industrial_Manipulación Ligera_0039,0.5828
Industrial_|_Manipulación_Ligera_Community_02,Roadmarch_Industrial_Manipulación Ligera_0065,Vredestein_Industrial_Manipulación Ligera_0039,0.0623
Industrial_|_Manipulación_Ligera_Community_02,Continental_Industrial_Manipulación Ligera_0041,Vredestein_Industrial_Manipulación Ligera_0073,0.385
Industrial_|_Manipulación_Ligera_Community_02,Dunlop_Industrial_Manipulación Ligera_0029,Vredestein_Industrial_Manipulación Ligera_0073,0.659
Industrial_|_Manipulación_Ligera_Community_02,GT Radial_Industrial_Manipulación Ligera_0050,Vredestein_Industrial_Manipulación Ligera_0073,0.4467
Industrial_|_Manipulación_Ligera_Community_02,Roadmarch_Industrial_Manipulación Ligera_0065,Vredestein_Industrial_Manipulación Ligera_0073,0.2662
Industrial_|_Manipulación_Ligera_Community_02,Tracmax_Industrial_Manipulación Ligera_0011,Vredestein_Industrial_Manipulación Ligera_0073,0.1264
Industrial_|_Manipulación_Ligera_Community_02,Westlake_Industrial_Manipulación Ligera_0049,Vredestein_Industrial_Manipulación Ligera_0073,0.094
Industrial_|_Manipulación_Ligera_Community_02,Continental_Industrial_Manipulación Ligera_0046,Wanli_Industrial_Manipulación Ligera_0060,0.0922
Industrial_|_Manipulación_Ligera_Community_02,Dunlop_Industrial_Manipulación Ligera_0029,Wanli_Industrial_Manipulación Ligera_0060,0.3948
Industrial_|_Manipulación_Ligera_Community_02,GT Radial_Industrial_Manipulación Ligera_0050,Wanli_Industrial_Manipulación Ligera_0060,0.2888
Industrial_|_Manipulación_Ligera_Community_02,Goodyear_Industrial_Manipulación Ligera_0058,Wanli_Industrial_Manipulación Ligera_0060,0.1799
Industrial_|_Manipulación_Ligera_Community_02,Nokian_Industrial_Manipulación Ligera_0031,Wanli_Industrial_Manipulación Ligera_0060,0.3026
Industrial_|_Manipulación_Ligera_Community_02,Tracmax_Industrial_Manipulación Ligera_0011,Wanli_Industrial_Manipulación Ligera_0060,0.4133
Industrial_|_Manipulación_Ligera_Community_02,Vredestein_Industrial_Manipulación Ligera_0039,Wanli_Industrial_Manipulación Ligera_0060,0.3308
Industrial_|_Manipulación_Ligera_Community_02,BFGoodrich_Industrial_Manipulación Ligera_0000,Westlake_Industrial_Manipulación Ligera_0049,0.12
Industrial_|_Manipulación_Ligera_Community_02,Continental_Industrial_Manipulación Ligera_0022,Westlake_Industrial_Manipulación Ligera_0049,0.0882
Industrial_|_Manipulación_Ligera_Community_02,Continental_Industrial_Manipulación Ligera_0046,Westlake_Industrial_Manipulación Ligera_0049,0.0636
Industrial_|_Manipulación_Ligera_Community_02,Dunlop_Industrial_Manipulación Ligera_0006,Westlake_Industrial_Manipulación Ligera_0049,0.194
Industrial_|_Manipulación_Ligera_Community_02,Nokian_Industrial_Manipulación Ligera_0034,Westlake_Industrial_Manipulación Ligera_0049,1.2775
Industrial_|_Manipulación_Ligera_Community_02,Roadmarch_Industrial_Manipulación Ligera_0042,Westlake_Industrial_Manipulación Ligera_0049,0.1938
Industrial_|_Portuario/Especial_Community_02,BFGoodrich_Industrial_Portuario/Especial_0028,BFGoodrich_Industrial_Portuario/Especial_0003,0.0885
Industrial_|_Portuario/Especial_Community_02,Falken_Industrial_Portuario/Especial_0029,BFGoodrich_Industrial_Portuario/Especial_0003,0.0895
Industrial_|_Portuario/Especial_Community_02,Falken_Industrial_Portuario/Especial_0039,BFGoodrich_Industrial_Portuario/Especial_0003,0.1117
Industrial_|_Portuario/Especial_Community_02,Fulda_Industrial_Portuario/Especial_0009,BFGoodrich_Industrial_Portuario/Especial_0003,0.0685
Industrial_|_Portuario/Especial_Community_02,Goodyear_Industrial_Portuario/Especial_0025,BFGoodrich_Industrial_Portuario/Especial_0003,0.0682
Industrial_|_Portuario/Especial_Community_02,Michelin_Industrial_Portuario/Especial_0007,BFGoodrich_Industrial_Portuario/Especial_0003,0.1531
Industrial_|_Portuario/Especial_Community_02,Yokohama_Industrial_Portuario/Especial_0051,BFGoodrich_Industrial_Portuario/Especial_0003,0.1517
Industrial_|_Portuario/Especial_Community_02,General Tire_Industrial_Portuario/Especial_0011,BFGoodrich_Industrial_Portuario/Especial_0013,0.147
Industrial_|_Portuario/Especial_Community_02,Michelin_Industrial_Portuario/Especial_0007,BFGoodrich_Industrial_Portuario/Especial_0013,0.1126
Industrial_|_Portuario/Especial_Community_02,Pirelli_Industrial_Portuario/Especial_0068,BFGoodrich_Industrial_Portuario/Especial_0013,0.189
Industrial_|_Portuario/Especial_Community_02,Yokohama_Industrial_Portuario/Especial_0049,BFGoodrich_Industrial_Portuario/Especial_0013,0.1345
Industrial_|_Portuario/Especial_Community_02,Yokohama_Industrial_Portuario/Especial_0051,BFGoodrich_Industrial_Portuario/Especial_0013,0.1223
Industrial_|_Portuario/Especial_Community_02,BFGoodrich_Industrial_Portuario/Especial_0003,BFGoodrich_Industrial_Portuario/Especial_0028,0.1176
Industrial_|_Portuario/Especial_Community_02,Cooper Tires_Industrial_Portuario/Especial_0058,BFGoodrich_Industrial_Portuario/Especial_0028,0.0843
Industrial_|_Portuario/Especial_Community_02,Michelin_Industrial_Portuario/Especial_0061,BFGoodrich_Industrial_Portuario/Especial_0028,0.0995
Industrial_|_Portuario/Especial_Community_02,Nokian_Industrial_Portuario/Especial_0072,BFGoodrich_Industrial_Portuario/Especial_0028,0.0573
Industrial_|_Portuario/Especial_Community_02,Roadmarch_Industrial_Portuario/Especial_0002,BFGoodrich_Industrial_Portuario/Especial_0028,0.0822
Industrial_|_Portuario/Especial_Community_02,Toyo Tires_Industrial_Portuario/Especial_0018,BFGoodrich_Industrial_Portuario/Especial_0028,0.0617
Industrial_|_Portuario/Especial_Community_02,Vredestein_Industrial_Portuario/Especial_0063,BFGoodrich_Industrial_Portuario/Especial_0028,0.1347
Industrial_|_Portuario/Especial_Community_02,Falken_Industrial_Portuario/Especial_0029,BFGoodrich_Industrial_Portuario/Especial_0031,0.1634
Industrial_|_Portuario/Especial_Community_02,Fulda_Industrial_Portuario/Especial_0009,BFGoodrich_Industrial_Portuario/Especial_0031,0.1159
Industrial_|_Portuario/Especial_Community_02,General Tire_Industrial_Portuario/Especial_0011,BFGoodrich_Industrial_Portuario/Especial_0031,0.0906
Industrial_|_Portuario/Especial_Community_02,Pirelli_Industrial_Portuario/Especial_0068,BFGoodrich_Industrial_Portuario/Especial_0031,0.2461
Industrial_|_Portuario/Especial_Community_02,Toyo Tires_Industrial_Portuario/Especial_0064,BFGoodrich_Industrial_Portuario/Especial_0031,0.0872
Industrial_|_Portuario/Especial_Community_02,BFGoodrich_Industrial_Portuario/Especial_0013,Cooper Tires_Industrial_Portuario/Especial_0058,0.062
Industrial_|_Portuario/Especial_Community_02,Pirelli_Industrial_Portuario/Especial_0040,Cooper Tires_Industrial_Portuario/Especial_0058,0.1351
Industrial_|_Portuario/Especial_Community_02,Pirelli_Industrial_Portuario/Especial_0068,Cooper Tires_Industrial_Portuario/Especial_0058,0.1269
Industrial_|_Portuario/Especial_Community_02,Toyo Tires_Industrial_Portuario/Especial_0018,Cooper Tires_Industrial_Portuario/Especial_0058,0.0525
Industrial_|_Portuario/Especial_Community_02,Yokohama_Industrial_Portuario/Especial_0051,Cooper Tires_Industrial_Portuario/Especial_0058,0.0759
Industrial_|_Portuario/Especial_Community_02,BFGoodrich_Industrial_Portuario/Especial_0003,Falken_Industrial_Portuario/Especial_0029,0.2051
Industrial_|_Portuario/Especial_Community_02,BFGoodrich_Industrial_Portuario/Especial_0013,Falken_Industrial_Portuario/Especial_0029,0.063
Industrial_|_Portuario/Especial_Community_02,Pirelli_Industrial_Portuario/Especial_0040,Falken_Industrial_Portuario/Especial_0029,0.1095
Industrial_|_Portuario/Especial_Community_02,Pirelli_Industrial_Portuario/Especial_0068,Falken_Industrial_Portuario/Especial_0029,0.0819
Industrial_|_Portuario/Especial_Community_02,Yokohama_Industrial_Portuario/Especial_0051,Falken_Industrial_Portuario/Especial_0029,0.1437
Industrial_|_Portuario/Especial_Community_02,Falken_Industrial_Portuario/Especial_0029,Falken_Industrial_Portuario/Especial_0039,0.1854
Industrial_|_Portuario/Especial_Community_02,Fulda_Industrial_Portuario/Especial_0009,Falken_Industrial_Portuario/Especial_0039,0.0734
Industrial_|_Portuario/Especial_Community_02,General Tire_Industrial_Portuario/Especial_0011,Falken_Industrial_Portuario/Especial_0039,0.1334
Industrial_|_Portuario/Especial_Community_02,Goodyear_Industrial_Portuario/Especial_0025,Falken_Industrial_Portuario/Especial_0039,0.1536
Industrial_|_Portuario/Especial_Community_02,Michelin_Industrial_Portuario/Especial_0007,Falken_Industrial_Portuario/Especial_0039,0.0966
Industrial_|_Portuario/Especial_Community_02,Cooper Tires_Industrial_Portuario/Especial_0058,Fulda_Industrial_Portuario/Especial_0009,0.2071
Industrial_|_Portuario/Especial_Community_02,Falken_Industrial_Portuario/Especial_0029,Fulda_Industrial_Portuario/Especial_0009,0.0719
Industrial_|_Portuario/Especial_Community_02,Michelin_Industrial_Portuario/Especial_0061,Fulda_Industrial_Portuario/Especial_0009,0.066
Industrial_|_Portuario/Especial_Community_02,Pirelli_Industrial_Portuario/Especial_0068,Fulda_Industrial_Portuario/Especial_0009,0.0825
Industrial_|_Portuario/Especial_Community_02,Toyo Tires_Industrial_Portuario/Especial_0018,Fulda_Industrial_Portuario/Especial_0009,0.1282
Industrial_|_Portuario/Especial_Community_02,Toyo Tires_Industrial_Portuario/Especial_0064,Fulda_Industrial_Portuario/Especial_0009,0.0716
Industrial_|_Portuario/Especial_Community_02,BFGoodrich_Industrial_Portuario/Especial_0003,General Tire_Industrial_Portuario/Especial_0011,0.0847
Industrial_|_Portuario/Especial_Community_02,BFGoodrich_Industrial_Portuario/Especial_0013,General Tire_Industrial_Portuario/Especial_0011,0.0914
Industrial_|_Portuario/Especial_Community_02,BFGoodrich_Industrial_Portuario/Especial_0031,General Tire_Industrial_Portuario/Especial_0011,0.0537
Industrial_|_Portuario/Especial_Community_02,Falken_Industrial_Portuario/Especial_0029,General Tire_Industrial_Portuario/Especial_0011,0.1334
Industrial_|_Portuario/Especial_Community_02,Pirelli_Industrial_Portuario/Especial_0040,General Tire_Industrial_Portuario/Especial_0011,0.0957
Industrial_|_Portuario/Especial_Community_02,Yokohama_Industrial_Portuario/Especial_0049,General Tire_Industrial_Portuario/Especial_0011,0.0577
Industrial_|_Portuario/Especial_Community_02,Yokohama_Industrial_Portuario/Especial_0051,General Tire_Industrial_Portuario/Especial_0011,0.0512
Industrial_|_Portuario/Especial_Community_02,BFGoodrich_Industrial_Portuario/Especial_0003,Goodyear_Industrial_Portuario/Especial_0025,0.0879
Industrial_|_Portuario/Especial_Community_02,BFGoodrich_Industrial_Portuario/Especial_0031,Goodyear_Industrial_Portuario/Especial_0025,0.0581
Industrial_|_Portuario/Especial_Community_02,Fulda_Industrial_Portuario/Especial_0009,Goodyear_Industrial_Portuario/Especial_0025,0.0569
Industrial_|_Portuario/Especial_Community_02,General Tire_Industrial_Portuario/Especial_0011,Goodyear_Industrial_Portuario/Especial_0025,0.1252
Industrial_|_Portuario/Especial_Community_02,Roadmarch_Industrial_Portuario/Especial_0002,Goodyear_Industrial_Portuario/Especial_0025,0.0754
Industrial_|_Portuario/Especial_Community_02,Yokohama_Industrial_Portuario/Especial_0049,Goodyear_Industrial_Portuario/Especial_0025,0.1631
Industrial_|_Portuario/Especial_Community_02,BFGoodrich_Industrial_Portuario/Especial_0013,Michelin_Industrial_Portuario/Especial_0007,0.0691
Industrial_|_Portuario/Especial_Community_02,General Tire_Industrial_Portuario/Especial_0011,Michelin_Industrial_Portuario/Especial_0007,0.077
Industrial_|_Portuario/Especial_Community_02,Goodyear_Industrial_Portuario/Especial_0025,Michelin_Industrial_Portuario/Especial_0007,0.0549
Industrial_|_Portuario/Especial_Community_02,Pirelli_Industrial_Portuario/Especial_0040,Michelin_Industrial_Portuario/Especial_0007,0.0533
Industrial_|_Portuario/Especial_Community_02,Pirelli_Industrial_Portuario/Especial_0068,Michelin_Industrial_Portuario/Especial_0007,0.0918
Industrial_|_Portuario/Especial_Community_02,Toyo Tires_Industrial_Portuario/Especial_0064,Michelin_Industrial_Portuario/Especial_0007,0.0625
Industrial_|_Portuario/Especial_Community_02,Yokohama_Industrial_Portuario/Especial_0049,Michelin_Industrial_Portuario/Especial_0007,0.0646
Industrial_|_Portuario/Especial_Community_02,BFGoodrich_Industrial_Portuario/Especial_0003,Michelin_Industrial_Portuario/Especial_0061,0.0753
Industrial_|_Portuario/Especial_Community_02,BFGoodrich_Industrial_Portuario/Especial_0028,Michelin_Industrial_Portuario/Especial_0061,0.1132
Industrial_|_Portuario/Especial_Community_02,BFGoodrich_Industrial_Portuario/Especial_0031,Michelin_Industrial_Portuario/Especial_0061,0.0863
Industrial_|_Portuario/Especial_Community_02,Pirelli_Industrial_Portuario/Especial_0068,Michelin_Industrial_Portuario/Especial_0061,0.0553
Industrial_|_Portuario/Especial_Community_02,Toyo Tires_Industrial_Portuario/Especial_0018,Michelin_Industrial_Portuario/Especial_0061,0.0664
Industrial_|_Portuario/Especial_Community_02,Vredestein_Industrial_Portuario/Especial_0063,Michelin_Industrial_Portuario/Especial_0061,0.059
Industrial_|_Portuario/Especial_Community_02,BFGoodrich_Industrial_Portuario/Especial_0003,Nokian_Industrial_Portuario/Especial_0072,0.0771
Industrial_|_Portuario/Especial_Community_02,Cooper Tires_Industrial_Portuario/Especial_0058,Nokian_Industrial_Portuario/Especial_0072,0.1126
Industrial_|_Portuario/Especial_Community_02,Falken_Industrial_Portuario/Especial_0029,Nokian_Industrial_Portuario/Especial_0072,0.0824
Industrial_|_Portuario/Especial_Community_02,Fulda_Industrial_Portuario/Especial_0009,Nokian_Industrial_Portuario/Especial_0072,0.0511
Industrial_|_Portuario/Especial_Community_02,Pirelli_Industrial_Portuario/Especial_0040,Nokian_Industrial_Portuario/Especial_0072,0.0502
Industrial_|_Portuario/Especial_Community_02,Pirelli_Industrial_Portuario/Especial_0068,Nokian_Industrial_Portuario/Especial_0072,0.1166
Industrial_|_Portuario/Especial_Community_02,Toyo Tires_Industrial_Portuario/Especial_0018,Nokian_Industrial_Portuario/Especial_0072,0.1871
Industrial_|_Portuario/Especial_Community_02,BFGoodrich_Industrial_Portuario/Especial_0028,Pirelli_Industrial_Portuario/Especial_0040,0.0696
Industrial_|_Portuario/Especial_Community_02,General Tire_Industrial_Portuario/Especial_0011,Pirelli_Industrial_Portuario/Especial_0040,0.1582
Industrial_|_Portuario/Especial_Community_02,Michelin_Industrial_Portuario/Especial_0061,Pirelli_Industrial_Portuario/Especial_0040,0.1536
Industrial_|_Portuario/Especial_Community_02,Vredestein_Industrial_Portuario/Especial_0063,Pirelli_Industrial_Portuario/Especial_0040,0.057
Industrial_|_Portuario/Especial_Community_02,BFGoodrich_Industrial_Portuario/Especial_0028,Pirelli_Industrial_Portuario/Especial_0068,0.1433
Industrial_|_Portuario/Especial_Community_02,General Tire_Industrial_Portuario/Especial_0011,Pirelli_Industrial_Portuario/Especial_0068,0.1001
Industrial_|_Portuario/Especial_Community_02,Michelin_Industrial_Portuario/Especial_0061,Pirelli_Industrial_Portuario/Especial_0068,0.1014
Industrial_|_Portuario/Especial_Community_02,Nokian_Industrial_Portuario/Especial_0072,Pirelli_Industrial_Portuario/Especial_0068,0.1858
Industrial_|_Portuario/Especial_Community_02,Pirelli_Industrial_Portuario/Especial_0040,Pirelli_Industrial_Portuario/Especial_0068,0.1038
Industrial_|_Portuario/Especial_Community_02,Yokohama_Industrial_Portuario/Especial_0051,Pirelli_Industrial_Portuario/Especial_0068,0.0629
Industrial_|_Portuario/Especial_Community_02,BFGoodrich_Industrial_Portuario/Especial_0013,Roadmarch_Industrial_Portuario/Especial_0002,0.15
Industrial_|_Portuario/Especial_Community_02,BFGoodrich_Industrial_Portuario/Especial_0028,Roadmarch_Industrial_Portuario/Especial_0002,0.065
Industrial_|_Portuario/Especial_Community_02,Toyo Tires_Industrial_Portuario/Especial_0064,Roadmarch_Industrial_Portuario/Especial_0002,0.0704
Industrial_|_Portuario/Especial_Community_02,Vredestein_Industrial_Portuario/Especial_0063,Roadmarch_Industrial_Portuario/Especial_0002,0.109
Industrial_|_Portuario/Especial_Community_02,Yokohama_Industrial_Portuario/Especial_0049,Roadmarch_Industrial_Portuario/Especial_0002,0.2104
Industrial_|_Portuario/Especial_Community_02,BFGoodrich_Industrial_Portuario/Especial_0003,Toyo Tires_Industrial_Portuario/Especial_0018,0.058
Industrial_|_Portuario/Especial_Community_02,Pirelli_Industrial_Portuario/Especial_0068,Toyo Tires_Industrial_Portuario/Especial_0018,0.2155
Industrial_|_Portuario/Especial_Community_02,Roadmarch_Industrial_Portuario/Especial_0002,Toyo Tires_Industrial_Portuario/Especial_0018,0.1505
Industrial_|_Portuario/Especial_Community_02,Yokohama_Industrial_Portuario/Especial_0049,Toyo Tires_Industrial_Portuario/Especial_0018,0.1819
Industrial_|_Portuario/Especial_Community_02,Yokohama_Industrial_Portuario/Especial_0051,Toyo Tires_Industrial_Portuario/Especial_0018,0.1533
Industrial_|_Portuario/Especial_Community_02,BFGoodrich_Industrial_Portuario/Especial_0028,Toyo Tires_Industrial_Portuario/Especial_0064,0.0517
Industrial_|_Portuario/Especial_Community_02,BFGoodrich_Industrial_Portuario/Especial_0031,Toyo Tires_Industrial_Portuario/Especial_0064,0.0527
Industrial_|_Portuario/Especial_Community_02,Falken_Industrial_Portuario/Especial_0039,Toyo Tires_Industrial_Portuario/Especial_0064,0.172
Industrial_|_Portuario/Especial_Community_02,Nokian_Industrial_Portuario/Especial_0072,Toyo Tires_Industrial_Portuario/Especial_0064,0.0686
Industrial_|_Portuario/Especial_Community_02,Yokohama_Industrial_Portuario/Especial_0049,Toyo Tires_Industrial_Portuario/Especial_0064,0.2075
Industrial_|_Portuario/Especial_Community_02,BFGoodrich_Industrial_Portuario/Especial_0028,Vredestein_Industrial_Portuario/Especial_0063,0.1863
Industrial_|_Portuario/Especial_Community_02,Michelin_Industrial_Portuario/Especial_0007,Vredestein_Industrial_Portuario/Especial_0063,0.1881
Industrial_|_Portuario/Especial_Community_02,Roadmarch_Industrial_Portuario/Especial_0002,Vredestein_Industrial_Portuario/Especial_0063,0.093
Industrial_|_Portuario/Especial_Community_02,Yokohama_Industrial_Portuario/Especial_0049,Vredestein_Industrial_Portuario/Especial_0063,0.0689
Industrial_|_Portuario/Especial_Community_02,Michelin_Industrial_Portuario/Especial_0061,Yokohama_Industrial_Portuario/Especial_0049,0.098
Industrial_|_Portuario/Especial_Community_02,Nokian_Industrial_Portuario/Especial_0072,Yokohama_Industrial_Portuario/Especial_0049,0.0745
Industrial_|_Portuario/Especial_Community_02,Pirelli_Industrial_Portuario/Especial_0040,Yokohama_Industrial_Portuario/Especial_0049,0.1519
Industrial_|_Portuario/Especial_Community_02,Vredestein_Industrial_Portuario/Especial_0063,Yokohama_Industrial_Portuario/Especial_0049,0.2262
Industrial_|_Portuario/Especial_Community_02,Yokohama_Industrial_Portuario/Especial_0051,Yokohama_Industrial_Portuario/Especial_0049,0.1768
Industrial_|_Portuario/Especial_Community_02,Cooper Tires_Industrial_Portuario/Especial_0058,Yokohama_Industrial_Portuario/Especial_0051,0.2206
Industrial_|_Portuario/Especial_Community_02,Michelin_Industrial_Portuario/Especial_0007,Yokohama_Industrial_Portuario/Especial_0051,0.1604
Industrial_|_Portuario/Especial_Community_02,Michelin_Industrial_Portuario/Especial_0061,Yokohama_Industrial_Portuario/Especial_0051,0.1054
Industrial_|_Portuario/Especial_Community_02,Toyo Tires_Industrial_Portuario/Especial_0018,Yokohama_Industrial_Portuario/Especial_0051,0.1134
Industrial_|_Portuario/Especial_Community_02,Yokohama_Industrial_Portuario/Especial_0049,Yokohama_Industrial_Portuario/Especial_0051,0.1012
SUV_/_4x4_|_All_Terrain_(A/T)_Community_01,GT Radial_SUV / 4x4_All Terrain (A/T)_0053,BFGoodrich_SUV / 4x4_All Terrain (A/T)_0011,0.2048
SUV_/_4x4_|_All_Terrain_(A/T)_Community_01,Goodride_SUV / 4x4_All Terrain (A/T)_0020,BFGoodrich_SUV / 4x4_All Terrain (A/T)_0011,0.7688
SUV_/_4x4_|_All_Terrain_(A/T)_Community_01,Linglong_SUV / 4x4_All Terrain (A/T)_0067,BFGoodrich_SUV / 4x4_All Terrain (A/T)_0011,0.9138
SUV_/_4x4_|_All_Terrain_(A/T)_Community_01,Toyo Tires_SUV / 4x4_All Terrain (A/T)_0008,BFGoodrich_SUV / 4x4_All Terrain (A/T)_0011,0.1126
SUV_/_4x4_|_All_Terrain_(A/T)_Community_01,Dunlop_SUV / 4x4_All Terrain (A/T)_0077,Bridgestone_SUV / 4x4_All Terrain (A/T)_0072,0.2412
SUV_/_4x4_|_All_Terrain_(A/T)_Community_01,Fulda_SUV / 4x4_All Terrain (A/T)_0039,Bridgestone_SUV / 4x4_All Terrain (A/T)_0072,0.5758
SUV_/_4x4_|_All_Terrain_(A/T)_Community_01,GT Radial_SUV / 4x4_All Terrain (A/T)_0053,Bridgestone_SUV / 4x4_All Terrain (A/T)_0072,0.419
SUV_/_4x4_|_All_Terrain_(A/T)_Community_01,Linglong_SUV / 4x4_All Terrain (A/T)_0067,Bridgestone_SUV / 4x4_All Terrain (A/T)_0072,0.1015
SUV_/_4x4_|_All_Terrain_(A/T)_Community_01,Roadmarch_SUV / 4x4_All Terrain (A/T)_0062,Bridgestone_SUV / 4x4_All Terrain (A/T)_0072,0.2098
SUV_/_4x4_|_All_Terrain_(A/T)_Community_01,Wanli_SUV / 4x4_All Terrain (A/T)_0050,Bridgestone_SUV / 4x4_All Terrain (A/T)_0072,0.3929
SUV_/_4x4_|_All_Terrain_(A/T)_Community_01,BFGoodrich_SUV / 4x4_All Terrain (A/T)_0011,Cooper Tires_SUV / 4x4_All Terrain (A/T)_0018,0.1147
SUV_/_4x4_|_All_Terrain_(A/T)_Community_01,Kumho_SUV / 4x4_All Terrain (A/T)_0076,Cooper Tires_SUV / 4x4_All Terrain (A/T)_0018,0.4688
SUV_/_4x4_|_All_Terrain_(A/T)_Community_01,Pirelli_SUV / 4x4_All Terrain (A/T)_0046,Cooper Tires_SUV / 4x4_All Terrain (A/T)_0018,0.1378
SUV_/_4x4_|_All_Terrain_(A/T)_Community_01,Roadmarch_SUV / 4x4_All Terrain (A/T)_0062,Cooper Tires_SUV / 4x4_All Terrain (A/T)_0018,0.0787
SUV_/_4x4_|_All_Terrain_(A/T)_Community_01,Tomket_SUV / 4x4_All Terrain (A/T)_0049,Cooper Tires_SUV / 4x4_All Terrain (A/T)_0018,0.967
SUV_/_4x4_|_All_Terrain_(A/T)_Community_01,Cooper Tires_SUV / 4x4_All Terrain (A/T)_0018,Dunlop_SUV / 4x4_All Terrain (A/T)_0077,0.4096
SUV_/_4x4_|_All_Terrain_(A/T)_Community_01,Goodride_SUV / 4x4_All Terrain (A/T)_0020,Dunlop_SUV / 4x4_All Terrain (A/T)_0077,0.2432
SUV_/_4x4_|_All_Terrain_(A/T)_Community_01,Hifly_SUV / 4x4_All Terrain (A/T)_0017,Dunlop_SUV / 4x4_All Terrain (A/T)_0077,0.4305
SUV_/_4x4_|_All_Terrain_(A/T)_Community_01,Linglong_SUV / 4x4_All Terrain (A/T)_0067,Dunlop_SUV / 4x4_All Terrain (A/T)_0077,0.1702
SUV_/_4x4_|_All_Terrain_(A/T)_Community_01,Michelin_SUV / 4x4_All Terrain (A/T)_0005,Dunlop_SUV / 4x4_All Terrain (A/T)_0077,0.1201
SUV_/_4x4_|_All_Terrain_(A/T)_Community_01,Toyo Tires_SUV / 4x4_All Terrain (A/T)_0008,Dunlop_SUV / 4x4_All Terrain (A/T)_0077,0.3792
SUV_/_4x4_|_All_Terrain_(A/T)_Community_01,Tracmax_SUV / 4x4_All Terrain (A/T)_0052,Dunlop_SUV / 4x4_All Terrain (A/T)_0077,0.2015
SUV_/_4x4_|_All_Terrain_(A/T)_Community_01,Dunlop_SUV / 4x4_All Terrain (A/T)_0077,Firestone_SUV / 4x4_All Terrain (A/T)_0014,0.136
SUV_/_4x4_|_All_Terrain_(A/T)_Community_01,Goodride_SUV / 4x4_All Terrain (A/T)_0074,Firestone_SUV / 4x4_All Terrain (A/T)_0014,0.353
SUV_/_4x4_|_All_Terrain_(A/T)_Community_01,Hifly_SUV / 4x4_All Terrain (A/T)_0017,Firestone_SUV / 4x4_All Terrain (A/T)_0014,0.7305
SUV_/_4x4_|_All_Terrain_(A/T)_Community_01,Linglong_SUV / 4x4_All Terrain (A/T)_0067,Firestone_SUV / 4x4_All Terrain (A/T)_0014,0.203
SUV_/_4x4_|_All_Terrain_(A/T)_Community_01,Tracmax_SUV / 4x4_All Terrain (A/T)_0052,Firestone_SUV / 4x4_All Terrain (A/T)_0014,0.42
SUV_/_4x4_|_All_Terrain_(A/T)_Community_01,Goodride_SUV / 4x4_All Terrain (A/T)_0074,Fulda_SUV / 4x4_All Terrain (A/T)_0039,0.0587
SUV_/_4x4_|_All_Terrain_(A/T)_Community_01,Nokian_SUV / 4x4_All Terrain (A/T)_0045,Fulda_SUV / 4x4_All Terrain (A/T)_0039,0.1451
SUV_/_4x4_|_All_Terrain_(A/T)_Community_01,Nokian_SUV / 4x4_All Terrain (A/T)_0058,Fulda_SUV / 4x4_All Terrain (A/T)_0039,0.8446
SUV_/_4x4_|_All_Terrain_(A/T)_Community_01,Toyo Tires_SUV / 4x4_All Terrain (A/T)_0008,Fulda_SUV / 4x4_All Terrain (A/T)_0039,0.5128
SUV_/_4x4_|_All_Terrain_(A/T)_Community_01,Triangle_SUV / 4x4_All Terrain (A/T)_0060,Fulda_SUV / 4x4_All Terrain (A/T)_0039,0.3103
SUV_/_4x4_|_All_Terrain_(A/T)_Community_01,Firestone_SUV / 4x4_All Terrain (A/T)_0014,GT Radial_SUV / 4x4_All Terrain (A/T)_0053,0.1411
SUV_/_4x4_|_All_Terrain_(A/T)_Community_01,General Tire_SUV / 4x4_All Terrain (A/T)_0002,GT Radial_SUV / 4x4_All Terrain (A/T)_0053,0.1286
SUV_/_4x4_|_All_Terrain_(A/T)_Community_01,Linglong_SUV / 4x4_All Terrain (A/T)_0067,GT Radial_SUV / 4x4_All Terrain (A/T)_0053,0.1428
SUV_/_4x4_|_All_Terrain_(A/T)_Community_01,Mazzini_SUV / 4x4_All Terrain (A/T)_0037,GT Radial_SUV / 4x4_All Terrain (A/T)_0053,0.3236
SUV_/_4x4_|_All_Terrain_(A/T)_Community_01,Michelin_SUV / 4x4_All Terrain (A/T)_0005,GT Radial_SUV / 4x4_All Terrain (A/T)_0053,0.0954
SUV_/_4x4_|_All_Terrain_(A/T)_Community_01,Nexen_SUV / 4x4_All Terrain (A/T)_0007,GT Radial_SUV / 4x4_All Terrain (A/T)_0053,0.624
SUV_/_4x4_|_All_Terrain_(A/T)_Community_01,Nokian_SUV / 4x4_All Terrain (A/T)_0044,GT Radial_SUV / 4x4_All Terrain (A/T)_0053,0.1034
SUV_/_4x4_|_All_Terrain_(A/T)_Community_01,Nokian_SUV / 4x4_All Terrain (A/T)_0058,GT Radial_SUV / 4x4_All Terrain (A/T)_0053,0.1221
SUV_/_4x4_|_All_Terrain_(A/T)_Community_01,Pirelli_SUV / 4x4_All Terrain (A/T)_0046,GT Radial_SUV / 4x4_All Terrain (A/T)_0053,0.1662
SUV_/_4x4_|_All_Terrain_(A/T)_Community_01,Bridgestone_SUV / 4x4_All Terrain (A/T)_0072,General Tire_SUV / 4x4_All Terrain (A/T)_0002,0.1692
SUV_/_4x4_|_All_Terrain_(A/T)_Community_01,Goodride_SUV / 4x4_All Terrain (A/T)_0020,General Tire_SUV / 4x4_All Terrain (A/T)_0002,0.1196
SUV_/_4x4_|_All_Terrain_(A/T)_Community_01,Michelin_SUV / 4x4_All Terrain (A/T)_0005,General Tire_SUV / 4x4_All Terrain (A/T)_0002,0.3626
SUV_/_4x4_|_All_Terrain_(A/T)_Community_01,Nexen_SUV / 4x4_All Terrain (A/T)_0021,General Tire_SUV / 4x4_All Terrain (A/T)_0002,0.874
SUV_/_4x4_|_All_Terrain_(A/T)_Community_01,Roadmarch_SUV / 4x4_All Terrain (A/T)_0062,General Tire_SUV / 4x4_All Terrain (A/T)_0002,0.3912
SUV_/_4x4_|_All_Terrain_(A/T)_Community_01,Linglong_SUV / 4x4_All Terrain (A/T)_0067,Goodride_SUV / 4x4_All Terrain (A/T)_0020,0.6443
SUV_/_4x4_|_All_Terrain_(A/T)_Community_01,Michelin_SUV / 4x4_All Terrain (A/T)_0005,Goodride_SUV / 4x4_All Terrain (A/T)_0020,0.5006
SUV_/_4x4_|_All_Terrain_(A/T)_Community_01,Roadmarch_SUV / 4x4_All Terrain (A/T)_0062,Goodride_SUV / 4x4_All Terrain (A/T)_0020,0.84
SUV_/_4x4_|_All_Terrain_(A/T)_Community_01,Goodride_SUV / 4x4_All Terrain (A/T)_0020,Goodride_SUV / 4x4_All Terrain (A/T)_0074,0.4951
SUV_/_4x4_|_All_Terrain_(A/T)_Community_01,Roadmarch_SUV / 4x4_All Terrain (A/T)_0062,Goodride_SUV / 4x4_All Terrain (A/T)_0074,0.4085
SUV_/_4x4_|_All_Terrain_(A/T)_Community_01,Toyo Tires_SUV / 4x4_All Terrain (A/T)_0008,Goodride_SUV / 4x4_All Terrain (A/T)_0074,0.9965
SUV_/_4x4_|_All_Terrain_(A/T)_Community_01,Cooper Tires_SUV / 4x4_All Terrain (A/T)_0018,Hifly_SUV / 4x4_All Terrain (A/T)_0017,0.8783
SUV_/_4x4_|_All_Terrain_(A/T)_Community_01,Pirelli_SUV / 4x4_All Terrain (A/T)_0063,Hifly_SUV / 4x4_All Terrain (A/T)_0017,0.4081
SUV_/_4x4_|_All_Terrain_(A/T)_Community_01,Triangle_SUV / 4x4_All Terrain (A/T)_0060,Hifly_SUV / 4x4_All Terrain (A/T)_0017,0.3333
SUV_/_4x4_|_All_Terrain_(A/T)_Community_01,Wanli_SUV / 4x4_All Terrain (A/T)_0050,Hifly_SUV / 4x4_All Terrain (A/T)_0017,0.2402
SUV_/_4x4_|_All_Terrain_(A/T)_Community_01,Mazzini_SUV / 4x4_All Terrain (A/T)_0037,Kumho_SUV / 4x4_All Terrain (A/T)_0056,0.7418
SUV_/_4x4_|_All_Terrain_(A/T)_Community_01,Nokian_SUV / 4x4_All Terrain (A/T)_0044,Kumho_SUV / 4x4_All Terrain (A/T)_0056,0.6123
SUV_/_4x4_|_All_Terrain_(A/T)_Community_01,Toyo Tires_SUV / 4x4_All Terrain (A/T)_0010,Kumho_SUV / 4x4_All Terrain (A/T)_0056,0.1895
SUV_/_4x4_|_All_Terrain_(A/T)_Community_01,Tracmax_SUV / 4x4_All Terrain (A/T)_0052,Kumho_SUV / 4x4_All Terrain (A/T)_0056,0.2454
SUV_/_4x4_|_All_Terrain_(A/T)_Community_01,Wanli_SUV / 4x4_All Terrain (A/T)_0050,Kumho_SUV / 4x4_All Terrain (A/T)_0056,0.1544
SUV_/_4x4_|_All_Terrain_(A/T)_Community_01,Kumho_SUV / 4x4_All Terrain (A/T)_0056,Kumho_SUV / 4x4_All Terrain (A/T)_0076,0.3775
SUV_/_4x4_|_All_Terrain_(A/T)_Community_01,Nexen_SUV / 4x4_All Terrain (A/T)_0024,Kumho_SUV / 4x4_All Terrain (A/T)_0076,0.3342
SUV_/_4x4_|_All_Terrain_(A/T)_Community_01,Roadmarch_SUV / 4x4_All Terrain (A/T)_0042,Kumho_SUV / 4x4_All Terrain (A/T)_0076,0.694
SUV_/_4x4_|_All_Terrain_(A/T)_Community_01,Triangle_SUV / 4x4_All Terrain (A/T)_0060,Kumho_SUV / 4x4_All Terrain (A/T)_0076,0.3156
SUV_/_4x4_|_All_Terrain_(A/T)_Community_01,Fulda_SUV / 4x4_All Terrain (A/T)_0039,Linglong_SUV / 4x4_All Terrain (A/T)_0067,0.2311
SUV_/_4x4_|_All_Terrain_(A/T)_Community_01,General Tire_SUV / 4x4_All Terrain (A/T)_0002,Linglong_SUV / 4x4_All Terrain (A/T)_0067,0.3405
SUV_/_4x4_|_All_Terrain_(A/T)_Community_01,Hifly_SUV / 4x4_All Terrain (A/T)_0017,Linglong_SUV / 4x4_All Terrain (A/T)_0067,0.1883
SUV_/_4x4_|_All_Terrain_(A/T)_Community_01,Michelin_SUV / 4x4_All Terrain (A/T)_0005,Linglong_SUV / 4x4_All Terrain (A/T)_0067,0.9686
SUV_/_4x4_|_All_Terrain_(A/T)_Community_01,Wanli_SUV / 4x4_All Terrain (A/T)_0050,Linglong_SUV / 4x4_All Terrain (A/T)_0067,0.1709
SUV_/_4x4_|_All_Terrain_(A/T)_Community_01,Hifly_SUV / 4x4_All Terrain (A/T)_0017,Mazzini_SUV / 4x4_All Terrain (A/T)_0037,0.6782
SUV_/_4x4_|_All_Terrain_(A/T)_Community_01,Nexen_SUV / 4x4_All Terrain (A/T)_0024,Mazzini_SUV / 4x4_All Terrain (A/T)_0037,0.8124
SUV_/_4x4_|_All_Terrain_(A/T)_Community_01,Wanli_SUV / 4x4_All Terrain (A/T)_0050,Mazzini_SUV / 4x4_All Terrain (A/T)_0037,0.2676
SUV_/_4x4_|_All_Terrain_(A/T)_Community_01,Cooper Tires_SUV / 4x4_All Terrain (A/T)_0018,Michelin_SUV / 4x4_All Terrain (A/T)_0005,0.7755
SUV_/_4x4_|_All_Terrain_(A/T)_Community_01,GT Radial_SUV / 4x4_All Terrain (A/T)_0053,Michelin_SUV / 4x4_All Terrain (A/T)_0005,0.6693
SUV_/_4x4_|_All_Terrain_(A/T)_Community_01,Hifly_SUV / 4x4_All Terrain (A/T)_0017,Michelin_SUV / 4x4_All Terrain (A/T)_0005,0.3328
SUV_/_4x4_|_All_Terrain_(A/T)_Community_01,Kumho_SUV / 4x4_All Terrain (A/T)_0076,Michelin_SUV / 4x4_All Terrain (A/T)_0005,0.1236
SUV_/_4x4_|_All_Terrain_(A/T)_Community_01,Nokian_SUV / 4x4_All Terrain (A/T)_0044,Michelin_SUV / 4x4_All Terrain (A/T)_0005,0.1461
SUV_/_4x4_|_All_Terrain_(A/T)_Community_01,Dunlop_SUV / 4x4_All Terrain (A/T)_0077,Nexen_SUV / 4x4_All Terrain (A/T)_0007,0.0952
SUV_/_4x4_|_All_Terrain_(A/T)_Community_01,Linglong_SUV / 4x4_All Terrain (A/T)_0067,Nexen_SUV / 4x4_All Terrain (A/T)_0007,0.9825
SUV_/_4x4_|_All_Terrain_(A/T)_Community_01,Roadmarch_SUV / 4x4_All Terrain (A/T)_0042,Nexen_SUV / 4x4_All Terrain (A/T)_0007,0.3999
SUV_/_4x4_|_All_Terrain_(A/T)_Community_01,Tomket_SUV / 4x4_All Terrain (A/T)_0049,Nexen_SUV / 4x4_All Terrain (A/T)_0007,0.5318
SUV_/_4x4_|_All_Terrain_(A/T)_Community_01,Fulda_SUV / 4x4_All Terrain (A/T)_0039,Nexen_SUV / 4x4_All Terrain (A/T)_0021,0.14
SUV_/_4x4_|_All_Terrain_(A/T)_Community_01,General Tire_SUV / 4x4_All Terrain (A/T)_0002,Nexen_SUV / 4x4_All Terrain (A/T)_0021,0.107
SUV_/_4x4_|_All_Terrain_(A/T)_Community_01,Goodride_SUV / 4x4_All Terrain (A/T)_0020,Nexen_SUV / 4x4_All Terrain (A/T)_0021,0.1662
SUV_/_4x4_|_All_Terrain_(A/T)_Community_01,Goodride_SUV / 4x4_All Terrain (A/T)_0074,Nexen_SUV / 4x4_All Terrain (A/T)_0021,0.3092
SUV_/_4x4_|_All_Terrain_(A/T)_Community_01,Michelin_SUV / 4x4_All Terrain (A/T)_0005,Nexen_SUV / 4x4_All Terrain (A/T)_0021,0.0671
SUV_/_4x4_|_All_Terrain_(A/T)_Community_01,Roadmarch_SUV / 4x4_All Terrain (A/T)_0062,Nexen_SUV / 4x4_All Terrain (A/T)_0021,0.332
SUV_/_4x4_|_All_Terrain_(A/T)_Community_01,Wanli_SUV / 4x4_All Terrain (A/T)_0050,Nexen_SUV / 4x4_All Terrain (A/T)_0021,0.6745
SUV_/_4x4_|_All_Terrain_(A/T)_Community_01,BFGoodrich_SUV / 4x4_All Terrain (A/T)_0011,Nexen_SUV / 4x4_All Terrain (A/T)_0024,0.1754
SUV_/_4x4_|_All_Terrain_(A/T)_Community_01,General Tire_SUV / 4x4_All Terrain (A/T)_0002,Nexen_SUV / 4x4_All Terrain (A/T)_0024,0.5361
SUV_/_4x4_|_All_Terrain_(A/T)_Community_01,Kumho_SUV / 4x4_All Terrain (A/T)_0056,Nexen_SUV / 4x4_All Terrain (A/T)_0024,0.1397
SUV_/_4x4_|_All_Terrain_(A/T)_Community_01,Linglong_SUV / 4x4_All Terrain (A/T)_0067,Nexen_SUV / 4x4_All Terrain (A/T)_0024,0.3806
SUV_/_4x4_|_All_Terrain_(A/T)_Community_01,Nokian_SUV / 4x4_All Terrain (A/T)_0044,Nexen_SUV / 4x4_All Terrain (A/T)_0024,0.2844
SUV_/_4x4_|_All_Terrain_(A/T)_Community_01,Wanli_SUV / 4x4_All Terrain (A/T)_0050,Nexen_SUV / 4x4_All Terrain (A/T)_0024,0.3588
SUV_/_4x4_|_All_Terrain_(A/T)_Community_01,Kumho_SUV / 4x4_All Terrain (A/T)_0076,Nokian_SUV / 4x4_All Terrain (A/T)_0044,0.5512
SUV_/_4x4_|_All_Terrain_(A/T)_Community_01,Linglong_SUV / 4x4_All Terrain (A/T)_0067,Nokian_SUV / 4x4_All Terrain (A/T)_0044,0.0922
SUV_/_4x4_|_All_Terrain_(A/T)_Community_01,Nexen_SUV / 4x4_All Terrain (A/T)_0024,Nokian_SUV / 4x4_All Terrain (A/T)_0044,0.6835
SUV_/_4x4_|_All_Terrain_(A/T)_Community_01,Nokian_SUV / 4x4_All Terrain (A/T)_0045,Nokian_SUV / 4x4_All Terrain (A/T)_0044,0.4051
SUV_/_4x4_|_All_Terrain_(A/T)_Community_01,Toyo Tires_SUV / 4x4_All Terrain (A/T)_0010,Nokian_SUV / 4x4_All Terrain (A/T)_0044,0.276
SUV_/_4x4_|_All_Terrain_(A/T)_Community_01,BFGoodrich_SUV / 4x4_All Terrain (A/T)_0011,Nokian_SUV / 4x4_All Terrain (A/T)_0045,0.3052
SUV_/_4x4_|_All_Terrain_(A/T)_Community_01,Bridgestone_SUV / 4x4_All Terrain (A/T)_0072,Nokian_SUV / 4x4_All Terrain (A/T)_0045,0.1921
SUV_/_4x4_|_All_Terrain_(A/T)_Community_01,General Tire_SUV / 4x4_All Terrain (A/T)_0002,Nokian_SUV / 4x4_All Terrain (A/T)_0045,0.4136
SUV_/_4x4_|_All_Terrain_(A/T)_Community_01,Goodride_SUV / 4x4_All Terrain (A/T)_0020,Nokian_SUV / 4x4_All Terrain (A/T)_0045,0.395
SUV_/_4x4_|_All_Terrain_(A/T)_Community_01,Kumho_SUV / 4x4_All Terrain (A/T)_0076,Nokian_SUV / 4x4_All Terrain (A/T)_0045,0.2841
SUV_/_4x4_|_All_Terrain_(A/T)_Community_01,Tracmax_SUV / 4x4_All Terrain (A/T)_0052,Nokian_SUV / 4x4_All Terrain (A/T)_0045,0.134
SUV_/_4x4_|_All_Terrain_(A/T)_Community_01,Wanli_SUV / 4x4_All Terrain (A/T)_0050,Nokian_SUV / 4x4_All Terrain (A/T)_0045,0.2896
SUV_/_4x4_|_All_Terrain_(A/T)_Community_01,BFGoodrich_SUV / 4x4_All Terrain (A/T)_0011,Nokian_SUV / 4x4_All Terrain (A/T)_0058,0.3759
SUV_/_4x4_|_All_Terrain_(A/T)_Community_01,General Tire_SUV / 4x4_All Terrain (A/T)_0002,Nokian_SUV / 4x4_All Terrain (A/T)_0058,0.9745
SUV_/_4x4_|_All_Terrain_(A/T)_Community_01,Linglong_SUV / 4x4_All Terrain (A/T)_0067,Nokian_SUV / 4x4_All Terrain (A/T)_0058,0.3824
SUV_/_4x4_|_All_Terrain_(A/T)_Community_01,Toyo Tires_SUV / 4x4_All Terrain (A/T)_0008,Nokian_SUV / 4x4_All Terrain (A/T)_0058,0.1209
SUV_/_4x4_|_All_Terrain_(A/T)_Community_01,Bridgestone_SUV / 4x4_All Terrain (A/T)_0072,Pirelli_SUV / 4x4_All Terrain (A/T)_0046,0.256
SUV_/_4x4_|_All_Terrain_(A/T)_Community_01,Kumho_SUV / 4x4_All Terrain (A/T)_0056,Pirelli_SUV / 4x4_All Terrain (A/T)_0046,0.302
SUV_/_4x4_|_All_Terrain_(A/T)_Community_01,Nexen_SUV / 4x4_All Terrain (A/T)_0007,Pirelli_SUV / 4x4_All Terrain (A/T)_0046,0.4145
SUV_/_4x4_|_All_Terrain_(A/T)_Community_01,Pirelli_SUV / 4x4_All Terrain (A/T)_0063,Pirelli_SUV / 4x4_All Terrain (A/T)_0046,0.2351
SUV_/_4x4_|_All_Terrain_(A/T)_Community_01,Toyo Tires_SUV / 4x4_All Terrain (A/T)_0010,Pirelli_SUV / 4x4_All Terrain (A/T)_0046,0.3292
SUV_/_4x4_|_All_Terrain_(A/T)_Community_01,Tracmax_SUV / 4x4_All Terrain (A/T)_0052,Pirelli_SUV / 4x4_All Terrain (A/T)_0046,0.2799
SUV_/_4x4_|_All_Terrain_(A/T)_Community_01,Cooper Tires_SUV / 4x4_All Terrain (A/T)_0018,Pirelli_SUV / 4x4_All Terrain (A/T)_0063,0.7809
SUV_/_4x4_|_All_Terrain_(A/T)_Community_01,Linglong_SUV / 4x4_All Terrain (A/T)_0067,Pirelli_SUV / 4x4_All Terrain (A/T)_0063,0.8984
SUV_/_4x4_|_All_Terrain_(A/T)_Community_01,Roadmarch_SUV / 4x4_All Terrain (A/T)_0042,Pirelli_SUV / 4x4_All Terrain (A/T)_0063,0.0952
SUV_/_4x4_|_All_Terrain_(A/T)_Community_01,Roadmarch_SUV / 4x4_All Terrain (A/T)_0062,Pirelli_SUV / 4x4_All Terrain (A/T)_0063,0.1269
SUV_/_4x4_|_All_Terrain_(A/T)_Community_01,Dunlop_SUV / 4x4_All Terrain (A/T)_0077,Roadmarch_SUV / 4x4_All Terrain (A/T)_0042,0.1257
SUV_/_4x4_|_All_Terrain_(A/T)_Community_01,Goodride_SUV / 4x4_All Terrain (A/T)_0020,Roadmarch_SUV / 4x4_All Terrain (A/T)_0042,0.2467
SUV_/_4x4_|_All_Terrain_(A/T)_Community_01,Michelin_SUV / 4x4_All Terrain (A/T)_0005,Roadmarch_SUV / 4x4_All Terrain (A/T)_0042,0.3838
SUV_/_4x4_|_All_Terrain_(A/T)_Community_01,Nexen_SUV / 4x4_All Terrain (A/T)_0007,Roadmarch_SUV / 4x4_All Terrain (A/T)_0042,0.4365
SUV_/_4x4_|_All_Terrain_(A/T)_Community_01,Nokian_SUV / 4x4_All Terrain (A/T)_0058,Roadmarch_SUV / 4x4_All Terrain (A/T)_0042,0.4294
SUV_/_4x4_|_All_Terrain_(A/T)_Community_01,Roadmarch_SUV / 4x4_All Terrain (A/T)_0062,Roadmarch_SUV / 4x4_All Terrain (A/T)_0042,0.2763
SUV_/_4x4_|_All_Terrain_(A/T)_Community_01,BFGoodrich_SUV / 4x4_All Terrain (A/T)_0011,Roadmarch_SUV / 4x4_All Terrain (A/T)_0062,0.2119
SUV_/_4x4_|_All_Terrain_(A/T)_Community_01,Firestone_SUV / 4x4_All Terrain (A/T)_0014,Roadmarch_SUV / 4x4_All Terrain (A/T)_0062,0.152
SUV_/_4x4_|_All_Terrain_(A/T)_Community_01,GT Radial_SUV / 4x4_All Terrain (A/T)_0053,Roadmarch_SUV / 4x4_All Terrain (A/T)_0062,0.3325
SUV_/_4x4_|_All_Terrain_(A/T)_Community_01,Kumho_SUV / 4x4_All Terrain (A/T)_0056,Roadmarch_SUV / 4x4_All Terrain (A/T)_0062,0.2429
SUV_/_4x4_|_All_Terrain_(A/T)_Community_01,Linglong_SUV / 4x4_All Terrain (A/T)_0067,Roadmarch_SUV / 4x4_All Terrain (A/T)_0062,0.0711
SUV_/_4x4_|_All_Terrain_(A/T)_Community_01,Nokian_SUV / 4x4_All Terrain (A/T)_0058,Roadmarch_SUV / 4x4_All Terrain (A/T)_0062,0.3019
SUV_/_4x4_|_All_Terrain_(A/T)_Community_01,Roadmarch_SUV / 4x4_All Terrain (A/T)_0042,Roadmarch_SUV / 4x4_All Terrain (A/T)_0062,0.1801
SUV_/_4x4_|_All_Terrain_(A/T)_Community_01,Tomket_SUV / 4x4_All Terrain (A/T)_0049,Roadmarch_SUV / 4x4_All Terrain (A/T)_0062,0.0985
SUV_/_4x4_|_All_Terrain_(A/T)_Community_01,Dunlop_SUV / 4x4_All Terrain (A/T)_0077,Tomket_SUV / 4x4_All Terrain (A/T)_0049,0.0969
SUV_/_4x4_|_All_Terrain_(A/T)_Community_01,General Tire_SUV / 4x4_All Terrain (A/T)_0002,Tomket_SUV / 4x4_All Terrain (A/T)_0049,0.1377
SUV_/_4x4_|_All_Terrain_(A/T)_Community_01,Kumho_SUV / 4x4_All Terrain (A/T)_0056,Tomket_SUV / 4x4_All Terrain (A/T)_0049,0.6038
SUV_/_4x4_|_All_Terrain_(A/T)_Community_01,Michelin_SUV / 4x4_All Terrain (A/T)_0005,Tomket_SUV / 4x4_All Terrain (A/T)_0049,0.3707
SUV_/_4x4_|_All_Terrain_(A/T)_Community_01,Pirelli_SUV / 4x4_All Terrain (A/T)_0046,Tomket_SUV / 4x4_All Terrain (A/T)_0049,0.135
SUV_/_4x4_|_All_Terrain_(A/T)_Community_01,Pirelli_SUV / 4x4_All Terrain (A/T)_0063,Tomket_SUV / 4x4_All Terrain (A/T)_0049,0.3135
SUV_/_4x4_|_All_Terrain_(A/T)_Community_01,Tracmax_SUV / 4x4_All Terrain (A/T)_0052,Tomket_SUV / 4x4_All Terrain (A/T)_0049,0.2741
SUV_/_4x4_|_All_Terrain_(A/T)_Community_01,Hifly_SUV / 4x4_All Terrain (A/T)_0017,Toyo Tires_SUV / 4x4_All Terrain (A/T)_0008,0.24
SUV_/_4x4_|_All_Terrain_(A/T)_Community_01,Nokian_SUV / 4x4_All Terrain (A/T)_0045,Toyo Tires_SUV / 4x4_All Terrain (A/T)_0008,0.4471
SUV_/_4x4_|_All_Terrain_(A/T)_Community_01,Roadmarch_SUV / 4x4_All Terrain (A/T)_0042,Toyo Tires_SUV / 4x4_All Terrain (A/T)_0008,0.7608
SUV_/_4x4_|_All_Terrain_(A/T)_Community_01,Tomket_SUV / 4x4_All Terrain (A/T)_0049,Toyo Tires_SUV / 4x4_All Terrain (A/T)_0008,0.4626
SUV_/_4x4_|_All_Terrain_(A/T)_Community_01,Triangle_SUV / 4x4_All Terrain (A/T)_0060,Toyo Tires_SUV / 4x4_All Terrain (A/T)_0008,0.0564
SUV_/_4x4_|_All_Terrain_(A/T)_Community_01,Dunlop_SUV / 4x4_All Terrain (A/T)_0077,Toyo Tires_SUV / 4x4_All Terrain (A/T)_0010,0.0844
SUV_/_4x4_|_All_Terrain_(A/T)_Community_01,GT Radial_SUV / 4x4_All Terrain (A/T)_0053,Toyo Tires_SUV / 4x4_All Terrain (A/T)_0010,1.1334
SUV_/_4x4_|_All_Terrain_(A/T)_Community_01,Goodride_SUV / 4x4_All Terrain (A/T)_0020,Toyo Tires_SUV / 4x4_All Terrain (A/T)_0010,0.3021
SUV_/_4x4_|_All_Terrain_(A/T)_Community_01,Goodride_SUV / 4x4_All Terrain (A/T)_0074,Toyo Tires_SUV / 4x4_All Terrain (A/T)_0010,0.2971
SUV_/_4x4_|_All_Terrain_(A/T)_Community_01,Tomket_SUV / 4x4_All Terrain (A/T)_0049,Toyo Tires_SUV / 4x4_All Terrain (A/T)_0010,0.1849
SUV_/_4x4_|_All_Terrain_(A/T)_Community_01,Bridgestone_SUV / 4x4_All Terrain (A/T)_0072,Tracmax_SUV / 4x4_All Terrain (A/T)_0052,0.3904
SUV_/_4x4_|_All_Terrain_(A/T)_Community_01,Cooper Tires_SUV / 4x4_All Terrain (A/T)_0018,Tracmax_SUV / 4x4_All Terrain (A/T)_0052,0.1393
SUV_/_4x4_|_All_Terrain_(A/T)_Community_01,Goodride_SUV / 4x4_All Terrain (A/T)_0020,Tracmax_SUV / 4x4_All Terrain (A/T)_0052,0.3029
SUV_/_4x4_|_All_Terrain_(A/T)_Community_01,Nokian_SUV / 4x4_All Terrain (A/T)_0058,Tracmax_SUV / 4x4_All Terrain (A/T)_0052,0.477
SUV_/_4x4_|_All_Terrain_(A/T)_Community_01,Pirelli_SUV / 4x4_All Terrain (A/T)_0046,Tracmax_SUV / 4x4_All Terrain (A/T)_0052,0.1057
SUV_/_4x4_|_All_Terrain_(A/T)_Community_01,Pirelli_SUV / 4x4_All Terrain (A/T)_0063,Tracmax_SUV / 4x4_All Terrain (A/T)_0052,0.1211
SUV_/_4x4_|_All_Terrain_(A/T)_Community_01,Triangle_SUV / 4x4_All Terrain (A/T)_0060,Tracmax_SUV / 4x4_All Terrain (A/T)_0052,0.2914
SUV_/_4x4_|_All_Terrain_(A/T)_Community_01,Wanli_SUV / 4x4_All Terrain (A/T)_0050,Tracmax_SUV / 4x4_All Terrain (A/T)_0052,0.1625
SUV_/_4x4_|_All_Terrain_(A/T)_Community_01,Firestone_SUV / 4x4_All Terrain (A/T)_0014,Triangle_SUV / 4x4_All Terrain (A/T)_0060,0.0521
SUV_/_4x4_|_All_Terrain_(A/T)_Community_01,General Tire_SUV / 4x4_All Terrain (A/T)_0002,Triangle_SUV / 4x4_All Terrain (A/T)_0060,0.0846
SUV_/_4x4_|_All_Terrain_(A/T)_Community_01,Mazzini_SUV / 4x4_All Terrain (A/T)_0037,Triangle_SUV / 4x4_All Terrain (A/T)_0060,0.529
SUV_/_4x4_|_All_Terrain_(A/T)_Community_01,Pirelli_SUV / 4x4_All Terrain (A/T)_0063,Triangle_SUV / 4x4_All Terrain (A/T)_0060,1.1351
SUV_/_4x4_|_All_Terrain_(A/T)_Community_01,Fulda_SUV / 4x4_All Terrain (A/T)_0039,Wanli_SUV / 4x4_All Terrain (A/T)_0050,0.272
SUV_/_4x4_|_All_Terrain_(A/T)_Community_01,Goodride_SUV / 4x4_All Terrain (A/T)_0020,Wanli_SUV / 4x4_All Terrain (A/T)_0050,0.0662
SUV_/_4x4_|_All_Terrain_(A/T)_Community_01,Linglong_SUV / 4x4_All Terrain (A/T)_0067,Wanli_SUV / 4x4_All Terrain (A/T)_0050,0.1251
SUV_/_4x4_|_All_Terrain_(A/T)_Community_01,Nexen_SUV / 4x4_All Terrain (A/T)_0007,Wanli_SUV / 4x4_All Terrain (A/T)_0050,1.096
SUV_/_4x4_|_All_Terrain_(A/T)_Community_01,Nokian_SUV / 4x4_All Terrain (A/T)_0058,Wanli_SUV / 4x4_All Terrain (A/T)_0050,0.5362
SUV_/_4x4_|_All_Terrain_(A/T)_Community_03,Cooper Tires_SUV / 4x4_All Terrain (A/T)_0009,BFGoodrich_SUV / 4x4_All Terrain (A/T)_0033,0.156
SUV_/_4x4_|_All_Terrain_(A/T)_Community_03,Dunlop_SUV / 4x4_All Terrain (A/T)_0001,BFGoodrich_SUV / 4x4_All Terrain (A/T)_0033,0.0884
SUV_/_4x4_|_All_Terrain_(A/T)_Community_03,Firestone_SUV / 4x4_All Terrain (A/T)_0016,BFGoodrich_SUV / 4x4_All Terrain (A/T)_0033,0.0613
SUV_/_4x4_|_All_Terrain_(A/T)_Community_03,Goodyear_SUV / 4x4_All Terrain (A/T)_0078,BFGoodrich_SUV / 4x4_All Terrain (A/T)_0033,0.5118
SUV_/_4x4_|_All_Terrain_(A/T)_Community_03,Kumho_SUV / 4x4_All Terrain (A/T)_0035,BFGoodrich_SUV / 4x4_All Terrain (A/T)_0033,0.2257
SUV_/_4x4_|_All_Terrain_(A/T)_Community_03,Nexen_SUV / 4x4_All Terrain (A/T)_0025,BFGoodrich_SUV / 4x4_All Terrain (A/T)_0033,0.2048
SUV_/_4x4_|_All_Terrain_(A/T)_Community_03,Uniroyal_SUV / 4x4_All Terrain (A/T)_0048,BFGoodrich_SUV / 4x4_All Terrain (A/T)_0033,0.6294
SUV_/_4x4_|_All_Terrain_(A/T)_Community_03,Dunlop_SUV / 4x4_All Terrain (A/T)_0070,BFGoodrich_SUV / 4x4_All Terrain (A/T)_0061,0.5232
SUV_/_4x4_|_All_Terrain_(A/T)_Community_03,Goodyear_SUV / 4x4_All Terrain (A/T)_0073,BFGoodrich_SUV / 4x4_All Terrain (A/T)_0061,0.402
SUV_/_4x4_|_All_Terrain_(A/T)_Community_03,Linglong_SUV / 4x4_All Terrain (A/T)_0031,BFGoodrich_SUV / 4x4_All Terrain (A/T)_0061,0.0865
SUV_/_4x4_|_All_Terrain_(A/T)_Community_03,Pirelli_SUV / 4x4_All Terrain (A/T)_0068,BFGoodrich_SUV / 4x4_All Terrain (A/T)_0061,0.5223
SUV_/_4x4_|_All_Terrain_(A/T)_Community_03,Roadmarch_SUV / 4x4_All Terrain (A/T)_0054,BFGoodrich_SUV / 4x4_All Terrain (A/T)_0061,0.1481
SUV_/_4x4_|_All_Terrain_(A/T)_Community_03,Yokohama_SUV / 4x4_All Terrain (A/T)_0036,BFGoodrich_SUV / 4x4_All Terrain (A/T)_0061,0.0682
SUV_/_4x4_|_All_Terrain_(A/T)_Community_03,Dunlop_SUV / 4x4_All Terrain (A/T)_0070,Bridgestone_SUV / 4x4_All Terrain (A/T)_0012,0.3353
SUV_/_4x4_|_All_Terrain_(A/T)_Community_03,Nexen_SUV / 4x4_All Terrain (A/T)_0025,Bridgestone_SUV / 4x4_All Terrain (A/T)_0012,0.4778
SUV_/_4x4_|_All_Terrain_(A/T)_Community_03,Sailun_SUV / 4x4_All Terrain (A/T)_0027,Bridgestone_SUV / 4x4_All Terrain (A/T)_0012,0.4671
SUV_/_4x4_|_All_Terrain_(A/T)_Community_03,Uniroyal_SUV / 4x4_All Terrain (A/T)_0048,Bridgestone_SUV / 4x4_All Terrain (A/T)_0012,0.3927
SUV_/_4x4_|_All_Terrain_(A/T)_Community_03,Linglong_SUV / 4x4_All Terrain (A/T)_0031,Continental_SUV / 4x4_All Terrain (A/T)_0000,0.4016
SUV_/_4x4_|_All_Terrain_(A/T)_Community_03,Michelin_SUV / 4x4_All Terrain (A/T)_0013,Continental_SUV / 4x4_All Terrain (A/T)_0000,0.2683
SUV_/_4x4_|_All_Terrain_(A/T)_Community_03,Pirelli_SUV / 4x4_All Terrain (A/T)_0068,Continental_SUV / 4x4_All Terrain (A/T)_0000,0.944
SUV_/_4x4_|_All_Terrain_(A/T)_Community_03,Yokohama_SUV / 4x4_All Terrain (A/T)_0036,Continental_SUV / 4x4_All Terrain (A/T)_0000,0.3657
SUV_/_4x4_|_All_Terrain_(A/T)_Community_03,Bridgestone_SUV / 4x4_All Terrain (A/T)_0012,Cooper Tires_SUV / 4x4_All Terrain (A/T)_0009,0.2535
SUV_/_4x4_|_All_Terrain_(A/T)_Community_03,Dunlop_SUV / 4x4_All Terrain (A/T)_0070,Cooper Tires_SUV / 4x4_All Terrain (A/T)_0009,0.0621
SUV_/_4x4_|_All_Terrain_(A/T)_Community_03,Goodyear_SUV / 4x4_All Terrain (A/T)_0073,Cooper Tires_SUV / 4x4_All Terrain (A/T)_0009,0.3702
SUV_/_4x4_|_All_Terrain_(A/T)_Community_03,Michelin_SUV / 4x4_All Terrain (A/T)_0013,Cooper Tires_SUV / 4x4_All Terrain (A/T)_0009,0.2947
SUV_/_4x4_|_All_Terrain_(A/T)_Community_03,Nexen_SUV / 4x4_All Terrain (A/T)_0025,Cooper Tires_SUV / 4x4_All Terrain (A/T)_0009,0.1105
SUV_/_4x4_|_All_Terrain_(A/T)_Community_03,Tomket_SUV / 4x4_All Terrain (A/T)_0069,Cooper Tires_SUV / 4x4_All Terrain (A/T)_0009,0.5743
SUV_/_4x4_|_All_Terrain_(A/T)_Community_03,Westlake_SUV / 4x4_All Terrain (A/T)_0015,Cooper Tires_SUV / 4x4_All Terrain (A/T)_0009,0.0824
SUV_/_4x4_|_All_Terrain_(A/T)_Community_03,Nexen_SUV / 4x4_All Terrain (A/T)_0025,Dunlop_SUV / 4x4_All Terrain (A/T)_0001,0.6343
SUV_/_4x4_|_All_Terrain_(A/T)_Community_03,Roadmarch_SUV / 4x4_All Terrain (A/T)_0066,Dunlop_SUV / 4x4_All Terrain (A/T)_0001,0.492
SUV_/_4x4_|_All_Terrain_(A/T)_Community_03,Uniroyal_SUV / 4x4_All Terrain (A/T)_0048,Dunlop_SUV / 4x4_All Terrain (A/T)_0001,0.3123
SUV_/_4x4_|_All_Terrain_(A/T)_Community_03,Wanli_SUV / 4x4_All Terrain (A/T)_0055,Dunlop_SUV / 4x4_All Terrain (A/T)_0001,0.3677
SUV_/_4x4_|_All_Terrain_(A/T)_Community_03,Dunlop_SUV / 4x4_All Terrain (A/T)_0001,Dunlop_SUV / 4x4_All Terrain (A/T)_0006,0.3112
SUV_/_4x4_|_All_Terrain_(A/T)_Community_03,Firestone_SUV / 4x4_All Terrain (A/T)_0016,Dunlop_SUV / 4x4_All Terrain (A/T)_0006,0.6515
SUV_/_4x4_|_All_Terrain_(A/T)_Community_03,Linglong_SUV / 4x4_All Terrain (A/T)_0031,Dunlop_SUV / 4x4_All Terrain (A/T)_0006,0.0519
SUV_/_4x4_|_All_Terrain_(A/T)_Community_03,Nexen_SUV / 4x4_All Terrain (A/T)_0025,Dunlop_SUV / 4x4_All Terrain (A/T)_0006,0.6472
SUV_/_4x4_|_All_Terrain_(A/T)_Community_03,Yokohama_SUV / 4x4_All Terrain (A/T)_0030,Dunlop_SUV / 4x4_All Terrain (A/T)_0006,0.2449
SUV_/_4x4_|_All_Terrain_(A/T)_Community_03,Dunlop_SUV / 4x4_All Terrain (A/T)_0006,Dunlop_SUV / 4x4_All Terrain (A/T)_0070,0.0676
SUV_/_4x4_|_All_Terrain_(A/T)_Community_03,Goodyear_SUV / 4x4_All Terrain (A/T)_0078,Dunlop_SUV / 4x4_All Terrain (A/T)_0070,0.4015
SUV_/_4x4_|_All_Terrain_(A/T)_Community_03,Pirelli_SUV / 4x4_All Terrain (A/T)_0068,Dunlop_SUV / 4x4_All Terrain (A/T)_0070,0.1115
SUV_/_4x4_|_All_Terrain_(A/T)_Community_03,Roadmarch_SUV / 4x4_All Terrain (A/T)_0054,Dunlop_SUV / 4x4_All Terrain (A/T)_0070,0.5422
SUV_/_4x4_|_All_Terrain_(A/T)_Community_03,Roadmarch_SUV / 4x4_All Terrain (A/T)_0066,Dunlop_SUV / 4x4_All Terrain (A/T)_0070,0.1516
SUV_/_4x4_|_All_Terrain_(A/T)_Community_03,Tracmax_SUV / 4x4_All Terrain (A/T)_0075,Dunlop_SUV / 4x4_All Terrain (A/T)_0070,0.1219
SUV_/_4x4_|_All_Terrain_(A/T)_Community_03,Uniroyal_SUV / 4x4_All Terrain (A/T)_0028,Dunlop_SUV / 4x4_All Terrain (A/T)_0070,0.1066
SUV_/_4x4_|_All_Terrain_(A/T)_Community_03,Yokohama_SUV / 4x4_All Terrain (A/T)_0036,Dunlop_SUV / 4x4_All Terrain (A/T)_0070,0.3381
SUV_/_4x4_|_All_Terrain_(A/T)_Community_03,Dunlop_SUV / 4x4_All Terrain (A/T)_0001,Falken_SUV / 4x4_All Terrain (A/T)_0023,0.1709
SUV_/_4x4_|_All_Terrain_(A/T)_Community_03,Dunlop_SUV / 4x4_All Terrain (A/T)_0070,Falken_SUV / 4x4_All Terrain (A/T)_0023,0.1242
SUV_/_4x4_|_All_Terrain_(A/T)_Community_03,Fulda_SUV / 4x4_All Terrain (A/T)_0065,Falken_SUV / 4x4_All Terrain (A/T)_0023,1.0041
SUV_/_4x4_|_All_Terrain_(A/T)_Community_03,Goodyear_SUV / 4x4_All Terrain (A/T)_0078,Falken_SUV / 4x4_All Terrain (A/T)_0023,0.1138
SUV_/_4x4_|_All_Terrain_(A/T)_Community_03,Hankook_SUV / 4x4_All Terrain (A/T)_0041,Falken_SUV / 4x4_All Terrain (A/T)_0023,0.1784
SUV_/_4x4_|_All_Terrain_(A/T)_Community_03,Kumho_SUV / 4x4_All Terrain (A/T)_0035,Falken_SUV / 4x4_All Terrain (A/T)_0023,0.0803
SUV_/_4x4_|_All_Terrain_(A/T)_Community_03,Wanli_SUV / 4x4_All Terrain (A/T)_0055,Falken_SUV / 4x4_All Terrain (A/T)_0023,0.1685
SUV_/_4x4_|_All_Terrain_(A/T)_Community_03,Westlake_SUV / 4x4_All Terrain (A/T)_0015,Falken_SUV / 4x4_All Terrain (A/T)_0023,0.1863
SUV_/_4x4_|_All_Terrain_(A/T)_Community_03,Cooper Tires_SUV / 4x4_All Terrain (A/T)_0009,Falken_SUV / 4x4_All Terrain (A/T)_0079,0.1496
SUV_/_4x4_|_All_Terrain_(A/T)_Community_03,Fulda_SUV / 4x4_All Terrain (A/T)_0065,Falken_SUV / 4x4_All Terrain (A/T)_0079,0.556
SUV_/_4x4_|_All_Terrain_(A/T)_Community_03,Roadmarch_SUV / 4x4_All Terrain (A/T)_0054,Falken_SUV / 4x4_All Terrain (A/T)_0079,0.5427
SUV_/_4x4_|_All_Terrain_(A/T)_Community_03,Roadmarch_SUV / 4x4_All Terrain (A/T)_0066,Falken_SUV / 4x4_All Terrain (A/T)_0079,0.1642
SUV_/_4x4_|_All_Terrain_(A/T)_Community_03,Uniroyal_SUV / 4x4_All Terrain (A/T)_0028,Falken_SUV / 4x4_All Terrain (A/T)_0079,0.3786
SUV_/_4x4_|_All_Terrain_(A/T)_Community_03,Continental_SUV / 4x4_All Terrain (A/T)_0000,Firestone_SUV / 4x4_All Terrain (A/T)_0016,0.4512
SUV_/_4x4_|_All_Terrain_(A/T)_Community_03,Goodyear_SUV / 4x4_All Terrain (A/T)_0078,Firestone_SUV / 4x4_All Terrain (A/T)_0016,0.6334
SUV_/_4x4_|_All_Terrain_(A/T)_Community_03,Linglong_SUV / 4x4_All Terrain (A/T)_0031,Firestone_SUV / 4x4_All Terrain (A/T)_0016,0.6054
SUV_/_4x4_|_All_Terrain_(A/T)_Community_03,Pirelli_SUV / 4x4_All Terrain (A/T)_0068,Firestone_SUV / 4x4_All Terrain (A/T)_0016,0.1116
SUV_/_4x4_|_All_Terrain_(A/T)_Community_03,Uniroyal_SUV / 4x4_All Terrain (A/T)_0048,Firestone_SUV / 4x4_All Terrain (A/T)_0016,0.2175
SUV_/_4x4_|_All_Terrain_(A/T)_Community_03,Falken_SUV / 4x4_All Terrain (A/T)_0023,Fulda_SUV / 4x4_All Terrain (A/T)_0065,0.4237
SUV_/_4x4_|_All_Terrain_(A/T)_Community_03,Kumho_SUV / 4x4_All Terrain (A/T)_0035,Fulda_SUV / 4x4_All Terrain (A/T)_0065,0.3817
SUV_/_4x4_|_All_Terrain_(A/T)_Community_03,Michelin_SUV / 4x4_All Terrain (A/T)_0013,Fulda_SUV / 4x4_All Terrain (A/T)_0065,0.377
SUV_/_4x4_|_All_Terrain_(A/T)_Community_03,Roadmarch_SUV / 4x4_All Terrain (A/T)_0026,Fulda_SUV / 4x4_All Terrain (A/T)_0065,0.1368
SUV_/_4x4_|_All_Terrain_(A/T)_Community_03,Wanli_SUV / 4x4_All Terrain (A/T)_0055,Fulda_SUV / 4x4_All Terrain (A/T)_0065,0.3212
SUV_/_4x4_|_All_Terrain_(A/T)_Community_03,Yokohama_SUV / 4x4_All Terrain (A/T)_0030,Fulda_SUV / 4x4_All Terrain (A/T)_0065,0.1391
SUV_/_4x4_|_All_Terrain_(A/T)_Community_03,Bridgestone_SUV / 4x4_All Terrain (A/T)_0012,Goodyear_SUV / 4x4_All Terrain (A/T)_0073,0.4128
SUV_/_4x4_|_All_Terrain_(A/T)_Community_03,Falken_SUV / 4x4_All Terrain (A/T)_0079,Goodyear_SUV / 4x4_All Terrain (A/T)_0073,0.133
SUV_/_4x4_|_All_Terrain_(A/T)_Community_03,Linglong_SUV / 4x4_All Terrain (A/T)_0031,Goodyear_SUV / 4x4_All Terrain (A/T)_0073,0.7918
SUV_/_4x4_|_All_Terrain_(A/T)_Community_03,Roadmarch_SUV / 4x4_All Terrain (A/T)_0026,Goodyear_SUV / 4x4_All Terrain (A/T)_0073,0.6029
SUV_/_4x4_|_All_Terrain_(A/T)_Community_03,Uniroyal_SUV / 4x4_All Terrain (A/T)_0048,Goodyear_SUV / 4x4_All Terrain (A/T)_0073,0.0785
SUV_/_4x4_|_All_Terrain_(A/T)_Community_03,BFGoodrich_SUV / 4x4_All Terrain (A/T)_0033,Goodyear_SUV / 4x4_All Terrain (A/T)_0078,0.1374
SUV_/_4x4_|_All_Terrain_(A/T)_Community_03,Dunlop_SUV / 4x4_All Terrain (A/T)_0001,Goodyear_SUV / 4x4_All Terrain (A/T)_0078,0.2549
SUV_/_4x4_|_All_Terrain_(A/T)_Community_03,Goodyear_SUV / 4x4_All Terrain (A/T)_0073,Goodyear_SUV / 4x4_All Terrain (A/T)_0078,0.4467
SUV_/_4x4_|_All_Terrain_(A/T)_Community_03,Tomket_SUV / 4x4_All Terrain (A/T)_0069,Goodyear_SUV / 4x4_All Terrain (A/T)_0078,0.6681
SUV_/_4x4_|_All_Terrain_(A/T)_Community_03,Triangle_SUV / 4x4_All Terrain (A/T)_0057,Goodyear_SUV / 4x4_All Terrain (A/T)_0078,0.267
SUV_/_4x4_|_All_Terrain_(A/T)_Community_03,Bridgestone_SUV / 4x4_All Terrain (A/T)_0012,Hankook_SUV / 4x4_All Terrain (A/T)_0041,0.3327
SUV_/_4x4_|_All_Terrain_(A/T)_Community_03,Dunlop_SUV / 4x4_All Terrain (A/T)_0006,Hankook_SUV / 4x4_All Terrain (A/T)_0041,0.3448
SUV_/_4x4_|_All_Terrain_(A/T)_Community_03,Falken_SUV / 4x4_All Terrain (A/T)_0023,Hankook_SUV / 4x4_All Terrain (A/T)_0041,0.2247
SUV_/_4x4_|_All_Terrain_(A/T)_Community_03,Linglong_SUV / 4x4_All Terrain (A/T)_0031,Hankook_SUV / 4x4_All Terrain (A/T)_0041,0.7288
SUV_/_4x4_|_All_Terrain_(A/T)_Community_03,Yokohama_SUV / 4x4_All Terrain (A/T)_0036,Hankook_SUV / 4x4_All Terrain (A/T)_0041,0.0659
SUV_/_4x4_|_All_Terrain_(A/T)_Community_03,Bridgestone_SUV / 4x4_All Terrain (A/T)_0012,Kumho_SUV / 4x4_All Terrain (A/T)_0035,0.0538
SUV_/_4x4_|_All_Terrain_(A/T)_Community_03,Falken_SUV / 4x4_All Terrain (A/T)_0079,Kumho_SUV / 4x4_All Terrain (A/T)_0035,0.2304
SUV_/_4x4_|_All_Terrain_(A/T)_Community_03,Firestone_SUV / 4x4_All Terrain (A/T)_0016,Kumho_SUV / 4x4_All Terrain (A/T)_0035,0.1479
SUV_/_4x4_|_All_Terrain_(A/T)_Community_03,Fulda_SUV / 4x4_All Terrain (A/T)_0065,Kumho_SUV / 4x4_All Terrain (A/T)_0035,0.4216
SUV_/_4x4_|_All_Terrain_(A/T)_Community_03,Linglong_SUV / 4x4_All Terrain (A/T)_0031,Kumho_SUV / 4x4_All Terrain (A/T)_0035,0.6969
SUV_/_4x4_|_All_Terrain_(A/T)_Community_03,Uniroyal_SUV / 4x4_All Terrain (A/T)_0028,Kumho_SUV / 4x4_All Terrain (A/T)_0035,0.3383
SUV_/_4x4_|_All_Terrain_(A/T)_Community_03,BFGoodrich_SUV / 4x4_All Terrain (A/T)_0061,Linglong_SUV / 4x4_All Terrain (A/T)_0031,0.1998
SUV_/_4x4_|_All_Terrain_(A/T)_Community_03,Dunlop_SUV / 4x4_All Terrain (A/T)_0006,Linglong_SUV / 4x4_All Terrain (A/T)_0031,0.4591
SUV_/_4x4_|_All_Terrain_(A/T)_Community_03,Goodyear_SUV / 4x4_All Terrain (A/T)_0078,Linglong_SUV / 4x4_All Terrain (A/T)_0031,0.551
SUV_/_4x4_|_All_Terrain_(A/T)_Community_03,Uniroyal_SUV / 4x4_All Terrain (A/T)_0048,Linglong_SUV / 4x4_All Terrain (A/T)_0031,0.7552
SUV_/_4x4_|_All_Terrain_(A/T)_Community_03,Bridgestone_SUV / 4x4_All Terrain (A/T)_0012,Michelin_SUV / 4x4_All Terrain (A/T)_0013,0.3092
SUV_/_4x4_|_All_Terrain_(A/T)_Community_03,Dunlop_SUV / 4x4_All Terrain (A/T)_0006,Michelin_SUV / 4x4_All Terrain (A/T)_0013,0.2303
SUV_/_4x4_|_All_Terrain_(A/T)_Community_03,Pirelli_SUV / 4x4_All Terrain (A/T)_0068,Michelin_SUV / 4x4_All Terrain (A/T)_0013,0.3448
SUV_/_4x4_|_All_Terrain_(A/T)_Community_03,Tomket_SUV / 4x4_All Terrain (A/T)_0069,Michelin_SUV / 4x4_All Terrain (A/T)_0013,0.3288
SUV_/_4x4_|_All_Terrain_(A/T)_Community_03,Tracmax_SUV / 4x4_All Terrain (A/T)_0075,Michelin_SUV / 4x4_All Terrain (A/T)_0013,0.2866
SUV_/_4x4_|_All_Terrain_(A/T)_Community_03,Uniroyal_SUV / 4x4_All Terrain (A/T)_0048,Michelin_SUV / 4x4_All Terrain (A/T)_0013,0.4133
SUV_/_4x4_|_All_Terrain_(A/T)_Community_03,Cooper Tires_SUV / 4x4_All Terrain (A/T)_0009,Nexen_SUV / 4x4_All Terrain (A/T)_0025,0.6277
SUV_/_4x4_|_All_Terrain_(A/T)_Community_03,Dunlop_SUV / 4x4_All Terrain (A/T)_0070,Nexen_SUV / 4x4_All Terrain (A/T)_0025,0.2372
SUV_/_4x4_|_All_Terrain_(A/T)_Community_03,Falken_SUV / 4x4_All Terrain (A/T)_0023,Nexen_SUV / 4x4_All Terrain (A/T)_0025,0.3275
SUV_/_4x4_|_All_Terrain_(A/T)_Community_03,Goodyear_SUV / 4x4_All Terrain (A/T)_0073,Nexen_SUV / 4x4_All Terrain (A/T)_0025,0.2394
SUV_/_4x4_|_All_Terrain_(A/T)_Community_03,Michelin_SUV / 4x4_All Terrain (A/T)_0013,Nexen_SUV / 4x4_All Terrain (A/T)_0025,0.3655
SUV_/_4x4_|_All_Terrain_(A/T)_Community_03,Pirelli_SUV / 4x4_All Terrain (A/T)_0003,Nexen_SUV / 4x4_All Terrain (A/T)_0025,0.1217
SUV_/_4x4_|_All_Terrain_(A/T)_Community_03,Falken_SUV / 4x4_All Terrain (A/T)_0079,Pirelli_SUV / 4x4_All Terrain (A/T)_0003,0.6716
SUV_/_4x4_|_All_Terrain_(A/T)_Community_03,Fulda_SUV / 4x4_All Terrain (A/T)_0065,Pirelli_SUV / 4x4_All Terrain (A/T)_0003,0.0728
SUV_/_4x4_|_All_Terrain_(A/T)_Community_03,Goodyear_SUV / 4x4_All Terrain (A/T)_0078,Pirelli_SUV / 4x4_All Terrain (A/T)_0003,0.1575
SUV_/_4x4_|_All_Terrain_(A/T)_Community_03,Pirelli_SUV / 4x4_All Terrain (A/T)_0068,Pirelli_SUV / 4x4_All Terrain (A/T)_0003,0.1106
SUV_/_4x4_|_All_Terrain_(A/T)_Community_03,Yokohama_SUV / 4x4_All Terrain (A/T)_0030,Pirelli_SUV / 4x4_All Terrain (A/T)_0003,0.7479
SUV_/_4x4_|_All_Terrain_(A/T)_Community_03,Yokohama_SUV / 4x4_All Terrain (A/T)_0036,Pirelli_SUV / 4x4_All Terrain (A/T)_0003,0.1412
SUV_/_4x4_|_All_Terrain_(A/T)_Community_03,BFGoodrich_SUV / 4x4_All Terrain (A/T)_0061,Pirelli_SUV / 4x4_All Terrain (A/T)_0068,0.8722
SUV_/_4x4_|_All_Terrain_(A/T)_Community_03,Dunlop_SUV / 4x4_All Terrain (A/T)_0001,Pirelli_SUV / 4x4_All Terrain (A/T)_0068,0.1916
SUV_/_4x4_|_All_Terrain_(A/T)_Community_03,Kumho_SUV / 4x4_All Terrain (A/T)_0035,Pirelli_SUV / 4x4_All Terrain (A/T)_0068,0.9576
SUV_/_4x4_|_All_Terrain_(A/T)_Community_03,Linglong_SUV / 4x4_All Terrain (A/T)_0031,Roadmarch_SUV / 4x4_All Terrain (A/T)_0026,0.0577
SUV_/_4x4_|_All_Terrain_(A/T)_Community_03,Pirelli_SUV / 4x4_All Terrain (A/T)_0003,Roadmarch_SUV / 4x4_All Terrain (A/T)_0026,0.4522
SUV_/_4x4_|_All_Terrain_(A/T)_Community_03,Triangle_SUV / 4x4_All Terrain (A/T)_0057,Roadmarch_SUV / 4x4_All Terrain (A/T)_0026,0.5478
SUV_/_4x4_|_All_Terrain_(A/T)_Community_03,Uniroyal_SUV / 4x4_All Terrain (A/T)_0028,Roadmarch_SUV / 4x4_All Terrain (A/T)_0026,0.5289
SUV_/_4x4_|_All_Terrain_(A/T)_Community_03,Westlake_SUV / 4x4_All Terrain (A/T)_0015,Roadmarch_SUV / 4x4_All Terrain (A/T)_0026,0.2227
SUV_/_4x4_|_All_Terrain_(A/T)_Community_03,Yokohama_SUV / 4x4_All Terrain (A/T)_0030,Roadmarch_SUV / 4x4_All Terrain (A/T)_0026,0.0865
SUV_/_4x4_|_All_Terrain_(A/T)_Community_03,Firestone_SUV / 4x4_All Terrain (A/T)_0016,Roadmarch_SUV / 4x4_All Terrain (A/T)_0054,0.3446
SUV_/_4x4_|_All_Terrain_(A/T)_Community_03,Michelin_SUV / 4x4_All Terrain (A/T)_0013,Roadmarch_SUV / 4x4_All Terrain (A/T)_0054,0.7326
SUV_/_4x4_|_All_Terrain_(A/T)_Community_03,Nexen_SUV / 4x4_All Terrain (A/T)_0025,Roadmarch_SUV / 4x4_All Terrain (A/T)_0054,0.3634
SUV_/_4x4_|_All_Terrain_(A/T)_Community_03,Sailun_SUV / 4x4_All Terrain (A/T)_0027,Roadmarch_SUV / 4x4_All Terrain (A/T)_0054,0.1748
SUV_/_4x4_|_All_Terrain_(A/T)_Community_03,Yokohama_SUV / 4x4_All Terrain (A/T)_0047,Roadmarch_SUV / 4x4_All Terrain (A/T)_0054,0.3101
SUV_/_4x4_|_All_Terrain_(A/T)_Community_03,BFGoodrich_SUV / 4x4_All Terrain (A/T)_0033,Roadmarch_SUV / 4x4_All Terrain (A/T)_0066,0.2949
SUV_/_4x4_|_All_Terrain_(A/T)_Community_03,Bridgestone_SUV / 4x4_All Terrain (A/T)_0012,Roadmarch_SUV / 4x4_All Terrain (A/T)_0066,0.4624
SUV_/_4x4_|_All_Terrain_(A/T)_Community_03,Fulda_SUV / 4x4_All Terrain (A/T)_0065,Roadmarch_SUV / 4x4_All Terrain (A/T)_0066,0.3531
SUV_/_4x4_|_All_Terrain_(A/T)_Community_03,Roadmarch_SUV / 4x4_All Terrain (A/T)_0026,Roadmarch_SUV / 4x4_All Terrain (A/T)_0066,0.3572
SUV_/_4x4_|_All_Terrain_(A/T)_Community_03,Wanli_SUV / 4x4_All Terrain (A/T)_0055,Roadmarch_SUV / 4x4_All Terrain (A/T)_0066,0.3723
SUV_/_4x4_|_All_Terrain_(A/T)_Community_03,Falken_SUV / 4x4_All Terrain (A/T)_0023,Sailun_SUV / 4x4_All Terrain (A/T)_0027,0.4069
SUV_/_4x4_|_All_Terrain_(A/T)_Community_03,Firestone_SUV / 4x4_All Terrain (A/T)_0016,Sailun_SUV / 4x4_All Terrain (A/T)_0027,0.1453
SUV_/_4x4_|_All_Terrain_(A/T)_Community_03,Pirelli_SUV / 4x4_All Terrain (A/T)_0068,Sailun_SUV / 4x4_All Terrain (A/T)_0027,0.0856
SUV_/_4x4_|_All_Terrain_(A/T)_Community_03,Roadmarch_SUV / 4x4_All Terrain (A/T)_0066,Sailun_SUV / 4x4_All Terrain (A/T)_0027,0.1111
SUV_/_4x4_|_All_Terrain_(A/T)_Community_03,Tomket_SUV / 4x4_All Terrain (A/T)_0069,Sailun_SUV / 4x4_All Terrain (A/T)_0027,0.3948
SUV_/_4x4_|_All_Terrain_(A/T)_Community_03,Triangle_SUV / 4x4_All Terrain (A/T)_0057,Sailun_SUV / 4x4_All Terrain (A/T)_0027,0.156
SUV_/_4x4_|_All_Terrain_(A/T)_Community_03,Uniroyal_SUV / 4x4_All Terrain (A/T)_0048,Sailun_SUV / 4x4_All Terrain (A/T)_0027,0.4773
SUV_/_4x4_|_All_Terrain_(A/T)_Community_03,Yokohama_SUV / 4x4_All Terrain (A/T)_0047,Sailun_SUV / 4x4_All Terrain (A/T)_0027,0.2016
SUV_/_4x4_|_All_Terrain_(A/T)_Community_03,BFGoodrich_SUV / 4x4_All Terrain (A/T)_0061,Tomket_SUV / 4x4_All Terrain (A/T)_0069,1.0619
SUV_/_4x4_|_All_Terrain_(A/T)_Community_03,Cooper Tires_SUV / 4x4_All Terrain (A/T)_0009,Tomket_SUV / 4x4_All Terrain (A/T)_0069,0.316
SUV_/_4x4_|_All_Terrain_(A/T)_Community_03,Falken_SUV / 4x4_All Terrain (A/T)_0079,Tomket_SUV / 4x4_All Terrain (A/T)_0069,0.0774
SUV_/_4x4_|_All_Terrain_(A/T)_Community_03,Pirelli_SUV / 4x4_All Terrain (A/T)_0003,Tomket_SUV / 4x4_All Terrain (A/T)_0069,0.1078
SUV_/_4x4_|_All_Terrain_(A/T)_Community_03,Roadmarch_SUV / 4x4_All Terrain (A/T)_0026,Tomket_SUV / 4x4_All Terrain (A/T)_0069,0.1692
SUV_/_4x4_|_All_Terrain_(A/T)_Community_03,Yokohama_SUV / 4x4_All Terrain (A/T)_0047,Tomket_SUV / 4x4_All Terrain (A/T)_0069,0.236
SUV_/_4x4_|_All_Terrain_(A/T)_Community_03,Dunlop_SUV / 4x4_All Terrain (A/T)_0001,Tracmax_SUV / 4x4_All Terrain (A/T)_0075,0.8269
SUV_/_4x4_|_All_Terrain_(A/T)_Community_03,Goodyear_SUV / 4x4_All Terrain (A/T)_0078,Tracmax_SUV / 4x4_All Terrain (A/T)_0075,0.1161
SUV_/_4x4_|_All_Terrain_(A/T)_Community_03,Linglong_SUV / 4x4_All Terrain (A/T)_0031,Tracmax_SUV / 4x4_All Terrain (A/T)_0075,0.5061
SUV_/_4x4_|_All_Terrain_(A/T)_Community_03,Nexen_SUV / 4x4_All Terrain (A/T)_0025,Tracmax_SUV / 4x4_All Terrain (A/T)_0075,0.3888
SUV_/_4x4_|_All_Terrain_(A/T)_Community_03,Roadmarch_SUV / 4x4_All Terrain (A/T)_0066,Tracmax_SUV / 4x4_All Terrain (A/T)_0075,0.1329
SUV_/_4x4_|_All_Terrain_(A/T)_Community_03,BFGoodrich_SUV / 4x4_All Terrain (A/T)_0061,Triangle_SUV / 4x4_All Terrain (A/T)_0057,0.0551
SUV_/_4x4_|_All_Terrain_(A/T)_Community_03,Dunlop_SUV / 4x4_All Terrain (A/T)_0006,Triangle_SUV / 4x4_All Terrain (A/T)_0057,0.3876
SUV_/_4x4_|_All_Terrain_(A/T)_Community_03,Hankook_SUV / 4x4_All Terrain (A/T)_0041,Triangle_SUV / 4x4_All Terrain (A/T)_0057,0.2867
SUV_/_4x4_|_All_Terrain_(A/T)_Community_03,Kumho_SUV / 4x4_All Terrain (A/T)_0035,Triangle_SUV / 4x4_All Terrain (A/T)_0057,0.6097
SUV_/_4x4_|_All_Terrain_(A/T)_Community_03,Roadmarch_SUV / 4x4_All Terrain (A/T)_0066,Triangle_SUV / 4x4_All Terrain (A/T)_0057,0.0681
SUV_/_4x4_|_All_Terrain_(A/T)_Community_03,Uniroyal_SUV / 4x4_All Terrain (A/T)_0028,Triangle_SUV / 4x4_All Terrain (A/T)_0057,0.3484
SUV_/_4x4_|_All_Terrain_(A/T)_Community_03,Yokohama_SUV / 4x4_All Terrain (A/T)_0030,Triangle_SUV / 4x4_All Terrain (A/T)_0057,0.1381
SUV_/_4x4_|_All_Terrain_(A/T)_Community_03,Bridgestone_SUV / 4x4_All Terrain (A/T)_0012,Uniroyal_SUV / 4x4_All Terrain (A/T)_0028,0.1072
SUV_/_4x4_|_All_Terrain_(A/T)_Community_03,Dunlop_SUV / 4x4_All Terrain (A/T)_0001,Uniroyal_SUV / 4x4_All Terrain (A/T)_0028,0.6469
SUV_/_4x4_|_All_Terrain_(A/T)_Community_03,Hankook_SUV / 4x4_All Terrain (A/T)_0041,Uniroyal_SUV / 4x4_All Terrain (A/T)_0028,0.3818
SUV_/_4x4_|_All_Terrain_(A/T)_Community_03,Pirelli_SUV / 4x4_All Terrain (A/T)_0003,Uniroyal_SUV / 4x4_All Terrain (A/T)_0028,0.687
SUV_/_4x4_|_All_Terrain_(A/T)_Community_03,Kumho_SUV / 4x4_All Terrain (A/T)_0035,Uniroyal_SUV / 4x4_All Terrain (A/T)_0048,0.5748
SUV_/_4x4_|_All_Terrain_(A/T)_Community_03,Sailun_SUV / 4x4_All Terrain (A/T)_0027,Uniroyal_SUV / 4x4_All Terrain (A/T)_0048,0.2473
SUV_/_4x4_|_All_Terrain_(A/T)_Community_03,Wanli_SUV / 4x4_All Terrain (A/T)_0055,Uniroyal_SUV / 4x4_All Terrain (A/T)_0048,0.6536
SUV_/_4x4_|_All_Terrain_(A/T)_Community_03,Westlake_SUV / 4x4_All Terrain (A/T)_0015,Uniroyal_SUV / 4x4_All Terrain (A/T)_0048,0.3492
SUV_/_4x4_|_All_Terrain_(A/T)_Community_03,Cooper Tires_SUV / 4x4_All Terrain (A/T)_0009,Wanli_SUV / 4x4_All Terrain (A/T)_0055,0.2303
SUV_/_4x4_|_All_Terrain_(A/T)_Community_03,Fulda_SUV / 4x4_All Terrain (A/T)_0065,Wanli_SUV / 4x4_All Terrain (A/T)_0055,0.6663
SUV_/_4x4_|_All_Terrain_(A/T)_Community_03,Goodyear_SUV / 4x4_All Terrain (A/T)_0073,Wanli_SUV / 4x4_All Terrain (A/T)_0055,0.3201
SUV_/_4x4_|_All_Terrain_(A/T)_Community_03,Hankook_SUV / 4x4_All Terrain (A/T)_0041,Wanli_SUV / 4x4_All Terrain (A/T)_0055,0.0878
SUV_/_4x4_|_All_Terrain_(A/T)_Community_03,Roadmarch_SUV / 4x4_All Terrain (A/T)_0066,Wanli_SUV / 4x4_All Terrain (A/T)_0055,0.1441
SUV_/_4x4_|_All_Terrain_(A/T)_Community_03,Sailun_SUV / 4x4_All Terrain (A/T)_0027,Wanli_SUV / 4x4_All Terrain (A/T)_0055,0.0811
SUV_/_4x4_|_All_Terrain_(A/T)_Community_03,Tomket_SUV / 4x4_All Terrain (A/T)_0069,Wanli_SUV / 4x4_All Terrain (A/T)_0055,0.0926
SUV_/_4x4_|_All_Terrain_(A/T)_Community_03,Uniroyal_SUV / 4x4_All Terrain (A/T)_0048,Wanli_SUV / 4x4_All Terrain (A/T)_0055,0.1643
SUV_/_4x4_|_All_Terrain_(A/T)_Community_03,Yokohama_SUV / 4x4_All Terrain (A/T)_0030,Wanli_SUV / 4x4_All Terrain (A/T)_0055,0.0548
SUV_/_4x4_|_All_Terrain_(A/T)_Community_03,Yokohama_SUV / 4x4_All Terrain (A/T)_0047,Wanli_SUV / 4x4_All Terrain (A/T)_0055,0.0761
SUV_/_4x4_|_All_Terrain_(A/T)_Community_03,Bridgestone_SUV / 4x4_All Terrain (A/T)_0012,Westlake_SUV / 4x4_All Terrain (A/T)_0015,0.3981
SUV_/_4x4_|_All_Terrain_(A/T)_Community_03,Cooper Tires_SUV / 4x4_All Terrain (A/T)_0009,Westlake_SUV / 4x4_All Terrain (A/T)_0015,0.2433
SUV_/_4x4_|_All_Terrain_(A/T)_Community_03,Firestone_SUV / 4x4_All Terrain (A/T)_0016,Westlake_SUV / 4x4_All Terrain (A/T)_0015,0.1007
SUV_/_4x4_|_All_Terrain_(A/T)_Community_03,Pirelli_SUV / 4x4_All Terrain (A/T)_0068,Westlake_SUV / 4x4_All Terrain (A/T)_0015,0.4736
SUV_/_4x4_|_All_Terrain_(A/T)_Community_03,Roadmarch_SUV / 4x4_All Terrain (A/T)_0026,Westlake_SUV / 4x4_All Terrain (A/T)_0015,0.2148
SUV_/_4x4_|_All_Terrain_(A/T)_Community_03,Yokohama_SUV / 4x4_All Terrain (A/T)_0036,Westlake_SUV / 4x4_All Terrain (A/T)_0015,0.3622
SUV_/_4x4_|_All_Terrain_(A/T)_Community_03,Dunlop_SUV / 4x4_All Terrain (A/T)_0070,Yokohama_SUV / 4x4_All Terrain (A/T)_0030,0.1215
SUV_/_4x4_|_All_Terrain_(A/T)_Community_03,Firestone_SUV / 4x4_All Terrain (A/T)_0016,Yokohama_SUV / 4x4_All Terrain (A/T)_0030,0.396
SUV_/_4x4_|_All_Terrain_(A/T)_Community_03,Hankook_SUV / 4x4_All Terrain (A/T)_0041,Yokohama_SUV / 4x4_All Terrain (A/T)_0030,0.2681
SUV_/_4x4_|_All_Terrain_(A/T)_Community_03,Kumho_SUV / 4x4_All Terrain (A/T)_0035,Yokohama_SUV / 4x4_All Terrain (A/T)_0030,1.2154
SUV_/_4x4_|_All_Terrain_(A/T)_Community_03,Bridgestone_SUV / 4x4_All Terrain (A/T)_0012,Yokohama_SUV / 4x4_All Terrain (A/T)_0036,0.6746
SUV_/_4x4_|_All_Terrain_(A/T)_Community_03,Roadmarch_SUV / 4x4_All Terrain (A/T)_0054,Yokohama_SUV / 4x4_All Terrain (A/T)_0036,0.1926
SUV_/_4x4_|_All_Terrain_(A/T)_Community_03,Tracmax_SUV / 4x4_All Terrain (A/T)_0075,Yokohama_SUV / 4x4_All Terrain (A/T)_0036,0.0991
SUV_/_4x4_|_All_Terrain_(A/T)_Community_03,Wanli_SUV / 4x4_All Terrain (A/T)_0055,Yokohama_SUV / 4x4_All Terrain (A/T)_0036,0.5809
SUV_/_4x4_|_All_Terrain_(A/T)_Community_03,Westlake_SUV / 4x4_All Terrain (A/T)_0015,Yokohama_SUV / 4x4_All Terrain (A/T)_0036,0.3619
SUV_/_4x4_|_All_Terrain_(A/T)_Community_03,BFGoodrich_SUV / 4x4_All Terrain (A/T)_0033,Yokohama_SUV / 4x4_All Terrain (A/T)_0047,0.1866
SUV_/_4x4_|_All_Terrain_(A/T)_Community_03,Continental_SUV / 4x4_All Terrain (A/T)_0000,Yokohama_SUV / 4x4_All Terrain (A/T)_0047,0.1046
SUV_/_4x4_|_All_Terrain_(A/T)_Community_03,Cooper Tires_SUV / 4x4_All Terrain (A/T)_0009,Yokohama_SUV / 4x4_All Terrain (A/T)_0047,0.4057
SUV_/_4x4_|_All_Terrain_(A/T)_Community_03,Falken_SUV / 4x4_All Terrain (A/T)_0079,Yokohama_SUV / 4x4_All Terrain (A/T)_0047,0.4337
SUV_/_4x4_|_All_Terrain_(A/T)_Community_03,Sailun_SUV / 4x4_All Terrain (A/T)_0027,Yokohama_SUV / 4x4_All Terrain (A/T)_0047,0.1668
SUV_/_4x4_|_All_Terrain_(A/T)_Community_03,Tomket_SUV / 4x4_All Terrain (A/T)_0069,Yokohama_SUV / 4x4_All Terrain (A/T)_0047,0.3531
SUV_/_4x4_|_All_Terrain_(A/T)_Community_03,Wanli_SUV / 4x4_All Terrain (A/T)_0055,Yokohama_SUV / 4x4_All Terrain (A/T)_0047,0.1098
SUV_/_4x4_|_All_Terrain_(A/T)_Community_02,Continental_SUV / 4x4_All Terrain (A/T)_0032,BFGoodrich_SUV / 4x4_All Terrain (A/T)_0071,0.1897
SUV_/_4x4_|_All_Terrain_(A/T)_Community_02,Falken_SUV / 4x4_All Terrain (A/T)_0034,BFGoodrich_SUV / 4x4_All Terrain (A/T)_0071,1.122
SUV_/_4x4_|_All_Terrain_(A/T)_Community_02,Michelin_SUV / 4x4_All Terrain (A/T)_0043,BFGoodrich_SUV / 4x4_All Terrain (A/T)_0071,0.1026
SUV_/_4x4_|_All_Terrain_(A/T)_Community_02,Nokian_SUV / 4x4_All Terrain (A/T)_0019,BFGoodrich_SUV / 4x4_All Terrain (A/T)_0071,0.3624
SUV_/_4x4_|_All_Terrain_(A/T)_Community_02,Vredestein_SUV / 4x4_All Terrain (A/T)_0029,BFGoodrich_SUV / 4x4_All Terrain (A/T)_0071,0.1348
SUV_/_4x4_|_All_Terrain_(A/T)_Community_02,BFGoodrich_SUV / 4x4_All Terrain (A/T)_0071,Continental_SUV / 4x4_All Terrain (A/T)_0032,0.0767
SUV_/_4x4_|_All_Terrain_(A/T)_Community_02,Cooper Tires_SUV / 4x4_All Terrain (A/T)_0059,Continental_SUV / 4x4_All Terrain (A/T)_0032,1.1284
SUV_/_4x4_|_All_Terrain_(A/T)_Community_02,Triangle_SUV / 4x4_All Terrain (A/T)_0051,Continental_SUV / 4x4_All Terrain (A/T)_0032,0.4132
SUV_/_4x4_|_All_Terrain_(A/T)_Community_02,Vredestein_SUV / 4x4_All Terrain (A/T)_0022,Continental_SUV / 4x4_All Terrain (A/T)_0032,0.2179
SUV_/_4x4_|_All_Terrain_(A/T)_Community_02,Continental_SUV / 4x4_All Terrain (A/T)_0032,Cooper Tires_SUV / 4x4_All Terrain (A/T)_0059,1.1793
SUV_/_4x4_|_All_Terrain_(A/T)_Community_02,Falken_SUV / 4x4_All Terrain (A/T)_0034,Cooper Tires_SUV / 4x4_All Terrain (A/T)_0059,0.2909
SUV_/_4x4_|_All_Terrain_(A/T)_Community_02,Goodride_SUV / 4x4_All Terrain (A/T)_0004,Cooper Tires_SUV / 4x4_All Terrain (A/T)_0059,0.4428
SUV_/_4x4_|_All_Terrain_(A/T)_Community_02,Vredestein_SUV / 4x4_All Terrain (A/T)_0029,Cooper Tires_SUV / 4x4_All Terrain (A/T)_0059,0.2044
SUV_/_4x4_|_All_Terrain_(A/T)_Community_02,Goodride_SUV / 4x4_All Terrain (A/T)_0004,Falken_SUV / 4x4_All Terrain (A/T)_0034,0.3727
SUV_/_4x4_|_All_Terrain_(A/T)_Community_02,Linglong_SUV / 4x4_All Terrain (A/T)_0038,Falken_SUV / 4x4_All Terrain (A/T)_0034,0.485
SUV_/_4x4_|_All_Terrain_(A/T)_Community_02,Vredestein_SUV / 4x4_All Terrain (A/T)_0029,Falken_SUV / 4x4_All Terrain (A/T)_0034,1.118
SUV_/_4x4_|_All_Terrain_(A/T)_Community_02,Cooper Tires_SUV / 4x4_All Terrain (A/T)_0059,Goodride_SUV / 4x4_All Terrain (A/T)_0004,0.1566
SUV_/_4x4_|_All_Terrain_(A/T)_Community_02,Michelin_SUV / 4x4_All Terrain (A/T)_0043,Goodride_SUV / 4x4_All Terrain (A/T)_0004,0.0998
SUV_/_4x4_|_All_Terrain_(A/T)_Community_02,Nokian_SUV / 4x4_All Terrain (A/T)_0019,Goodride_SUV / 4x4_All Terrain (A/T)_0004,1.3867
SUV_/_4x4_|_All_Terrain_(A/T)_Community_02,Vredestein_SUV / 4x4_All Terrain (A/T)_0029,Goodride_SUV / 4x4_All Terrain (A/T)_0004,0.3576
SUV_/_4x4_|_All_Terrain_(A/T)_Community_02,Cooper Tires_SUV / 4x4_All Terrain (A/T)_0059,Linglong_SUV / 4x4_All Terrain (A/T)_0038,0.2441
SUV_/_4x4_|_All_Terrain_(A/T)_Community_02,Falken_SUV / 4x4_All Terrain (A/T)_0034,Linglong_SUV / 4x4_All Terrain (A/T)_0038,0.7605
SUV_/_4x4_|_All_Terrain_(A/T)_Community_02,Nokian_SUV / 4x4_All Terrain (A/T)_0019,Linglong_SUV / 4x4_All Terrain (A/T)_0038,0.2682
SUV_/_4x4_|_All_Terrain_(A/T)_Community_02,Vredestein_SUV / 4x4_All Terrain (A/T)_0022,Linglong_SUV / 4x4_All Terrain (A/T)_0038,0.1625
SUV_/_4x4_|_All_Terrain_(A/T)_Community_02,Vredestein_SUV / 4x4_All Terrain (A/T)_0029,Linglong_SUV / 4x4_All Terrain (A/T)_0038,0.5511
SUV_/_4x4_|_All_Terrain_(A/T)_Community_02,Goodride_SUV / 4x4_All Terrain (A/T)_0004,Michelin_SUV / 4x4_All Terrain (A/T)_0043,0.2749
SUV_/_4x4_|_All_Terrain_(A/T)_Community_02,Linglong_SUV / 4x4_All Terrain (A/T)_0038,Michelin_SUV / 4x4_All Terrain (A/T)_0043,0.6099
SUV_/_4x4_|_All_Terrain_(A/T)_Community_02,Nokian_SUV / 4x4_All Terrain (A/T)_0019,Michelin_SUV / 4x4_All Terrain (A/T)_0043,0.87
SUV_/_4x4_|_All_Terrain_(A/T)_Community_02,Vredestein_SUV / 4x4_All Terrain (A/T)_0029,Michelin_SUV / 4x4_All Terrain (A/T)_0043,0.201
SUV_/_4x4_|_All_Terrain_(A/T)_Community_02,BFGoodrich_SUV / 4x4_All Terrain (A/T)_0071,Nokian_SUV / 4x4_All Terrain (A/T)_0019,0.1694
SUV_/_4x4_|_All_Terrain_(A/T)_Community_02,Falken_SUV / 4x4_All Terrain (A/T)_0034,Nokian_SUV / 4x4_All Terrain (A/T)_0019,0.2579
SUV_/_4x4_|_All_Terrain_(A/T)_Community_02,Michelin_SUV / 4x4_All Terrain (A/T)_0043,Nokian_SUV / 4x4_All Terrain (A/T)_0019,0.2644
SUV_/_4x4_|_All_Terrain_(A/T)_Community_02,Vredestein_SUV / 4x4_All Terrain (A/T)_0029,Nokian_SUV / 4x4_All Terrain (A/T)_0019,0.0513
SUV_/_4x4_|_All_Terrain_(A/T)_Community_02,BFGoodrich_SUV / 4x4_All Terrain (A/T)_0071,Triangle_SUV / 4x4_All Terrain (A/T)_0051,1.2605
SUV_/_4x4_|_All_Terrain_(A/T)_Community_02,Falken_SUV / 4x4_All Terrain (A/T)_0034,Triangle_SUV / 4x4_All Terrain (A/T)_0051,0.074
SUV_/_4x4_|_All_Terrain_(A/T)_Community_02,Michelin_SUV / 4x4_All Terrain (A/T)_0043,Triangle_SUV / 4x4_All Terrain (A/T)_0051,0.3758
SUV_/_4x4_|_All_Terrain_(A/T)_Community_02,Nokian_SUV / 4x4_All Terrain (A/T)_0019,Triangle_SUV / 4x4_All Terrain (A/T)_0051,0.1543
SUV_/_4x4_|_All_Terrain_(A/T)_Community_02,Falken_SUV / 4x4_All Terrain (A/T)_0034,Vredestein_SUV / 4x4_All Terrain (A/T)_0022,0.4347
SUV_/_4x4_|_All_Terrain_(A/T)_Community_02,Nokian_SUV / 4x4_All Terrain (A/T)_0019,Vredestein_SUV / 4x4_All Terrain (A/T)_0022,0.3108
SUV_/_4x4_|_All_Terrain_(A/T)_Community_02,Triangle_SUV / 4x4_All Terrain (A/T)_0051,Vredestein_SUV / 4x4_All Terrain (A/T)_0022,0.2093
SUV_/_4x4_|_All_Terrain_(A/T)_Community_02,Vredestein_SUV / 4x4_All Terrain (A/T)_0029,Vredestein_SUV / 4x4_All Terrain (A/T)_0022,0.2067
SUV_/_4x4_|_All_Terrain_(A/T)_Community_02,Continental_SUV / 4x4_All Terrain (A/T)_0032,Vredestein_SUV / 4x4_All Terrain (A/T)_0029,0.2975
SUV_/_4x4_|_All_Terrain_(A/T)_Community_02,Falken_SUV / 4x4_All Terrain (A/T)_0034,Vredestein_SUV / 4x4_All Terrain (A/T)_0029,0.6806
SUV_/_4x4_|_All_Terrain_(A/T)_Community_02,Vredestein_SUV / 4x4_All Terrain (A/T)_0022,Vredestein_SUV / 4x4_All Terrain (A/T)_0029,0.9087
SUV_/_4x4_|_Mud_Terrain_(M/T)_Community_01,BFGoodrich_SUV / 4x4_Mud Terrain (M/T)_0030,BFGoodrich_SUV / 4x4_Mud Terrain (M/T)_0028,0.4092
SUV_/_4x4_|_Mud_Terrain_(M/T)_Community_01,Cooper Tires_SUV / 4x4_Mud Terrain (M/T)_0016,BFGoodrich_SUV / 4x4_Mud Terrain (M/T)_0028,0.2976
SUV_/_4x4_|_Mud_Terrain_(M/T)_Community_01,Fulda_SUV / 4x4_Mud Terrain (M/T)_0026,BFGoodrich_SUV / 4x4_Mud Terrain (M/T)_0028,0.6507
SUV_/_4x4_|_Mud_Terrain_(M/T)_Community_01,Wanli_SUV / 4x4_Mud Terrain (M/T)_0033,BFGoodrich_SUV / 4x4_Mud Terrain (M/T)_0028,0.2397
SUV_/_4x4_|_Mud_Terrain_(M/T)_Community_01,BFGoodrich_SUV / 4x4_Mud Terrain (M/T)_0053,BFGoodrich_SUV / 4x4_Mud Terrain (M/T)_0030,0.2292
SUV_/_4x4_|_Mud_Terrain_(M/T)_Community_01,Cooper Tires_SUV / 4x4_Mud Terrain (M/T)_0016,BFGoodrich_SUV / 4x4_Mud Terrain (M/T)_0030,0.1929
SUV_/_4x4_|_Mud_Terrain_(M/T)_Community_01,Fulda_SUV / 4x4_Mud Terrain (M/T)_0056,BFGoodrich_SUV / 4x4_Mud Terrain (M/T)_0030,0.3479
SUV_/_4x4_|_Mud_Terrain_(M/T)_Community_01,Mazzini_SUV / 4x4_Mud Terrain (M/T)_0012,BFGoodrich_SUV / 4x4_Mud Terrain (M/T)_0030,0.4139
SUV_/_4x4_|_Mud_Terrain_(M/T)_Community_01,Pirelli_SUV / 4x4_Mud Terrain (M/T)_0059,BFGoodrich_SUV / 4x4_Mud Terrain (M/T)_0030,0.2704
SUV_/_4x4_|_Mud_Terrain_(M/T)_Community_01,Tracmax_SUV / 4x4_Mud Terrain (M/T)_0038,BFGoodrich_SUV / 4x4_Mud Terrain (M/T)_0030,0.1617
SUV_/_4x4_|_Mud_Terrain_(M/T)_Community_01,BFGoodrich_SUV / 4x4_Mud Terrain (M/T)_0030,BFGoodrich_SUV / 4x4_Mud Terrain (M/T)_0053,0.2977
SUV_/_4x4_|_Mud_Terrain_(M/T)_Community_01,Pirelli_SUV / 4x4_Mud Terrain (M/T)_0059,BFGoodrich_SUV / 4x4_Mud Terrain (M/T)_0053,0.0618
SUV_/_4x4_|_Mud_Terrain_(M/T)_Community_01,Tracmax_SUV / 4x4_Mud Terrain (M/T)_0038,BFGoodrich_SUV / 4x4_Mud Terrain (M/T)_0053,0.7678
SUV_/_4x4_|_Mud_Terrain_(M/T)_Community_01,Westlake_SUV / 4x4_Mud Terrain (M/T)_0072,BFGoodrich_SUV / 4x4_Mud Terrain (M/T)_0053,0.4548
SUV_/_4x4_|_Mud_Terrain_(M/T)_Community_01,Cooper Tires_SUV / 4x4_Mud Terrain (M/T)_0016,Bridgestone_SUV / 4x4_Mud Terrain (M/T)_0040,0.5197
SUV_/_4x4_|_Mud_Terrain_(M/T)_Community_01,Dunlop_SUV / 4x4_Mud Terrain (M/T)_0003,Bridgestone_SUV / 4x4_Mud Terrain (M/T)_0040,1.0227
SUV_/_4x4_|_Mud_Terrain_(M/T)_Community_01,Bridgestone_SUV / 4x4_Mud Terrain (M/T)_0040,Bridgestone_SUV / 4x4_Mud Terrain (M/T)_0066,0.06
SUV_/_4x4_|_Mud_Terrain_(M/T)_Community_01,Fulda_SUV / 4x4_Mud Terrain (M/T)_0026,Bridgestone_SUV / 4x4_Mud Terrain (M/T)_0066,0.6434
SUV_/_4x4_|_Mud_Terrain_(M/T)_Community_01,Goodyear_SUV / 4x4_Mud Terrain (M/T)_0045,Bridgestone_SUV / 4x4_Mud Terrain (M/T)_0066,0.5252
SUV_/_4x4_|_Mud_Terrain_(M/T)_Community_01,Vredestein_SUV / 4x4_Mud Terrain (M/T)_0060,Bridgestone_SUV / 4x4_Mud Terrain (M/T)_0066,0.3203
SUV_/_4x4_|_Mud_Terrain_(M/T)_Community_01,BFGoodrich_SUV / 4x4_Mud Terrain (M/T)_0028,Continental_SUV / 4x4_Mud Terrain (M/T)_0025,0.545
SUV_/_4x4_|_Mud_Terrain_(M/T)_Community_01,Fulda_SUV / 4x4_Mud Terrain (M/T)_0056,Continental_SUV / 4x4_Mud Terrain (M/T)_0025,0.7171
SUV_/_4x4_|_Mud_Terrain_(M/T)_Community_01,Goodyear_SUV / 4x4_Mud Terrain (M/T)_0045,Continental_SUV / 4x4_Mud Terrain (M/T)_0025,0.0567
SUV_/_4x4_|_Mud_Terrain_(M/T)_Community_01,Sailun_SUV / 4x4_Mud Terrain (M/T)_0049,Continental_SUV / 4x4_Mud Terrain (M/T)_0025,0.0702
SUV_/_4x4_|_Mud_Terrain_(M/T)_Community_01,Tomket_SUV / 4x4_Mud Terrain (M/T)_0034,Continental_SUV / 4x4_Mud Terrain (M/T)_0025,0.2041
SUV_/_4x4_|_Mud_Terrain_(M/T)_Community_01,Bridgestone_SUV / 4x4_Mud Terrain (M/T)_0066,Cooper Tires_SUV / 4x4_Mud Terrain (M/T)_0016,0.3032
SUV_/_4x4_|_Mud_Terrain_(M/T)_Community_01,Fulda_SUV / 4x4_Mud Terrain (M/T)_0076,Cooper Tires_SUV / 4x4_Mud Terrain (M/T)_0016,0.2806
SUV_/_4x4_|_Mud_Terrain_(M/T)_Community_01,Minerva_SUV / 4x4_Mud Terrain (M/T)_0020,Cooper Tires_SUV / 4x4_Mud Terrain (M/T)_0016,0.3313
SUV_/_4x4_|_Mud_Terrain_(M/T)_Community_01,Tomket_SUV / 4x4_Mud Terrain (M/T)_0034,Cooper Tires_SUV / 4x4_Mud Terrain (M/T)_0016,0.39
SUV_/_4x4_|_Mud_Terrain_(M/T)_Community_01,Wanli_SUV / 4x4_Mud Terrain (M/T)_0074,Cooper Tires_SUV / 4x4_Mud Terrain (M/T)_0016,0.0619
SUV_/_4x4_|_Mud_Terrain_(M/T)_Community_01,Yokohama_SUV / 4x4_Mud Terrain (M/T)_0039,Cooper Tires_SUV / 4x4_Mud Terrain (M/T)_0016,0.1715
SUV_/_4x4_|_Mud_Terrain_(M/T)_Community_01,Fulda_SUV / 4x4_Mud Terrain (M/T)_0078,Dunlop_SUV / 4x4_Mud Terrain (M/T)_0003,0.2468
SUV_/_4x4_|_Mud_Terrain_(M/T)_Community_01,Goodyear_SUV / 4x4_Mud Terrain (M/T)_0045,Dunlop_SUV / 4x4_Mud Terrain (M/T)_0003,0.3328
SUV_/_4x4_|_Mud_Terrain_(M/T)_Community_01,Minerva_SUV / 4x4_Mud Terrain (M/T)_0037,Dunlop_SUV / 4x4_Mud Terrain (M/T)_0003,0.1883
SUV_/_4x4_|_Mud_Terrain_(M/T)_Community_01,Yokohama_SUV / 4x4_Mud Terrain (M/T)_0006,Dunlop_SUV / 4x4_Mud Terrain (M/T)_0003,0.8608
SUV_/_4x4_|_Mud_Terrain_(M/T)_Community_01,BFGoodrich_SUV / 4x4_Mud Terrain (M/T)_0030,Dunlop_SUV / 4x4_Mud Terrain (M/T)_0024,0.1729
SUV_/_4x4_|_Mud_Terrain_(M/T)_Community_01,Dunlop_SUV / 4x4_Mud Terrain (M/T)_0003,Dunlop_SUV / 4x4_Mud Terrain (M/T)_0024,0.3264
SUV_/_4x4_|_Mud_Terrain_(M/T)_Community_01,Falken_SUV / 4x4_Mud Terrain (M/T)_0044,Dunlop_SUV / 4x4_Mud Terrain (M/T)_0024,0.3403
SUV_/_4x4_|_Mud_Terrain_(M/T)_Community_01,GT Radial_SUV / 4x4_Mud Terrain (M/T)_0001,Dunlop_SUV / 4x4_Mud Terrain (M/T)_0024,0.2482
SUV_/_4x4_|_Mud_Terrain_(M/T)_Community_01,Vredestein_SUV / 4x4_Mud Terrain (M/T)_0060,Dunlop_SUV / 4x4_Mud Terrain (M/T)_0024,0.1091
SUV_/_4x4_|_Mud_Terrain_(M/T)_Community_01,Wanli_SUV / 4x4_Mud Terrain (M/T)_0074,Dunlop_SUV / 4x4_Mud Terrain (M/T)_0024,0.1765
SUV_/_4x4_|_Mud_Terrain_(M/T)_Community_01,Westlake_SUV / 4x4_Mud Terrain (M/T)_0072,Dunlop_SUV / 4x4_Mud Terrain (M/T)_0024,0.0501
SUV_/_4x4_|_Mud_Terrain_(M/T)_Community_01,Continental_SUV / 4x4_Mud Terrain (M/T)_0025,Falken_SUV / 4x4_Mud Terrain (M/T)_0044,0.3901
SUV_/_4x4_|_Mud_Terrain_(M/T)_Community_01,Firestone_SUV / 4x4_Mud Terrain (M/T)_0010,Falken_SUV / 4x4_Mud Terrain (M/T)_0044,0.0564
SUV_/_4x4_|_Mud_Terrain_(M/T)_Community_01,Fulda_SUV / 4x4_Mud Terrain (M/T)_0076,Falken_SUV / 4x4_Mud Terrain (M/T)_0044,0.085
SUV_/_4x4_|_Mud_Terrain_(M/T)_Community_01,GT Radial_SUV / 4x4_Mud Terrain (M/T)_0001,Falken_SUV / 4x4_Mud Terrain (M/T)_0044,0.1151
SUV_/_4x4_|_Mud_Terrain_(M/T)_Community_01,Tomket_SUV / 4x4_Mud Terrain (M/T)_0034,Falken_SUV / 4x4_Mud Terrain (M/T)_0044,0.5747
SUV_/_4x4_|_Mud_Terrain_(M/T)_Community_01,Westlake_SUV / 4x4_Mud Terrain (M/T)_0062,Falken_SUV / 4x4_Mud Terrain (M/T)_0044,0.0919
SUV_/_4x4_|_Mud_Terrain_(M/T)_Community_01,Yokohama_SUV / 4x4_Mud Terrain (M/T)_0006,Falken_SUV / 4x4_Mud Terrain (M/T)_0044,0.0783
SUV_/_4x4_|_Mud_Terrain_(M/T)_Community_01,Cooper Tires_SUV / 4x4_Mud Terrain (M/T)_0016,Firestone_SUV / 4x4_Mud Terrain (M/T)_0010,0.1892
SUV_/_4x4_|_Mud_Terrain_(M/T)_Community_01,Fulda_SUV / 4x4_Mud Terrain (M/T)_0056,Firestone_SUV / 4x4_Mud Terrain (M/T)_0010,0.3452
SUV_/_4x4_|_Mud_Terrain_(M/T)_Community_01,GT Radial_SUV / 4x4_Mud Terrain (M/T)_0052,Firestone_SUV / 4x4_Mud Terrain (M/T)_0010,0.1592
SUV_/_4x4_|_Mud_Terrain_(M/T)_Community_01,Kumho_SUV / 4x4_Mud Terrain (M/T)_0014,Firestone_SUV / 4x4_Mud Terrain (M/T)_0010,0.2058
SUV_/_4x4_|_Mud_Terrain_(M/T)_Community_01,Sailun_SUV / 4x4_Mud Terrain (M/T)_0049,Firestone_SUV / 4x4_Mud Terrain (M/T)_0010,0.5163
SUV_/_4x4_|_Mud_Terrain_(M/T)_Community_01,Tracmax_SUV / 4x4_Mud Terrain (M/T)_0038,Firestone_SUV / 4x4_Mud Terrain (M/T)_0010,0.0952
SUV_/_4x4_|_Mud_Terrain_(M/T)_Community_01,Bridgestone_SUV / 4x4_Mud Terrain (M/T)_0066,Fulda_SUV / 4x4_Mud Terrain (M/T)_0026,0.6679
SUV_/_4x4_|_Mud_Terrain_(M/T)_Community_01,Fulda_SUV / 4x4_Mud Terrain (M/T)_0076,Fulda_SUV / 4x4_Mud Terrain (M/T)_0026,0.1547
SUV_/_4x4_|_Mud_Terrain_(M/T)_Community_01,Yokohama_SUV / 4x4_Mud Terrain (M/T)_0039,Fulda_SUV / 4x4_Mud Terrain (M/T)_0026,0.6237
SUV_/_4x4_|_Mud_Terrain_(M/T)_Community_01,BFGoodrich_SUV / 4x4_Mud Terrain (M/T)_0053,Fulda_SUV / 4x4_Mud Terrain (M/T)_0056,0.0709
SUV_/_4x4_|_Mud_Terrain_(M/T)_Community_01,Bridgestone_SUV / 4x4_Mud Terrain (M/T)_0040,Fulda_SUV / 4x4_Mud Terrain (M/T)_0056,0.5408
SUV_/_4x4_|_Mud_Terrain_(M/T)_Community_01,Continental_SUV / 4x4_Mud Terrain (M/T)_0025,Fulda_SUV / 4x4_Mud Terrain (M/T)_0056,0.0742
SUV_/_4x4_|_Mud_Terrain_(M/T)_Community_01,Fulda_SUV / 4x4_Mud Terrain (M/T)_0078,Fulda_SUV / 4x4_Mud Terrain (M/T)_0056,0.2198
SUV_/_4x4_|_Mud_Terrain_(M/T)_Community_01,Goodyear_SUV / 4x4_Mud Terrain (M/T)_0045,Fulda_SUV / 4x4_Mud Terrain (M/T)_0056,0.7657
SUV_/_4x4_|_Mud_Terrain_(M/T)_Community_01,BFGoodrich_SUV / 4x4_Mud Terrain (M/T)_0028,Fulda_SUV / 4x4_Mud Terrain (M/T)_0076,0.2417
SUV_/_4x4_|_Mud_Terrain_(M/T)_Community_01,Falken_SUV / 4x4_Mud Terrain (M/T)_0044,Fulda_SUV / 4x4_Mud Terrain (M/T)_0076,0.7548
SUV_/_4x4_|_Mud_Terrain_(M/T)_Community_01,Westlake_SUV / 4x4_Mud Terrain (M/T)_0032,Fulda_SUV / 4x4_Mud Terrain (M/T)_0076,0.6285
SUV_/_4x4_|_Mud_Terrain_(M/T)_Community_01,Cooper Tires_SUV / 4x4_Mud Terrain (M/T)_0016,Fulda_SUV / 4x4_Mud Terrain (M/T)_0078,0.2228
SUV_/_4x4_|_Mud_Terrain_(M/T)_Community_01,Goodyear_SUV / 4x4_Mud Terrain (M/T)_0045,Fulda_SUV / 4x4_Mud Terrain (M/T)_0078,0.0759
SUV_/_4x4_|_Mud_Terrain_(M/T)_Community_01,Sailun_SUV / 4x4_Mud Terrain (M/T)_0049,Fulda_SUV / 4x4_Mud Terrain (M/T)_0078,0.603
SUV_/_4x4_|_Mud_Terrain_(M/T)_Community_01,Vredestein_SUV / 4x4_Mud Terrain (M/T)_0060,Fulda_SUV / 4x4_Mud Terrain (M/T)_0078,0.2815
SUV_/_4x4_|_Mud_Terrain_(M/T)_Community_01,Yokohama_SUV / 4x4_Mud Terrain (M/T)_0006,Fulda_SUV / 4x4_Mud Terrain (M/T)_0078,0.2463
SUV_/_4x4_|_Mud_Terrain_(M/T)_Community_01,BFGoodrich_SUV / 4x4_Mud Terrain (M/T)_0053,GT Radial_SUV / 4x4_Mud Terrain (M/T)_0001,0.1599
SUV_/_4x4_|_Mud_Terrain_(M/T)_Community_01,Continental_SUV / 4x4_Mud Terrain (M/T)_0025,GT Radial_SUV / 4x4_Mud Terrain (M/T)_0001,0.1003
SUV_/_4x4_|_Mud_Terrain_(M/T)_Community_01,Fulda_SUV / 4x4_Mud Terrain (M/T)_0056,GT Radial_SUV / 4x4_Mud Terrain (M/T)_0001,0.1817
SUV_/_4x4_|_Mud_Terrain_(M/T)_Community_01,Fulda_SUV / 4x4_Mud Terrain (M/T)_0078,GT Radial_SUV / 4x4_Mud Terrain (M/T)_0001,0.5992
SUV_/_4x4_|_Mud_Terrain_(M/T)_Community_01,Sailun_SUV / 4x4_Mud Terrain (M/T)_0049,GT Radial_SUV / 4x4_Mud Terrain (M/T)_0001,0.3618
SUV_/_4x4_|_Mud_Terrain_(M/T)_Community_01,Tomket_SUV / 4x4_Mud Terrain (M/T)_0034,GT Radial_SUV / 4x4_Mud Terrain (M/T)_0001,0.1354
SUV_/_4x4_|_Mud_Terrain_(M/T)_Community_01,Yokohama_SUV / 4x4_Mud Terrain (M/T)_0039,GT Radial_SUV / 4x4_Mud Terrain (M/T)_0001,0.1596
SUV_/_4x4_|_Mud_Terrain_(M/T)_Community_01,Dunlop_SUV / 4x4_Mud Terrain (M/T)_0003,GT Radial_SUV / 4x4_Mud Terrain (M/T)_0052,0.2579
SUV_/_4x4_|_Mud_Terrain_(M/T)_Community_01,Fulda_SUV / 4x4_Mud Terrain (M/T)_0078,GT Radial_SUV / 4x4_Mud Terrain (M/T)_0052,0.1303
SUV_/_4x4_|_Mud_Terrain_(M/T)_Community_01,Goodyear_SUV / 4x4_Mud Terrain (M/T)_0045,GT Radial_SUV / 4x4_Mud Terrain (M/T)_0052,0.9144
SUV_/_4x4_|_Mud_Terrain_(M/T)_Community_01,Nokian_SUV / 4x4_Mud Terrain (M/T)_0050,GT Radial_SUV / 4x4_Mud Terrain (M/T)_0052,0.2271
SUV_/_4x4_|_Mud_Terrain_(M/T)_Community_01,Falken_SUV / 4x4_Mud Terrain (M/T)_0044,Goodyear_SUV / 4x4_Mud Terrain (M/T)_0004,0.3842
SUV_/_4x4_|_Mud_Terrain_(M/T)_Community_01,Vredestein_SUV / 4x4_Mud Terrain (M/T)_0047,Goodyear_SUV / 4x4_Mud Terrain (M/T)_0004,1.198
SUV_/_4x4_|_Mud_Terrain_(M/T)_Community_01,Fulda_SUV / 4x4_Mud Terrain (M/T)_0026,Goodyear_SUV / 4x4_Mud Terrain (M/T)_0045,0.1046
SUV_/_4x4_|_Mud_Terrain_(M/T)_Community_01,Fulda_SUV / 4x4_Mud Terrain (M/T)_0078,Goodyear_SUV / 4x4_Mud Terrain (M/T)_0045,0.4665
SUV_/_4x4_|_Mud_Terrain_(M/T)_Community_01,Hankook_SUV / 4x4_Mud Terrain (M/T)_0058,Goodyear_SUV / 4x4_Mud Terrain (M/T)_0045,0.5746
SUV_/_4x4_|_Mud_Terrain_(M/T)_Community_01,Nokian_SUV / 4x4_Mud Terrain (M/T)_0050,Goodyear_SUV / 4x4_Mud Terrain (M/T)_0045,0.206
SUV_/_4x4_|_Mud_Terrain_(M/T)_Community_01,Continental_SUV / 4x4_Mud Terrain (M/T)_0025,Hankook_SUV / 4x4_Mud Terrain (M/T)_0058,0.3103
SUV_/_4x4_|_Mud_Terrain_(M/T)_Community_01,Dunlop_SUV / 4x4_Mud Terrain (M/T)_0024,Hankook_SUV / 4x4_Mud Terrain (M/T)_0058,0.1026
SUV_/_4x4_|_Mud_Terrain_(M/T)_Community_01,Minerva_SUV / 4x4_Mud Terrain (M/T)_0020,Hankook_SUV / 4x4_Mud Terrain (M/T)_0058,0.5712
SUV_/_4x4_|_Mud_Terrain_(M/T)_Community_01,Nokian_SUV / 4x4_Mud Terrain (M/T)_0050,Hankook_SUV / 4x4_Mud Terrain (M/T)_0058,0.1402
SUV_/_4x4_|_Mud_Terrain_(M/T)_Community_01,Uniroyal_SUV / 4x4_Mud Terrain (M/T)_0023,Hankook_SUV / 4x4_Mud Terrain (M/T)_0058,0.3616
SUV_/_4x4_|_Mud_Terrain_(M/T)_Community_01,Westlake_SUV / 4x4_Mud Terrain (M/T)_0062,Hankook_SUV / 4x4_Mud Terrain (M/T)_0058,0.1878
SUV_/_4x4_|_Mud_Terrain_(M/T)_Community_01,Dunlop_SUV / 4x4_Mud Terrain (M/T)_0003,Kumho_SUV / 4x4_Mud Terrain (M/T)_0014,0.6538
SUV_/_4x4_|_Mud_Terrain_(M/T)_Community_01,Fulda_SUV / 4x4_Mud Terrain (M/T)_0056,Kumho_SUV / 4x4_Mud Terrain (M/T)_0014,0.108
SUV_/_4x4_|_Mud_Terrain_(M/T)_Community_01,Mazzini_SUV / 4x4_Mud Terrain (M/T)_0012,Kumho_SUV / 4x4_Mud Terrain (M/T)_0014,0.284
SUV_/_4x4_|_Mud_Terrain_(M/T)_Community_01,Vredestein_SUV / 4x4_Mud Terrain (M/T)_0047,Kumho_SUV / 4x4_Mud Terrain (M/T)_0014,0.1158
SUV_/_4x4_|_Mud_Terrain_(M/T)_Community_01,Yokohama_SUV / 4x4_Mud Terrain (M/T)_0039,Kumho_SUV / 4x4_Mud Terrain (M/T)_0014,0.163
SUV_/_4x4_|_Mud_Terrain_(M/T)_Community_01,Cooper Tires_SUV / 4x4_Mud Terrain (M/T)_0016,Mazzini_SUV / 4x4_Mud Terrain (M/T)_0012,0.0833
SUV_/_4x4_|_Mud_Terrain_(M/T)_Community_01,Hankook_SUV / 4x4_Mud Terrain (M/T)_0058,Mazzini_SUV / 4x4_Mud Terrain (M/T)_0012,0.3916
SUV_/_4x4_|_Mud_Terrain_(M/T)_Community_01,Triangle_SUV / 4x4_Mud Terrain (M/T)_0027,Mazzini_SUV / 4x4_Mud Terrain (M/T)_0012,0.1061
SUV_/_4x4_|_Mud_Terrain_(M/T)_Community_01,Wanli_SUV / 4x4_Mud Terrain (M/T)_0033,Mazzini_SUV / 4x4_Mud Terrain (M/T)_0012,0.971
SUV_/_4x4_|_Mud_Terrain_(M/T)_Community_01,Yokohama_SUV / 4x4_Mud Terrain (M/T)_0039,Mazzini_SUV / 4x4_Mud Terrain (M/T)_0012,0.0711
SUV_/_4x4_|_Mud_Terrain_(M/T)_Community_01,Dunlop_SUV / 4x4_Mud Terrain (M/T)_0024,Minerva_SUV / 4x4_Mud Terrain (M/T)_0020,0.1424
SUV_/_4x4_|_Mud_Terrain_(M/T)_Community_01,Fulda_SUV / 4x4_Mud Terrain (M/T)_0026,Minerva_SUV / 4x4_Mud Terrain (M/T)_0020,0.1713
SUV_/_4x4_|_Mud_Terrain_(M/T)_Community_01,Mazzini_SUV / 4x4_Mud Terrain (M/T)_0012,Minerva_SUV / 4x4_Mud Terrain (M/T)_0020,0.2524
SUV_/_4x4_|_Mud_Terrain_(M/T)_Community_01,Nexen_SUV / 4x4_Mud Terrain (M/T)_0048,Minerva_SUV / 4x4_Mud Terrain (M/T)_0020,0.7838
SUV_/_4x4_|_Mud_Terrain_(M/T)_Community_01,Yokohama_SUV / 4x4_Mud Terrain (M/T)_0006,Minerva_SUV / 4x4_Mud Terrain (M/T)_0020,0.1745
SUV_/_4x4_|_Mud_Terrain_(M/T)_Community_01,BFGoodrich_SUV / 4x4_Mud Terrain (M/T)_0028,Minerva_SUV / 4x4_Mud Terrain (M/T)_0037,0.3893
SUV_/_4x4_|_Mud_Terrain_(M/T)_Community_01,Continental_SUV / 4x4_Mud Terrain (M/T)_0025,Minerva_SUV / 4x4_Mud Terrain (M/T)_0037,0.2258
SUV_/_4x4_|_Mud_Terrain_(M/T)_Community_01,Dunlop_SUV / 4x4_Mud Terrain (M/T)_0003,Minerva_SUV / 4x4_Mud Terrain (M/T)_0037,0.2241
SUV_/_4x4_|_Mud_Terrain_(M/T)_Community_01,Falken_SUV / 4x4_Mud Terrain (M/T)_0044,Minerva_SUV / 4x4_Mud Terrain (M/T)_0037,0.2063
SUV_/_4x4_|_Mud_Terrain_(M/T)_Community_01,Fulda_SUV / 4x4_Mud Terrain (M/T)_0076,Minerva_SUV / 4x4_Mud Terrain (M/T)_0037,0.3272
SUV_/_4x4_|_Mud_Terrain_(M/T)_Community_01,Vredestein_SUV / 4x4_Mud Terrain (M/T)_0060,Minerva_SUV / 4x4_Mud Terrain (M/T)_0037,0.0968
SUV_/_4x4_|_Mud_Terrain_(M/T)_Community_01,Yokohama_SUV / 4x4_Mud Terrain (M/T)_0006,Minerva_SUV / 4x4_Mud Terrain (M/T)_0037,0.2129
SUV_/_4x4_|_Mud_Terrain_(M/T)_Community_01,Bridgestone_SUV / 4x4_Mud Terrain (M/T)_0066,Nexen_SUV / 4x4_Mud Terrain (M/T)_0048,0.2244
SUV_/_4x4_|_Mud_Terrain_(M/T)_Community_01,Continental_SUV / 4x4_Mud Terrain (M/T)_0025,Nexen_SUV / 4x4_Mud Terrain (M/T)_0048,0.7249
SUV_/_4x4_|_Mud_Terrain_(M/T)_Community_01,Falken_SUV / 4x4_Mud Terrain (M/T)_0044,Nexen_SUV / 4x4_Mud Terrain (M/T)_0048,0.2204
SUV_/_4x4_|_Mud_Terrain_(M/T)_Community_01,Firestone_SUV / 4x4_Mud Terrain (M/T)_0010,Nexen_SUV / 4x4_Mud Terrain (M/T)_0048,0.0783
SUV_/_4x4_|_Mud_Terrain_(M/T)_Community_01,Tomket_SUV / 4x4_Mud Terrain (M/T)_0034,Nexen_SUV / 4x4_Mud Terrain (M/T)_0048,0.1685
SUV_/_4x4_|_Mud_Terrain_(M/T)_Community_01,BFGoodrich_SUV / 4x4_Mud Terrain (M/T)_0028,Nokian_SUV / 4x4_Mud Terrain (M/T)_0050,0.4339
SUV_/_4x4_|_Mud_Terrain_(M/T)_Community_01,Bridgestone_SUV / 4x4_Mud Terrain (M/T)_0040,Nokian_SUV / 4x4_Mud Terrain (M/T)_0050,0.0975
SUV_/_4x4_|_Mud_Terrain_(M/T)_Community_01,Dunlop_SUV / 4x4_Mud Terrain (M/T)_0024,Nokian_SUV / 4x4_Mud Terrain (M/T)_0050,0.2057
SUV_/_4x4_|_Mud_Terrain_(M/T)_Community_01,Fulda_SUV / 4x4_Mud Terrain (M/T)_0026,Nokian_SUV / 4x4_Mud Terrain (M/T)_0050,0.4613
SUV_/_4x4_|_Mud_Terrain_(M/T)_Community_01,Goodyear_SUV / 4x4_Mud Terrain (M/T)_0045,Nokian_SUV / 4x4_Mud Terrain (M/T)_0050,0.2527
SUV_/_4x4_|_Mud_Terrain_(M/T)_Community_01,Wanli_SUV / 4x4_Mud Terrain (M/T)_0074,Nokian_SUV / 4x4_Mud Terrain (M/T)_0050,0.1143
SUV_/_4x4_|_Mud_Terrain_(M/T)_Community_01,Dunlop_SUV / 4x4_Mud Terrain (M/T)_0003,Pirelli_SUV / 4x4_Mud Terrain (M/T)_0059,0.1131
SUV_/_4x4_|_Mud_Terrain_(M/T)_Community_01,Fulda_SUV / 4x4_Mud Terrain (M/T)_0026,Pirelli_SUV / 4x4_Mud Terrain (M/T)_0059,0.1033
SUV_/_4x4_|_Mud_Terrain_(M/T)_Community_01,GT Radial_SUV / 4x4_Mud Terrain (M/T)_0001,Pirelli_SUV / 4x4_Mud Terrain (M/T)_0059,0.0772
SUV_/_4x4_|_Mud_Terrain_(M/T)_Community_01,Sailun_SUV / 4x4_Mud Terrain (M/T)_0049,Pirelli_SUV / 4x4_Mud Terrain (M/T)_0059,0.4892
SUV_/_4x4_|_Mud_Terrain_(M/T)_Community_01,Yokohama_SUV / 4x4_Mud Terrain (M/T)_0006,Pirelli_SUV / 4x4_Mud Terrain (M/T)_0059,0.422
SUV_/_4x4_|_Mud_Terrain_(M/T)_Community_01,Yokohama_SUV / 4x4_Mud Terrain (M/T)_0039,Pirelli_SUV / 4x4_Mud Terrain (M/T)_0059,0.3449
SUV_/_4x4_|_Mud_Terrain_(M/T)_Community_01,BFGoodrich_SUV / 4x4_Mud Terrain (M/T)_0028,Sailun_SUV / 4x4_Mud Terrain (M/T)_0049,0.0898
SUV_/_4x4_|_Mud_Terrain_(M/T)_Community_01,Dunlop_SUV / 4x4_Mud Terrain (M/T)_0003,Sailun_SUV / 4x4_Mud Terrain (M/T)_0049,0.3202
SUV_/_4x4_|_Mud_Terrain_(M/T)_Community_01,Falken_SUV / 4x4_Mud Terrain (M/T)_0044,Sailun_SUV / 4x4_Mud Terrain (M/T)_0049,0.3161
SUV_/_4x4_|_Mud_Terrain_(M/T)_Community_01,Fulda_SUV / 4x4_Mud Terrain (M/T)_0078,Sailun_SUV / 4x4_Mud Terrain (M/T)_0049,0.2704
SUV_/_4x4_|_Mud_Terrain_(M/T)_Community_01,Nexen_SUV / 4x4_Mud Terrain (M/T)_0048,Sailun_SUV / 4x4_Mud Terrain (M/T)_0049,0.5627
SUV_/_4x4_|_Mud_Terrain_(M/T)_Community_01,BFGoodrich_SUV / 4x4_Mud Terrain (M/T)_0053,Tomket_SUV / 4x4_Mud Terrain (M/T)_0034,0.2624
SUV_/_4x4_|_Mud_Terrain_(M/T)_Community_01,Tracmax_SUV / 4x4_Mud Terrain (M/T)_0038,Tomket_SUV / 4x4_Mud Terrain (M/T)_0034,0.2485
SUV_/_4x4_|_Mud_Terrain_(M/T)_Community_01,Uniroyal_SUV / 4x4_Mud Terrain (M/T)_0023,Tomket_SUV / 4x4_Mud Terrain (M/T)_0034,0.2446
SUV_/_4x4_|_Mud_Terrain_(M/T)_Community_01,Wanli_SUV / 4x4_Mud Terrain (M/T)_0033,Tomket_SUV / 4x4_Mud Terrain (M/T)_0034,0.5896
SUV_/_4x4_|_Mud_Terrain_(M/T)_Community_01,Westlake_SUV / 4x4_Mud Terrain (M/T)_0062,Tomket_SUV / 4x4_Mud Terrain (M/T)_0034,0.1827
SUV_/_4x4_|_Mud_Terrain_(M/T)_Community_01,Minerva_SUV / 4x4_Mud Terrain (M/T)_0020,Tracmax_SUV / 4x4_Mud Terrain (M/T)_0038,0.5484
SUV_/_4x4_|_Mud_Terrain_(M/T)_Community_01,Pirelli_SUV / 4x4_Mud Terrain (M/T)_0059,Tracmax_SUV / 4x4_Mud Terrain (M/T)_0038,0.5604
SUV_/_4x4_|_Mud_Terrain_(M/T)_Community_01,Wanli_SUV / 4x4_Mud Terrain (M/T)_0074,Tracmax_SUV / 4x4_Mud Terrain (M/T)_0038,0.1407
SUV_/_4x4_|_Mud_Terrain_(M/T)_Community_01,Westlake_SUV / 4x4_Mud Terrain (M/T)_0062,Tracmax_SUV / 4x4_Mud Terrain (M/T)_0038,0.2841
SUV_/_4x4_|_Mud_Terrain_(M/T)_Community_01,BFGoodrich_SUV / 4x4_Mud Terrain (M/T)_0028,Triangle_SUV / 4x4_Mud Terrain (M/T)_0027,0.303
SUV_/_4x4_|_Mud_Terrain_(M/T)_Community_01,Bridgestone_SUV / 4x4_Mud Terrain (M/T)_0040,Triangle_SUV / 4x4_Mud Terrain (M/T)_0027,0.1708
SUV_/_4x4_|_Mud_Terrain_(M/T)_Community_01,Fulda_SUV / 4x4_Mud Terrain (M/T)_0026,Triangle_SUV / 4x4_Mud Terrain (M/T)_0027,0.3092
SUV_/_4x4_|_Mud_Terrain_(M/T)_Community_01,GT Radial_SUV / 4x4_Mud Terrain (M/T)_0052,Triangle_SUV / 4x4_Mud Terrain (M/T)_0027,0.4991
SUV_/_4x4_|_Mud_Terrain_(M/T)_Community_01,Goodyear_SUV / 4x4_Mud Terrain (M/T)_0045,Triangle_SUV / 4x4_Mud Terrain (M/T)_0027,0.129
SUV_/_4x4_|_Mud_Terrain_(M/T)_Community_01,Kumho_SUV / 4x4_Mud Terrain (M/T)_0014,Triangle_SUV / 4x4_Mud Terrain (M/T)_0027,0.1716
SUV_/_4x4_|_Mud_Terrain_(M/T)_Community_01,Tomket_SUV / 4x4_Mud Terrain (M/T)_0034,Triangle_SUV / 4x4_Mud Terrain (M/T)_0027,0.112
SUV_/_4x4_|_Mud_Terrain_(M/T)_Community_01,BFGoodrich_SUV / 4x4_Mud Terrain (M/T)_0030,Uniroyal_SUV / 4x4_Mud Terrain (M/T)_0023,0.1202
SUV_/_4x4_|_Mud_Terrain_(M/T)_Community_01,Bridgestone_SUV / 4x4_Mud Terrain (M/T)_0066,Uniroyal_SUV / 4x4_Mud Terrain (M/T)_0023,0.8634
SUV_/_4x4_|_Mud_Terrain_(M/T)_Community_01,Firestone_SUV / 4x4_Mud Terrain (M/T)_0010,Uniroyal_SUV / 4x4_Mud Terrain (M/T)_0023,0.1216
SUV_/_4x4_|_Mud_Terrain_(M/T)_Community_01,Goodyear_SUV / 4x4_Mud Terrain (M/T)_0045,Uniroyal_SUV / 4x4_Mud Terrain (M/T)_0023,0.3139
SUV_/_4x4_|_Mud_Terrain_(M/T)_Community_01,Mazzini_SUV / 4x4_Mud Terrain (M/T)_0012,Uniroyal_SUV / 4x4_Mud Terrain (M/T)_0023,0.1478
SUV_/_4x4_|_Mud_Terrain_(M/T)_Community_01,Bridgestone_SUV / 4x4_Mud Terrain (M/T)_0040,Vredestein_SUV / 4x4_Mud Terrain (M/T)_0047,0.1991
SUV_/_4x4_|_Mud_Terrain_(M/T)_Community_01,Minerva_SUV / 4x4_Mud Terrain (M/T)_0020,Vredestein_SUV / 4x4_Mud Terrain (M/T)_0047,0.6797
SUV_/_4x4_|_Mud_Terrain_(M/T)_Community_01,Pirelli_SUV / 4x4_Mud Terrain (M/T)_0059,Vredestein_SUV / 4x4_Mud Terrain (M/T)_0047,0.3432
SUV_/_4x4_|_Mud_Terrain_(M/T)_Community_01,Vredestein_SUV / 4x4_Mud Terrain (M/T)_0060,Vredestein_SUV / 4x4_Mud Terrain (M/T)_0047,0.1932
SUV_/_4x4_|_Mud_Terrain_(M/T)_Community_01,BFGoodrich_SUV / 4x4_Mud Terrain (M/T)_0028,Vredestein_SUV / 4x4_Mud Terrain (M/T)_0060,0.178
SUV_/_4x4_|_Mud_Terrain_(M/T)_Community_01,Falken_SUV / 4x4_Mud Terrain (M/T)_0044,Vredestein_SUV / 4x4_Mud Terrain (M/T)_0060,0.7405
SUV_/_4x4_|_Mud_Terrain_(M/T)_Community_01,Kumho_SUV / 4x4_Mud Terrain (M/T)_0014,Vredestein_SUV / 4x4_Mud Terrain (M/T)_0060,0.1842
SUV_/_4x4_|_Mud_Terrain_(M/T)_Community_01,Nokian_SUV / 4x4_Mud Terrain (M/T)_0050,Vredestein_SUV / 4x4_Mud Terrain (M/T)_0060,0.3844
SUV_/_4x4_|_Mud_Terrain_(M/T)_Community_01,Tomket_SUV / 4x4_Mud Terrain (M/T)_0034,Vredestein_SUV / 4x4_Mud Terrain (M/T)_0060,0.1326
SUV_/_4x4_|_Mud_Terrain_(M/T)_Community_01,Dunlop_SUV / 4x4_Mud Terrain (M/T)_0003,Wanli_SUV / 4x4_Mud Terrain (M/T)_0033,0.1276
SUV_/_4x4_|_Mud_Terrain_(M/T)_Community_01,Fulda_SUV / 4x4_Mud Terrain (M/T)_0056,Wanli_SUV / 4x4_Mud Terrain (M/T)_0033,0.5792
SUV_/_4x4_|_Mud_Terrain_(M/T)_Community_01,Nokian_SUV / 4x4_Mud Terrain (M/T)_0050,Wanli_SUV / 4x4_Mud Terrain (M/T)_0033,0.1227
SUV_/_4x4_|_Mud_Terrain_(M/T)_Community_01,Pirelli_SUV / 4x4_Mud Terrain (M/T)_0059,Wanli_SUV / 4x4_Mud Terrain (M/T)_0033,0.232
SUV_/_4x4_|_Mud_Terrain_(M/T)_Community_01,Uniroyal_SUV / 4x4_Mud Terrain (M/T)_0023,Wanli_SUV / 4x4_Mud Terrain (M/T)_0033,0.2484
SUV_/_4x4_|_Mud_Terrain_(M/T)_Community_01,Westlake_SUV / 4x4_Mud Terrain (M/T)_0072,Wanli_SUV / 4x4_Mud Terrain (M/T)_0033,0.2718
SUV_/_4x4_|_Mud_Terrain_(M/T)_Community_01,BFGoodrich_SUV / 4x4_Mud Terrain (M/T)_0028,Wanli_SUV / 4x4_Mud Terrain (M/T)_0074,0.2099
SUV_/_4x4_|_Mud_Terrain_(M/T)_Community_01,Continental_SUV / 4x4_Mud Terrain (M/T)_0025,Wanli_SUV / 4x4_Mud Terrain (M/T)_0074,0.0832
SUV_/_4x4_|_Mud_Terrain_(M/T)_Community_01,GT Radial_SUV / 4x4_Mud Terrain (M/T)_0052,Wanli_SUV / 4x4_Mud Terrain (M/T)_0074,0.3787
SUV_/_4x4_|_Mud_Terrain_(M/T)_Community_01,Hankook_SUV / 4x4_Mud Terrain (M/T)_0058,Wanli_SUV / 4x4_Mud Terrain (M/T)_0074,0.1266
SUV_/_4x4_|_Mud_Terrain_(M/T)_Community_01,Sailun_SUV / 4x4_Mud Terrain (M/T)_0049,Wanli_SUV / 4x4_Mud Terrain (M/T)_0074,0.4856
SUV_/_4x4_|_Mud_Terrain_(M/T)_Community_01,Westlake_SUV / 4x4_Mud Terrain (M/T)_0032,Wanli_SUV / 4x4_Mud Terrain (M/T)_0074,0.1721
SUV_/_4x4_|_Mud_Terrain_(M/T)_Community_01,BFGoodrich_SUV / 4x4_Mud Terrain (M/T)_0030,Westlake_SUV / 4x4_Mud Terrain (M/T)_0032,0.2782
SUV_/_4x4_|_Mud_Terrain_(M/T)_Community_01,Bridgestone_SUV / 4x4_Mud Terrain (M/T)_0040,Westlake_SUV / 4x4_Mud Terrain (M/T)_0032,0.3477
SUV_/_4x4_|_Mud_Terrain_(M/T)_Community_01,Firestone_SUV / 4x4_Mud Terrain (M/T)_0010,Westlake_SUV / 4x4_Mud Terrain (M/T)_0032,0.3836
SUV_/_4x4_|_Mud_Terrain_(M/T)_Community_01,Fulda_SUV / 4x4_Mud Terrain (M/T)_0056,Westlake_SUV / 4x4_Mud Terrain (M/T)_0032,0.3575
SUV_/_4x4_|_Mud_Terrain_(M/T)_Community_01,Vredestein_SUV / 4x4_Mud Terrain (M/T)_0047,Westlake_SUV / 4x4_Mud Terrain (M/T)_0032,0.2225
SUV_/_4x4_|_Mud_Terrain_(M/T)_Community_01,Fulda_SUV / 4x4_Mud Terrain (M/T)_0056,Westlake_SUV / 4x4_Mud Terrain (M/T)_0062,0.1087
SUV_/_4x4_|_Mud_Terrain_(M/T)_Community_01,Mazzini_SUV / 4x4_Mud Terrain (M/T)_0012,Westlake_SUV / 4x4_Mud Terrain (M/T)_0062,0.376
SUV_/_4x4_|_Mud_Terrain_(M/T)_Community_01,Minerva_SUV / 4x4_Mud Terrain (M/T)_0020,Westlake_SUV / 4x4_Mud Terrain (M/T)_0062,0.3172
SUV_/_4x4_|_Mud_Terrain_(M/T)_Community_01,Yokohama_SUV / 4x4_Mud Terrain (M/T)_0006,Westlake_SUV / 4x4_Mud Terrain (M/T)_0062,0.859
SUV_/_4x4_|_Mud_Terrain_(M/T)_Community_01,GT Radial_SUV / 4x4_Mud Terrain (M/T)_0052,Westlake_SUV / 4x4_Mud Terrain (M/T)_0072,0.0665
SUV_/_4x4_|_Mud_Terrain_(M/T)_Community_01,Hankook_SUV / 4x4_Mud Terrain (M/T)_0058,Westlake_SUV / 4x4_Mud Terrain (M/T)_0072,0.2462
SUV_/_4x4_|_Mud_Terrain_(M/T)_Community_01,Minerva_SUV / 4x4_Mud Terrain (M/T)_0037,Westlake_SUV / 4x4_Mud Terrain (M/T)_0072,0.2634
SUV_/_4x4_|_Mud_Terrain_(M/T)_Community_01,Pirelli_SUV / 4x4_Mud Terrain (M/T)_0059,Westlake_SUV / 4x4_Mud Terrain (M/T)_0072,0.2381
SUV_/_4x4_|_Mud_Terrain_(M/T)_Community_01,Wanli_SUV / 4x4_Mud Terrain (M/T)_0033,Westlake_SUV / 4x4_Mud Terrain (M/T)_0072,0.3029
SUV_/_4x4_|_Mud_Terrain_(M/T)_Community_01,Wanli_SUV / 4x4_Mud Terrain (M/T)_0074,Westlake_SUV / 4x4_Mud Terrain (M/T)_0072,0.5035
SUV_/_4x4_|_Mud_Terrain_(M/T)_Community_01,Cooper Tires_SUV / 4x4_Mud Terrain (M/T)_0016,Yokohama_SUV / 4x4_Mud Terrain (M/T)_0006,0.5958
SUV_/_4x4_|_Mud_Terrain_(M/T)_Community_01,Dunlop_SUV / 4x4_Mud Terrain (M/T)_0003,Yokohama_SUV / 4x4_Mud Terrain (M/T)_0006,0.1482
SUV_/_4x4_|_Mud_Terrain_(M/T)_Community_01,Fulda_SUV / 4x4_Mud Terrain (M/T)_0026,Yokohama_SUV / 4x4_Mud Terrain (M/T)_0006,0.4795
SUV_/_4x4_|_Mud_Terrain_(M/T)_Community_01,Westlake_SUV / 4x4_Mud Terrain (M/T)_0062,Yokohama_SUV / 4x4_Mud Terrain (M/T)_0006,0.3362
SUV_/_4x4_|_Mud_Terrain_(M/T)_Community_01,Yokohama_SUV / 4x4_Mud Terrain (M/T)_0039,Yokohama_SUV / 4x4_Mud Terrain (M/T)_0006,0.0555
SUV_/_4x4_|_Mud_Terrain_(M/T)_Community_01,BFGoodrich_SUV / 4x4_Mud Terrain (M/T)_0053,Yokohama_SUV / 4x4_Mud Terrain (M/T)_0039,0.1362
SUV_/_4x4_|_Mud_Terrain_(M/T)_Community_01,Firestone_SUV / 4x4_Mud Terrain (M/T)_0010,Yokohama_SUV / 4x4_Mud Terrain (M/T)_0039,0.9669
SUV_/_4x4_|_Mud_Terrain_(M/T)_Community_01,Fulda_SUV / 4x4_Mud Terrain (M/T)_0056,Yokohama_SUV / 4x4_Mud Terrain (M/T)_0039,0.1551
SUV_/_4x4_|_Mud_Terrain_(M/T)_Community_01,Mazzini_SUV / 4x4_Mud Terrain (M/T)_0012,Yokohama_SUV / 4x4_Mud Terrain (M/T)_0039,0.3631
SUV_/_4x4_|_Mud_Terrain_(M/T)_Community_02,Goodyear_SUV / 4x4_Mud Terrain (M/T)_0065,BFGoodrich_SUV / 4x4_Mud Terrain (M/T)_0054,0.1224
SUV_/_4x4_|_Mud_Terrain_(M/T)_Community_02,Kumho_SUV / 4x4_Mud Terrain (M/T)_0067,BFGoodrich_SUV / 4x4_Mud Terrain (M/T)_0054,0.0981
SUV_/_4x4_|_Mud_Terrain_(M/T)_Community_02,Tomket_SUV / 4x4_Mud Terrain (M/T)_0057,BFGoodrich_SUV / 4x4_Mud Terrain (M/T)_0054,0.0933
SUV_/_4x4_|_Mud_Terrain_(M/T)_Community_02,Toyo Tires_SUV / 4x4_Mud Terrain (M/T)_0005,BFGoodrich_SUV / 4x4_Mud Terrain (M/T)_0054,1.2506
SUV_/_4x4_|_Mud_Terrain_(M/T)_Community_02,Minerva_SUV / 4x4_Mud Terrain (M/T)_0000,Bridgestone_SUV / 4x4_Mud Terrain (M/T)_0009,1.1949
SUV_/_4x4_|_Mud_Terrain_(M/T)_Community_02,Toyo Tires_SUV / 4x4_Mud Terrain (M/T)_0005,Bridgestone_SUV / 4x4_Mud Terrain (M/T)_0009,0.2128
SUV_/_4x4_|_Mud_Terrain_(M/T)_Community_02,Tracmax_SUV / 4x4_Mud Terrain (M/T)_0019,Bridgestone_SUV / 4x4_Mud Terrain (M/T)_0009,0.0804
SUV_/_4x4_|_Mud_Terrain_(M/T)_Community_02,Fulda_SUV / 4x4_Mud Terrain (M/T)_0031,Continental_SUV / 4x4_Mud Terrain (M/T)_0013,0.1848
SUV_/_4x4_|_Mud_Terrain_(M/T)_Community_02,GT Radial_SUV / 4x4_Mud Terrain (M/T)_0070,Continental_SUV / 4x4_Mud Terrain (M/T)_0013,0.0601
SUV_/_4x4_|_Mud_Terrain_(M/T)_Community_02,Hankook_SUV / 4x4_Mud Terrain (M/T)_0002,Continental_SUV / 4x4_Mud Terrain (M/T)_0013,0.3755
SUV_/_4x4_|_Mud_Terrain_(M/T)_Community_02,Michelin_SUV / 4x4_Mud Terrain (M/T)_0021,Continental_SUV / 4x4_Mud Terrain (M/T)_0013,0.1155
SUV_/_4x4_|_Mud_Terrain_(M/T)_Community_02,Minerva_SUV / 4x4_Mud Terrain (M/T)_0069,Continental_SUV / 4x4_Mud Terrain (M/T)_0013,0.6278
SUV_/_4x4_|_Mud_Terrain_(M/T)_Community_02,Sailun_SUV / 4x4_Mud Terrain (M/T)_0071,Continental_SUV / 4x4_Mud Terrain (M/T)_0013,0.1392
SUV_/_4x4_|_Mud_Terrain_(M/T)_Community_02,Toyo Tires_SUV / 4x4_Mud Terrain (M/T)_0005,Continental_SUV / 4x4_Mud Terrain (M/T)_0013,0.0567
SUV_/_4x4_|_Mud_Terrain_(M/T)_Community_02,Continental_SUV / 4x4_Mud Terrain (M/T)_0013,Continental_SUV / 4x4_Mud Terrain (M/T)_0035,0.7748
SUV_/_4x4_|_Mud_Terrain_(M/T)_Community_02,Michelin_SUV / 4x4_Mud Terrain (M/T)_0021,Continental_SUV / 4x4_Mud Terrain (M/T)_0035,0.2434
SUV_/_4x4_|_Mud_Terrain_(M/T)_Community_02,Tomket_SUV / 4x4_Mud Terrain (M/T)_0029,Continental_SUV / 4x4_Mud Terrain (M/T)_0035,0.0919
SUV_/_4x4_|_Mud_Terrain_(M/T)_Community_02,Tomket_SUV / 4x4_Mud Terrain (M/T)_0046,Continental_SUV / 4x4_Mud Terrain (M/T)_0035,0.3209
SUV_/_4x4_|_Mud_Terrain_(M/T)_Community_02,Tomket_SUV / 4x4_Mud Terrain (M/T)_0057,Continental_SUV / 4x4_Mud Terrain (M/T)_0035,0.0817
SUV_/_4x4_|_Mud_Terrain_(M/T)_Community_02,Continental_SUV / 4x4_Mud Terrain (M/T)_0035,Continental_SUV / 4x4_Mud Terrain (M/T)_0068,0.5324
SUV_/_4x4_|_Mud_Terrain_(M/T)_Community_02,Falken_SUV / 4x4_Mud Terrain (M/T)_0055,Continental_SUV / 4x4_Mud Terrain (M/T)_0068,0.1607
SUV_/_4x4_|_Mud_Terrain_(M/T)_Community_02,Minerva_SUV / 4x4_Mud Terrain (M/T)_0069,Continental_SUV / 4x4_Mud Terrain (M/T)_0068,0.1834
SUV_/_4x4_|_Mud_Terrain_(M/T)_Community_02,Sailun_SUV / 4x4_Mud Terrain (M/T)_0071,Continental_SUV / 4x4_Mud Terrain (M/T)_0068,0.2283
SUV_/_4x4_|_Mud_Terrain_(M/T)_Community_02,Tracmax_SUV / 4x4_Mud Terrain (M/T)_0019,Continental_SUV / 4x4_Mud Terrain (M/T)_0068,0.5429
SUV_/_4x4_|_Mud_Terrain_(M/T)_Community_02,BFGoodrich_SUV / 4x4_Mud Terrain (M/T)_0054,Cooper Tires_SUV / 4x4_Mud Terrain (M/T)_0061,0.6526
SUV_/_4x4_|_Mud_Terrain_(M/T)_Community_02,Minerva_SUV / 4x4_Mud Terrain (M/T)_0069,Cooper Tires_SUV / 4x4_Mud Terrain (M/T)_0061,0.7911
SUV_/_4x4_|_Mud_Terrain_(M/T)_Community_02,Cooper Tires_SUV / 4x4_Mud Terrain (M/T)_0061,Dunlop_SUV / 4x4_Mud Terrain (M/T)_0018,0.2385
SUV_/_4x4_|_Mud_Terrain_(M/T)_Community_02,Mazzini_SUV / 4x4_Mud Terrain (M/T)_0063,Dunlop_SUV / 4x4_Mud Terrain (M/T)_0018,0.0946
SUV_/_4x4_|_Mud_Terrain_(M/T)_Community_02,Minerva_SUV / 4x4_Mud Terrain (M/T)_0069,Dunlop_SUV / 4x4_Mud Terrain (M/T)_0018,0.2267
SUV_/_4x4_|_Mud_Terrain_(M/T)_Community_02,Sailun_SUV / 4x4_Mud Terrain (M/T)_0008,Dunlop_SUV / 4x4_Mud Terrain (M/T)_0018,0.36
SUV_/_4x4_|_Mud_Terrain_(M/T)_Community_02,Sailun_SUV / 4x4_Mud Terrain (M/T)_0022,Dunlop_SUV / 4x4_Mud Terrain (M/T)_0018,0.118
SUV_/_4x4_|_Mud_Terrain_(M/T)_Community_02,Tomket_SUV / 4x4_Mud Terrain (M/T)_0046,Dunlop_SUV / 4x4_Mud Terrain (M/T)_0018,0.6252
SUV_/_4x4_|_Mud_Terrain_(M/T)_Community_02,Bridgestone_SUV / 4x4_Mud Terrain (M/T)_0009,Dunlop_SUV / 4x4_Mud Terrain (M/T)_0051,0.0581
SUV_/_4x4_|_Mud_Terrain_(M/T)_Community_02,Continental_SUV / 4x4_Mud Terrain (M/T)_0068,Dunlop_SUV / 4x4_Mud Terrain (M/T)_0051,0.1135
SUV_/_4x4_|_Mud_Terrain_(M/T)_Community_02,Falken_SUV / 4x4_Mud Terrain (M/T)_0055,Dunlop_SUV / 4x4_Mud Terrain (M/T)_0051,0.0661
SUV_/_4x4_|_Mud_Terrain_(M/T)_Community_02,Falken_SUV / 4x4_Mud Terrain (M/T)_0079,Dunlop_SUV / 4x4_Mud Terrain (M/T)_0051,0.4731
SUV_/_4x4_|_Mud_Terrain_(M/T)_Community_02,Minerva_SUV / 4x4_Mud Terrain (M/T)_0069,Dunlop_SUV / 4x4_Mud Terrain (M/T)_0051,0.2274
SUV_/_4x4_|_Mud_Terrain_(M/T)_Community_02,Nokian_SUV / 4x4_Mud Terrain (M/T)_0064,Dunlop_SUV / 4x4_Mud Terrain (M/T)_0051,0.703
SUV_/_4x4_|_Mud_Terrain_(M/T)_Community_02,Cooper Tires_SUV / 4x4_Mud Terrain (M/T)_0061,Falken_SUV / 4x4_Mud Terrain (M/T)_0015,0.6425
SUV_/_4x4_|_Mud_Terrain_(M/T)_Community_02,Falken_SUV / 4x4_Mud Terrain (M/T)_0055,Falken_SUV / 4x4_Mud Terrain (M/T)_0015,0.1799
SUV_/_4x4_|_Mud_Terrain_(M/T)_Community_02,Pirelli_SUV / 4x4_Mud Terrain (M/T)_0017,Falken_SUV / 4x4_Mud Terrain (M/T)_0015,0.6625
SUV_/_4x4_|_Mud_Terrain_(M/T)_Community_02,Sailun_SUV / 4x4_Mud Terrain (M/T)_0008,Falken_SUV / 4x4_Mud Terrain (M/T)_0015,0.0891
SUV_/_4x4_|_Mud_Terrain_(M/T)_Community_02,BFGoodrich_SUV / 4x4_Mud Terrain (M/T)_0054,Falken_SUV / 4x4_Mud Terrain (M/T)_0055,0.4236
SUV_/_4x4_|_Mud_Terrain_(M/T)_Community_02,Cooper Tires_SUV / 4x4_Mud Terrain (M/T)_0061,Falken_SUV / 4x4_Mud Terrain (M/T)_0055,0.2877
SUV_/_4x4_|_Mud_Terrain_(M/T)_Community_02,Mazzini_SUV / 4x4_Mud Terrain (M/T)_0063,Falken_SUV / 4x4_Mud Terrain (M/T)_0055,0.6625
SUV_/_4x4_|_Mud_Terrain_(M/T)_Community_02,Tomket_SUV / 4x4_Mud Terrain (M/T)_0046,Falken_SUV / 4x4_Mud Terrain (M/T)_0055,0.2839
SUV_/_4x4_|_Mud_Terrain_(M/T)_Community_02,Goodride_SUV / 4x4_Mud Terrain (M/T)_0077,Falken_SUV / 4x4_Mud Terrain (M/T)_0079,0.1021
SUV_/_4x4_|_Mud_Terrain_(M/T)_Community_02,Goodyear_SUV / 4x4_Mud Terrain (M/T)_0065,Falken_SUV / 4x4_Mud Terrain (M/T)_0079,0.5194
SUV_/_4x4_|_Mud_Terrain_(M/T)_Community_02,Kumho_SUV / 4x4_Mud Terrain (M/T)_0067,Falken_SUV / 4x4_Mud Terrain (M/T)_0079,0.1996
SUV_/_4x4_|_Mud_Terrain_(M/T)_Community_02,Michelin_SUV / 4x4_Mud Terrain (M/T)_0021,Falken_SUV / 4x4_Mud Terrain (M/T)_0079,0.7323
SUV_/_4x4_|_Mud_Terrain_(M/T)_Community_02,Minerva_SUV / 4x4_Mud Terrain (M/T)_0069,Falken_SUV / 4x4_Mud Terrain (M/T)_0079,0.1497
SUV_/_4x4_|_Mud_Terrain_(M/T)_Community_02,Cooper Tires_SUV / 4x4_Mud Terrain (M/T)_0061,Fulda_SUV / 4x4_Mud Terrain (M/T)_0031,0.7229
SUV_/_4x4_|_Mud_Terrain_(M/T)_Community_02,Goodride_SUV / 4x4_Mud Terrain (M/T)_0042,Fulda_SUV / 4x4_Mud Terrain (M/T)_0031,0.1192
SUV_/_4x4_|_Mud_Terrain_(M/T)_Community_02,Michelin_SUV / 4x4_Mud Terrain (M/T)_0036,Fulda_SUV / 4x4_Mud Terrain (M/T)_0031,0.2201
SUV_/_4x4_|_Mud_Terrain_(M/T)_Community_02,Minerva_SUV / 4x4_Mud Terrain (M/T)_0069,Fulda_SUV / 4x4_Mud Terrain (M/T)_0031,0.4169
SUV_/_4x4_|_Mud_Terrain_(M/T)_Community_02,Cooper Tires_SUV / 4x4_Mud Terrain (M/T)_0061,GT Radial_SUV / 4x4_Mud Terrain (M/T)_0070,0.5394
SUV_/_4x4_|_Mud_Terrain_(M/T)_Community_02,Fulda_SUV / 4x4_Mud Terrain (M/T)_0031,GT Radial_SUV / 4x4_Mud Terrain (M/T)_0070,0.0536
SUV_/_4x4_|_Mud_Terrain_(M/T)_Community_02,Kumho_SUV / 4x4_Mud Terrain (M/T)_0067,GT Radial_SUV / 4x4_Mud Terrain (M/T)_0070,0.3782
SUV_/_4x4_|_Mud_Terrain_(M/T)_Community_02,Mazzini_SUV / 4x4_Mud Terrain (M/T)_0063,GT Radial_SUV / 4x4_Mud Terrain (M/T)_0070,0.3516
SUV_/_4x4_|_Mud_Terrain_(M/T)_Community_02,Tomket_SUV / 4x4_Mud Terrain (M/T)_0011,GT Radial_SUV / 4x4_Mud Terrain (M/T)_0070,0.3011
SUV_/_4x4_|_Mud_Terrain_(M/T)_Community_02,Dunlop_SUV / 4x4_Mud Terrain (M/T)_0018,General Tire_SUV / 4x4_Mud Terrain (M/T)_0041,0.1522
SUV_/_4x4_|_Mud_Terrain_(M/T)_Community_02,GT Radial_SUV / 4x4_Mud Terrain (M/T)_0070,General Tire_SUV / 4x4_Mud Terrain (M/T)_0041,0.4936
SUV_/_4x4_|_Mud_Terrain_(M/T)_Community_02,Goodride_SUV / 4x4_Mud Terrain (M/T)_0043,General Tire_SUV / 4x4_Mud Terrain (M/T)_0041,0.075
SUV_/_4x4_|_Mud_Terrain_(M/T)_Community_02,Minerva_SUV / 4x4_Mud Terrain (M/T)_0000,General Tire_SUV / 4x4_Mud Terrain (M/T)_0041,0.3125
SUV_/_4x4_|_Mud_Terrain_(M/T)_Community_02,Yokohama_SUV / 4x4_Mud Terrain (M/T)_0073,General Tire_SUV / 4x4_Mud Terrain (M/T)_0041,0.4341
SUV_/_4x4_|_Mud_Terrain_(M/T)_Community_02,BFGoodrich_SUV / 4x4_Mud Terrain (M/T)_0054,Goodride_SUV / 4x4_Mud Terrain (M/T)_0042,0.0958
SUV_/_4x4_|_Mud_Terrain_(M/T)_Community_02,Cooper Tires_SUV / 4x4_Mud Terrain (M/T)_0061,Goodride_SUV / 4x4_Mud Terrain (M/T)_0042,0.2609
SUV_/_4x4_|_Mud_Terrain_(M/T)_Community_02,Falken_SUV / 4x4_Mud Terrain (M/T)_0079,Goodride_SUV / 4x4_Mud Terrain (M/T)_0042,0.6826
SUV_/_4x4_|_Mud_Terrain_(M/T)_Community_02,Goodride_SUV / 4x4_Mud Terrain (M/T)_0077,Goodride_SUV / 4x4_Mud Terrain (M/T)_0042,0.0586
SUV_/_4x4_|_Mud_Terrain_(M/T)_Community_02,Nokian_SUV / 4x4_Mud Terrain (M/T)_0075,Goodride_SUV / 4x4_Mud Terrain (M/T)_0042,0.1871
SUV_/_4x4_|_Mud_Terrain_(M/T)_Community_02,Sailun_SUV / 4x4_Mud Terrain (M/T)_0071,Goodride_SUV / 4x4_Mud Terrain (M/T)_0042,0.3436
SUV_/_4x4_|_Mud_Terrain_(M/T)_Community_02,Tomket_SUV / 4x4_Mud Terrain (M/T)_0057,Goodride_SUV / 4x4_Mud Terrain (M/T)_0042,0.1249
SUV_/_4x4_|_Mud_Terrain_(M/T)_Community_02,BFGoodrich_SUV / 4x4_Mud Terrain (M/T)_0054,Goodride_SUV / 4x4_Mud Terrain (M/T)_0043,0.4306
SUV_/_4x4_|_Mud_Terrain_(M/T)_Community_02,GT Radial_SUV / 4x4_Mud Terrain (M/T)_0070,Goodride_SUV / 4x4_Mud Terrain (M/T)_0043,0.4508
SUV_/_4x4_|_Mud_Terrain_(M/T)_Community_02,Goodyear_SUV / 4x4_Mud Terrain (M/T)_0007,Goodride_SUV / 4x4_Mud Terrain (M/T)_0043,0.1858
SUV_/_4x4_|_Mud_Terrain_(M/T)_Community_02,Michelin_SUV / 4x4_Mud Terrain (M/T)_0021,Goodride_SUV / 4x4_Mud Terrain (M/T)_0043,0.2904
SUV_/_4x4_|_Mud_Terrain_(M/T)_Community_02,BFGoodrich_SUV / 4x4_Mud Terrain (M/T)_0054,Goodride_SUV / 4x4_Mud Terrain (M/T)_0077,0.2328
SUV_/_4x4_|_Mud_Terrain_(M/T)_Community_02,Bridgestone_SUV / 4x4_Mud Terrain (M/T)_0009,Goodride_SUV / 4x4_Mud Terrain (M/T)_0077,0.3709
SUV_/_4x4_|_Mud_Terrain_(M/T)_Community_02,Falken_SUV / 4x4_Mud Terrain (M/T)_0055,Goodride_SUV / 4x4_Mud Terrain (M/T)_0077,0.1025
SUV_/_4x4_|_Mud_Terrain_(M/T)_Community_02,Hankook_SUV / 4x4_Mud Terrain (M/T)_0002,Goodride_SUV / 4x4_Mud Terrain (M/T)_0077,0.6068
SUV_/_4x4_|_Mud_Terrain_(M/T)_Community_02,Minerva_SUV / 4x4_Mud Terrain (M/T)_0069,Goodride_SUV / 4x4_Mud Terrain (M/T)_0077,0.0812
SUV_/_4x4_|_Mud_Terrain_(M/T)_Community_02,Tomket_SUV / 4x4_Mud Terrain (M/T)_0029,Goodride_SUV / 4x4_Mud Terrain (M/T)_0077,0.2106
SUV_/_4x4_|_Mud_Terrain_(M/T)_Community_02,Toyo Tires_SUV / 4x4_Mud Terrain (M/T)_0005,Goodyear_SUV / 4x4_Mud Terrain (M/T)_0007,0.4047
SUV_/_4x4_|_Mud_Terrain_(M/T)_Community_02,Tracmax_SUV / 4x4_Mud Terrain (M/T)_0019,Goodyear_SUV / 4x4_Mud Terrain (M/T)_0007,0.5165
SUV_/_4x4_|_Mud_Terrain_(M/T)_Community_02,Yokohama_SUV / 4x4_Mud Terrain (M/T)_0073,Goodyear_SUV / 4x4_Mud Terrain (M/T)_0007,0.7423
SUV_/_4x4_|_Mud_Terrain_(M/T)_Community_02,Michelin_SUV / 4x4_Mud Terrain (M/T)_0021,Goodyear_SUV / 4x4_Mud Terrain (M/T)_0065,0.7137
SUV_/_4x4_|_Mud_Terrain_(M/T)_Community_02,Michelin_SUV / 4x4_Mud Terrain (M/T)_0036,Goodyear_SUV / 4x4_Mud Terrain (M/T)_0065,0.169
SUV_/_4x4_|_Mud_Terrain_(M/T)_Community_02,Nokian_SUV / 4x4_Mud Terrain (M/T)_0064,Goodyear_SUV / 4x4_Mud Terrain (M/T)_0065,0.6838
SUV_/_4x4_|_Mud_Terrain_(M/T)_Community_02,Falken_SUV / 4x4_Mud Terrain (M/T)_0055,Hankook_SUV / 4x4_Mud Terrain (M/T)_0002,0.1102
SUV_/_4x4_|_Mud_Terrain_(M/T)_Community_02,Fulda_SUV / 4x4_Mud Terrain (M/T)_0031,Hankook_SUV / 4x4_Mud Terrain (M/T)_0002,0.1343
SUV_/_4x4_|_Mud_Terrain_(M/T)_Community_02,Goodride_SUV / 4x4_Mud Terrain (M/T)_0077,Hankook_SUV / 4x4_Mud Terrain (M/T)_0002,0.2771
SUV_/_4x4_|_Mud_Terrain_(M/T)_Community_02,Mazzini_SUV / 4x4_Mud Terrain (M/T)_0063,Hankook_SUV / 4x4_Mud Terrain (M/T)_0002,0.3391
SUV_/_4x4_|_Mud_Terrain_(M/T)_Community_02,Nokian_SUV / 4x4_Mud Terrain (M/T)_0075,Hankook_SUV / 4x4_Mud Terrain (M/T)_0002,0.3743
SUV_/_4x4_|_Mud_Terrain_(M/T)_Community_02,Tomket_SUV / 4x4_Mud Terrain (M/T)_0029,Hankook_SUV / 4x4_Mud Terrain (M/T)_0002,0.1902
SUV_/_4x4_|_Mud_Terrain_(M/T)_Community_02,Toyo Tires_SUV / 4x4_Mud Terrain (M/T)_0005,Hankook_SUV / 4x4_Mud Terrain (M/T)_0002,0.167
SUV_/_4x4_|_Mud_Terrain_(M/T)_Community_02,GT Radial_SUV / 4x4_Mud Terrain (M/T)_0070,Kumho_SUV / 4x4_Mud Terrain (M/T)_0067,0.1688
SUV_/_4x4_|_Mud_Terrain_(M/T)_Community_02,Goodride_SUV / 4x4_Mud Terrain (M/T)_0042,Kumho_SUV / 4x4_Mud Terrain (M/T)_0067,0.7081
SUV_/_4x4_|_Mud_Terrain_(M/T)_Community_02,Goodride_SUV / 4x4_Mud Terrain (M/T)_0077,Kumho_SUV / 4x4_Mud Terrain (M/T)_0067,0.2566
SUV_/_4x4_|_Mud_Terrain_(M/T)_Community_02,Pirelli_SUV / 4x4_Mud Terrain (M/T)_0017,Kumho_SUV / 4x4_Mud Terrain (M/T)_0067,0.0622
SUV_/_4x4_|_Mud_Terrain_(M/T)_Community_02,Toyo Tires_SUV / 4x4_Mud Terrain (M/T)_0005,Kumho_SUV / 4x4_Mud Terrain (M/T)_0067,0.4654
SUV_/_4x4_|_Mud_Terrain_(M/T)_Community_02,Bridgestone_SUV / 4x4_Mud Terrain (M/T)_0009,Mazzini_SUV / 4x4_Mud Terrain (M/T)_0063,0.0891
SUV_/_4x4_|_Mud_Terrain_(M/T)_Community_02,GT Radial_SUV / 4x4_Mud Terrain (M/T)_0070,Mazzini_SUV / 4x4_Mud Terrain (M/T)_0063,0.1285
SUV_/_4x4_|_Mud_Terrain_(M/T)_Community_02,Michelin_SUV / 4x4_Mud Terrain (M/T)_0021,Mazzini_SUV / 4x4_Mud Terrain (M/T)_0063,0.6719
SUV_/_4x4_|_Mud_Terrain_(M/T)_Community_02,Nokian_SUV / 4x4_Mud Terrain (M/T)_0075,Mazzini_SUV / 4x4_Mud Terrain (M/T)_0063,0.4308
SUV_/_4x4_|_Mud_Terrain_(M/T)_Community_02,Pirelli_SUV / 4x4_Mud Terrain (M/T)_0017,Mazzini_SUV / 4x4_Mud Terrain (M/T)_0063,0.0799
SUV_/_4x4_|_Mud_Terrain_(M/T)_Community_02,BFGoodrich_SUV / 4x4_Mud Terrain (M/T)_0054,Michelin_SUV / 4x4_Mud Terrain (M/T)_0021,0.2916
SUV_/_4x4_|_Mud_Terrain_(M/T)_Community_02,Continental_SUV / 4x4_Mud Terrain (M/T)_0035,Michelin_SUV / 4x4_Mud Terrain (M/T)_0021,0.1459
SUV_/_4x4_|_Mud_Terrain_(M/T)_Community_02,Falken_SUV / 4x4_Mud Terrain (M/T)_0079,Michelin_SUV / 4x4_Mud Terrain (M/T)_0021,0.1266
SUV_/_4x4_|_Mud_Terrain_(M/T)_Community_02,Minerva_SUV / 4x4_Mud Terrain (M/T)_0000,Michelin_SUV / 4x4_Mud Terrain (M/T)_0021,0.3823
SUV_/_4x4_|_Mud_Terrain_(M/T)_Community_02,Minerva_SUV / 4x4_Mud Terrain (M/T)_0069,Michelin_SUV / 4x4_Mud Terrain (M/T)_0021,0.4737
SUV_/_4x4_|_Mud_Terrain_(M/T)_Community_02,Tomket_SUV / 4x4_Mud Terrain (M/T)_0057,Michelin_SUV / 4x4_Mud Terrain (M/T)_0021,0.1079
SUV_/_4x4_|_Mud_Terrain_(M/T)_Community_02,Falken_SUV / 4x4_Mud Terrain (M/T)_0079,Michelin_SUV / 4x4_Mud Terrain (M/T)_0036,0.2636
SUV_/_4x4_|_Mud_Terrain_(M/T)_Community_02,Fulda_SUV / 4x4_Mud Terrain (M/T)_0031,Michelin_SUV / 4x4_Mud Terrain (M/T)_0036,0.207
SUV_/_4x4_|_Mud_Terrain_(M/T)_Community_02,General Tire_SUV / 4x4_Mud Terrain (M/T)_0041,Michelin_SUV / 4x4_Mud Terrain (M/T)_0036,0.9033
SUV_/_4x4_|_Mud_Terrain_(M/T)_Community_02,Michelin_SUV / 4x4_Mud Terrain (M/T)_0021,Michelin_SUV / 4x4_Mud Terrain (M/T)_0036,0.2953
SUV_/_4x4_|_Mud_Terrain_(M/T)_Community_02,Cooper Tires_SUV / 4x4_Mud Terrain (M/T)_0061,Minerva_SUV / 4x4_Mud Terrain (M/T)_0000,0.3836
SUV_/_4x4_|_Mud_Terrain_(M/T)_Community_02,Fulda_SUV / 4x4_Mud Terrain (M/T)_0031,Minerva_SUV / 4x4_Mud Terrain (M/T)_0000,0.1211
SUV_/_4x4_|_Mud_Terrain_(M/T)_Community_02,Goodride_SUV / 4x4_Mud Terrain (M/T)_0042,Minerva_SUV / 4x4_Mud Terrain (M/T)_0000,0.6508
SUV_/_4x4_|_Mud_Terrain_(M/T)_Community_02,Sailun_SUV / 4x4_Mud Terrain (M/T)_0071,Minerva_SUV / 4x4_Mud Terrain (M/T)_0000,0.2508
SUV_/_4x4_|_Mud_Terrain_(M/T)_Community_02,Toyo Tires_SUV / 4x4_Mud Terrain (M/T)_0005,Minerva_SUV / 4x4_Mud Terrain (M/T)_0000,0.301
SUV_/_4x4_|_Mud_Terrain_(M/T)_Community_02,Goodride_SUV / 4x4_Mud Terrain (M/T)_0042,Minerva_SUV / 4x4_Mud Terrain (M/T)_0069,0.6951
SUV_/_4x4_|_Mud_Terrain_(M/T)_Community_02,Michelin_SUV / 4x4_Mud Terrain (M/T)_0036,Minerva_SUV / 4x4_Mud Terrain (M/T)_0069,0.1584
SUV_/_4x4_|_Mud_Terrain_(M/T)_Community_02,Tomket_SUV / 4x4_Mud Terrain (M/T)_0011,Minerva_SUV / 4x4_Mud Terrain (M/T)_0069,0.7714
SUV_/_4x4_|_Mud_Terrain_(M/T)_Community_02,Falken_SUV / 4x4_Mud Terrain (M/T)_0055,Nokian_SUV / 4x4_Mud Terrain (M/T)_0064,0.0878
SUV_/_4x4_|_Mud_Terrain_(M/T)_Community_02,GT Radial_SUV / 4x4_Mud Terrain (M/T)_0070,Nokian_SUV / 4x4_Mud Terrain (M/T)_0064,0.2101
SUV_/_4x4_|_Mud_Terrain_(M/T)_Community_02,Michelin_SUV / 4x4_Mud Terrain (M/T)_0036,Nokian_SUV / 4x4_Mud Terrain (M/T)_0064,0.2228
SUV_/_4x4_|_Mud_Terrain_(M/T)_Community_02,Sailun_SUV / 4x4_Mud Terrain (M/T)_0008,Nokian_SUV / 4x4_Mud Terrain (M/T)_0064,0.2765
SUV_/_4x4_|_Mud_Terrain_(M/T)_Community_02,Yokohama_SUV / 4x4_Mud Terrain (M/T)_0073,Nokian_SUV / 4x4_Mud Terrain (M/T)_0064,0.7384
SUV_/_4x4_|_Mud_Terrain_(M/T)_Community_02,Falken_SUV / 4x4_Mud Terrain (M/T)_0015,Nokian_SUV / 4x4_Mud Terrain (M/T)_0075,0.7746
SUV_/_4x4_|_Mud_Terrain_(M/T)_Community_02,Goodride_SUV / 4x4_Mud Terrain (M/T)_0043,Nokian_SUV / 4x4_Mud Terrain (M/T)_0075,0.4609
SUV_/_4x4_|_Mud_Terrain_(M/T)_Community_02,Goodyear_SUV / 4x4_Mud Terrain (M/T)_0065,Nokian_SUV / 4x4_Mud Terrain (M/T)_0075,0.3152
SUV_/_4x4_|_Mud_Terrain_(M/T)_Community_02,Michelin_SUV / 4x4_Mud Terrain (M/T)_0036,Nokian_SUV / 4x4_Mud Terrain (M/T)_0075,0.095
SUV_/_4x4_|_Mud_Terrain_(M/T)_Community_02,Cooper Tires_SUV / 4x4_Mud Terrain (M/T)_0061,Pirelli_SUV / 4x4_Mud Terrain (M/T)_0017,0.5265
SUV_/_4x4_|_Mud_Terrain_(M/T)_Community_02,Falken_SUV / 4x4_Mud Terrain (M/T)_0079,Pirelli_SUV / 4x4_Mud Terrain (M/T)_0017,0.2818
SUV_/_4x4_|_Mud_Terrain_(M/T)_Community_02,Minerva_SUV / 4x4_Mud Terrain (M/T)_0000,Pirelli_SUV / 4x4_Mud Terrain (M/T)_0017,0.1664
SUV_/_4x4_|_Mud_Terrain_(M/T)_Community_02,Tomket_SUV / 4x4_Mud Terrain (M/T)_0029,Pirelli_SUV / 4x4_Mud Terrain (M/T)_0017,0.6549
SUV_/_4x4_|_Mud_Terrain_(M/T)_Community_02,Toyo Tires_SUV / 4x4_Mud Terrain (M/T)_0005,Pirelli_SUV / 4x4_Mud Terrain (M/T)_0017,0.0594
SUV_/_4x4_|_Mud_Terrain_(M/T)_Community_02,Dunlop_SUV / 4x4_Mud Terrain (M/T)_0051,Sailun_SUV / 4x4_Mud Terrain (M/T)_0008,0.3154
SUV_/_4x4_|_Mud_Terrain_(M/T)_Community_02,Goodyear_SUV / 4x4_Mud Terrain (M/T)_0065,Sailun_SUV / 4x4_Mud Terrain (M/T)_0008,0.3297
SUV_/_4x4_|_Mud_Terrain_(M/T)_Community_02,Sailun_SUV / 4x4_Mud Terrain (M/T)_0022,Sailun_SUV / 4x4_Mud Terrain (M/T)_0008,0.0928
SUV_/_4x4_|_Mud_Terrain_(M/T)_Community_02,Sailun_SUV / 4x4_Mud Terrain (M/T)_0071,Sailun_SUV / 4x4_Mud Terrain (M/T)_0008,0.0962
SUV_/_4x4_|_Mud_Terrain_(M/T)_Community_02,Tomket_SUV / 4x4_Mud Terrain (M/T)_0057,Sailun_SUV / 4x4_Mud Terrain (M/T)_0008,0.2488
SUV_/_4x4_|_Mud_Terrain_(M/T)_Community_02,Yokohama_SUV / 4x4_Mud Terrain (M/T)_0073,Sailun_SUV / 4x4_Mud Terrain (M/T)_0008,0.3441
SUV_/_4x4_|_Mud_Terrain_(M/T)_Community_02,Cooper Tires_SUV / 4x4_Mud Terrain (M/T)_0061,Sailun_SUV / 4x4_Mud Terrain (M/T)_0022,0.3142
SUV_/_4x4_|_Mud_Terrain_(M/T)_Community_02,Sailun_SUV / 4x4_Mud Terrain (M/T)_0071,Sailun_SUV / 4x4_Mud Terrain (M/T)_0022,0.5318
SUV_/_4x4_|_Mud_Terrain_(M/T)_Community_02,Tomket_SUV / 4x4_Mud Terrain (M/T)_0029,Sailun_SUV / 4x4_Mud Terrain (M/T)_0022,0.6044
SUV_/_4x4_|_Mud_Terrain_(M/T)_Community_02,Continental_SUV / 4x4_Mud Terrain (M/T)_0035,Sailun_SUV / 4x4_Mud Terrain (M/T)_0071,0.106
SUV_/_4x4_|_Mud_Terrain_(M/T)_Community_02,Tomket_SUV / 4x4_Mud Terrain (M/T)_0057,Sailun_SUV / 4x4_Mud Terrain (M/T)_0071,0.572
SUV_/_4x4_|_Mud_Terrain_(M/T)_Community_02,Tracmax_SUV / 4x4_Mud Terrain (M/T)_0019,Sailun_SUV / 4x4_Mud Terrain (M/T)_0071,0.3048
SUV_/_4x4_|_Mud_Terrain_(M/T)_Community_02,Yokohama_SUV / 4x4_Mud Terrain (M/T)_0073,Sailun_SUV / 4x4_Mud Terrain (M/T)_0071,0.4571
SUV_/_4x4_|_Mud_Terrain_(M/T)_Community_02,Bridgestone_SUV / 4x4_Mud Terrain (M/T)_0009,Tomket_SUV / 4x4_Mud Terrain (M/T)_0011,0.2886
SUV_/_4x4_|_Mud_Terrain_(M/T)_Community_02,Dunlop_SUV / 4x4_Mud Terrain (M/T)_0018,Tomket_SUV / 4x4_Mud Terrain (M/T)_0011,0.2275
SUV_/_4x4_|_Mud_Terrain_(M/T)_Community_02,Falken_SUV / 4x4_Mud Terrain (M/T)_0079,Tomket_SUV / 4x4_Mud Terrain (M/T)_0011,0.3415
SUV_/_4x4_|_Mud_Terrain_(M/T)_Community_02,General Tire_SUV / 4x4_Mud Terrain (M/T)_0041,Tomket_SUV / 4x4_Mud Terrain (M/T)_0011,0.442
SUV_/_4x4_|_Mud_Terrain_(M/T)_Community_02,Goodride_SUV / 4x4_Mud Terrain (M/T)_0043,Tomket_SUV / 4x4_Mud Terrain (M/T)_0011,0.0519
SUV_/_4x4_|_Mud_Terrain_(M/T)_Community_02,Goodyear_SUV / 4x4_Mud Terrain (M/T)_0065,Tomket_SUV / 4x4_Mud Terrain (M/T)_0011,0.3205
SUV_/_4x4_|_Mud_Terrain_(M/T)_Community_02,Falken_SUV / 4x4_Mud Terrain (M/T)_0015,Tomket_SUV / 4x4_Mud Terrain (M/T)_0029,0.2421
SUV_/_4x4_|_Mud_Terrain_(M/T)_Community_02,Goodyear_SUV / 4x4_Mud Terrain (M/T)_0065,Tomket_SUV / 4x4_Mud Terrain (M/T)_0029,0.296
SUV_/_4x4_|_Mud_Terrain_(M/T)_Community_02,Michelin_SUV / 4x4_Mud Terrain (M/T)_0036,Tomket_SUV / 4x4_Mud Terrain (M/T)_0029,0.0686
SUV_/_4x4_|_Mud_Terrain_(M/T)_Community_02,Nokian_SUV / 4x4_Mud Terrain (M/T)_0064,Tomket_SUV / 4x4_Mud Terrain (M/T)_0029,0.1939
SUV_/_4x4_|_Mud_Terrain_(M/T)_Community_02,Sailun_SUV / 4x4_Mud Terrain (M/T)_0008,Tomket_SUV / 4x4_Mud Terrain (M/T)_0029,0.7951
SUV_/_4x4_|_Mud_Terrain_(M/T)_Community_02,BFGoodrich_SUV / 4x4_Mud Terrain (M/T)_0054,Tomket_SUV / 4x4_Mud Terrain (M/T)_0046,0.2296
SUV_/_4x4_|_Mud_Terrain_(M/T)_Community_02,General Tire_SUV / 4x4_Mud Terrain (M/T)_0041,Tomket_SUV / 4x4_Mud Terrain (M/T)_0046,0.3961
SUV_/_4x4_|_Mud_Terrain_(M/T)_Community_02,Goodride_SUV / 4x4_Mud Terrain (M/T)_0042,Tomket_SUV / 4x4_Mud Terrain (M/T)_0046,0.0523
SUV_/_4x4_|_Mud_Terrain_(M/T)_Community_02,Michelin_SUV / 4x4_Mud Terrain (M/T)_0021,Tomket_SUV / 4x4_Mud Terrain (M/T)_0046,0.1649
SUV_/_4x4_|_Mud_Terrain_(M/T)_Community_02,Tomket_SUV / 4x4_Mud Terrain (M/T)_0011,Tomket_SUV / 4x4_Mud Terrain (M/T)_0046,0.3853
SUV_/_4x4_|_Mud_Terrain_(M/T)_Community_02,Tomket_SUV / 4x4_Mud Terrain (M/T)_0057,Tomket_SUV / 4x4_Mud Terrain (M/T)_0046,0.2768
SUV_/_4x4_|_Mud_Terrain_(M/T)_Community_02,Continental_SUV / 4x4_Mud Terrain (M/T)_0013,Tomket_SUV / 4x4_Mud Terrain (M/T)_0057,0.7177
SUV_/_4x4_|_Mud_Terrain_(M/T)_Community_02,Cooper Tires_SUV / 4x4_Mud Terrain (M/T)_0061,Tomket_SUV / 4x4_Mud Terrain (M/T)_0057,0.1078
SUV_/_4x4_|_Mud_Terrain_(M/T)_Community_02,Mazzini_SUV / 4x4_Mud Terrain (M/T)_0063,Tomket_SUV / 4x4_Mud Terrain (M/T)_0057,0.1551
SUV_/_4x4_|_Mud_Terrain_(M/T)_Community_02,Michelin_SUV / 4x4_Mud Terrain (M/T)_0036,Tomket_SUV / 4x4_Mud Terrain (M/T)_0057,0.1236
SUV_/_4x4_|_Mud_Terrain_(M/T)_Community_02,Minerva_SUV / 4x4_Mud Terrain (M/T)_0000,Tomket_SUV / 4x4_Mud Terrain (M/T)_0057,0.052
SUV_/_4x4_|_Mud_Terrain_(M/T)_Community_02,Nokian_SUV / 4x4_Mud Terrain (M/T)_0075,Tomket_SUV / 4x4_Mud Terrain (M/T)_0057,0.1664
SUV_/_4x4_|_Mud_Terrain_(M/T)_Community_02,Tomket_SUV / 4x4_Mud Terrain (M/T)_0011,Tomket_SUV / 4x4_Mud Terrain (M/T)_0057,0.1796
SUV_/_4x4_|_Mud_Terrain_(M/T)_Community_02,Continental_SUV / 4x4_Mud Terrain (M/T)_0068,Toyo Tires_SUV / 4x4_Mud Terrain (M/T)_0005,0.9063
SUV_/_4x4_|_Mud_Terrain_(M/T)_Community_02,Cooper Tires_SUV / 4x4_Mud Terrain (M/T)_0061,Toyo Tires_SUV / 4x4_Mud Terrain (M/T)_0005,0.123
SUV_/_4x4_|_Mud_Terrain_(M/T)_Community_02,Mazzini_SUV / 4x4_Mud Terrain (M/T)_0063,Toyo Tires_SUV / 4x4_Mud Terrain (M/T)_0005,0.358
SUV_/_4x4_|_Mud_Terrain_(M/T)_Community_02,Tracmax_SUV / 4x4_Mud Terrain (M/T)_0019,Toyo Tires_SUV / 4x4_Mud Terrain (M/T)_0005,0.2232
SUV_/_4x4_|_Mud_Terrain_(M/T)_Community_02,Continental_SUV / 4x4_Mud Terrain (M/T)_0035,Tracmax_SUV / 4x4_Mud Terrain (M/T)_0019,0.6405
SUV_/_4x4_|_Mud_Terrain_(M/T)_Community_02,Minerva_SUV / 4x4_Mud Terrain (M/T)_0069,Tracmax_SUV / 4x4_Mud Terrain (M/T)_0019,0.4466
SUV_/_4x4_|_Mud_Terrain_(M/T)_Community_02,Sailun_SUV / 4x4_Mud Terrain (M/T)_0008,Tracmax_SUV / 4x4_Mud Terrain (M/T)_0019,0.1986
SUV_/_4x4_|_Mud_Terrain_(M/T)_Community_02,Tomket_SUV / 4x4_Mud Terrain (M/T)_0011,Tracmax_SUV / 4x4_Mud Terrain (M/T)_0019,0.2499
SUV_/_4x4_|_Mud_Terrain_(M/T)_Community_02,Fulda_SUV / 4x4_Mud Terrain (M/T)_0031,Yokohama_SUV / 4x4_Mud Terrain (M/T)_0073,0.2317
SUV_/_4x4_|_Mud_Terrain_(M/T)_Community_02,Goodride_SUV / 4x4_Mud Terrain (M/T)_0042,Yokohama_SUV / 4x4_Mud Terrain (M/T)_0073,0.1658
SUV_/_4x4_|_Mud_Terrain_(M/T)_Community_02,Goodride_SUV / 4x4_Mud Terrain (M/T)_0043,Yokohama_SUV / 4x4_Mud Terrain (M/T)_0073,0.8173
SUV_/_4x4_|_Mud_Terrain_(M/T)_Community_02,Kumho_SUV / 4x4_Mud Terrain (M/T)_0067,Yokohama_SUV / 4x4_Mud Terrain (M/T)_0073,0.0722
SUV_/_4x4_|_Mud_Terrain_(M/T)_Community_02,Tomket_SUV / 4x4_Mud Terrain (M/T)_0029,Yokohama_SUV / 4x4_Mud Terrain (M/T)_0073,0.171
SUV_/_4x4_|_Mud_Terrain_(M/T)_Community_02,Tomket_SUV / 4x4_Mud Terrain (M/T)_0046,Yokohama_SUV / 4x4_Mud Terrain (M/T)_0073,0.1624
Agrícola_|_Premium_Radial_Community_01,Fulda_Agrícola_Premium Radial_0025,Bridgestone_Agrícola_Premium Radial_0018,0.1573
Agrícola_|_Premium_Radial_Community_01,Goodyear_Agrícola_Premium Radial_0062,Bridgestone_Agrícola_Premium Radial_0018,0.197
Agrícola_|_Premium_Radial_Community_01,Nokian_Agrícola_Premium Radial_0008,Bridgestone_Agrícola_Premium Radial_0018,0.3917
Agrícola_|_Premium_Radial_Community_01,Roadmarch_Agrícola_Premium Radial_0061,Bridgestone_Agrícola_Premium Radial_0018,0.3629
Agrícola_|_Premium_Radial_Community_01,Bridgestone_Agrícola_Premium Radial_0018,Fulda_Agrícola_Premium Radial_0025,0.5652
Agrícola_|_Premium_Radial_Community_01,Roadmarch_Agrícola_Premium Radial_0061,Fulda_Agrícola_Premium Radial_0025,0.2813
Agrícola_|_Premium_Radial_Community_01,Sailun_Agrícola_Premium Radial_0046,Fulda_Agrícola_Premium Radial_0025,0.2177
Agrícola_|_Premium_Radial_Community_01,Wanli_Agrícola_Premium Radial_0074,Fulda_Agrícola_Premium Radial_0025,0.0583
Agrícola_|_Premium_Radial_Community_01,GT Radial_Agrícola_Premium Radial_0079,Fulda_Agrícola_Premium Radial_0033,0.0602
Agrícola_|_Premium_Radial_Community_01,Hifly_Agrícola_Premium Radial_0010,Fulda_Agrícola_Premium Radial_0033,0.1627
Agrícola_|_Premium_Radial_Community_01,Kumho_Agrícola_Premium Radial_0049,Fulda_Agrícola_Premium Radial_0033,0.148
Agrícola_|_Premium_Radial_Community_01,Nokian_Agrícola_Premium Radial_0008,Fulda_Agrícola_Premium Radial_0033,0.255
Agrícola_|_Premium_Radial_Community_01,Sailun_Agrícola_Premium Radial_0046,Fulda_Agrícola_Premium Radial_0033,0.267
Agrícola_|_Premium_Radial_Community_01,Wanli_Agrícola_Premium Radial_0074,Fulda_Agrícola_Premium Radial_0033,0.1703
Agrícola_|_Premium_Radial_Community_01,Bridgestone_Agrícola_Premium Radial_0018,GT Radial_Agrícola_Premium Radial_0079,0.3444
Agrícola_|_Premium_Radial_Community_01,Fulda_Agrícola_Premium Radial_0025,GT Radial_Agrícola_Premium Radial_0079,0.0775
Agrícola_|_Premium_Radial_Community_01,Hankook_Agrícola_Premium Radial_0070,GT Radial_Agrícola_Premium Radial_0079,0.1248
Agrícola_|_Premium_Radial_Community_01,Nokian_Agrícola_Premium Radial_0008,GT Radial_Agrícola_Premium Radial_0079,0.1667
Agrícola_|_Premium_Radial_Community_01,Roadmarch_Agrícola_Premium Radial_0061,GT Radial_Agrícola_Premium Radial_0079,0.0825
Agrícola_|_Premium_Radial_Community_01,Wanli_Agrícola_Premium Radial_0052,GT Radial_Agrícola_Premium Radial_0079,0.2017
Agrícola_|_Premium_Radial_Community_01,Fulda_Agrícola_Premium Radial_0033,Goodyear_Agrícola_Premium Radial_0062,0.0668
Agrícola_|_Premium_Radial_Community_01,Roadmarch_Agrícola_Premium Radial_0061,Goodyear_Agrícola_Premium Radial_0062,0.4174
Agrícola_|_Premium_Radial_Community_01,Sailun_Agrícola_Premium Radial_0046,Goodyear_Agrícola_Premium Radial_0062,0.5854
Agrícola_|_Premium_Radial_Community_01,Wanli_Agrícola_Premium Radial_0052,Goodyear_Agrícola_Premium Radial_0062,0.0685
Agrícola_|_Premium_Radial_Community_01,Bridgestone_Agrícola_Premium Radial_0018,Hankook_Agrícola_Premium Radial_0070,0.1598
Agrícola_|_Premium_Radial_Community_01,GT Radial_Agrícola_Premium Radial_0079,Hankook_Agrícola_Premium Radial_0070,0.0635
Agrícola_|_Premium_Radial_Community_01,Hifly_Agrícola_Premium Radial_0010,Hankook_Agrícola_Premium Radial_0070,0.2396
Agrícola_|_Premium_Radial_Community_01,Kumho_Agrícola_Premium Radial_0049,Hankook_Agrícola_Premium Radial_0070,0.1713
Agrícola_|_Premium_Radial_Community_01,Nokian_Agrícola_Premium Radial_0008,Hankook_Agrícola_Premium Radial_0070,0.1665
Agrícola_|_Premium_Radial_Community_01,Sailun_Agrícola_Premium Radial_0021,Hankook_Agrícola_Premium Radial_0070,0.0562
Agrícola_|_Premium_Radial_Community_01,Bridgestone_Agrícola_Premium Radial_0018,Hifly_Agrícola_Premium Radial_0010,0.4299
Agrícola_|_Premium_Radial_Community_01,Fulda_Agrícola_Premium Radial_0033,Hifly_Agrícola_Premium Radial_0010,0.1506
Agrícola_|_Premium_Radial_Community_01,Hankook_Agrícola_Premium Radial_0070,Hifly_Agrícola_Premium Radial_0010,0.1766
Agrícola_|_Premium_Radial_Community_01,Nokian_Agrícola_Premium Radial_0008,Hifly_Agrícola_Premium Radial_0010,0.1383
Agrícola_|_Premium_Radial_Community_01,Wanli_Agrícola_Premium Radial_0074,Hifly_Agrícola_Premium Radial_0010,0.2073
Agrícola_|_Premium_Radial_Community_01,Bridgestone_Agrícola_Premium Radial_0018,Kumho_Agrícola_Premium Radial_0049,0.6603
Agrícola_|_Premium_Radial_Community_01,Roadmarch_Agrícola_Premium Radial_0061,Kumho_Agrícola_Premium Radial_0049,0.0609
Agrícola_|_Premium_Radial_Community_01,Wanli_Agrícola_Premium Radial_0052,Kumho_Agrícola_Premium Radial_0049,0.1123
Agrícola_|_Premium_Radial_Community_01,Wanli_Agrícola_Premium Radial_0074,Kumho_Agrícola_Premium Radial_0049,0.3252
Agrícola_|_Premium_Radial_Community_01,Bridgestone_Agrícola_Premium Radial_0018,Nokian_Agrícola_Premium Radial_0008,0.1524
Agrícola_|_Premium_Radial_Community_01,Fulda_Agrícola_Premium Radial_0033,Nokian_Agrícola_Premium Radial_0008,0.394
Agrícola_|_Premium_Radial_Community_01,Goodyear_Agrícola_Premium Radial_0062,Nokian_Agrícola_Premium Radial_0008,0.1079
Agrícola_|_Premium_Radial_Community_01,Kumho_Agrícola_Premium Radial_0049,Nokian_Agrícola_Premium Radial_0008,0.1429
Agrícola_|_Premium_Radial_Community_01,Sailun_Agrícola_Premium Radial_0021,Nokian_Agrícola_Premium Radial_0008,0.0975
Agrícola_|_Premium_Radial_Community_01,Sailun_Agrícola_Premium Radial_0046,Nokian_Agrícola_Premium Radial_0008,0.1046
Agrícola_|_Premium_Radial_Community_01,Bridgestone_Agrícola_Premium Radial_0018,Roadmarch_Agrícola_Premium Radial_0061,0.7574
Agrícola_|_Premium_Radial_Community_01,Wanli_Agrícola_Premium Radial_0052,Roadmarch_Agrícola_Premium Radial_0061,0.2362
Agrícola_|_Premium_Radial_Community_01,Hifly_Agrícola_Premium Radial_0010,Sailun_Agrícola_Premium Radial_0021,0.4293
Agrícola_|_Premium_Radial_Community_01,Nokian_Agrícola_Premium Radial_0008,Sailun_Agrícola_Premium Radial_0021,0.2263
Agrícola_|_Premium_Radial_Community_01,Wanli_Agrícola_Premium Radial_0074,Sailun_Agrícola_Premium Radial_0021,0.1766
Agrícola_|_Premium_Radial_Community_01,Bridgestone_Agrícola_Premium Radial_0018,Sailun_Agrícola_Premium Radial_0046,0.1149
Agrícola_|_Premium_Radial_Community_01,Goodyear_Agrícola_Premium Radial_0062,Sailun_Agrícola_Premium Radial_0046,0.1745
Agrícola_|_Premium_Radial_Community_01,Hankook_Agrícola_Premium Radial_0070,Sailun_Agrícola_Premium Radial_0046,0.5668
Agrícola_|_Premium_Radial_Community_01,Wanli_Agrícola_Premium Radial_0074,Sailun_Agrícola_Premium Radial_0046,0.2216
Agrícola_|_Premium_Radial_Community_01,Goodyear_Agrícola_Premium Radial_0062,Wanli_Agrícola_Premium Radial_0052,0.3771
Agrícola_|_Premium_Radial_Community_01,Hankook_Agrícola_Premium Radial_0070,Wanli_Agrícola_Premium Radial_0052,0.3046
Agrícola_|_Premium_Radial_Community_01,Roadmarch_Agrícola_Premium Radial_0061,Wanli_Agrícola_Premium Radial_0052,0.4196
Agrícola_|_Premium_Radial_Community_01,Goodyear_Agrícola_Premium Radial_0062,Wanli_Agrícola_Premium Radial_0074,0.0591
Agrícola_|_Premium_Radial_Community_01,Hifly_Agrícola_Premium Radial_0010,Wanli_Agrícola_Premium Radial_0074,0.3832
Agrícola_|_Premium_Radial_Community_01,Sailun_Agrícola_Premium Radial_0046,Wanli_Agrícola_Premium Radial_0074,0.6415
Agrícola_|_Tractor_Community_01,Michelin_Agrícola_Tractor_0036,Bridgestone_Agrícola_Tractor_0004,0.3128
Agrícola_|_Tractor_Community_01,Triangle_Agrícola_Tractor_0068,Bridgestone_Agrícola_Tractor_0004,0.6396
Agrícola_|_Tractor_Community_01,Vredestein_Agrícola_Tractor_0022,Bridgestone_Agrícola_Tractor_0004,0.4011
Agrícola_|_Tractor_Community_01,Vredestein_Agrícola_Tractor_0066,Bridgestone_Agrícola_Tractor_0004,0.0584
Agrícola_|_Tractor_Community_01,Falken_Agrícola_Tractor_0077,Cooper Tires_Agrícola_Tractor_0052,0.2154
Agrícola_|_Tractor_Community_01,Kumho_Agrícola_Tractor_0001,Cooper Tires_Agrícola_Tractor_0052,0.055
Agrícola_|_Tractor_Community_01,Toyo Tires_Agrícola_Tractor_0021,Cooper Tires_Agrícola_Tractor_0052,0.4106
Agrícola_|_Tractor_Community_01,Vredestein_Agrícola_Tractor_0066,Cooper Tires_Agrícola_Tractor_0052,0.311
Agrícola_|_Tractor_Community_01,Wanli_Agrícola_Tractor_0079,Cooper Tires_Agrícola_Tractor_0052,0.2779
Agrícola_|_Tractor_Community_01,Hankook_Agrícola_Tractor_0030,Falken_Agrícola_Tractor_0077,0.4834
Agrícola_|_Tractor_Community_01,Hankook_Agrícola_Tractor_0033,Falken_Agrícola_Tractor_0077,0.2102
Agrícola_|_Tractor_Community_01,Toyo Tires_Agrícola_Tractor_0021,Falken_Agrícola_Tractor_0077,0.1003
Agrícola_|_Tractor_Community_01,Triangle_Agrícola_Tractor_0068,Falken_Agrícola_Tractor_0077,0.5908
Agrícola_|_Tractor_Community_01,Cooper Tires_Agrícola_Tractor_0052,Goodride_Agrícola_Tractor_0067,0.2979
Agrícola_|_Tractor_Community_01,Hankook_Agrícola_Tractor_0019,Goodride_Agrícola_Tractor_0067,0.1391
Agrícola_|_Tractor_Community_01,Michelin_Agrícola_Tractor_0045,Goodride_Agrícola_Tractor_0067,0.2544
Agrícola_|_Tractor_Community_01,Vredestein_Agrícola_Tractor_0022,Goodride_Agrícola_Tractor_0067,0.131
Agrícola_|_Tractor_Community_01,Vredestein_Agrícola_Tractor_0046,Goodride_Agrícola_Tractor_0067,0.1255
Agrícola_|_Tractor_Community_01,Yokohama_Agrícola_Tractor_0035,Goodride_Agrícola_Tractor_0067,0.3867
Agrícola_|_Tractor_Community_01,Hifly_Agrícola_Tractor_0065,Hankook_Agrícola_Tractor_0019,0.2674
Agrícola_|_Tractor_Community_01,Kumho_Agrícola_Tractor_0001,Hankook_Agrícola_Tractor_0019,0.4544
Agrícola_|_Tractor_Community_01,Michelin_Agrícola_Tractor_0045,Hankook_Agrícola_Tractor_0019,0.1524
Agrícola_|_Tractor_Community_01,Toyo Tires_Agrícola_Tractor_0073,Hankook_Agrícola_Tractor_0019,0.1292
Agrícola_|_Tractor_Community_01,Vredestein_Agrícola_Tractor_0046,Hankook_Agrícola_Tractor_0019,0.1705
Agrícola_|_Tractor_Community_01,Yokohama_Agrícola_Tractor_0035,Hankook_Agrícola_Tractor_0019,0.2196
Agrícola_|_Tractor_Community_01,Kumho_Agrícola_Tractor_0001,Hankook_Agrícola_Tractor_0030,0.3106
Agrícola_|_Tractor_Community_01,Michelin_Agrícola_Tractor_0036,Hankook_Agrícola_Tractor_0030,0.0806
Agrícola_|_Tractor_Community_01,Toyo Tires_Agrícola_Tractor_0073,Hankook_Agrícola_Tractor_0030,0.6772
Agrícola_|_Tractor_Community_01,Vredestein_Agrícola_Tractor_0066,Hankook_Agrícola_Tractor_0030,0.2486
Agrícola_|_Tractor_Community_01,Hankook_Agrícola_Tractor_0030,Hankook_Agrícola_Tractor_0033,0.5189
Agrícola_|_Tractor_Community_01,Hankook_Agrícola_Tractor_0059,Hankook_Agrícola_Tractor_0033,0.4793
Agrícola_|_Tractor_Community_01,Kumho_Agrícola_Tractor_0001,Hankook_Agrícola_Tractor_0033,0.1921
Agrícola_|_Tractor_Community_01,Michelin_Agrícola_Tractor_0045,Hankook_Agrícola_Tractor_0033,0.1814
Agrícola_|_Tractor_Community_01,Hankook_Agrícola_Tractor_0019,Hankook_Agrícola_Tractor_0059,0.6358
Agrícola_|_Tractor_Community_01,Vredestein_Agrícola_Tractor_0066,Hankook_Agrícola_Tractor_0059,0.5514
Agrícola_|_Tractor_Community_01,Wanli_Agrícola_Tractor_0079,Hankook_Agrícola_Tractor_0059,0.1803
Agrícola_|_Tractor_Community_01,Hankook_Agrícola_Tractor_0033,Hankook_Agrícola_Tractor_0060,0.3199
Agrícola_|_Tractor_Community_01,Hifly_Agrícola_Tractor_0016,Hankook_Agrícola_Tractor_0060,0.2793
Agrícola_|_Tractor_Community_01,Kumho_Agrícola_Tractor_0001,Hankook_Agrícola_Tractor_0060,0.2298
Agrícola_|_Tractor_Community_01,Michelin_Agrícola_Tractor_0007,Hankook_Agrícola_Tractor_0060,0.2581
Agrícola_|_Tractor_Community_01,Nokian_Agrícola_Tractor_0032,Hankook_Agrícola_Tractor_0060,0.1824
Agrícola_|_Tractor_Community_01,Goodride_Agrícola_Tractor_0067,Hifly_Agrícola_Tractor_0016,0.0672
Agrícola_|_Tractor_Community_01,Hankook_Agrícola_Tractor_0030,Hifly_Agrícola_Tractor_0016,0.36
Agrícola_|_Tractor_Community_01,Hankook_Agrícola_Tractor_0059,Hifly_Agrícola_Tractor_0016,0.4176
Agrícola_|_Tractor_Community_01,Vredestein_Agrícola_Tractor_0046,Hifly_Agrícola_Tractor_0016,0.4359
Agrícola_|_Tractor_Community_01,Vredestein_Agrícola_Tractor_0066,Hifly_Agrícola_Tractor_0016,0.1475
Agrícola_|_Tractor_Community_01,Goodride_Agrícola_Tractor_0067,Hifly_Agrícola_Tractor_0065,0.5007
Agrícola_|_Tractor_Community_01,Michelin_Agrícola_Tractor_0007,Hifly_Agrícola_Tractor_0065,0.2748
Agrícola_|_Tractor_Community_01,Michelin_Agrícola_Tractor_0036,Hifly_Agrícola_Tractor_0065,0.0774
Agrícola_|_Tractor_Community_01,Michelin_Agrícola_Tractor_0045,Hifly_Agrícola_Tractor_0065,0.2351
Agrícola_|_Tractor_Community_01,Toyo Tires_Agrícola_Tractor_0021,Hifly_Agrícola_Tractor_0065,0.1092
Agrícola_|_Tractor_Community_01,Wanli_Agrícola_Tractor_0079,Hifly_Agrícola_Tractor_0065,0.1917
Agrícola_|_Tractor_Community_01,Bridgestone_Agrícola_Tractor_0004,Kumho_Agrícola_Tractor_0001,0.1697
Agrícola_|_Tractor_Community_01,Falken_Agrícola_Tractor_0077,Kumho_Agrícola_Tractor_0001,0.1452
Agrícola_|_Tractor_Community_01,Hifly_Agrícola_Tractor_0016,Kumho_Agrícola_Tractor_0001,0.1716
Agrícola_|_Tractor_Community_01,Toyo Tires_Agrícola_Tractor_0073,Kumho_Agrícola_Tractor_0001,0.2788
Agrícola_|_Tractor_Community_01,Wanli_Agrícola_Tractor_0079,Kumho_Agrícola_Tractor_0001,0.6351
Agrícola_|_Tractor_Community_01,Bridgestone_Agrícola_Tractor_0004,Michelin_Agrícola_Tractor_0007,0.1635
Agrícola_|_Tractor_Community_01,Hankook_Agrícola_Tractor_0059,Michelin_Agrícola_Tractor_0007,0.6875
Agrícola_|_Tractor_Community_01,Pirelli_Agrícola_Tractor_0070,Michelin_Agrícola_Tractor_0007,0.1859
Agrícola_|_Tractor_Community_01,Vredestein_Agrícola_Tractor_0022,Michelin_Agrícola_Tractor_0007,0.3489
Agrícola_|_Tractor_Community_01,Bridgestone_Agrícola_Tractor_0004,Michelin_Agrícola_Tractor_0036,0.2558
Agrícola_|_Tractor_Community_01,Goodride_Agrícola_Tractor_0067,Michelin_Agrícola_Tractor_0036,0.0685
Agrícola_|_Tractor_Community_01,Hankook_Agrícola_Tractor_0060,Michelin_Agrícola_Tractor_0036,0.1919
Agrícola_|_Tractor_Community_01,Michelin_Agrícola_Tractor_0045,Michelin_Agrícola_Tractor_0036,0.389
Agrícola_|_Tractor_Community_01,Toyo Tires_Agrícola_Tractor_0021,Michelin_Agrícola_Tractor_0036,0.413
Agrícola_|_Tractor_Community_01,Hankook_Agrícola_Tractor_0033,Michelin_Agrícola_Tractor_0045,0.1712
Agrícola_|_Tractor_Community_01,Hankook_Agrícola_Tractor_0059,Michelin_Agrícola_Tractor_0045,0.7598
Agrícola_|_Tractor_Community_01,Hankook_Agrícola_Tractor_0060,Michelin_Agrícola_Tractor_0045,0.3407
Agrícola_|_Tractor_Community_01,Michelin_Agrícola_Tractor_0036,Michelin_Agrícola_Tractor_0045,0.1619
Agrícola_|_Tractor_Community_01,Bridgestone_Agrícola_Tractor_0004,Nokian_Agrícola_Tractor_0032,0.3499
Agrícola_|_Tractor_Community_01,Falken_Agrícola_Tractor_0077,Nokian_Agrícola_Tractor_0032,0.4197
Agrícola_|_Tractor_Community_01,Goodride_Agrícola_Tractor_0067,Nokian_Agrícola_Tractor_0032,0.3402
Agrícola_|_Tractor_Community_01,Toyo Tires_Agrícola_Tractor_0073,Nokian_Agrícola_Tractor_0032,0.0908
Agrícola_|_Tractor_Community_01,Triangle_Agrícola_Tractor_0068,Nokian_Agrícola_Tractor_0032,0.2285
Agrícola_|_Tractor_Community_01,Hankook_Agrícola_Tractor_0059,Pirelli_Agrícola_Tractor_0070,0.514
Agrícola_|_Tractor_Community_01,Michelin_Agrícola_Tractor_0036,Pirelli_Agrícola_Tractor_0070,0.0968
Agrícola_|_Tractor_Community_01,Toyo Tires_Agrícola_Tractor_0021,Pirelli_Agrícola_Tractor_0070,0.3645
Agrícola_|_Tractor_Community_01,Toyo Tires_Agrícola_Tractor_0073,Pirelli_Agrícola_Tractor_0070,0.3199
Agrícola_|_Tractor_Community_01,Triangle_Agrícola_Tractor_0068,Pirelli_Agrícola_Tractor_0070,0.0922
Agrícola_|_Tractor_Community_01,Vredestein_Agrícola_Tractor_0046,Pirelli_Agrícola_Tractor_0070,0.1364
Agrícola_|_Tractor_Community_01,Hankook_Agrícola_Tractor_0019,Roadmarch_Agrícola_Tractor_0012,0.1188
Agrícola_|_Tractor_Community_01,Hankook_Agrícola_Tractor_0033,Roadmarch_Agrícola_Tractor_0012,0.5634
Agrícola_|_Tractor_Community_01,Hifly_Agrícola_Tractor_0065,Roadmarch_Agrícola_Tractor_0012,0.3401
Agrícola_|_Tractor_Community_01,Kumho_Agrícola_Tractor_0001,Roadmarch_Agrícola_Tractor_0012,0.2778
Agrícola_|_Tractor_Community_01,Nokian_Agrícola_Tractor_0032,Roadmarch_Agrícola_Tractor_0012,0.2219
Agrícola_|_Tractor_Community_01,Hankook_Agrícola_Tractor_0030,Toyo Tires_Agrícola_Tractor_0021,0.1489
Agrícola_|_Tractor_Community_01,Hankook_Agrícola_Tractor_0059,Toyo Tires_Agrícola_Tractor_0021,0.1985
Agrícola_|_Tractor_Community_01,Kumho_Agrícola_Tractor_0001,Toyo Tires_Agrícola_Tractor_0021,0.1433
Agrícola_|_Tractor_Community_01,Triangle_Agrícola_Tractor_0068,Toyo Tires_Agrícola_Tractor_0021,0.0913
Agrícola_|_Tractor_Community_01,Vredestein_Agrícola_Tractor_0022,Toyo Tires_Agrícola_Tractor_0021,0.6018
Agrícola_|_Tractor_Community_01,Bridgestone_Agrícola_Tractor_0004,Toyo Tires_Agrícola_Tractor_0073,0.2961
Agrícola_|_Tractor_Community_01,Cooper Tires_Agrícola_Tractor_0052,Toyo Tires_Agrícola_Tractor_0073,0.2379
Agrícola_|_Tractor_Community_01,Goodride_Agrícola_Tractor_0067,Toyo Tires_Agrícola_Tractor_0073,0.331
Agrícola_|_Tractor_Community_01,Hankook_Agrícola_Tractor_0033,Toyo Tires_Agrícola_Tractor_0073,0.2711
Agrícola_|_Tractor_Community_01,Vredestein_Agrícola_Tractor_0022,Toyo Tires_Agrícola_Tractor_0073,0.0976
Agrícola_|_Tractor_Community_01,Cooper Tires_Agrícola_Tractor_0052,Triangle_Agrícola_Tractor_0068,0.4093
Agrícola_|_Tractor_Community_01,Goodride_Agrícola_Tractor_0067,Triangle_Agrícola_Tractor_0068,0.3282
Agrícola_|_Tractor_Community_01,Hifly_Agrícola_Tractor_0065,Triangle_Agrícola_Tractor_0068,0.1178
Agrícola_|_Tractor_Community_01,Vredestein_Agrícola_Tractor_0022,Triangle_Agrícola_Tractor_0068,0.6363
Agrícola_|_Tractor_Community_01,Hankook_Agrícola_Tractor_0059,Vredestein_Agrícola_Tractor_0022,0.2458
Agrícola_|_Tractor_Community_01,Hankook_Agrícola_Tractor_0060,Vredestein_Agrícola_Tractor_0022,0.3752
Agrícola_|_Tractor_Community_01,Hifly_Agrícola_Tractor_0065,Vredestein_Agrícola_Tractor_0022,0.1401
Agrícola_|_Tractor_Community_01,Michelin_Agrícola_Tractor_0045,Vredestein_Agrícola_Tractor_0022,0.3195
Agrícola_|_Tractor_Community_01,Toyo Tires_Agrícola_Tractor_0073,Vredestein_Agrícola_Tractor_0022,0.3212
Agrícola_|_Tractor_Community_01,Bridgestone_Agrícola_Tractor_0004,Vredestein_Agrícola_Tractor_0046,0.6602
Agrícola_|_Tractor_Community_01,Hankook_Agrícola_Tractor_0030,Vredestein_Agrícola_Tractor_0046,0.3394
Agrícola_|_Tractor_Community_01,Hankook_Agrícola_Tractor_0059,Vredestein_Agrícola_Tractor_0046,0.1879
Agrícola_|_Tractor_Community_01,Yokohama_Agrícola_Tractor_0035,Vredestein_Agrícola_Tractor_0046,0.2284
Agrícola_|_Tractor_Community_01,Cooper Tires_Agrícola_Tractor_0052,Vredestein_Agrícola_Tractor_0066,0.5044
Agrícola_|_Tractor_Community_01,Hankook_Agrícola_Tractor_0033,Vredestein_Agrícola_Tractor_0066,0.1227
Agrícola_|_Tractor_Community_01,Hifly_Agrícola_Tractor_0016,Vredestein_Agrícola_Tractor_0066,0.2324
Agrícola_|_Tractor_Community_01,Michelin_Agrícola_Tractor_0045,Vredestein_Agrícola_Tractor_0066,0.138
Agrícola_|_Tractor_Community_01,Roadmarch_Agrícola_Tractor_0012,Vredestein_Agrícola_Tractor_0066,0.1948
Agrícola_|_Tractor_Community_01,Toyo Tires_Agrícola_Tractor_0073,Vredestein_Agrícola_Tractor_0066,0.2323
Agrícola_|_Tractor_Community_01,Bridgestone_Agrícola_Tractor_0004,Wanli_Agrícola_Tractor_0079,0.293
Agrícola_|_Tractor_Community_01,Hifly_Agrícola_Tractor_0016,Wanli_Agrícola_Tractor_0079,0.2099
Agrícola_|_Tractor_Community_01,Hifly_Agrícola_Tractor_0065,Wanli_Agrícola_Tractor_0079,0.2696
Agrícola_|_Tractor_Community_01,Michelin_Agrícola_Tractor_0045,Wanli_Agrícola_Tractor_0079,0.1342
Agrícola_|_Tractor_Community_01,Roadmarch_Agrícola_Tractor_0012,Wanli_Agrícola_Tractor_0079,0.2079
Agrícola_|_Tractor_Community_01,Toyo Tires_Agrícola_Tractor_0021,Wanli_Agrícola_Tractor_0079,0.3744
Agrícola_|_Tractor_Community_01,Goodride_Agrícola_Tractor_0067,Yokohama_Agrícola_Tractor_0035,0.1535
Agrícola_|_Tractor_Community_01,Kumho_Agrícola_Tractor_0001,Yokohama_Agrícola_Tractor_0035,0.1437
Agrícola_|_Tractor_Community_01,Michelin_Agrícola_Tractor_0036,Yokohama_Agrícola_Tractor_0035,0.2503
Agrícola_|_Tractor_Community_01,Vredestein_Agrícola_Tractor_0022,Yokohama_Agrícola_Tractor_0035,0.4183
Agrícola_|_Tractor_Community_01,Wanli_Agrícola_Tractor_0079,Yokohama_Agrícola_Tractor_0035,0.3575
Camión_|_Regional_Community_02,Continental_Camión_Regional_0049,Bridgestone_Camión_Regional_0033,0.1477
Camión_|_Regional_Community_02,Falken_Camión_Regional_0000,Bridgestone_Camión_Regional_0033,0.6379
Camión_|_Regional_Community_02,Fulda_Camión_Regional_0028,Bridgestone_Camión_Regional_0033,0.2689
Camión_|_Regional_Community_02,Mazzini_Camión_Regional_0019,Bridgestone_Camión_Regional_0033,0.0691
Camión_|_Regional_Community_02,Nokian_Camión_Regional_0064,Bridgestone_Camión_Regional_0033,0.2062
Camión_|_Regional_Community_02,Roadmarch_Camión_Regional_0050,Bridgestone_Camión_Regional_0033,0.3663
Camión_|_Regional_Community_02,Nokian_Camión_Regional_0076,Continental_Camión_Regional_0047,0.9075
Camión_|_Regional_Community_02,Tracmax_Camión_Regional_0014,Continental_Camión_Regional_0047,0.2357
Camión_|_Regional_Community_02,Yokohama_Camión_Regional_0018,Continental_Camión_Regional_0047,0.5305
Camión_|_Regional_Community_02,Bridgestone_Camión_Regional_0033,Continental_Camión_Regional_0049,0.1378
Camión_|_Regional_Community_02,Fulda_Camión_Regional_0065,Continental_Camión_Regional_0049,0.5925
Camión_|_Regional_Community_02,Nokian_Camión_Regional_0064,Continental_Camión_Regional_0049,0.0909
Camión_|_Regional_Community_02,Pirelli_Camión_Regional_0061,Continental_Camión_Regional_0049,0.0811
Camión_|_Regional_Community_02,Yokohama_Camión_Regional_0018,Continental_Camión_Regional_0049,0.6194
Camión_|_Regional_Community_02,Goodyear_Camión_Regional_0040,Continental_Camión_Regional_0067,0.2164
Camión_|_Regional_Community_02,Goodyear_Camión_Regional_0077,Continental_Camión_Regional_0067,0.1872
Camión_|_Regional_Community_02,Minerva_Camión_Regional_0021,Continental_Camión_Regional_0067,0.9665
Camión_|_Regional_Community_02,Nokian_Camión_Regional_0076,Continental_Camión_Regional_0067,0.0651
Camión_|_Regional_Community_02,Pirelli_Camión_Regional_0061,Continental_Camión_Regional_0067,0.3443
Camión_|_Regional_Community_02,Firestone_Camión_Regional_0001,Falken_Camión_Regional_0000,0.4843
Camión_|_Regional_Community_02,Goodride_Camión_Regional_0070,Falken_Camión_Regional_0000,0.4733
Camión_|_Regional_Community_02,Goodyear_Camión_Regional_0040,Falken_Camión_Regional_0000,0.5233
Camión_|_Regional_Community_02,Goodyear_Camión_Regional_0077,Falken_Camión_Regional_0000,0.2676
Camión_|_Regional_Community_02,Continental_Camión_Regional_0067,Firestone_Camión_Regional_0001,0.2417
Camión_|_Regional_Community_02,Goodyear_Camión_Regional_0040,Firestone_Camión_Regional_0001,0.1292
Camión_|_Regional_Community_02,Hankook_Camión_Regional_0012,Firestone_Camión_Regional_0001,0.052
Camión_|_Regional_Community_02,Mazzini_Camión_Regional_0043,Firestone_Camión_Regional_0001,0.3869
Camión_|_Regional_Community_02,Nexen_Camión_Regional_0016,Firestone_Camión_Regional_0001,0.1179
Camión_|_Regional_Community_02,Nokian_Camión_Regional_0064,Firestone_Camión_Regional_0001,0.0955
Camión_|_Regional_Community_02,Tracmax_Camión_Regional_0014,Firestone_Camión_Regional_0001,0.3407
Camión_|_Regional_Community_02,Yokohama_Camión_Regional_0018,Firestone_Camión_Regional_0001,0.2832
Camión_|_Regional_Community_02,Continental_Camión_Regional_0047,Firestone_Camión_Regional_0056,0.4356
Camión_|_Regional_Community_02,Continental_Camión_Regional_0067,Firestone_Camión_Regional_0056,0.1911
Camión_|_Regional_Community_02,Mazzini_Camión_Regional_0043,Firestone_Camión_Regional_0056,0.3885
Camión_|_Regional_Community_02,Pirelli_Camión_Regional_0061,Firestone_Camión_Regional_0056,0.4038
Camión_|_Regional_Community_02,Fulda_Camión_Regional_0065,Fulda_Camión_Regional_0007,0.8466
Camión_|_Regional_Community_02,Hankook_Camión_Regional_0012,Fulda_Camión_Regional_0007,0.4373
Camión_|_Regional_Community_02,Yokohama_Camión_Regional_0018,Fulda_Camión_Regional_0007,0.4383
Camión_|_Regional_Community_02,Bridgestone_Camión_Regional_0033,Fulda_Camión_Regional_0028,0.0535
Camión_|_Regional_Community_02,Continental_Camión_Regional_0047,Fulda_Camión_Regional_0028,0.2719
Camión_|_Regional_Community_02,Firestone_Camión_Regional_0001,Fulda_Camión_Regional_0028,0.063
Camión_|_Regional_Community_02,Goodyear_Camión_Regional_0040,Fulda_Camión_Regional_0028,0.0998
Camión_|_Regional_Community_02,Hankook_Camión_Regional_0012,Fulda_Camión_Regional_0028,0.2668
Camión_|_Regional_Community_02,Pirelli_Camión_Regional_0061,Fulda_Camión_Regional_0028,0.9696
Camión_|_Regional_Community_02,Fulda_Camión_Regional_0007,Fulda_Camión_Regional_0065,0.2959
Camión_|_Regional_Community_02,Goodyear_Camión_Regional_0040,Fulda_Camión_Regional_0065,0.2393
Camión_|_Regional_Community_02,Nexen_Camión_Regional_0016,Fulda_Camión_Regional_0065,0.4624
Camión_|_Regional_Community_02,Nokian_Camión_Regional_0076,Fulda_Camión_Regional_0065,0.3224
Camión_|_Regional_Community_02,Tracmax_Camión_Regional_0014,Fulda_Camión_Regional_0065,0.4164
Camión_|_Regional_Community_02,Firestone_Camión_Regional_0056,GT Radial_Camión_Regional_0062,0.728
Camión_|_Regional_Community_02,Fulda_Camión_Regional_0028,GT Radial_Camión_Regional_0062,0.5186
Camión_|_Regional_Community_02,Mazzini_Camión_Regional_0019,GT Radial_Camión_Regional_0062,0.1958
Camión_|_Regional_Community_02,Nexen_Camión_Regional_0016,GT Radial_Camión_Regional_0062,0.1325
Camión_|_Regional_Community_02,Firestone_Camión_Regional_0056,Goodride_Camión_Regional_0070,0.262
Camión_|_Regional_Community_02,GT Radial_Camión_Regional_0062,Goodride_Camión_Regional_0070,0.279
Camión_|_Regional_Community_02,Mazzini_Camión_Regional_0043,Goodride_Camión_Regional_0070,0.4037
Camión_|_Regional_Community_02,Nexen_Camión_Regional_0016,Goodride_Camión_Regional_0070,0.3684
Camión_|_Regional_Community_02,Nokian_Camión_Regional_0064,Goodride_Camión_Regional_0070,0.2245
Camión_|_Regional_Community_02,Bridgestone_Camión_Regional_0033,Goodyear_Camión_Regional_0040,0.2434
Camión_|_Regional_Community_02,Continental_Camión_Regional_0067,Goodyear_Camión_Regional_0040,0.0512
Camión_|_Regional_Community_02,Fulda_Camión_Regional_0028,Goodyear_Camión_Regional_0040,0.3191
Camión_|_Regional_Community_02,GT Radial_Camión_Regional_0062,Goodyear_Camión_Regional_0040,0.1943
Camión_|_Regional_Community_02,Nokian_Camión_Regional_0064,Goodyear_Camión_Regional_0040,0.1278
Camión_|_Regional_Community_02,Tracmax_Camión_Regional_0014,Goodyear_Camión_Regional_0040,0.6323
Camión_|_Regional_Community_02,Fulda_Camión_Regional_0065,Goodyear_Camión_Regional_0077,0.1504
Camión_|_Regional_Community_02,GT Radial_Camión_Regional_0062,Goodyear_Camión_Regional_0077,0.1341
Camión_|_Regional_Community_02,Nexen_Camión_Regional_0016,Goodyear_Camión_Regional_0077,0.0822
Camión_|_Regional_Community_02,Pirelli_Camión_Regional_0061,Goodyear_Camión_Regional_0077,0.5873
Camión_|_Regional_Community_02,Roadmarch_Camión_Regional_0050,Goodyear_Camión_Regional_0077,0.674
Camión_|_Regional_Community_02,Bridgestone_Camión_Regional_0033,Hankook_Camión_Regional_0012,0.0869
Camión_|_Regional_Community_02,Continental_Camión_Regional_0047,Hankook_Camión_Regional_0012,0.346
Camión_|_Regional_Community_02,Mazzini_Camión_Regional_0043,Hankook_Camión_Regional_0012,0.4811
Camión_|_Regional_Community_02,Tracmax_Camión_Regional_0014,Hankook_Camión_Regional_0012,0.5885
Camión_|_Regional_Community_02,Fulda_Camión_Regional_0065,Mazzini_Camión_Regional_0019,0.5492
Camión_|_Regional_Community_02,GT Radial_Camión_Regional_0062,Mazzini_Camión_Regional_0019,0.749
Camión_|_Regional_Community_02,Goodride_Camión_Regional_0070,Mazzini_Camión_Regional_0019,0.4111
Camión_|_Regional_Community_02,GT Radial_Camión_Regional_0062,Mazzini_Camión_Regional_0043,0.5083
Camión_|_Regional_Community_02,Goodride_Camión_Regional_0070,Mazzini_Camión_Regional_0043,0.3306
Camión_|_Regional_Community_02,Goodyear_Camión_Regional_0040,Mazzini_Camión_Regional_0043,0.4481
Camión_|_Regional_Community_02,Hankook_Camión_Regional_0012,Mazzini_Camión_Regional_0043,0.0612
Camión_|_Regional_Community_02,Mazzini_Camión_Regional_0019,Mazzini_Camión_Regional_0043,0.2456
Camión_|_Regional_Community_02,Bridgestone_Camión_Regional_0033,Minerva_Camión_Regional_0021,0.257
Camión_|_Regional_Community_02,Fulda_Camión_Regional_0028,Minerva_Camión_Regional_0021,0.8451
Camión_|_Regional_Community_02,Goodyear_Camión_Regional_0040,Minerva_Camión_Regional_0021,0.3828
Camión_|_Regional_Community_02,Mazzini_Camión_Regional_0019,Minerva_Camión_Regional_0021,0.0912
Camión_|_Regional_Community_02,Mazzini_Camión_Regional_0043,Minerva_Camión_Regional_0021,0.0713
Camión_|_Regional_Community_02,Falken_Camión_Regional_0000,Nexen_Camión_Regional_0016,0.5291
Camión_|_Regional_Community_02,GT Radial_Camión_Regional_0062,Nexen_Camión_Regional_0016,0.3161
Camión_|_Regional_Community_02,Mazzini_Camión_Regional_0019,Nexen_Camión_Regional_0016,0.2667
Camión_|_Regional_Community_02,Nokian_Camión_Regional_0064,Nexen_Camión_Regional_0016,0.1745
Camión_|_Regional_Community_02,Nokian_Camión_Regional_0076,Nexen_Camión_Regional_0016,0.117
Camión_|_Regional_Community_02,Continental_Camión_Regional_0047,Nokian_Camión_Regional_0064,0.3457
Camión_|_Regional_Community_02,Falken_Camión_Regional_0000,Nokian_Camión_Regional_0064,0.0795
Camión_|_Regional_Community_02,Firestone_Camión_Regional_0001,Nokian_Camión_Regional_0064,0.1074
Camión_|_Regional_Community_02,Fulda_Camión_Regional_0065,Nokian_Camión_Regional_0064,0.1139
Camión_|_Regional_Community_02,Mazzini_Camión_Regional_0019,Nokian_Camión_Regional_0064,0.0624
Camión_|_Regional_Community_02,Mazzini_Camión_Regional_0043,Nokian_Camión_Regional_0064,0.6829
Camión_|_Regional_Community_02,Tracmax_Camión_Regional_0014,Nokian_Camión_Regional_0064,0.2089
Camión_|_Regional_Community_02,Continental_Camión_Regional_0049,Nokian_Camión_Regional_0076,0.0978
Camión_|_Regional_Community_02,Fulda_Camión_Regional_0028,Nokian_Camión_Regional_0076,0.3445
Camión_|_Regional_Community_02,Goodyear_Camión_Regional_0040,Nokian_Camión_Regional_0076,0.1449
Camión_|_Regional_Community_02,Goodyear_Camión_Regional_0077,Nokian_Camión_Regional_0076,0.2707
Camión_|_Regional_Community_02,Hankook_Camión_Regional_0012,Nokian_Camión_Regional_0076,0.1804
Camión_|_Regional_Community_02,Mazzini_Camión_Regional_0043,Nokian_Camión_Regional_0076,0.5649
Camión_|_Regional_Community_02,Continental_Camión_Regional_0049,Pirelli_Camión_Regional_0061,0.2029
Camión_|_Regional_Community_02,Fulda_Camión_Regional_0065,Pirelli_Camión_Regional_0061,0.2585
Camión_|_Regional_Community_02,Mazzini_Camión_Regional_0019,Pirelli_Camión_Regional_0061,0.1223
Camión_|_Regional_Community_02,Minerva_Camión_Regional_0021,Pirelli_Camión_Regional_0061,0.4073
Camión_|_Regional_Community_02,Nexen_Camión_Regional_0016,Pirelli_Camión_Regional_0061,0.2837
Camión_|_Regional_Community_02,Nokian_Camión_Regional_0076,Pirelli_Camión_Regional_0061,0.1913
Camión_|_Regional_Community_02,Firestone_Camión_Regional_0001,Roadmarch_Camión_Regional_0050,0.1668
Camión_|_Regional_Community_02,Firestone_Camión_Regional_0056,Roadmarch_Camión_Regional_0050,0.1164
Camión_|_Regional_Community_02,Mazzini_Camión_Regional_0019,Roadmarch_Camión_Regional_0050,0.454
Camión_|_Regional_Community_02,Mazzini_Camión_Regional_0043,Roadmarch_Camión_Regional_0050,0.1567
Camión_|_Regional_Community_02,Nexen_Camión_Regional_0016,Roadmarch_Camión_Regional_0050,0.6729
Camión_|_Regional_Community_02,Pirelli_Camión_Regional_0061,Roadmarch_Camión_Regional_0050,0.1744
Camión_|_Regional_Community_02,Bridgestone_Camión_Regional_0033,Tracmax_Camión_Regional_0014,0.0651
Camión_|_Regional_Community_02,Continental_Camión_Regional_0047,Tracmax_Camión_Regional_0014,0.2315
Camión_|_Regional_Community_02,Continental_Camión_Regional_0049,Tracmax_Camión_Regional_0014,0.2959
Camión_|_Regional_Community_02,Firestone_Camión_Regional_0056,Tracmax_Camión_Regional_0014,0.1069
Camión_|_Regional_Community_02,Fulda_Camión_Regional_0028,Tracmax_Camión_Regional_0014,0.1656
Camión_|_Regional_Community_02,Goodyear_Camión_Regional_0040,Tracmax_Camión_Regional_0014,0.0686
Camión_|_Regional_Community_02,Mazzini_Camión_Regional_0043,Tracmax_Camión_Regional_0014,0.5096
Camión_|_Regional_Community_02,Nokian_Camión_Regional_0076,Tracmax_Camión_Regional_0014,0.1056
Camión_|_Regional_Community_02,Bridgestone_Camión_Regional_0033,Yokohama_Camión_Regional_0018,0.2958
Camión_|_Regional_Community_02,Fulda_Camión_Regional_0007,Yokohama_Camión_Regional_0018,0.4741
Camión_|_Regional_Community_02,Minerva_Camión_Regional_0021,Yokohama_Camión_Regional_0018,0.336
Camión_|_Regional_Community_02,Nokian_Camión_Regional_0064,Yokohama_Camión_Regional_0018,0.3045
Camión_|_Regional_Community_02,Roadmarch_Camión_Regional_0050,Yokohama_Camión_Regional_0018,0.218
Industrial_|_Manipulación_Ligera_Community_03,Firestone_Industrial_Manipulación Ligera_0010,Bridgestone_Industrial_Manipulación Ligera_0004,0.4731
Industrial_|_Manipulación_Ligera_Community_03,Kumho_Industrial_Manipulación Ligera_0048,Bridgestone_Industrial_Manipulación Ligera_0004,0.3912
Industrial_|_Manipulación_Ligera_Community_03,Minerva_Industrial_Manipulación Ligera_0075,Bridgestone_Industrial_Manipulación Ligera_0004,0.2485
Industrial_|_Manipulación_Ligera_Community_03,Yokohama_Industrial_Manipulación Ligera_0061,Bridgestone_Industrial_Manipulación Ligera_0004,0.8051
Industrial_|_Manipulación_Ligera_Community_03,Falken_Industrial_Manipulación Ligera_0077,Bridgestone_Industrial_Manipulación Ligera_0056,0.3394
Industrial_|_Manipulación_Ligera_Community_03,Goodyear_Industrial_Manipulación Ligera_0009,Bridgestone_Industrial_Manipulación Ligera_0056,0.8278
Industrial_|_Manipulación_Ligera_Community_03,Kumho_Industrial_Manipulación Ligera_0048,Bridgestone_Industrial_Manipulación Ligera_0056,0.4955
Industrial_|_Manipulación_Ligera_Community_03,Mazzini_Industrial_Manipulación Ligera_0040,Bridgestone_Industrial_Manipulación Ligera_0056,0.2053
Industrial_|_Manipulación_Ligera_Community_03,Bridgestone_Industrial_Manipulación Ligera_0056,Dunlop_Industrial_Manipulación Ligera_0032,0.2898
Industrial_|_Manipulación_Ligera_Community_03,Falken_Industrial_Manipulación Ligera_0077,Dunlop_Industrial_Manipulación Ligera_0032,1.1034
Industrial_|_Manipulación_Ligera_Community_03,Kumho_Industrial_Manipulación Ligera_0048,Dunlop_Industrial_Manipulación Ligera_0032,0.0899
Industrial_|_Manipulación_Ligera_Community_03,Mazzini_Industrial_Manipulación Ligera_0040,Dunlop_Industrial_Manipulación Ligera_0032,0.5371
Industrial_|_Manipulación_Ligera_Community_03,Firestone_Industrial_Manipulación Ligera_0010,Falken_Industrial_Manipulación Ligera_0077,0.4926
Industrial_|_Manipulación_Ligera_Community_03,Kumho_Industrial_Manipulación Ligera_0048,Falken_Industrial_Manipulación Ligera_0077,0.2356
Industrial_|_Manipulación_Ligera_Community_03,Michelin_Industrial_Manipulación Ligera_0036,Falken_Industrial_Manipulación Ligera_0077,0.2102
Industrial_|_Manipulación_Ligera_Community_03,Minerva_Industrial_Manipulación Ligera_0075,Falken_Industrial_Manipulación Ligera_0077,1.0294
Industrial_|_Manipulación_Ligera_Community_03,Falken_Industrial_Manipulación Ligera_0077,Firestone_Industrial_Manipulación Ligera_0010,0.2134
Industrial_|_Manipulación_Ligera_Community_03,Goodride_Industrial_Manipulación Ligera_0013,Firestone_Industrial_Manipulación Ligera_0010,0.747
Industrial_|_Manipulación_Ligera_Community_03,Mazzini_Industrial_Manipulación Ligera_0040,Firestone_Industrial_Manipulación Ligera_0010,0.3608
Industrial_|_Manipulación_Ligera_Community_03,Nokian_Industrial_Manipulación Ligera_0014,Firestone_Industrial_Manipulación Ligera_0010,0.5278
Industrial_|_Manipulación_Ligera_Community_03,Westlake_Industrial_Manipulación Ligera_0038,Firestone_Industrial_Manipulación Ligera_0010,0.1699
Industrial_|_Manipulación_Ligera_Community_03,Dunlop_Industrial_Manipulación Ligera_0032,Goodride_Industrial_Manipulación Ligera_0013,0.1176
Industrial_|_Manipulación_Ligera_Community_03,Falken_Industrial_Manipulación Ligera_0077,Goodride_Industrial_Manipulación Ligera_0013,0.7317
Industrial_|_Manipulación_Ligera_Community_03,Firestone_Industrial_Manipulación Ligera_0010,Goodride_Industrial_Manipulación Ligera_0013,0.664
Industrial_|_Manipulación_Ligera_Community_03,Goodyear_Industrial_Manipulación Ligera_0009,Goodride_Industrial_Manipulación Ligera_0013,0.0812
Industrial_|_Manipulación_Ligera_Community_03,Linglong_Industrial_Manipulación Ligera_0067,Goodride_Industrial_Manipulación Ligera_0013,0.0761
Industrial_|_Manipulación_Ligera_Community_03,Falken_Industrial_Manipulación Ligera_0077,Goodyear_Industrial_Manipulación Ligera_0009,0.0938
Industrial_|_Manipulación_Ligera_Community_03,Goodride_Industrial_Manipulación Ligera_0013,Goodyear_Industrial_Manipulación Ligera_0009,0.2871
Industrial_|_Manipulación_Ligera_Community_03,Kumho_Industrial_Manipulación Ligera_0048,Goodyear_Industrial_Manipulación Ligera_0009,0.5621
Industrial_|_Manipulación_Ligera_Community_03,Mazzini_Industrial_Manipulación Ligera_0040,Goodyear_Industrial_Manipulación Ligera_0009,0.2076
Industrial_|_Manipulación_Ligera_Community_03,Minerva_Industrial_Manipulación Ligera_0075,Goodyear_Industrial_Manipulación Ligera_0009,0.1534
Industrial_|_Manipulación_Ligera_Community_03,Nokian_Industrial_Manipulación Ligera_0014,Goodyear_Industrial_Manipulación Ligera_0009,0.353
Industrial_|_Manipulación_Ligera_Community_03,Yokohama_Industrial_Manipulación Ligera_0061,Goodyear_Industrial_Manipulación Ligera_0009,0.2943
Industrial_|_Manipulación_Ligera_Community_03,Firestone_Industrial_Manipulación Ligera_0010,Kumho_Industrial_Manipulación Ligera_0048,0.2373
Industrial_|_Manipulación_Ligera_Community_03,Goodride_Industrial_Manipulación Ligera_0013,Kumho_Industrial_Manipulación Ligera_0048,0.3276
Industrial_|_Manipulación_Ligera_Community_03,Linglong_Industrial_Manipulación Ligera_0067,Kumho_Industrial_Manipulación Ligera_0048,0.7692
Industrial_|_Manipulación_Ligera_Community_03,Yokohama_Industrial_Manipulación Ligera_0061,Kumho_Industrial_Manipulación Ligera_0048,0.6879
Industrial_|_Manipulación_Ligera_Community_03,Bridgestone_Industrial_Manipulación Ligera_0004,Linglong_Industrial_Manipulación Ligera_0067,0.4972
Industrial_|_Manipulación_Ligera_Community_03,Firestone_Industrial_Manipulación Ligera_0010,Linglong_Industrial_Manipulación Ligera_0067,0.2819
Industrial_|_Manipulación_Ligera_Community_03,Goodyear_Industrial_Manipulación Ligera_0009,Linglong_Industrial_Manipulación Ligera_0067,0.8248
Industrial_|_Manipulación_Ligera_Community_03,Nokian_Industrial_Manipulación Ligera_0014,Linglong_Industrial_Manipulación Ligera_0067,0.4249
Industrial_|_Manipulación_Ligera_Community_03,Falken_Industrial_Manipulación Ligera_0077,Mazzini_Industrial_Manipulación Ligera_0040,0.2703
Industrial_|_Manipulación_Ligera_Community_03,Goodyear_Industrial_Manipulación Ligera_0009,Mazzini_Industrial_Manipulación Ligera_0040,0.2682
Industrial_|_Manipulación_Ligera_Community_03,Kumho_Industrial_Manipulación Ligera_0048,Mazzini_Industrial_Manipulación Ligera_0040,0.1731
Industrial_|_Manipulación_Ligera_Community_03,Michelin_Industrial_Manipulación Ligera_0036,Mazzini_Industrial_Manipulación Ligera_0040,0.5826
Industrial_|_Manipulación_Ligera_Community_03,Yokohama_Industrial_Manipulación Ligera_0061,Mazzini_Industrial_Manipulación Ligera_0040,0.5553
Industrial_|_Manipulación_Ligera_Community_03,Bridgestone_Industrial_Manipulación Ligera_0004,Michelin_Industrial_Manipulación Ligera_0036,0.1331
Industrial_|_Manipulación_Ligera_Community_03,Bridgestone_Industrial_Manipulación Ligera_0056,Michelin_Industrial_Manipulación Ligera_0036,0.0948
Industrial_|_Manipulación_Ligera_Community_03,Dunlop_Industrial_Manipulación Ligera_0032,Michelin_Industrial_Manipulación Ligera_0036,0.4583
Industrial_|_Manipulación_Ligera_Community_03,Firestone_Industrial_Manipulación Ligera_0010,Michelin_Industrial_Manipulación Ligera_0036,0.1243
Industrial_|_Manipulación_Ligera_Community_03,Goodride_Industrial_Manipulación Ligera_0013,Michelin_Industrial_Manipulación Ligera_0036,0.4469
Industrial_|_Manipulación_Ligera_Community_03,Kumho_Industrial_Manipulación Ligera_0048,Michelin_Industrial_Manipulación Ligera_0036,0.2528
Industrial_|_Manipulación_Ligera_Community_03,Linglong_Industrial_Manipulación Ligera_0067,Michelin_Industrial_Manipulación Ligera_0036,0.1959
Industrial_|_Manipulación_Ligera_Community_03,Nokian_Industrial_Manipulación Ligera_0014,Michelin_Industrial_Manipulación Ligera_0036,0.1729
Industrial_|_Manipulación_Ligera_Community_03,Firestone_Industrial_Manipulación Ligera_0010,Minerva_Industrial_Manipulación Ligera_0075,0.7302
Industrial_|_Manipulación_Ligera_Community_03,Goodyear_Industrial_Manipulación Ligera_0009,Minerva_Industrial_Manipulación Ligera_0075,0.5749
Industrial_|_Manipulación_Ligera_Community_03,Kumho_Industrial_Manipulación Ligera_0048,Minerva_Industrial_Manipulación Ligera_0075,0.2392
Industrial_|_Manipulación_Ligera_Community_03,Linglong_Industrial_Manipulación Ligera_0067,Minerva_Industrial_Manipulación Ligera_0075,0.3375
Industrial_|_Manipulación_Ligera_Community_03,Westlake_Industrial_Manipulación Ligera_0038,Minerva_Industrial_Manipulación Ligera_0075,0.1592
Industrial_|_Manipulación_Ligera_Community_03,Falken_Industrial_Manipulación Ligera_0077,Nokian_Industrial_Manipulación Ligera_0014,0.0921
Industrial_|_Manipulación_Ligera_Community_03,Linglong_Industrial_Manipulación Ligera_0067,Nokian_Industrial_Manipulación Ligera_0014,0.2865
Industrial_|_Manipulación_Ligera_Community_03,Mazzini_Industrial_Manipulación Ligera_0040,Nokian_Industrial_Manipulación Ligera_0014,0.9064
Industrial_|_Manipulación_Ligera_Community_03,Minerva_Industrial_Manipulación Ligera_0075,Nokian_Industrial_Manipulación Ligera_0014,0.425
Industrial_|_Manipulación_Ligera_Community_03,Westlake_Industrial_Manipulación Ligera_0038,Nokian_Industrial_Manipulación Ligera_0014,0.1896
Industrial_|_Manipulación_Ligera_Community_03,Falken_Industrial_Manipulación Ligera_0077,Nokian_Industrial_Manipulación Ligera_0064,0.127
Industrial_|_Manipulación_Ligera_Community_03,Goodride_Industrial_Manipulación Ligera_0013,Nokian_Industrial_Manipulación Ligera_0064,0.9638
Industrial_|_Manipulación_Ligera_Community_03,Goodyear_Industrial_Manipulación Ligera_0009,Nokian_Industrial_Manipulación Ligera_0064,0.3868
Industrial_|_Manipulación_Ligera_Community_03,Nokian_Industrial_Manipulación Ligera_0014,Nokian_Industrial_Manipulación Ligera_0064,0.5121
Industrial_|_Manipulación_Ligera_Community_03,Westlake_Industrial_Manipulación Ligera_0038,Nokian_Industrial_Manipulación Ligera_0064,0.0687
Industrial_|_Manipulación_Ligera_Community_03,Bridgestone_Industrial_Manipulación Ligera_0004,Westlake_Industrial_Manipulación Ligera_0038,0.1343
Industrial_|_Manipulación_Ligera_Community_03,Falken_Industrial_Manipulación Ligera_0077,Westlake_Industrial_Manipulación Ligera_0038,0.911
Industrial_|_Manipulación_Ligera_Community_03,Firestone_Industrial_Manipulación Ligera_0010,Westlake_Industrial_Manipulación Ligera_0038,0.5496
Industrial_|_Manipulación_Ligera_Community_03,Kumho_Industrial_Manipulación Ligera_0048,Westlake_Industrial_Manipulación Ligera_0038,0.4491
Industrial_|_Manipulación_Ligera_Community_03,Bridgestone_Industrial_Manipulación Ligera_0004,Yokohama_Industrial_Manipulación Ligera_0061,0.1006
Industrial_|_Manipulación_Ligera_Community_03,Dunlop_Industrial_Manipulación Ligera_0032,Yokohama_Industrial_Manipulación Ligera_0061,0.0869
Industrial_|_Manipulación_Ligera_Community_03,Falken_Industrial_Manipulación Ligera_0077,Yokohama_Industrial_Manipulación Ligera_0061,0.4775
Industrial_|_Manipulación_Ligera_Community_03,Linglong_Industrial_Manipulación Ligera_0067,Yokohama_Industrial_Manipulación Ligera_0061,0.4305
Industrial_|_Manipulación_Ligera_Community_03,Mazzini_Industrial_Manipulación Ligera_0040,Yokohama_Industrial_Manipulación Ligera_0061,0.5094
Industrial_|_Manipulación_Ligera_Community_03,Westlake_Industrial_Manipulación Ligera_0038,Yokohama_Industrial_Manipulación Ligera_0061,0.2775
Industrial_|_Manipulación_Ligera_Community_01,Continental_Industrial_Manipulación Ligera_0051,Bridgestone_Industrial_Manipulación Ligera_0005,0.3374
Industrial_|_Manipulación_Ligera_Community_01,Cooper Tires_Industrial_Manipulación Ligera_0055,Bridgestone_Industrial_Manipulación Ligera_0005,0.3312
Industrial_|_Manipulación_Ligera_Community_01,Dunlop_Industrial_Manipulación Ligera_0074,Bridgestone_Industrial_Manipulación Ligera_0005,0.5239
Industrial_|_Manipulación_Ligera_Community_01,Fulda_Industrial_Manipulación Ligera_0023,Bridgestone_Industrial_Manipulación Ligera_0005,0.6352
Industrial_|_Manipulación_Ligera_Community_01,Yokohama_Industrial_Manipulación Ligera_0030,Bridgestone_Industrial_Manipulación Ligera_0005,0.1091
Industrial_|_Manipulación_Ligera_Community_01,Bridgestone_Industrial_Manipulación Ligera_0005,Continental_Industrial_Manipulación Ligera_0051,0.3831
Industrial_|_Manipulación_Ligera_Community_01,Dunlop_Industrial_Manipulación Ligera_0074,Continental_Industrial_Manipulación Ligera_0051,0.1016
Industrial_|_Manipulación_Ligera_Community_01,Goodyear_Industrial_Manipulación Ligera_0066,Continental_Industrial_Manipulación Ligera_0051,0.0806
Industrial_|_Manipulación_Ligera_Community_01,Linglong_Industrial_Manipulación Ligera_0063,Continental_Industrial_Manipulación Ligera_0051,0.4483
Industrial_|_Manipulación_Ligera_Community_01,Vredestein_Industrial_Manipulación Ligera_0035,Continental_Industrial_Manipulación Ligera_0051,0.1224
Industrial_|_Manipulación_Ligera_Community_01,Wanli_Industrial_Manipulación Ligera_0018,Continental_Industrial_Manipulación Ligera_0051,0.751
Industrial_|_Manipulación_Ligera_Community_01,Yokohama_Industrial_Manipulación Ligera_0045,Continental_Industrial_Manipulación Ligera_0051,0.1073
Industrial_|_Manipulación_Ligera_Community_01,Continental_Industrial_Manipulación Ligera_0051,Cooper Tires_Industrial_Manipulación Ligera_0055,0.3732
Industrial_|_Manipulación_Ligera_Community_01,Fulda_Industrial_Manipulación Ligera_0012,Cooper Tires_Industrial_Manipulación Ligera_0055,0.1845
Industrial_|_Manipulación_Ligera_Community_01,Kumho_Industrial_Manipulación Ligera_0008,Cooper Tires_Industrial_Manipulación Ligera_0055,0.2968
Industrial_|_Manipulación_Ligera_Community_01,Kumho_Industrial_Manipulación Ligera_0017,Cooper Tires_Industrial_Manipulación Ligera_0055,0.7672
Industrial_|_Manipulación_Ligera_Community_01,Michelin_Industrial_Manipulación Ligera_0016,Cooper Tires_Industrial_Manipulación Ligera_0055,0.2603
Industrial_|_Manipulación_Ligera_Community_01,Continental_Industrial_Manipulación Ligera_0051,Cooper Tires_Industrial_Manipulación Ligera_0078,0.2298
Industrial_|_Manipulación_Ligera_Community_01,Goodride_Industrial_Manipulación Ligera_0068,Cooper Tires_Industrial_Manipulación Ligera_0078,0.5636
Industrial_|_Manipulación_Ligera_Community_01,Goodride_Industrial_Manipulación Ligera_0072,Cooper Tires_Industrial_Manipulación Ligera_0078,0.1541
Industrial_|_Manipulación_Ligera_Community_01,Hifly_Industrial_Manipulación Ligera_0033,Cooper Tires_Industrial_Manipulación Ligera_0078,0.3984
Industrial_|_Manipulación_Ligera_Community_01,Michelin_Industrial_Manipulación Ligera_0016,Cooper Tires_Industrial_Manipulación Ligera_0078,0.2724
Industrial_|_Manipulación_Ligera_Community_01,Minerva_Industrial_Manipulación Ligera_0047,Cooper Tires_Industrial_Manipulación Ligera_0078,0.4503
Industrial_|_Manipulación_Ligera_Community_01,Fulda_Industrial_Manipulación Ligera_0053,Dunlop_Industrial_Manipulación Ligera_0074,0.1141
Industrial_|_Manipulación_Ligera_Community_01,Goodride_Industrial_Manipulación Ligera_0072,Dunlop_Industrial_Manipulación Ligera_0074,0.5702
Industrial_|_Manipulación_Ligera_Community_01,Hifly_Industrial_Manipulación Ligera_0020,Dunlop_Industrial_Manipulación Ligera_0074,0.3598
Industrial_|_Manipulación_Ligera_Community_01,Minerva_Industrial_Manipulación Ligera_0047,Dunlop_Industrial_Manipulación Ligera_0074,0.5978
Industrial_|_Manipulación_Ligera_Community_01,Yokohama_Industrial_Manipulación Ligera_0030,Dunlop_Industrial_Manipulación Ligera_0074,0.2136
Industrial_|_Manipulación_Ligera_Community_01,Fulda_Industrial_Manipulación Ligera_0012,Falken_Industrial_Manipulación Ligera_0001,0.6205
Industrial_|_Manipulación_Ligera_Community_01,Goodride_Industrial_Manipulación Ligera_0072,Falken_Industrial_Manipulación Ligera_0001,0.3585
Industrial_|_Manipulación_Ligera_Community_01,Hifly_Industrial_Manipulación Ligera_0057,Falken_Industrial_Manipulación Ligera_0001,0.5745
Industrial_|_Manipulación_Ligera_Community_01,Michelin_Industrial_Manipulación Ligera_0016,Falken_Industrial_Manipulación Ligera_0001,0.4875
Industrial_|_Manipulación_Ligera_Community_01,Falken_Industrial_Manipulación Ligera_0001,Falken_Industrial_Manipulación Ligera_0015,0.614
Industrial_|_Manipulación_Ligera_Community_01,Fulda_Industrial_Manipulación Ligera_0012,Falken_Industrial_Manipulación Ligera_0015,0.4464
Industrial_|_Manipulación_Ligera_Community_01,Goodride_Industrial_Manipulación Ligera_0068,Falken_Industrial_Manipulación Ligera_0015,0.1669
Industrial_|_Manipulación_Ligera_Community_01,Hifly_Industrial_Manipulación Ligera_0057,Falken_Industrial_Manipulación Ligera_0015,0.2953
Industrial_|_Manipulación_Ligera_Community_01,Yokohama_Industrial_Manipulación Ligera_0045,Falken_Industrial_Manipulación Ligera_0015,0.5657
Industrial_|_Manipulación_Ligera_Community_01,Fulda_Industrial_Manipulación Ligera_0023,Fulda_Industrial_Manipulación Ligera_0012,0.0936
Industrial_|_Manipulación_Ligera_Community_01,Hifly_Industrial_Manipulación Ligera_0057,Fulda_Industrial_Manipulación Ligera_0012,0.5749
Industrial_|_Manipulación_Ligera_Community_01,Kumho_Industrial_Manipulación Ligera_0017,Fulda_Industrial_Manipulación Ligera_0012,0.242
Industrial_|_Manipulación_Ligera_Community_01,Michelin_Industrial_Manipulación Ligera_0002,Fulda_Industrial_Manipulación Ligera_0012,0.2399
Industrial_|_Manipulación_Ligera_Community_01,Michelin_Industrial_Manipulación Ligera_0016,Fulda_Industrial_Manipulación Ligera_0012,0.5682
Industrial_|_Manipulación_Ligera_Community_01,Yokohama_Industrial_Manipulación Ligera_0045,Fulda_Industrial_Manipulación Ligera_0012,0.2567
Industrial_|_Manipulación_Ligera_Community_01,Kumho_Industrial_Manipulación Ligera_0017,Fulda_Industrial_Manipulación Ligera_0023,1.0395
Industrial_|_Manipulación_Ligera_Community_01,Nokian_Industrial_Manipulación Ligera_0003,Fulda_Industrial_Manipulación Ligera_0023,0.5598
Industrial_|_Manipulación_Ligera_Community_01,Triangle_Industrial_Manipulación Ligera_0079,Fulda_Industrial_Manipulación Ligera_0023,0.1756
Industrial_|_Manipulación_Ligera_Community_01,Wanli_Industrial_Manipulación Ligera_0018,Fulda_Industrial_Manipulación Ligera_0023,0.1714
Industrial_|_Manipulación_Ligera_Community_01,Cooper Tires_Industrial_Manipulación Ligera_0055,Fulda_Industrial_Manipulación Ligera_0028,0.9505
Industrial_|_Manipulación_Ligera_Community_01,Falken_Industrial_Manipulación Ligera_0015,Fulda_Industrial_Manipulación Ligera_0028,0.2988
Industrial_|_Manipulación_Ligera_Community_01,Fulda_Industrial_Manipulación Ligera_0023,Fulda_Industrial_Manipulación Ligera_0028,0.3626
Industrial_|_Manipulación_Ligera_Community_01,Hifly_Industrial_Manipulación Ligera_0020,Fulda_Industrial_Manipulación Ligera_0028,0.1657
Industrial_|_Manipulación_Ligera_Community_01,Hifly_Industrial_Manipulación Ligera_0057,Fulda_Industrial_Manipulación Ligera_0028,0.2656
Industrial_|_Manipulación_Ligera_Community_01,Dunlop_Industrial_Manipulación Ligera_0074,Fulda_Industrial_Manipulación Ligera_0053,0.5297
Industrial_|_Manipulación_Ligera_Community_01,Falken_Industrial_Manipulación Ligera_0001,Fulda_Industrial_Manipulación Ligera_0053,0.8963
Industrial_|_Manipulación_Ligera_Community_01,Falken_Industrial_Manipulación Ligera_0015,Fulda_Industrial_Manipulación Ligera_0053,0.0805
Industrial_|_Manipulación_Ligera_Community_01,Goodyear_Industrial_Manipulación Ligera_0066,Fulda_Industrial_Manipulación Ligera_0053,0.2276
Industrial_|_Manipulación_Ligera_Community_01,Hifly_Industrial_Manipulación Ligera_0057,Fulda_Industrial_Manipulación Ligera_0053,0.0929
Industrial_|_Manipulación_Ligera_Community_01,Vredestein_Industrial_Manipulación Ligera_0035,Fulda_Industrial_Manipulación Ligera_0053,0.184
Industrial_|_Manipulación_Ligera_Community_01,Continental_Industrial_Manipulación Ligera_0051,Goodride_Industrial_Manipulación Ligera_0068,0.2433
Industrial_|_Manipulación_Ligera_Community_01,Falken_Industrial_Manipulación Ligera_0015,Goodride_Industrial_Manipulación Ligera_0068,0.1616
Industrial_|_Manipulación_Ligera_Community_01,Fulda_Industrial_Manipulación Ligera_0023,Goodride_Industrial_Manipulación Ligera_0068,0.1654
Industrial_|_Manipulación_Ligera_Community_01,Kumho_Industrial_Manipulación Ligera_0017,Goodride_Industrial_Manipulación Ligera_0068,0.3062
Industrial_|_Manipulación_Ligera_Community_01,Linglong_Industrial_Manipulación Ligera_0063,Goodride_Industrial_Manipulación Ligera_0068,0.3063
Industrial_|_Manipulación_Ligera_Community_01,Mazzini_Industrial_Manipulación Ligera_0043,Goodride_Industrial_Manipulación Ligera_0068,0.0665
Industrial_|_Manipulación_Ligera_Community_01,Wanli_Industrial_Manipulación Ligera_0018,Goodride_Industrial_Manipulación Ligera_0068,0.6299
Industrial_|_Manipulación_Ligera_Community_01,Falken_Industrial_Manipulación Ligera_0015,Goodride_Industrial_Manipulación Ligera_0072,0.2611
Industrial_|_Manipulación_Ligera_Community_01,Fulda_Industrial_Manipulación Ligera_0012,Goodride_Industrial_Manipulación Ligera_0072,0.2024
Industrial_|_Manipulación_Ligera_Community_01,Fulda_Industrial_Manipulación Ligera_0053,Goodride_Industrial_Manipulación Ligera_0072,0.2833
Industrial_|_Manipulación_Ligera_Community_01,Hifly_Industrial_Manipulación Ligera_0033,Goodride_Industrial_Manipulación Ligera_0072,0.1562
Industrial_|_Manipulación_Ligera_Community_01,Kumho_Industrial_Manipulación Ligera_0008,Goodride_Industrial_Manipulación Ligera_0072,0.256
Industrial_|_Manipulación_Ligera_Community_01,Minerva_Industrial_Manipulación Ligera_0047,Goodride_Industrial_Manipulación Ligera_0072,0.0875
Industrial_|_Manipulación_Ligera_Community_01,Nokian_Industrial_Manipulación Ligera_0059,Goodride_Industrial_Manipulación Ligera_0072,0.271
Industrial_|_Manipulación_Ligera_Community_01,Yokohama_Industrial_Manipulación Ligera_0030,Goodride_Industrial_Manipulación Ligera_0072,0.3315
Industrial_|_Manipulación_Ligera_Community_01,Fulda_Industrial_Manipulación Ligera_0012,Goodyear_Industrial_Manipulación Ligera_0066,0.3992
Industrial_|_Manipulación_Ligera_Community_01,Fulda_Industrial_Manipulación Ligera_0023,Goodyear_Industrial_Manipulación Ligera_0066,0.5479
Industrial_|_Manipulación_Ligera_Community_01,Fulda_Industrial_Manipulación Ligera_0053,Goodyear_Industrial_Manipulación Ligera_0066,0.4853
Industrial_|_Manipulación_Ligera_Community_01,Hifly_Industrial_Manipulación Ligera_0057,Goodyear_Industrial_Manipulación Ligera_0066,0.4738
Industrial_|_Manipulación_Ligera_Community_01,Tomket_Industrial_Manipulación Ligera_0054,Goodyear_Industrial_Manipulación Ligera_0066,0.1321
Industrial_|_Manipulación_Ligera_Community_01,Cooper Tires_Industrial_Manipulación Ligera_0055,Hifly_Industrial_Manipulación Ligera_0020,0.1535
Industrial_|_Manipulación_Ligera_Community_01,Cooper Tires_Industrial_Manipulación Ligera_0078,Hifly_Industrial_Manipulación Ligera_0020,0.1965
Industrial_|_Manipulación_Ligera_Community_01,Goodride_Industrial_Manipulación Ligera_0072,Hifly_Industrial_Manipulación Ligera_0020,0.4712
Industrial_|_Manipulación_Ligera_Community_01,Mazzini_Industrial_Manipulación Ligera_0043,Hifly_Industrial_Manipulación Ligera_0020,0.4208
Industrial_|_Manipulación_Ligera_Community_01,Minerva_Industrial_Manipulación Ligera_0047,Hifly_Industrial_Manipulación Ligera_0020,0.7911
Industrial_|_Manipulación_Ligera_Community_01,Vredestein_Industrial_Manipulación Ligera_0035,Hifly_Industrial_Manipulación Ligera_0020,0.067
Industrial_|_Manipulación_Ligera_Community_01,Bridgestone_Industrial_Manipulación Ligera_0005,Hifly_Industrial_Manipulación Ligera_0033,0.3408
Industrial_|_Manipulación_Ligera_Community_01,Continental_Industrial_Manipulación Ligera_0051,Hifly_Industrial_Manipulación Ligera_0033,0.6487
Industrial_|_Manipulación_Ligera_Community_01,Hifly_Industrial_Manipulación Ligera_0057,Hifly_Industrial_Manipulación Ligera_0033,0.224
Industrial_|_Manipulación_Ligera_Community_01,Kumho_Industrial_Manipulación Ligera_0008,Hifly_Industrial_Manipulación Ligera_0033,0.0775
Industrial_|_Manipulación_Ligera_Community_01,Kumho_Industrial_Manipulación Ligera_0017,Hifly_Industrial_Manipulación Ligera_0033,0.1823
Industrial_|_Manipulación_Ligera_Community_01,Mazzini_Industrial_Manipulación Ligera_0043,Hifly_Industrial_Manipulación Ligera_0033,0.0601
Industrial_|_Manipulación_Ligera_Community_01,Michelin_Industrial_Manipulación Ligera_0002,Hifly_Industrial_Manipulación Ligera_0033,0.3054
Industrial_|_Manipulación_Ligera_Community_01,Bridgestone_Industrial_Manipulación Ligera_0005,Hifly_Industrial_Manipulación Ligera_0057,0.8174
Industrial_|_Manipulación_Ligera_Community_01,Continental_Industrial_Manipulación Ligera_0051,Hifly_Industrial_Manipulación Ligera_0057,0.1484
Industrial_|_Manipulación_Ligera_Community_01,Linglong_Industrial_Manipulación Ligera_0063,Hifly_Industrial_Manipulación Ligera_0057,0.152
Industrial_|_Manipulación_Ligera_Community_01,Nokian_Industrial_Manipulación Ligera_0003,Hifly_Industrial_Manipulación Ligera_0057,0.3473
Industrial_|_Manipulación_Ligera_Community_01,Triangle_Industrial_Manipulación Ligera_0079,Hifly_Industrial_Manipulación Ligera_0057,0.5287
Industrial_|_Manipulación_Ligera_Community_01,Fulda_Industrial_Manipulación Ligera_0012,Kumho_Industrial_Manipulación Ligera_0008,0.457
Industrial_|_Manipulación_Ligera_Community_01,Goodride_Industrial_Manipulación Ligera_0072,Kumho_Industrial_Manipulación Ligera_0008,0.0843
Industrial_|_Manipulación_Ligera_Community_01,Hifly_Industrial_Manipulación Ligera_0057,Kumho_Industrial_Manipulación Ligera_0008,0.1936
Industrial_|_Manipulación_Ligera_Community_01,Mazzini_Industrial_Manipulación Ligera_0043,Kumho_Industrial_Manipulación Ligera_0008,0.6954
Industrial_|_Manipulación_Ligera_Community_01,Michelin_Industrial_Manipulación Ligera_0002,Kumho_Industrial_Manipulación Ligera_0008,0.6214
Industrial_|_Manipulación_Ligera_Community_01,Bridgestone_Industrial_Manipulación Ligera_0005,Kumho_Industrial_Manipulación Ligera_0017,0.4285
Industrial_|_Manipulación_Ligera_Community_01,Fulda_Industrial_Manipulación Ligera_0023,Kumho_Industrial_Manipulación Ligera_0017,0.6523
Industrial_|_Manipulación_Ligera_Community_01,Fulda_Industrial_Manipulación Ligera_0028,Kumho_Industrial_Manipulación Ligera_0017,0.3033
Industrial_|_Manipulación_Ligera_Community_01,Nokian_Industrial_Manipulación Ligera_0059,Kumho_Industrial_Manipulación Ligera_0017,0.1562
Industrial_|_Manipulación_Ligera_Community_01,Vredestein_Industrial_Manipulación Ligera_0035,Kumho_Industrial_Manipulación Ligera_0017,0.5307
Industrial_|_Manipulación_Ligera_Community_01,Continental_Industrial_Manipulación Ligera_0051,Linglong_Industrial_Manipulación Ligera_0063,0.2273
Industrial_|_Manipulación_Ligera_Community_01,Mazzini_Industrial_Manipulación Ligera_0043,Linglong_Industrial_Manipulación Ligera_0063,0.3112
Industrial_|_Manipulación_Ligera_Community_01,Michelin_Industrial_Manipulación Ligera_0016,Linglong_Industrial_Manipulación Ligera_0063,0.266
Industrial_|_Manipulación_Ligera_Community_01,Minerva_Industrial_Manipulación Ligera_0047,Linglong_Industrial_Manipulación Ligera_0063,0.4877
Industrial_|_Manipulación_Ligera_Community_01,Wanli_Industrial_Manipulación Ligera_0018,Linglong_Industrial_Manipulación Ligera_0063,0.5802
Industrial_|_Manipulación_Ligera_Community_01,Yokohama_Industrial_Manipulación Ligera_0045,Linglong_Industrial_Manipulación Ligera_0063,0.1619
Industrial_|_Manipulación_Ligera_Community_01,Bridgestone_Industrial_Manipulación Ligera_0005,Mazzini_Industrial_Manipulación Ligera_0043,0.5836
Industrial_|_Manipulación_Ligera_Community_01,Tomket_Industrial_Manipulación Ligera_0054,Mazzini_Industrial_Manipulación Ligera_0043,0.2554
Industrial_|_Manipulación_Ligera_Community_01,Wanli_Industrial_Manipulación Ligera_0018,Mazzini_Industrial_Manipulación Ligera_0043,0.9738
Industrial_|_Manipulación_Ligera_Community_01,Bridgestone_Industrial_Manipulación Ligera_0005,Michelin_Industrial_Manipulación Ligera_0002,1.0184
Industrial_|_Manipulación_Ligera_Community_01,Dunlop_Industrial_Manipulación Ligera_0074,Michelin_Industrial_Manipulación Ligera_0002,0.0727
Industrial_|_Manipulación_Ligera_Community_01,Goodyear_Industrial_Manipulación Ligera_0066,Michelin_Industrial_Manipulación Ligera_0002,0.1808
Industrial_|_Manipulación_Ligera_Community_01,Kumho_Industrial_Manipulación Ligera_0008,Michelin_Industrial_Manipulación Ligera_0002,0.0894
Industrial_|_Manipulación_Ligera_Community_01,Minerva_Industrial_Manipulación Ligera_0047,Michelin_Industrial_Manipulación Ligera_0002,0.4725
Industrial_|_Manipulación_Ligera_Community_01,Yokohama_Industrial_Manipulación Ligera_0030,Michelin_Industrial_Manipulación Ligera_0002,0.0521
Industrial_|_Manipulación_Ligera_Community_01,Continental_Industrial_Manipulación Ligera_0051,Michelin_Industrial_Manipulación Ligera_0016,0.853
Industrial_|_Manipulación_Ligera_Community_01,Goodride_Industrial_Manipulación Ligera_0072,Michelin_Industrial_Manipulación Ligera_0016,0.1025
Industrial_|_Manipulación_Ligera_Community_01,Hifly_Industrial_Manipulación Ligera_0020,Michelin_Industrial_Manipulación Ligera_0016,0.0518
Industrial_|_Manipulación_Ligera_Community_01,Kumho_Industrial_Manipulación Ligera_0017,Michelin_Industrial_Manipulación Ligera_0016,0.6094
Industrial_|_Manipulación_Ligera_Community_01,Mazzini_Industrial_Manipulación Ligera_0043,Michelin_Industrial_Manipulación Ligera_0016,0.184
Industrial_|_Manipulación_Ligera_Community_01,Tomket_Industrial_Manipulación Ligera_0054,Michelin_Industrial_Manipulación Ligera_0016,0.1895
Industrial_|_Manipulación_Ligera_Community_01,Falken_Industrial_Manipulación Ligera_0015,Minerva_Industrial_Manipulación Ligera_0047,0.3722
Industrial_|_Manipulación_Ligera_Community_01,Fulda_Industrial_Manipulación Ligera_0028,Minerva_Industrial_Manipulación Ligera_0047,0.0664
Industrial_|_Manipulación_Ligera_Community_01,Hifly_Industrial_Manipulación Ligera_0020,Minerva_Industrial_Manipulación Ligera_0047,0.0849
Industrial_|_Manipulación_Ligera_Community_01,Nokian_Industrial_Manipulación Ligera_0003,Minerva_Industrial_Manipulación Ligera_0047,0.1573
Industrial_|_Manipulación_Ligera_Community_01,Tomket_Industrial_Manipulación Ligera_0054,Minerva_Industrial_Manipulación Ligera_0047,0.1632
Industrial_|_Manipulación_Ligera_Community_01,Vredestein_Industrial_Manipulación Ligera_0035,Minerva_Industrial_Manipulación Ligera_0047,0.6065
Industrial_|_Manipulación_Ligera_Community_01,Wanli_Industrial_Manipulación Ligera_0018,Minerva_Industrial_Manipulación Ligera_0047,0.3619
Industrial_|_Manipulación_Ligera_Community_01,Yokohama_Industrial_Manipulación Ligera_0030,Minerva_Industrial_Manipulación Ligera_0047,0.0775
Industrial_|_Manipulación_Ligera_Community_01,Dunlop_Industrial_Manipulación Ligera_0074,Nokian_Industrial_Manipulación Ligera_0003,0.1734
Industrial_|_Manipulación_Ligera_Community_01,Kumho_Industrial_Manipulación Ligera_0008,Nokian_Industrial_Manipulación Ligera_0003,0.1749
Industrial_|_Manipulación_Ligera_Community_01,Kumho_Industrial_Manipulación Ligera_0017,Nokian_Industrial_Manipulación Ligera_0003,0.4202
Industrial_|_Manipulación_Ligera_Community_01,Nokian_Industrial_Manipulación Ligera_0059,Nokian_Industrial_Manipulación Ligera_0003,0.0847
Industrial_|_Manipulación_Ligera_Community_01,Vredestein_Industrial_Manipulación Ligera_0035,Nokian_Industrial_Manipulación Ligera_0003,0.4176
Industrial_|_Manipulación_Ligera_Community_01,Wanli_Industrial_Manipulación Ligera_0018,Nokian_Industrial_Manipulación Ligera_0003,0.723
Industrial_|_Manipulación_Ligera_Community_01,Yokohama_Industrial_Manipulación Ligera_0045,Nokian_Industrial_Manipulación Ligera_0003,0.0536
Industrial_|_Manipulación_Ligera_Community_01,Hifly_Industrial_Manipulación Ligera_0020,Nokian_Industrial_Manipulación Ligera_0059,0.4687
Industrial_|_Manipulación_Ligera_Community_01,Hifly_Industrial_Manipulación Ligera_0033,Nokian_Industrial_Manipulación Ligera_0059,0.3984
Industrial_|_Manipulación_Ligera_Community_01,Hifly_Industrial_Manipulación Ligera_0057,Nokian_Industrial_Manipulación Ligera_0059,0.0754
Industrial_|_Manipulación_Ligera_Community_01,Minerva_Industrial_Manipulación Ligera_0047,Nokian_Industrial_Manipulación Ligera_0059,0.0964
Industrial_|_Manipulación_Ligera_Community_01,Wanli_Industrial_Manipulación Ligera_0018,Nokian_Industrial_Manipulación Ligera_0059,0.5189
Industrial_|_Manipulación_Ligera_Community_01,Yokohama_Industrial_Manipulación Ligera_0030,Nokian_Industrial_Manipulación Ligera_0059,0.5185
Industrial_|_Manipulación_Ligera_Community_01,Dunlop_Industrial_Manipulación Ligera_0074,Tomket_Industrial_Manipulación Ligera_0054,0.1377
Industrial_|_Manipulación_Ligera_Community_01,Falken_Industrial_Manipulación Ligera_0015,Tomket_Industrial_Manipulación Ligera_0054,0.1719
Industrial_|_Manipulación_Ligera_Community_01,Goodride_Industrial_Manipulación Ligera_0068,Tomket_Industrial_Manipulación Ligera_0054,0.8237
Industrial_|_Manipulación_Ligera_Community_01,Kumho_Industrial_Manipulación Ligera_0008,Tomket_Industrial_Manipulación Ligera_0054,0.673
Industrial_|_Manipulación_Ligera_Community_01,Linglong_Industrial_Manipulación Ligera_0063,Tomket_Industrial_Manipulación Ligera_0054,0.2562
Industrial_|_Manipulación_Ligera_Community_01,Cooper Tires_Industrial_Manipulación Ligera_0078,Triangle_Industrial_Manipulación Ligera_0079,0.8025
Industrial_|_Manipulación_Ligera_Community_01,Falken_Industrial_Manipulación Ligera_0001,Triangle_Industrial_Manipulación Ligera_0079,0.199
Industrial_|_Manipulación_Ligera_Community_01,Linglong_Industrial_Manipulación Ligera_0063,Triangle_Industrial_Manipulación Ligera_0079,0.581
Industrial_|_Manipulación_Ligera_Community_01,Tomket_Industrial_Manipulación Ligera_0054,Triangle_Industrial_Manipulación Ligera_0079,0.4289
Industrial_|_Manipulación_Ligera_Community_01,Kumho_Industrial_Manipulación Ligera_0017,Vredestein_Industrial_Manipulación Ligera_0035,0.7132
Industrial_|_Manipulación_Ligera_Community_01,Michelin_Industrial_Manipulación Ligera_0002,Vredestein_Industrial_Manipulación Ligera_0035,0.5504
Industrial_|_Manipulación_Ligera_Community_01,Triangle_Industrial_Manipulación Ligera_0079,Vredestein_Industrial_Manipulación Ligera_0035,0.6222
Industrial_|_Manipulación_Ligera_Community_01,Wanli_Industrial_Manipulación Ligera_0018,Vredestein_Industrial_Manipulación Ligera_0035,0.1132
Industrial_|_Manipulación_Ligera_Community_01,Continental_Industrial_Manipulación Ligera_0051,Wanli_Industrial_Manipulación Ligera_0018,0.073
Industrial_|_Manipulación_Ligera_Community_01,Cooper Tires_Industrial_Manipulación Ligera_0055,Wanli_Industrial_Manipulación Ligera_0018,0.0632
Industrial_|_Manipulación_Ligera_Community_01,Falken_Industrial_Manipulación Ligera_0015,Wanli_Industrial_Manipulación Ligera_0018,0.2173
Industrial_|_Manipulación_Ligera_Community_01,Fulda_Industrial_Manipulación Ligera_0012,Wanli_Industrial_Manipulación Ligera_0018,0.1728
Industrial_|_Manipulación_Ligera_Community_01,Hifly_Industrial_Manipulación Ligera_0033,Wanli_Industrial_Manipulación Ligera_0018,0.2242
Industrial_|_Manipulación_Ligera_Community_01,Kumho_Industrial_Manipulación Ligera_0017,Wanli_Industrial_Manipulación Ligera_0018,0.4119
Industrial_|_Manipulación_Ligera_Community_01,Linglong_Industrial_Manipulación Ligera_0063,Wanli_Industrial_Manipulación Ligera_0018,0.1357
Industrial_|_Manipulación_Ligera_Community_01,Michelin_Industrial_Manipulación Ligera_0016,Wanli_Industrial_Manipulación Ligera_0018,0.2546
Industrial_|_Manipulación_Ligera_Community_01,Vredestein_Industrial_Manipulación Ligera_0035,Wanli_Industrial_Manipulación Ligera_0018,0.5115
Industrial_|_Manipulación_Ligera_Community_01,Goodride_Industrial_Manipulación Ligera_0072,Yokohama_Industrial_Manipulación Ligera_0030,0.2223
Industrial_|_Manipulación_Ligera_Community_01,Mazzini_Industrial_Manipulación Ligera_0043,Yokohama_Industrial_Manipulación Ligera_0030,0.8542
Industrial_|_Manipulación_Ligera_Community_01,Nokian_Industrial_Manipulación Ligera_0003,Yokohama_Industrial_Manipulación Ligera_0030,0.692
Industrial_|_Manipulación_Ligera_Community_01,Nokian_Industrial_Manipulación Ligera_0059,Yokohama_Industrial_Manipulación Ligera_0030,0.2279
Industrial_|_Manipulación_Ligera_Community_01,Cooper Tires_Industrial_Manipulación Ligera_0055,Yokohama_Industrial_Manipulación Ligera_0045,0.072
Industrial_|_Manipulación_Ligera_Community_01,Falken_Industrial_Manipulación Ligera_0015,Yokohama_Industrial_Manipulación Ligera_0045,0.4488
Industrial_|_Manipulación_Ligera_Community_01,Goodyear_Industrial_Manipulación Ligera_0066,Yokohama_Industrial_Manipulación Ligera_0045,0.2964
Industrial_|_Manipulación_Ligera_Community_01,Hifly_Industrial_Manipulación Ligera_0020,Yokohama_Industrial_Manipulación Ligera_0045,0.1794
Industrial_|_Manipulación_Ligera_Community_01,Kumho_Industrial_Manipulación Ligera_0008,Yokohama_Industrial_Manipulación Ligera_0045,0.1379
Industrial_|_Manipulación_Ligera_Community_01,Michelin_Industrial_Manipulación Ligera_0016,Yokohama_Industrial_Manipulación Ligera_0045,0.1237
Industrial_|_Manipulación_Ligera_Community_01,Vredestein_Industrial_Manipulación Ligera_0035,Yokohama_Industrial_Manipulación Ligera_0045,0.4433
Industrial_|_Manipulación_Ligera_Community_01,Yokohama_Industrial_Manipulación Ligera_0030,Yokohama_Industrial_Manipulación Ligera_0045,0.1545
Industrial_|_Portuario/Especial_Community_01,Dunlop_Industrial_Portuario/Especial_0026,Bridgestone_Industrial_Portuario/Especial_0043,0.1144
Industrial_|_Portuario/Especial_Community_01,Mazzini_Industrial_Portuario/Especial_0033,Bridgestone_Industrial_Portuario/Especial_0043,0.0753
Industrial_|_Portuario/Especial_Community_01,Michelin_Industrial_Portuario/Especial_0036,Bridgestone_Industrial_Portuario/Especial_0043,0.0992
Industrial_|_Portuario/Especial_Community_01,Michelin_Industrial_Portuario/Especial_0037,Bridgestone_Industrial_Portuario/Especial_0043,0.067
Industrial_|_Portuario/Especial_Community_01,Sailun_Industrial_Portuario/Especial_0006,Bridgestone_Industrial_Portuario/Especial_0043,0.0602
Industrial_|_Portuario/Especial_Community_01,Toyo Tires_Industrial_Portuario/Especial_0015,Bridgestone_Industrial_Portuario/Especial_0043,0.1192
Industrial_|_Portuario/Especial_Community_01,Bridgestone_Industrial_Portuario/Especial_0043,Continental_Industrial_Portuario/Especial_0059,0.0713
Industrial_|_Portuario/Especial_Community_01,Falken_Industrial_Portuario/Especial_0075,Continental_Industrial_Portuario/Especial_0059,0.1278
Industrial_|_Portuario/Especial_Community_01,Fulda_Industrial_Portuario/Especial_0052,Continental_Industrial_Portuario/Especial_0059,0.06
Industrial_|_Portuario/Especial_Community_01,Michelin_Industrial_Portuario/Especial_0019,Continental_Industrial_Portuario/Especial_0059,0.1033
Industrial_|_Portuario/Especial_Community_01,Michelin_Industrial_Portuario/Especial_0036,Continental_Industrial_Portuario/Especial_0059,0.0799
Industrial_|_Portuario/Especial_Community_01,Triangle_Industrial_Portuario/Especial_0035,Continental_Industrial_Portuario/Especial_0059,0.0609
Industrial_|_Portuario/Especial_Community_01,Uniroyal_Industrial_Portuario/Especial_0020,Continental_Industrial_Portuario/Especial_0059,0.0596
Industrial_|_Portuario/Especial_Community_01,Yokohama_Industrial_Portuario/Especial_0024,Continental_Industrial_Portuario/Especial_0059,0.0754
Industrial_|_Portuario/Especial_Community_01,Continental_Industrial_Portuario/Especial_0059,Cooper Tires_Industrial_Portuario/Especial_0012,0.0581
Industrial_|_Portuario/Especial_Community_01,Falken_Industrial_Portuario/Especial_0075,Cooper Tires_Industrial_Portuario/Especial_0012,0.1209
Industrial_|_Portuario/Especial_Community_01,Goodyear_Industrial_Portuario/Especial_0023,Cooper Tires_Industrial_Portuario/Especial_0012,0.0593
Industrial_|_Portuario/Especial_Community_01,Hifly_Industrial_Portuario/Especial_0073,Cooper Tires_Industrial_Portuario/Especial_0012,0.1021
Industrial_|_Portuario/Especial_Community_01,Mazzini_Industrial_Portuario/Especial_0033,Cooper Tires_Industrial_Portuario/Especial_0012,0.0881
Industrial_|_Portuario/Especial_Community_01,Mazzini_Industrial_Portuario/Especial_0071,Cooper Tires_Industrial_Portuario/Especial_0012,0.0581
Industrial_|_Portuario/Especial_Community_01,Triangle_Industrial_Portuario/Especial_0035,Cooper Tires_Industrial_Portuario/Especial_0012,0.1648
Industrial_|_Portuario/Especial_Community_01,Falken_Industrial_Portuario/Especial_0060,Dunlop_Industrial_Portuario/Especial_0026,0.1235
Industrial_|_Portuario/Especial_Community_01,Falken_Industrial_Portuario/Especial_0075,Dunlop_Industrial_Portuario/Especial_0026,0.1135
Industrial_|_Portuario/Especial_Community_01,Fulda_Industrial_Portuario/Especial_0052,Dunlop_Industrial_Portuario/Especial_0026,0.0596
Industrial_|_Portuario/Especial_Community_01,Michelin_Industrial_Portuario/Especial_0036,Dunlop_Industrial_Portuario/Especial_0026,0.1393
Industrial_|_Portuario/Especial_Community_01,Westlake_Industrial_Portuario/Especial_0038,Dunlop_Industrial_Portuario/Especial_0026,0.0956
Industrial_|_Portuario/Especial_Community_01,Mazzini_Industrial_Portuario/Especial_0048,Falken_Industrial_Portuario/Especial_0060,0.1301
Industrial_|_Portuario/Especial_Community_01,Nokian_Industrial_Portuario/Especial_0004,Falken_Industrial_Portuario/Especial_0060,0.0681
Industrial_|_Portuario/Especial_Community_01,Falken_Industrial_Portuario/Especial_0060,Falken_Industrial_Portuario/Especial_0075,0.0545
Industrial_|_Portuario/Especial_Community_01,GT Radial_Industrial_Portuario/Especial_0005,Falken_Industrial_Portuario/Especial_0075,0.0916
Industrial_|_Portuario/Especial_Community_01,Mazzini_Industrial_Portuario/Especial_0048,Falken_Industrial_Portuario/Especial_0075,0.2372
Industrial_|_Portuario/Especial_Community_01,Tracmax_Industrial_Portuario/Especial_0078,Falken_Industrial_Portuario/Especial_0075,0.1429
Industrial_|_Portuario/Especial_Community_01,Yokohama_Industrial_Portuario/Especial_0067,Falken_Industrial_Portuario/Especial_0075,0.1158
Industrial_|_Portuario/Especial_Community_01,Falken_Industrial_Portuario/Especial_0075,Fulda_Industrial_Portuario/Especial_0052,0.1976
Industrial_|_Portuario/Especial_Community_01,Mazzini_Industrial_Portuario/Especial_0033,Fulda_Industrial_Portuario/Especial_0052,0.1107
Industrial_|_Portuario/Especial_Community_01,Nokian_Industrial_Portuario/Especial_0004,Fulda_Industrial_Portuario/Especial_0052,0.0717
Industrial_|_Portuario/Especial_Community_01,Roadmarch_Industrial_Portuario/Especial_0062,Fulda_Industrial_Portuario/Especial_0052,0.0979
Industrial_|_Portuario/Especial_Community_01,Uniroyal_Industrial_Portuario/Especial_0041,Fulda_Industrial_Portuario/Especial_0052,0.0888
Industrial_|_Portuario/Especial_Community_01,Yokohama_Industrial_Portuario/Especial_0067,Fulda_Industrial_Portuario/Especial_0052,0.0704
Industrial_|_Portuario/Especial_Community_01,Cooper Tires_Industrial_Portuario/Especial_0012,Fulda_Industrial_Portuario/Especial_0057,0.0751
Industrial_|_Portuario/Especial_Community_01,Fulda_Industrial_Portuario/Especial_0052,Fulda_Industrial_Portuario/Especial_0057,0.1255
Industrial_|_Portuario/Especial_Community_01,General Tire_Industrial_Portuario/Especial_0022,Fulda_Industrial_Portuario/Especial_0057,0.0661
Industrial_|_Portuario/Especial_Community_01,General Tire_Industrial_Portuario/Especial_0069,Fulda_Industrial_Portuario/Especial_0057,0.0609
Industrial_|_Portuario/Especial_Community_01,Goodyear_Industrial_Portuario/Especial_0023,Fulda_Industrial_Portuario/Especial_0057,0.0539
Industrial_|_Portuario/Especial_Community_01,Mazzini_Industrial_Portuario/Especial_0048,Fulda_Industrial_Portuario/Especial_0057,0.059
Industrial_|_Portuario/Especial_Community_01,Uniroyal_Industrial_Portuario/Especial_0020,Fulda_Industrial_Portuario/Especial_0057,0.0827
Industrial_|_Portuario/Especial_Community_01,Cooper Tires_Industrial_Portuario/Especial_0012,GT Radial_Industrial_Portuario/Especial_0005,0.0641
Industrial_|_Portuario/Especial_Community_01,Mazzini_Industrial_Portuario/Especial_0033,GT Radial_Industrial_Portuario/Especial_0005,0.0963
Industrial_|_Portuario/Especial_Community_01,Mazzini_Industrial_Portuario/Especial_0048,GT Radial_Industrial_Portuario/Especial_0005,0.0771
Industrial_|_Portuario/Especial_Community_01,Michelin_Industrial_Portuario/Especial_0076,GT Radial_Industrial_Portuario/Especial_0005,0.0509
Industrial_|_Portuario/Especial_Community_01,Tracmax_Industrial_Portuario/Especial_0078,GT Radial_Industrial_Portuario/Especial_0005,0.1265
Industrial_|_Portuario/Especial_Community_01,Uniroyal_Industrial_Portuario/Especial_0020,GT Radial_Industrial_Portuario/Especial_0005,0.1017
Industrial_|_Portuario/Especial_Community_01,Continental_Industrial_Portuario/Especial_0059,General Tire_Industrial_Portuario/Especial_0016,0.0821
Industrial_|_Portuario/Especial_Community_01,Falken_Industrial_Portuario/Especial_0060,General Tire_Industrial_Portuario/Especial_0016,0.1197
Industrial_|_Portuario/Especial_Community_01,General Tire_Industrial_Portuario/Especial_0022,General Tire_Industrial_Portuario/Especial_0016,0.1105
Industrial_|_Portuario/Especial_Community_01,Michelin_Industrial_Portuario/Especial_0019,General Tire_Industrial_Portuario/Especial_0016,0.0747
Industrial_|_Portuario/Especial_Community_01,Michelin_Industrial_Portuario/Especial_0037,General Tire_Industrial_Portuario/Especial_0016,0.0584
Industrial_|_Portuario/Especial_Community_01,Nokian_Industrial_Portuario/Especial_0004,General Tire_Industrial_Portuario/Especial_0016,0.0569
Industrial_|_Portuario/Especial_Community_01,Tracmax_Industrial_Portuario/Especial_0078,General Tire_Industrial_Portuario/Especial_0016,0.0707
Industrial_|_Portuario/Especial_Community_01,Uniroyal_Industrial_Portuario/Especial_0041,General Tire_Industrial_Portuario/Especial_0016,0.0615
Industrial_|_Portuario/Especial_Community_01,Westlake_Industrial_Portuario/Especial_0038,General Tire_Industrial_Portuario/Especial_0016,0.0529
Industrial_|_Portuario/Especial_Community_01,Continental_Industrial_Portuario/Especial_0059,General Tire_Industrial_Portuario/Especial_0022,0.0974
Industrial_|_Portuario/Especial_Community_01,General Tire_Industrial_Portuario/Especial_0016,General Tire_Industrial_Portuario/Especial_0022,0.0793
Industrial_|_Portuario/Especial_Community_01,Goodyear_Industrial_Portuario/Especial_0023,General Tire_Industrial_Portuario/Especial_0022,0.0546
Industrial_|_Portuario/Especial_Community_01,Hifly_Industrial_Portuario/Especial_0073,General Tire_Industrial_Portuario/Especial_0022,0.1185
Industrial_|_Portuario/Especial_Community_01,Nokian_Industrial_Portuario/Especial_0017,General Tire_Industrial_Portuario/Especial_0022,0.0692
Industrial_|_Portuario/Especial_Community_01,Toyo Tires_Industrial_Portuario/Especial_0015,General Tire_Industrial_Portuario/Especial_0022,0.1023
Industrial_|_Portuario/Especial_Community_01,Westlake_Industrial_Portuario/Especial_0038,General Tire_Industrial_Portuario/Especial_0022,0.0984
Industrial_|_Portuario/Especial_Community_01,Continental_Industrial_Portuario/Especial_0059,General Tire_Industrial_Portuario/Especial_0069,0.0719
Industrial_|_Portuario/Especial_Community_01,Goodyear_Industrial_Portuario/Especial_0023,General Tire_Industrial_Portuario/Especial_0069,0.0594
Industrial_|_Portuario/Especial_Community_01,Hifly_Industrial_Portuario/Especial_0073,General Tire_Industrial_Portuario/Especial_0069,0.0689
Industrial_|_Portuario/Especial_Community_01,Michelin_Industrial_Portuario/Especial_0019,General Tire_Industrial_Portuario/Especial_0069,0.0513
Industrial_|_Portuario/Especial_Community_01,Michelin_Industrial_Portuario/Especial_0036,General Tire_Industrial_Portuario/Especial_0069,0.172
Industrial_|_Portuario/Especial_Community_01,Nokian_Industrial_Portuario/Especial_0017,General Tire_Industrial_Portuario/Especial_0069,0.0956
Industrial_|_Portuario/Especial_Community_01,Toyo Tires_Industrial_Portuario/Especial_0015,General Tire_Industrial_Portuario/Especial_0069,0.072
Industrial_|_Portuario/Especial_Community_01,Westlake_Industrial_Portuario/Especial_0038,General Tire_Industrial_Portuario/Especial_0069,0.0734
Industrial_|_Portuario/Especial_Community_01,Fulda_Industrial_Portuario/Especial_0057,Goodyear_Industrial_Portuario/Especial_0023,0.1284
Industrial_|_Portuario/Especial_Community_01,Mazzini_Industrial_Portuario/Especial_0071,Goodyear_Industrial_Portuario/Especial_0023,0.0711
Industrial_|_Portuario/Especial_Community_01,Sailun_Industrial_Portuario/Especial_0006,Goodyear_Industrial_Portuario/Especial_0023,0.0842
Industrial_|_Portuario/Especial_Community_01,Vredestein_Industrial_Portuario/Especial_0021,Goodyear_Industrial_Portuario/Especial_0023,0.092
Industrial_|_Portuario/Especial_Community_01,General Tire_Industrial_Portuario/Especial_0016,Goodyear_Industrial_Portuario/Especial_0032,0.0596
Industrial_|_Portuario/Especial_Community_01,General Tire_Industrial_Portuario/Especial_0022,Goodyear_Industrial_Portuario/Especial_0032,0.1047
Industrial_|_Portuario/Especial_Community_01,Goodyear_Industrial_Portuario/Especial_0023,Goodyear_Industrial_Portuario/Especial_0032,0.0609
Industrial_|_Portuario/Especial_Community_01,Mazzini_Industrial_Portuario/Especial_0071,Goodyear_Industrial_Portuario/Especial_0032,0.0683
Industrial_|_Portuario/Especial_Community_01,Michelin_Industrial_Portuario/Especial_0076,Goodyear_Industrial_Portuario/Especial_0032,0.1025
Industrial_|_Portuario/Especial_Community_01,Pirelli_Industrial_Portuario/Especial_0056,Goodyear_Industrial_Portuario/Especial_0032,0.0999
Industrial_|_Portuario/Especial_Community_01,Yokohama_Industrial_Portuario/Especial_0067,Goodyear_Industrial_Portuario/Especial_0032,0.0539
Industrial_|_Portuario/Especial_Community_01,Bridgestone_Industrial_Portuario/Especial_0043,Hifly_Industrial_Portuario/Especial_0073,0.0782
Industrial_|_Portuario/Especial_Community_01,Mazzini_Industrial_Portuario/Especial_0048,Hifly_Industrial_Portuario/Especial_0073,0.2001
Industrial_|_Portuario/Especial_Community_01,Michelin_Industrial_Portuario/Especial_0036,Hifly_Industrial_Portuario/Especial_0073,0.1478
Industrial_|_Portuario/Especial_Community_01,Pirelli_Industrial_Portuario/Especial_0056,Hifly_Industrial_Portuario/Especial_0073,0.1686
Industrial_|_Portuario/Especial_Community_01,Continental_Industrial_Portuario/Especial_0059,Mazzini_Industrial_Portuario/Especial_0033,0.0538
Industrial_|_Portuario/Especial_Community_01,Dunlop_Industrial_Portuario/Especial_0026,Mazzini_Industrial_Portuario/Especial_0033,0.0703
Industrial_|_Portuario/Especial_Community_01,Falken_Industrial_Portuario/Especial_0075,Mazzini_Industrial_Portuario/Especial_0033,0.0867
Industrial_|_Portuario/Especial_Community_01,Pirelli_Industrial_Portuario/Especial_0056,Mazzini_Industrial_Portuario/Especial_0033,0.0973
Industrial_|_Portuario/Especial_Community_01,Toyo Tires_Industrial_Portuario/Especial_0015,Mazzini_Industrial_Portuario/Especial_0033,0.0605
Industrial_|_Portuario/Especial_Community_01,Cooper Tires_Industrial_Portuario/Especial_0012,Mazzini_Industrial_Portuario/Especial_0048,0.0645
Industrial_|_Portuario/Especial_Community_01,Falken_Industrial_Portuario/Especial_0060,Mazzini_Industrial_Portuario/Especial_0048,0.0849
Industrial_|_Portuario/Especial_Community_01,Fulda_Industrial_Portuario/Especial_0057,Mazzini_Industrial_Portuario/Especial_0048,0.1742
Industrial_|_Portuario/Especial_Community_01,General Tire_Industrial_Portuario/Especial_0022,Mazzini_Industrial_Portuario/Especial_0048,0.0515
Industrial_|_Portuario/Especial_Community_01,Michelin_Industrial_Portuario/Especial_0019,Mazzini_Industrial_Portuario/Especial_0048,0.0712
Industrial_|_Portuario/Especial_Community_01,Nokian_Industrial_Portuario/Especial_0004,Mazzini_Industrial_Portuario/Especial_0048,0.0818
Industrial_|_Portuario/Especial_Community_01,Toyo Tires_Industrial_Portuario/Especial_0015,Mazzini_Industrial_Portuario/Especial_0048,0.058
Industrial_|_Portuario/Especial_Community_01,Triangle_Industrial_Portuario/Especial_0035,Mazzini_Industrial_Portuario/Especial_0048,0.0583
Industrial_|_Portuario/Especial_Community_01,Falken_Industrial_Portuario/Especial_0075,Mazzini_Industrial_Portuario/Especial_0071,0.1021
Industrial_|_Portuario/Especial_Community_01,GT Radial_Industrial_Portuario/Especial_0005,Mazzini_Industrial_Portuario/Especial_0071,0.0896
Industrial_|_Portuario/Especial_Community_01,General Tire_Industrial_Portuario/Especial_0016,Mazzini_Industrial_Portuario/Especial_0071,0.0741
Industrial_|_Portuario/Especial_Community_01,Goodyear_Industrial_Portuario/Especial_0032,Mazzini_Industrial_Portuario/Especial_0071,0.1314
Industrial_|_Portuario/Especial_Community_01,Mazzini_Industrial_Portuario/Especial_0033,Mazzini_Industrial_Portuario/Especial_0071,0.173
Industrial_|_Portuario/Especial_Community_01,Yokohama_Industrial_Portuario/Especial_0067,Mazzini_Industrial_Portuario/Especial_0071,0.0553
Industrial_|_Portuario/Especial_Community_01,Fulda_Industrial_Portuario/Especial_0057,Michelin_Industrial_Portuario/Especial_0019,0.0528
Industrial_|_Portuario/Especial_Community_01,General Tire_Industrial_Portuario/Especial_0016,Michelin_Industrial_Portuario/Especial_0019,0.0766
Industrial_|_Portuario/Especial_Community_01,Mazzini_Industrial_Portuario/Especial_0048,Michelin_Industrial_Portuario/Especial_0019,0.0875
Industrial_|_Portuario/Especial_Community_01,Michelin_Industrial_Portuario/Especial_0037,Michelin_Industrial_Portuario/Especial_0019,0.1584
Industrial_|_Portuario/Especial_Community_01,Roadmarch_Industrial_Portuario/Especial_0062,Michelin_Industrial_Portuario/Especial_0019,0.0509
Industrial_|_Portuario/Especial_Community_01,Yokohama_Industrial_Portuario/Especial_0024,Michelin_Industrial_Portuario/Especial_0019,0.1302
Industrial_|_Portuario/Especial_Community_01,Yokohama_Industrial_Portuario/Especial_0067,Michelin_Industrial_Portuario/Especial_0019,0.0746
Industrial_|_Portuario/Especial_Community_01,Bridgestone_Industrial_Portuario/Especial_0043,Michelin_Industrial_Portuario/Especial_0036,0.0842
Industrial_|_Portuario/Especial_Community_01,Michelin_Industrial_Portuario/Especial_0037,Michelin_Industrial_Portuario/Especial_0036,0.0673
Industrial_|_Portuario/Especial_Community_01,Nokian_Industrial_Portuario/Especial_0017,Michelin_Industrial_Portuario/Especial_0036,0.062
Industrial_|_Portuario/Especial_Community_01,Tracmax_Industrial_Portuario/Especial_0078,Michelin_Industrial_Portuario/Especial_0036,0.07
Industrial_|_Portuario/Especial_Community_01,Uniroyal_Industrial_Portuario/Especial_0020,Michelin_Industrial_Portuario/Especial_0036,0.1021
Industrial_|_Portuario/Especial_Community_01,Fulda_Industrial_Portuario/Especial_0052,Michelin_Industrial_Portuario/Especial_0037,0.0781
Industrial_|_Portuario/Especial_Community_01,General Tire_Industrial_Portuario/Especial_0022,Michelin_Industrial_Portuario/Especial_0037,0.0855
Industrial_|_Portuario/Especial_Community_01,Mazzini_Industrial_Portuario/Especial_0071,Michelin_Industrial_Portuario/Especial_0037,0.0745
Industrial_|_Portuario/Especial_Community_01,Nokian_Industrial_Portuario/Especial_0004,Michelin_Industrial_Portuario/Especial_0037,0.0515
Industrial_|_Portuario/Especial_Community_01,Uniroyal_Industrial_Portuario/Especial_0041,Michelin_Industrial_Portuario/Especial_0037,0.0579
Industrial_|_Portuario/Especial_Community_01,GT Radial_Industrial_Portuario/Especial_0005,Michelin_Industrial_Portuario/Especial_0076,0.1076
Industrial_|_Portuario/Especial_Community_01,Triangle_Industrial_Portuario/Especial_0035,Michelin_Industrial_Portuario/Especial_0076,0.0567
Industrial_|_Portuario/Especial_Community_01,Vredestein_Industrial_Portuario/Especial_0021,Michelin_Industrial_Portuario/Especial_0076,0.1116
Industrial_|_Portuario/Especial_Community_01,Falken_Industrial_Portuario/Especial_0060,Nokian_Industrial_Portuario/Especial_0004,0.1604
Industrial_|_Portuario/Especial_Community_01,Mazzini_Industrial_Portuario/Especial_0048,Nokian_Industrial_Portuario/Especial_0004,0.127
Industrial_|_Portuario/Especial_Community_01,Mazzini_Industrial_Portuario/Especial_0071,Nokian_Industrial_Portuario/Especial_0004,0.0722
Industrial_|_Portuario/Especial_Community_01,Michelin_Industrial_Portuario/Especial_0036,Nokian_Industrial_Portuario/Especial_0004,0.1042
Industrial_|_Portuario/Especial_Community_01,Roadmarch_Industrial_Portuario/Especial_0062,Nokian_Industrial_Portuario/Especial_0004,0.0636
Industrial_|_Portuario/Especial_Community_01,Yokohama_Industrial_Portuario/Especial_0024,Nokian_Industrial_Portuario/Especial_0004,0.0622
Industrial_|_Portuario/Especial_Community_01,Cooper Tires_Industrial_Portuario/Especial_0012,Nokian_Industrial_Portuario/Especial_0017,0.0883
Industrial_|_Portuario/Especial_Community_01,Falken_Industrial_Portuario/Especial_0060,Nokian_Industrial_Portuario/Especial_0017,0.0515
Industrial_|_Portuario/Especial_Community_01,Michelin_Industrial_Portuario/Especial_0036,Nokian_Industrial_Portuario/Especial_0017,0.1647
Industrial_|_Portuario/Especial_Community_01,Toyo Tires_Industrial_Portuario/Especial_0015,Nokian_Industrial_Portuario/Especial_0017,0.0999
Industrial_|_Portuario/Especial_Community_01,Triangle_Industrial_Portuario/Especial_0035,Nokian_Industrial_Portuario/Especial_0017,0.1429
Industrial_|_Portuario/Especial_Community_01,Fulda_Industrial_Portuario/Especial_0052,Pirelli_Industrial_Portuario/Especial_0056,0.1033
Industrial_|_Portuario/Especial_Community_01,Mazzini_Industrial_Portuario/Especial_0048,Pirelli_Industrial_Portuario/Especial_0056,0.0708
Industrial_|_Portuario/Especial_Community_01,Michelin_Industrial_Portuario/Especial_0019,Pirelli_Industrial_Portuario/Especial_0056,0.0746
Industrial_|_Portuario/Especial_Community_01,Michelin_Industrial_Portuario/Especial_0076,Pirelli_Industrial_Portuario/Especial_0056,0.0574
Industrial_|_Portuario/Especial_Community_01,Triangle_Industrial_Portuario/Especial_0035,Pirelli_Industrial_Portuario/Especial_0056,0.0757
Industrial_|_Portuario/Especial_Community_01,Yokohama_Industrial_Portuario/Especial_0067,Pirelli_Industrial_Portuario/Especial_0056,0.0996
Industrial_|_Portuario/Especial_Community_01,Bridgestone_Industrial_Portuario/Especial_0043,Roadmarch_Industrial_Portuario/Especial_0062,0.0598
Industrial_|_Portuario/Especial_Community_01,General Tire_Industrial_Portuario/Especial_0022,Roadmarch_Industrial_Portuario/Especial_0062,0.1046
Industrial_|_Portuario/Especial_Community_01,Hifly_Industrial_Portuario/Especial_0073,Roadmarch_Industrial_Portuario/Especial_0062,0.1101
Industrial_|_Portuario/Especial_Community_01,Tracmax_Industrial_Portuario/Especial_0078,Roadmarch_Industrial_Portuario/Especial_0062,0.0707
Industrial_|_Portuario/Especial_Community_01,Triangle_Industrial_Portuario/Especial_0035,Roadmarch_Industrial_Portuario/Especial_0062,0.0775
Industrial_|_Portuario/Especial_Community_01,Vredestein_Industrial_Portuario/Especial_0021,Roadmarch_Industrial_Portuario/Especial_0062,0.1796
Industrial_|_Portuario/Especial_Community_01,Cooper Tires_Industrial_Portuario/Especial_0012,Sailun_Industrial_Portuario/Especial_0006,0.1022
Industrial_|_Portuario/Especial_Community_01,Dunlop_Industrial_Portuario/Especial_0026,Sailun_Industrial_Portuario/Especial_0006,0.0735
Industrial_|_Portuario/Especial_Community_01,Fulda_Industrial_Portuario/Especial_0052,Sailun_Industrial_Portuario/Especial_0006,0.1688
Industrial_|_Portuario/Especial_Community_01,General Tire_Industrial_Portuario/Especial_0069,Sailun_Industrial_Portuario/Especial_0006,0.0615
Industrial_|_Portuario/Especial_Community_01,Mazzini_Industrial_Portuario/Especial_0071,Sailun_Industrial_Portuario/Especial_0006,0.0572
Industrial_|_Portuario/Especial_Community_01,Nokian_Industrial_Portuario/Especial_0004,Sailun_Industrial_Portuario/Especial_0006,0.1748
Industrial_|_Portuario/Especial_Community_01,Cooper Tires_Industrial_Portuario/Especial_0012,Toyo Tires_Industrial_Portuario/Especial_0015,0.0951
Industrial_|_Portuario/Especial_Community_01,Dunlop_Industrial_Portuario/Especial_0026,Toyo Tires_Industrial_Portuario/Especial_0015,0.0622
Industrial_|_Portuario/Especial_Community_01,Fulda_Industrial_Portuario/Especial_0052,Toyo Tires_Industrial_Portuario/Especial_0015,0.0767
Industrial_|_Portuario/Especial_Community_01,General Tire_Industrial_Portuario/Especial_0022,Toyo Tires_Industrial_Portuario/Especial_0015,0.0584
Industrial_|_Portuario/Especial_Community_01,Mazzini_Industrial_Portuario/Especial_0033,Toyo Tires_Industrial_Portuario/Especial_0015,0.082
Industrial_|_Portuario/Especial_Community_01,Mazzini_Industrial_Portuario/Especial_0048,Toyo Tires_Industrial_Portuario/Especial_0015,0.0554
Industrial_|_Portuario/Especial_Community_01,Michelin_Industrial_Portuario/Especial_0036,Toyo Tires_Industrial_Portuario/Especial_0015,0.0507
Industrial_|_Portuario/Especial_Community_01,Nokian_Industrial_Portuario/Especial_0017,Toyo Tires_Industrial_Portuario/Especial_0015,0.1171
Industrial_|_Portuario/Especial_Community_01,General Tire_Industrial_Portuario/Especial_0022,Tracmax_Industrial_Portuario/Especial_0078,0.1143
Industrial_|_Portuario/Especial_Community_01,Hifly_Industrial_Portuario/Especial_0073,Tracmax_Industrial_Portuario/Especial_0078,0.0622
Industrial_|_Portuario/Especial_Community_01,Mazzini_Industrial_Portuario/Especial_0033,Tracmax_Industrial_Portuario/Especial_0078,0.0941
Industrial_|_Portuario/Especial_Community_01,Michelin_Industrial_Portuario/Especial_0019,Tracmax_Industrial_Portuario/Especial_0078,0.0928
Industrial_|_Portuario/Especial_Community_01,Michelin_Industrial_Portuario/Especial_0076,Tracmax_Industrial_Portuario/Especial_0078,0.0977
Industrial_|_Portuario/Especial_Community_01,Yokohama_Industrial_Portuario/Especial_0024,Tracmax_Industrial_Portuario/Especial_0078,0.0862
Industrial_|_Portuario/Especial_Community_01,Continental_Industrial_Portuario/Especial_0059,Triangle_Industrial_Portuario/Especial_0035,0.0511
Industrial_|_Portuario/Especial_Community_01,Mazzini_Industrial_Portuario/Especial_0048,Triangle_Industrial_Portuario/Especial_0035,0.0828
Industrial_|_Portuario/Especial_Community_01,Michelin_Industrial_Portuario/Especial_0037,Triangle_Industrial_Portuario/Especial_0035,0.0576
Industrial_|_Portuario/Especial_Community_01,Pirelli_Industrial_Portuario/Especial_0056,Triangle_Industrial_Portuario/Especial_0035,0.0567
Industrial_|_Portuario/Especial_Community_01,Toyo Tires_Industrial_Portuario/Especial_0015,Triangle_Industrial_Portuario/Especial_0035,0.0569
Industrial_|_Portuario/Especial_Community_01,Vredestein_Industrial_Portuario/Especial_0021,Triangle_Industrial_Portuario/Especial_0035,0.068
Industrial_|_Portuario/Especial_Community_01,Cooper Tires_Industrial_Portuario/Especial_0012,Uniroyal_Industrial_Portuario/Especial_0020,0.1264
Industrial_|_Portuario/Especial_Community_01,Falken_Industrial_Portuario/Especial_0075,Uniroyal_Industrial_Portuario/Especial_0020,0.186
Industrial_|_Portuario/Especial_Community_01,General Tire_Industrial_Portuario/Especial_0022,Uniroyal_Industrial_Portuario/Especial_0020,0.1289
Industrial_|_Portuario/Especial_Community_01,General Tire_Industrial_Portuario/Especial_0069,Uniroyal_Industrial_Portuario/Especial_0020,0.0962
Industrial_|_Portuario/Especial_Community_01,Goodyear_Industrial_Portuario/Especial_0023,Uniroyal_Industrial_Portuario/Especial_0020,0.0875
Industrial_|_Portuario/Especial_Community_01,Westlake_Industrial_Portuario/Especial_0038,Uniroyal_Industrial_Portuario/Especial_0020,0.056
Industrial_|_Portuario/Especial_Community_01,General Tire_Industrial_Portuario/Especial_0016,Uniroyal_Industrial_Portuario/Especial_0041,0.0524
Industrial_|_Portuario/Especial_Community_01,General Tire_Industrial_Portuario/Especial_0069,Uniroyal_Industrial_Portuario/Especial_0041,0.1324
Industrial_|_Portuario/Especial_Community_01,Mazzini_Industrial_Portuario/Especial_0071,Uniroyal_Industrial_Portuario/Especial_0041,0.1108
Industrial_|_Portuario/Especial_Community_01,Sailun_Industrial_Portuario/Especial_0006,Uniroyal_Industrial_Portuario/Especial_0041,0.1064
Industrial_|_Portuario/Especial_Community_01,Tracmax_Industrial_Portuario/Especial_0078,Uniroyal_Industrial_Portuario/Especial_0041,0.0517
Industrial_|_Portuario/Especial_Community_01,Continental_Industrial_Portuario/Especial_0059,Vredestein_Industrial_Portuario/Especial_0021,0.0887
Industrial_|_Portuario/Especial_Community_01,GT Radial_Industrial_Portuario/Especial_0005,Vredestein_Industrial_Portuario/Especial_0021,0.1038
Industrial_|_Portuario/Especial_Community_01,Goodyear_Industrial_Portuario/Especial_0023,Vredestein_Industrial_Portuario/Especial_0021,0.1374
Industrial_|_Portuario/Especial_Community_01,Mazzini_Industrial_Portuario/Especial_0071,Vredestein_Industrial_Portuario/Especial_0021,0.0955
Industrial_|_Portuario/Especial_Community_01,Michelin_Industrial_Portuario/Especial_0036,Vredestein_Industrial_Portuario/Especial_0021,0.055
Industrial_|_Portuario/Especial_Community_01,Tracmax_Industrial_Portuario/Especial_0078,Vredestein_Industrial_Portuario/Especial_0021,0.1051
Industrial_|_Portuario/Especial_Community_01,Continental_Industrial_Portuario/Especial_0059,Westlake_Industrial_Portuario/Especial_0038,0.0855
Industrial_|_Portuario/Especial_Community_01,Dunlop_Industrial_Portuario/Especial_0026,Westlake_Industrial_Portuario/Especial_0038,0.0937
Industrial_|_Portuario/Especial_Community_01,Falken_Industrial_Portuario/Especial_0060,Westlake_Industrial_Portuario/Especial_0038,0.1329
Industrial_|_Portuario/Especial_Community_01,Fulda_Industrial_Portuario/Especial_0052,Westlake_Industrial_Portuario/Especial_0038,0.0898
Industrial_|_Portuario/Especial_Community_01,General Tire_Industrial_Portuario/Especial_0069,Westlake_Industrial_Portuario/Especial_0038,0.1347
Industrial_|_Portuario/Especial_Community_01,Michelin_Industrial_Portuario/Especial_0076,Westlake_Industrial_Portuario/Especial_0038,0.0953
Industrial_|_Portuario/Especial_Community_01,Pirelli_Industrial_Portuario/Especial_0056,Westlake_Industrial_Portuario/Especial_0038,0.0958
Industrial_|_Portuario/Especial_Community_01,Tracmax_Industrial_Portuario/Especial_0078,Westlake_Industrial_Portuario/Especial_0038,0.0564
Industrial_|_Portuario/Especial_Community_01,Bridgestone_Industrial_Portuario/Especial_0043,Yokohama_Industrial_Portuario/Especial_0024,0.0537
Industrial_|_Portuario/Especial_Community_01,Cooper Tires_Industrial_Portuario/Especial_0012,Yokohama_Industrial_Portuario/Especial_0024,0.1129
Industrial_|_Portuario/Especial_Community_01,Roadmarch_Industrial_Portuario/Especial_0062,Yokohama_Industrial_Portuario/Especial_0024,0.1305
Industrial_|_Portuario/Especial_Community_01,Yokohama_Industrial_Portuario/Especial_0067,Yokohama_Industrial_Portuario/Especial_0024,0.0819
Industrial_|_Portuario/Especial_Community_01,Dunlop_Industrial_Portuario/Especial_0026,Yokohama_Industrial_Portuario/Especial_0067,0.0786
Industrial_|_Portuario/Especial_Community_01,General Tire_Industrial_Portuario/Especial_0016,Yokohama_Industrial_Portuario/Especial_0067,0.1381
Industrial_|_Portuario/Especial_Community_01,Mazzini_Industrial_Portuario/Especial_0033,Yokohama_Industrial_Portuario/Especial_0067,0.0784
Industrial_|_Portuario/Especial_Community_01,Michelin_Industrial_Portuario/Especial_0019,Yokohama_Industrial_Portuario/Especial_0067,0.0561
Industrial_|_Portuario/Especial_Community_01,Nokian_Industrial_Portuario/Especial_0017,Yokohama_Industrial_Portuario/Especial_0067,0.1261
Industrial_|_Portuario/Especial_Community_01,Pirelli_Industrial_Portuario/Especial_0056,Yokohama_Industrial_Portuario/Especial_0067,0.1363
Industrial_|_Portuario/Especial_Community_03,Dunlop_Industrial_Portuario/Especial_0030,Bridgestone_Industrial_Portuario/Especial_0074,0.1422
Industrial_|_Portuario/Especial_Community_03,General Tire_Industrial_Portuario/Especial_0047,Bridgestone_Industrial_Portuario/Especial_0074,0.0515
Industrial_|_Portuario/Especial_Community_03,Kumho_Industrial_Portuario/Especial_0065,Bridgestone_Industrial_Portuario/Especial_0074,0.1335
Industrial_|_Portuario/Especial_Community_03,Mazzini_Industrial_Portuario/Especial_0077,Bridgestone_Industrial_Portuario/Especial_0074,0.0878
Industrial_|_Portuario/Especial_Community_03,Vredestein_Industrial_Portuario/Especial_0014,Bridgestone_Industrial_Portuario/Especial_0074,0.1375
Industrial_|_Portuario/Especial_Community_03,Vredestein_Industrial_Portuario/Especial_0027,Bridgestone_Industrial_Portuario/Especial_0074,0.0881
Industrial_|_Portuario/Especial_Community_03,Bridgestone_Industrial_Portuario/Especial_0074,Continental_Industrial_Portuario/Especial_0008,0.2982
Industrial_|_Portuario/Especial_Community_03,Linglong_Industrial_Portuario/Especial_0045,Continental_Industrial_Portuario/Especial_0008,0.3074
Industrial_|_Portuario/Especial_Community_03,Westlake_Industrial_Portuario/Especial_0046,Continental_Industrial_Portuario/Especial_0008,0.0524
Industrial_|_Portuario/Especial_Community_03,General Tire_Industrial_Portuario/Especial_0047,Continental_Industrial_Portuario/Especial_0042,0.148
Industrial_|_Portuario/Especial_Community_03,Kumho_Industrial_Portuario/Especial_0050,Continental_Industrial_Portuario/Especial_0042,0.1132
Industrial_|_Portuario/Especial_Community_03,Triangle_Industrial_Portuario/Especial_0079,Continental_Industrial_Portuario/Especial_0042,0.0918
Industrial_|_Portuario/Especial_Community_03,Uniroyal_Industrial_Portuario/Especial_0070,Continental_Industrial_Portuario/Especial_0042,0.0824
Industrial_|_Portuario/Especial_Community_03,Bridgestone_Industrial_Portuario/Especial_0074,Dunlop_Industrial_Portuario/Especial_0030,0.0621
Industrial_|_Portuario/Especial_Community_03,GT Radial_Industrial_Portuario/Especial_0001,Dunlop_Industrial_Portuario/Especial_0030,0.0898
Industrial_|_Portuario/Especial_Community_03,Kumho_Industrial_Portuario/Especial_0010,Dunlop_Industrial_Portuario/Especial_0030,0.0731
Industrial_|_Portuario/Especial_Community_03,Triangle_Industrial_Portuario/Especial_0079,Dunlop_Industrial_Portuario/Especial_0030,0.0764
Industrial_|_Portuario/Especial_Community_03,Vredestein_Industrial_Portuario/Especial_0027,Dunlop_Industrial_Portuario/Especial_0030,0.0538
Industrial_|_Portuario/Especial_Community_03,Westlake_Industrial_Portuario/Especial_0046,Dunlop_Industrial_Portuario/Especial_0030,0.0628
Industrial_|_Portuario/Especial_Community_03,Continental_Industrial_Portuario/Especial_0042,Fulda_Industrial_Portuario/Especial_0055,0.0771
Industrial_|_Portuario/Especial_Community_03,GT Radial_Industrial_Portuario/Especial_0001,Fulda_Industrial_Portuario/Especial_0055,0.0861
Industrial_|_Portuario/Especial_Community_03,General Tire_Industrial_Portuario/Especial_0047,Fulda_Industrial_Portuario/Especial_0055,0.0594
Industrial_|_Portuario/Especial_Community_03,Kumho_Industrial_Portuario/Especial_0065,Fulda_Industrial_Portuario/Especial_0055,0.2674
Industrial_|_Portuario/Especial_Community_03,Vredestein_Industrial_Portuario/Especial_0014,Fulda_Industrial_Portuario/Especial_0055,0.172
Industrial_|_Portuario/Especial_Community_03,Continental_Industrial_Portuario/Especial_0008,GT Radial_Industrial_Portuario/Especial_0001,0.0529
Industrial_|_Portuario/Especial_Community_03,Continental_Industrial_Portuario/Especial_0042,GT Radial_Industrial_Portuario/Especial_0001,0.0929
Industrial_|_Portuario/Especial_Community_03,Kumho_Industrial_Portuario/Especial_0065,GT Radial_Industrial_Portuario/Especial_0001,0.0769
Industrial_|_Portuario/Especial_Community_03,Tracmax_Industrial_Portuario/Especial_0054,GT Radial_Industrial_Portuario/Especial_0001,0.1157
Industrial_|_Portuario/Especial_Community_03,Triangle_Industrial_Portuario/Especial_0079,GT Radial_Industrial_Portuario/Especial_0001,0.0638
Industrial_|_Portuario/Especial_Community_03,Yokohama_Industrial_Portuario/Especial_0000,GT Radial_Industrial_Portuario/Especial_0001,0.1526
Industrial_|_Portuario/Especial_Community_03,Kumho_Industrial_Portuario/Especial_0010,General Tire_Industrial_Portuario/Especial_0047,0.0893
Industrial_|_Portuario/Especial_Community_03,Linglong_Industrial_Portuario/Especial_0045,General Tire_Industrial_Portuario/Especial_0047,0.0719
Industrial_|_Portuario/Especial_Community_03,Mazzini_Industrial_Portuario/Especial_0034,General Tire_Industrial_Portuario/Especial_0047,0.059
Industrial_|_Portuario/Especial_Community_03,Triangle_Industrial_Portuario/Especial_0079,General Tire_Industrial_Portuario/Especial_0047,0.1901
Industrial_|_Portuario/Especial_Community_03,Uniroyal_Industrial_Portuario/Especial_0070,General Tire_Industrial_Portuario/Especial_0047,0.0979
Industrial_|_Portuario/Especial_Community_03,Vredestein_Industrial_Portuario/Especial_0014,General Tire_Industrial_Portuario/Especial_0047,0.0833
Industrial_|_Portuario/Especial_Community_03,Yokohama_Industrial_Portuario/Especial_0066,General Tire_Industrial_Portuario/Especial_0047,0.1539
Industrial_|_Portuario/Especial_Community_03,Bridgestone_Industrial_Portuario/Especial_0074,Hankook_Industrial_Portuario/Especial_0044,0.0513
Industrial_|_Portuario/Especial_Community_03,Dunlop_Industrial_Portuario/Especial_0030,Hankook_Industrial_Portuario/Especial_0044,0.1276
Industrial_|_Portuario/Especial_Community_03,Kumho_Industrial_Portuario/Especial_0010,Hankook_Industrial_Portuario/Especial_0044,0.0957
Industrial_|_Portuario/Especial_Community_03,Tomket_Industrial_Portuario/Especial_0053,Hankook_Industrial_Portuario/Especial_0044,0.1021
Industrial_|_Portuario/Especial_Community_03,Uniroyal_Industrial_Portuario/Especial_0070,Hankook_Industrial_Portuario/Especial_0044,0.0637
Industrial_|_Portuario/Especial_Community_03,Bridgestone_Industrial_Portuario/Especial_0074,Kumho_Industrial_Portuario/Especial_0010,0.1628
Industrial_|_Portuario/Especial_Community_03,Continental_Industrial_Portuario/Especial_0008,Kumho_Industrial_Portuario/Especial_0010,0.0644
Industrial_|_Portuario/Especial_Community_03,General Tire_Industrial_Portuario/Especial_0047,Kumho_Industrial_Portuario/Especial_0010,0.1006
Industrial_|_Portuario/Especial_Community_03,Linglong_Industrial_Portuario/Especial_0045,Kumho_Industrial_Portuario/Especial_0010,0.1707
Industrial_|_Portuario/Especial_Community_03,Tomket_Industrial_Portuario/Especial_0053,Kumho_Industrial_Portuario/Especial_0010,0.0794
Industrial_|_Portuario/Especial_Community_03,Yokohama_Industrial_Portuario/Especial_0066,Kumho_Industrial_Portuario/Especial_0010,0.1111
Industrial_|_Portuario/Especial_Community_03,Bridgestone_Industrial_Portuario/Especial_0074,Kumho_Industrial_Portuario/Especial_0050,0.0765
Industrial_|_Portuario/Especial_Community_03,General Tire_Industrial_Portuario/Especial_0047,Kumho_Industrial_Portuario/Especial_0050,0.0728
Industrial_|_Portuario/Especial_Community_03,Kumho_Industrial_Portuario/Especial_0010,Kumho_Industrial_Portuario/Especial_0050,0.0593
Industrial_|_Portuario/Especial_Community_03,Mazzini_Industrial_Portuario/Especial_0034,Kumho_Industrial_Portuario/Especial_0050,0.0857
Industrial_|_Portuario/Especial_Community_03,Continental_Industrial_Portuario/Especial_0008,Kumho_Industrial_Portuario/Especial_0065,0.1138
Industrial_|_Portuario/Especial_Community_03,Fulda_Industrial_Portuario/Especial_0055,Kumho_Industrial_Portuario/Especial_0065,0.0721
Industrial_|_Portuario/Especial_Community_03,General Tire_Industrial_Portuario/Especial_0047,Kumho_Industrial_Portuario/Especial_0065,0.1067
Industrial_|_Portuario/Especial_Community_03,Mazzini_Industrial_Portuario/Especial_0077,Kumho_Industrial_Portuario/Especial_0065,0.1564
Industrial_|_Portuario/Especial_Community_03,Tomket_Industrial_Portuario/Especial_0053,Kumho_Industrial_Portuario/Especial_0065,0.0742
Industrial_|_Portuario/Especial_Community_03,Vredestein_Industrial_Portuario/Especial_0027,Kumho_Industrial_Portuario/Especial_0065,0.0726
Industrial_|_Portuario/Especial_Community_03,Yokohama_Industrial_Portuario/Especial_0000,Kumho_Industrial_Portuario/Especial_0065,0.0524
Industrial_|_Portuario/Especial_Community_03,General Tire_Industrial_Portuario/Especial_0047,Linglong_Industrial_Portuario/Especial_0045,0.0826
Industrial_|_Portuario/Especial_Community_03,Kumho_Industrial_Portuario/Especial_0010,Linglong_Industrial_Portuario/Especial_0045,0.0734
Industrial_|_Portuario/Especial_Community_03,Mazzini_Industrial_Portuario/Especial_0034,Linglong_Industrial_Portuario/Especial_0045,0.0657
Industrial_|_Portuario/Especial_Community_03,Uniroyal_Industrial_Portuario/Especial_0070,Linglong_Industrial_Portuario/Especial_0045,0.1033
Industrial_|_Portuario/Especial_Community_03,Yokohama_Industrial_Portuario/Especial_0066,Linglong_Industrial_Portuario/Especial_0045,0.0661
Industrial_|_Portuario/Especial_Community_03,General Tire_Industrial_Portuario/Especial_0047,Mazzini_Industrial_Portuario/Especial_0034,0.0569
Industrial_|_Portuario/Especial_Community_03,Kumho_Industrial_Portuario/Especial_0065,Mazzini_Industrial_Portuario/Especial_0034,0.1002
Industrial_|_Portuario/Especial_Community_03,Linglong_Industrial_Portuario/Especial_0045,Mazzini_Industrial_Portuario/Especial_0034,0.2852
Industrial_|_Portuario/Especial_Community_03,Uniroyal_Industrial_Portuario/Especial_0070,Mazzini_Industrial_Portuario/Especial_0034,0.094
Industrial_|_Portuario/Especial_Community_03,Yokohama_Industrial_Portuario/Especial_0066,Mazzini_Industrial_Portuario/Especial_0034,0.1279
Industrial_|_Portuario/Especial_Community_03,Continental_Industrial_Portuario/Especial_0008,Mazzini_Industrial_Portuario/Especial_0077,0.0726
Industrial_|_Portuario/Especial_Community_03,Dunlop_Industrial_Portuario/Especial_0030,Mazzini_Industrial_Portuario/Especial_0077,0.0555
Industrial_|_Portuario/Especial_Community_03,Hankook_Industrial_Portuario/Especial_0044,Mazzini_Industrial_Portuario/Especial_0077,0.0858
Industrial_|_Portuario/Especial_Community_03,Kumho_Industrial_Portuario/Especial_0010,Mazzini_Industrial_Portuario/Especial_0077,0.0667
Industrial_|_Portuario/Especial_Community_03,Uniroyal_Industrial_Portuario/Especial_0070,Mazzini_Industrial_Portuario/Especial_0077,0.1458
Industrial_|_Portuario/Especial_Community_03,Vredestein_Industrial_Portuario/Especial_0014,Mazzini_Industrial_Portuario/Especial_0077,0.201
Industrial_|_Portuario/Especial_Community_03,Bridgestone_Industrial_Portuario/Especial_0074,Tomket_Industrial_Portuario/Especial_0053,0.072
Industrial_|_Portuario/Especial_Community_03,Continental_Industrial_Portuario/Especial_0042,Tomket_Industrial_Portuario/Especial_0053,0.0628
Industrial_|_Portuario/Especial_Community_03,Dunlop_Industrial_Portuario/Especial_0030,Tomket_Industrial_Portuario/Especial_0053,0.054
Industrial_|_Portuario/Especial_Community_03,GT Radial_Industrial_Portuario/Especial_0001,Tomket_Industrial_Portuario/Especial_0053,0.0764
Industrial_|_Portuario/Especial_Community_03,Kumho_Industrial_Portuario/Especial_0010,Tomket_Industrial_Portuario/Especial_0053,0.0949
Industrial_|_Portuario/Especial_Community_03,Westlake_Industrial_Portuario/Especial_0046,Tomket_Industrial_Portuario/Especial_0053,0.0534
Industrial_|_Portuario/Especial_Community_03,GT Radial_Industrial_Portuario/Especial_0001,Tracmax_Industrial_Portuario/Especial_0054,0.2703
Industrial_|_Portuario/Especial_Community_03,General Tire_Industrial_Portuario/Especial_0047,Tracmax_Industrial_Portuario/Especial_0054,0.2359
Industrial_|_Portuario/Especial_Community_03,Kumho_Industrial_Portuario/Especial_0050,Tracmax_Industrial_Portuario/Especial_0054,0.0893
Industrial_|_Portuario/Especial_Community_03,Kumho_Industrial_Portuario/Especial_0065,Tracmax_Industrial_Portuario/Especial_0054,0.0543
Industrial_|_Portuario/Especial_Community_03,Triangle_Industrial_Portuario/Especial_0079,Tracmax_Industrial_Portuario/Especial_0054,0.0692
Industrial_|_Portuario/Especial_Community_03,Bridgestone_Industrial_Portuario/Especial_0074,Triangle_Industrial_Portuario/Especial_0079,0.0596
Industrial_|_Portuario/Especial_Community_03,Continental_Industrial_Portuario/Especial_0042,Triangle_Industrial_Portuario/Especial_0079,0.0601
Industrial_|_Portuario/Especial_Community_03,General Tire_Industrial_Portuario/Especial_0047,Triangle_Industrial_Portuario/Especial_0079,0.1056
Industrial_|_Portuario/Especial_Community_03,Kumho_Industrial_Portuario/Especial_0065,Triangle_Industrial_Portuario/Especial_0079,0.0761
Industrial_|_Portuario/Especial_Community_03,Tomket_Industrial_Portuario/Especial_0053,Triangle_Industrial_Portuario/Especial_0079,0.0581
Industrial_|_Portuario/Especial_Community_03,Vredestein_Industrial_Portuario/Especial_0027,Triangle_Industrial_Portuario/Especial_0079,0.1756
Industrial_|_Portuario/Especial_Community_03,Westlake_Industrial_Portuario/Especial_0046,Triangle_Industrial_Portuario/Especial_0079,0.0611
Industrial_|_Portuario/Especial_Community_03,Bridgestone_Industrial_Portuario/Especial_0074,Uniroyal_Industrial_Portuario/Especial_0070,0.0586
Industrial_|_Portuario/Especial_Community_03,Continental_Industrial_Portuario/Especial_0008,Uniroyal_Industrial_Portuario/Especial_0070,0.1142
Industrial_|_Portuario/Especial_Community_03,Continental_Industrial_Portuario/Especial_0042,Uniroyal_Industrial_Portuario/Especial_0070,0.0647
Industrial_|_Portuario/Especial_Community_03,Kumho_Industrial_Portuario/Especial_0010,Uniroyal_Industrial_Portuario/Especial_0070,0.1094
Industrial_|_Portuario/Especial_Community_03,Tomket_Industrial_Portuario/Especial_0053,Uniroyal_Industrial_Portuario/Especial_0070,0.0604
Industrial_|_Portuario/Especial_Community_03,General Tire_Industrial_Portuario/Especial_0047,Vredestein_Industrial_Portuario/Especial_0014,0.1472
Industrial_|_Portuario/Especial_Community_03,Hankook_Industrial_Portuario/Especial_0044,Vredestein_Industrial_Portuario/Especial_0014,0.0931
Industrial_|_Portuario/Especial_Community_03,Mazzini_Industrial_Portuario/Especial_0034,Vredestein_Industrial_Portuario/Especial_0014,0.0654
Industrial_|_Portuario/Especial_Community_03,Tomket_Industrial_Portuario/Especial_0053,Vredestein_Industrial_Portuario/Especial_0014,0.097
Industrial_|_Portuario/Especial_Community_03,Uniroyal_Industrial_Portuario/Especial_0070,Vredestein_Industrial_Portuario/Especial_0014,0.0521
Industrial_|_Portuario/Especial_Community_03,Westlake_Industrial_Portuario/Especial_0046,Vredestein_Industrial_Portuario/Especial_0014,0.0543
Industrial_|_Portuario/Especial_Community_03,Bridgestone_Industrial_Portuario/Especial_0074,Vredestein_Industrial_Portuario/Especial_0027,0.1215
Industrial_|_Portuario/Especial_Community_03,General Tire_Industrial_Portuario/Especial_0047,Vredestein_Industrial_Portuario/Especial_0027,0.054
Industrial_|_Portuario/Especial_Community_03,Kumho_Industrial_Portuario/Especial_0050,Vredestein_Industrial_Portuario/Especial_0027,0.0673
Industrial_|_Portuario/Especial_Community_03,Kumho_Industrial_Portuario/Especial_0065,Vredestein_Industrial_Portuario/Especial_0027,0.0973
Industrial_|_Portuario/Especial_Community_03,Uniroyal_Industrial_Portuario/Especial_0070,Vredestein_Industrial_Portuario/Especial_0027,0.1022
Industrial_|_Portuario/Especial_Community_03,Vredestein_Industrial_Portuario/Especial_0014,Vredestein_Industrial_Portuario/Especial_0027,0.0871
Industrial_|_Portuario/Especial_Community_03,Yokohama_Industrial_Portuario/Especial_0000,Vredestein_Industrial_Portuario/Especial_0027,0.0503
Industrial_|_Portuario/Especial_Community_03,Continental_Industrial_Portuario/Especial_0008,Westlake_Industrial_Portuario/Especial_0046,0.1338
Industrial_|_Portuario/Especial_Community_03,Fulda_Industrial_Portuario/Especial_0055,Westlake_Industrial_Portuario/Especial_0046,0.0606
Industrial_|_Portuario/Especial_Community_03,General Tire_Industrial_Portuario/Especial_0047,Westlake_Industrial_Portuario/Especial_0046,0.0632
Industrial_|_Portuario/Especial_Community_03,Hankook_Industrial_Portuario/Especial_0044,Westlake_Industrial_Portuario/Especial_0046,0.0996
Industrial_|_Portuario/Especial_Community_03,Kumho_Industrial_Portuario/Especial_0050,Westlake_Industrial_Portuario/Especial_0046,0.0795
Industrial_|_Portuario/Especial_Community_03,Kumho_Industrial_Portuario/Especial_0065,Westlake_Industrial_Portuario/Especial_0046,0.1409
Industrial_|_Portuario/Especial_Community_03,Vredestein_Industrial_Portuario/Especial_0014,Westlake_Industrial_Portuario/Especial_0046,0.058
Industrial_|_Portuario/Especial_Community_03,Fulda_Industrial_Portuario/Especial_0055,Yokohama_Industrial_Portuario/Especial_0000,0.1643
Industrial_|_Portuario/Especial_Community_03,General Tire_Industrial_Portuario/Especial_0047,Yokohama_Industrial_Portuario/Especial_0000,0.0924
Industrial_|_Portuario/Especial_Community_03,Hankook_Industrial_Portuario/Especial_0044,Yokohama_Industrial_Portuario/Especial_0000,0.1298
Industrial_|_Portuario/Especial_Community_03,Tracmax_Industrial_Portuario/Especial_0054,Yokohama_Industrial_Portuario/Especial_0000,0.1304
Industrial_|_Portuario/Especial_Community_03,Yokohama_Industrial_Portuario/Especial_0066,Yokohama_Industrial_Portuario/Especial_0000,0.2296
Industrial_|_Portuario/Especial_Community_03,Fulda_Industrial_Portuario/Especial_0055,Yokohama_Industrial_Portuario/Especial_0066,0.0618
Industrial_|_Portuario/Especial_Community_03,Kumho_Industrial_Portuario/Especial_0010,Yokohama_Industrial_Portuario/Especial_0066,0.1889
Industrial_|_Portuario/Especial_Community_03,Linglong_Industrial_Portuario/Especial_0045,Yokohama_Industrial_Portuario/Especial_0066,0.2826
Industrial_|_Portuario/Especial_Community_03,Tomket_Industrial_Portuario/Especial_0053,Yokohama_Industrial_Portuario/Especial_0066,0.0532
Industrial_|_Portuario/Especial_Community_03,Westlake_Industrial_Portuario/Especial_0046,Yokohama_Industrial_Portuario/Especial_0066,0.1123
SUV_/_4x4_|_Highway_Terrain_(H/T)_Community_01,Continental_SUV / 4x4_Highway Terrain (H/T)_0041,Bridgestone_SUV / 4x4_Highway Terrain (H/T)_0039,0.2633
SUV_/_4x4_|_Highway_Terrain_(H/T)_Community_01,Goodride_SUV / 4x4_Highway Terrain (H/T)_0019,Bridgestone_SUV / 4x4_Highway Terrain (H/T)_0039,0.0578
SUV_/_4x4_|_Highway_Terrain_(H/T)_Community_01,Linglong_SUV / 4x4_Highway Terrain (H/T)_0076,Bridgestone_SUV / 4x4_Highway Terrain (H/T)_0039,0.1252
SUV_/_4x4_|_Highway_Terrain_(H/T)_Community_01,Michelin_SUV / 4x4_Highway Terrain (H/T)_0049,Bridgestone_SUV / 4x4_Highway Terrain (H/T)_0039,0.3274
SUV_/_4x4_|_Highway_Terrain_(H/T)_Community_01,Pirelli_SUV / 4x4_Highway Terrain (H/T)_0075,Bridgestone_SUV / 4x4_Highway Terrain (H/T)_0039,0.182
SUV_/_4x4_|_Highway_Terrain_(H/T)_Community_01,Tracmax_SUV / 4x4_Highway Terrain (H/T)_0012,Bridgestone_SUV / 4x4_Highway Terrain (H/T)_0039,0.4759
SUV_/_4x4_|_Highway_Terrain_(H/T)_Community_01,Vredestein_SUV / 4x4_Highway Terrain (H/T)_0033,Bridgestone_SUV / 4x4_Highway Terrain (H/T)_0039,0.3548
SUV_/_4x4_|_Highway_Terrain_(H/T)_Community_01,Wanli_SUV / 4x4_Highway Terrain (H/T)_0034,Bridgestone_SUV / 4x4_Highway Terrain (H/T)_0039,0.5072
SUV_/_4x4_|_Highway_Terrain_(H/T)_Community_01,Goodride_SUV / 4x4_Highway Terrain (H/T)_0020,Continental_SUV / 4x4_Highway Terrain (H/T)_0014,0.4675
SUV_/_4x4_|_Highway_Terrain_(H/T)_Community_01,Hifly_SUV / 4x4_Highway Terrain (H/T)_0059,Continental_SUV / 4x4_Highway Terrain (H/T)_0014,0.2329
SUV_/_4x4_|_Highway_Terrain_(H/T)_Community_01,Michelin_SUV / 4x4_Highway Terrain (H/T)_0049,Continental_SUV / 4x4_Highway Terrain (H/T)_0014,0.1225
SUV_/_4x4_|_Highway_Terrain_(H/T)_Community_01,Michelin_SUV / 4x4_Highway Terrain (H/T)_0053,Continental_SUV / 4x4_Highway Terrain (H/T)_0014,0.7742
SUV_/_4x4_|_Highway_Terrain_(H/T)_Community_01,Pirelli_SUV / 4x4_Highway Terrain (H/T)_0037,Continental_SUV / 4x4_Highway Terrain (H/T)_0014,0.3605
SUV_/_4x4_|_Highway_Terrain_(H/T)_Community_01,Vredestein_SUV / 4x4_Highway Terrain (H/T)_0033,Continental_SUV / 4x4_Highway Terrain (H/T)_0014,0.2296
SUV_/_4x4_|_Highway_Terrain_(H/T)_Community_01,Wanli_SUV / 4x4_Highway Terrain (H/T)_0057,Continental_SUV / 4x4_Highway Terrain (H/T)_0014,0.1694
SUV_/_4x4_|_Highway_Terrain_(H/T)_Community_01,Cooper Tires_SUV / 4x4_Highway Terrain (H/T)_0060,Continental_SUV / 4x4_Highway Terrain (H/T)_0021,0.3808
SUV_/_4x4_|_Highway_Terrain_(H/T)_Community_01,General Tire_SUV / 4x4_Highway Terrain (H/T)_0078,Continental_SUV / 4x4_Highway Terrain (H/T)_0021,0.4215
SUV_/_4x4_|_Highway_Terrain_(H/T)_Community_01,Kumho_SUV / 4x4_Highway Terrain (H/T)_0009,Continental_SUV / 4x4_Highway Terrain (H/T)_0021,0.3059
SUV_/_4x4_|_Highway_Terrain_(H/T)_Community_01,Michelin_SUV / 4x4_Highway Terrain (H/T)_0049,Continental_SUV / 4x4_Highway Terrain (H/T)_0021,0.3593
SUV_/_4x4_|_Highway_Terrain_(H/T)_Community_01,Pirelli_SUV / 4x4_Highway Terrain (H/T)_0066,Continental_SUV / 4x4_Highway Terrain (H/T)_0021,0.5163
SUV_/_4x4_|_Highway_Terrain_(H/T)_Community_01,Pirelli_SUV / 4x4_Highway Terrain (H/T)_0075,Continental_SUV / 4x4_Highway Terrain (H/T)_0021,0.1742
SUV_/_4x4_|_Highway_Terrain_(H/T)_Community_01,Wanli_SUV / 4x4_Highway Terrain (H/T)_0034,Continental_SUV / 4x4_Highway Terrain (H/T)_0021,0.1713
SUV_/_4x4_|_Highway_Terrain_(H/T)_Community_01,Yokohama_SUV / 4x4_Highway Terrain (H/T)_0023,Continental_SUV / 4x4_Highway Terrain (H/T)_0021,0.068
SUV_/_4x4_|_Highway_Terrain_(H/T)_Community_01,Continental_SUV / 4x4_Highway Terrain (H/T)_0014,Continental_SUV / 4x4_Highway Terrain (H/T)_0041,0.1884
SUV_/_4x4_|_Highway_Terrain_(H/T)_Community_01,Cooper Tires_SUV / 4x4_Highway Terrain (H/T)_0060,Continental_SUV / 4x4_Highway Terrain (H/T)_0041,0.417
SUV_/_4x4_|_Highway_Terrain_(H/T)_Community_01,GT Radial_SUV / 4x4_Highway Terrain (H/T)_0027,Continental_SUV / 4x4_Highway Terrain (H/T)_0041,0.6309
SUV_/_4x4_|_Highway_Terrain_(H/T)_Community_01,Goodyear_SUV / 4x4_Highway Terrain (H/T)_0073,Continental_SUV / 4x4_Highway Terrain (H/T)_0041,0.2478
SUV_/_4x4_|_Highway_Terrain_(H/T)_Community_01,Minerva_SUV / 4x4_Highway Terrain (H/T)_0036,Continental_SUV / 4x4_Highway Terrain (H/T)_0041,0.3041
SUV_/_4x4_|_Highway_Terrain_(H/T)_Community_01,Vredestein_SUV / 4x4_Highway Terrain (H/T)_0033,Continental_SUV / 4x4_Highway Terrain (H/T)_0041,0.6002
SUV_/_4x4_|_Highway_Terrain_(H/T)_Community_01,Wanli_SUV / 4x4_Highway Terrain (H/T)_0034,Continental_SUV / 4x4_Highway Terrain (H/T)_0041,0.0697
SUV_/_4x4_|_Highway_Terrain_(H/T)_Community_01,Continental_SUV / 4x4_Highway Terrain (H/T)_0021,Cooper Tires_SUV / 4x4_Highway Terrain (H/T)_0060,0.0565
SUV_/_4x4_|_Highway_Terrain_(H/T)_Community_01,Goodride_SUV / 4x4_Highway Terrain (H/T)_0020,Cooper Tires_SUV / 4x4_Highway Terrain (H/T)_0060,0.1998
SUV_/_4x4_|_Highway_Terrain_(H/T)_Community_01,Hifly_SUV / 4x4_Highway Terrain (H/T)_0059,Cooper Tires_SUV / 4x4_Highway Terrain (H/T)_0060,0.3599
SUV_/_4x4_|_Highway_Terrain_(H/T)_Community_01,Kumho_SUV / 4x4_Highway Terrain (H/T)_0009,Cooper Tires_SUV / 4x4_Highway Terrain (H/T)_0060,0.2941
SUV_/_4x4_|_Highway_Terrain_(H/T)_Community_01,Pirelli_SUV / 4x4_Highway Terrain (H/T)_0061,Cooper Tires_SUV / 4x4_Highway Terrain (H/T)_0060,0.058
SUV_/_4x4_|_Highway_Terrain_(H/T)_Community_01,Toyo Tires_SUV / 4x4_Highway Terrain (H/T)_0022,Cooper Tires_SUV / 4x4_Highway Terrain (H/T)_0060,0.2624
SUV_/_4x4_|_Highway_Terrain_(H/T)_Community_01,Wanli_SUV / 4x4_Highway Terrain (H/T)_0044,Cooper Tires_SUV / 4x4_Highway Terrain (H/T)_0060,0.3674
SUV_/_4x4_|_Highway_Terrain_(H/T)_Community_01,Wanli_SUV / 4x4_Highway Terrain (H/T)_0057,Cooper Tires_SUV / 4x4_Highway Terrain (H/T)_0060,0.5205
SUV_/_4x4_|_Highway_Terrain_(H/T)_Community_01,Yokohama_SUV / 4x4_Highway Terrain (H/T)_0023,Cooper Tires_SUV / 4x4_Highway Terrain (H/T)_0060,0.2258
SUV_/_4x4_|_Highway_Terrain_(H/T)_Community_01,Continental_SUV / 4x4_Highway Terrain (H/T)_0014,Cooper Tires_SUV / 4x4_Highway Terrain (H/T)_0068,0.0752
SUV_/_4x4_|_Highway_Terrain_(H/T)_Community_01,GT Radial_SUV / 4x4_Highway Terrain (H/T)_0027,Cooper Tires_SUV / 4x4_Highway Terrain (H/T)_0068,0.8554
SUV_/_4x4_|_Highway_Terrain_(H/T)_Community_01,Mazzini_SUV / 4x4_Highway Terrain (H/T)_0003,Cooper Tires_SUV / 4x4_Highway Terrain (H/T)_0068,0.3814
SUV_/_4x4_|_Highway_Terrain_(H/T)_Community_01,Minerva_SUV / 4x4_Highway Terrain (H/T)_0036,Cooper Tires_SUV / 4x4_Highway Terrain (H/T)_0068,0.3805
SUV_/_4x4_|_Highway_Terrain_(H/T)_Community_01,Nexen_SUV / 4x4_Highway Terrain (H/T)_0011,Cooper Tires_SUV / 4x4_Highway Terrain (H/T)_0068,0.1648
SUV_/_4x4_|_Highway_Terrain_(H/T)_Community_01,Toyo Tires_SUV / 4x4_Highway Terrain (H/T)_0022,Cooper Tires_SUV / 4x4_Highway Terrain (H/T)_0068,0.1931
SUV_/_4x4_|_Highway_Terrain_(H/T)_Community_01,Uniroyal_SUV / 4x4_Highway Terrain (H/T)_0000,Cooper Tires_SUV / 4x4_Highway Terrain (H/T)_0068,0.0851
SUV_/_4x4_|_Highway_Terrain_(H/T)_Community_01,Vredestein_SUV / 4x4_Highway Terrain (H/T)_0033,Cooper Tires_SUV / 4x4_Highway Terrain (H/T)_0068,0.1114
SUV_/_4x4_|_Highway_Terrain_(H/T)_Community_01,Continental_SUV / 4x4_Highway Terrain (H/T)_0014,Fulda_SUV / 4x4_Highway Terrain (H/T)_0062,0.8659
SUV_/_4x4_|_Highway_Terrain_(H/T)_Community_01,Continental_SUV / 4x4_Highway Terrain (H/T)_0021,Fulda_SUV / 4x4_Highway Terrain (H/T)_0062,0.196
SUV_/_4x4_|_Highway_Terrain_(H/T)_Community_01,Nexen_SUV / 4x4_Highway Terrain (H/T)_0011,Fulda_SUV / 4x4_Highway Terrain (H/T)_0062,0.0855
SUV_/_4x4_|_Highway_Terrain_(H/T)_Community_01,Pirelli_SUV / 4x4_Highway Terrain (H/T)_0037,Fulda_SUV / 4x4_Highway Terrain (H/T)_0062,0.248
SUV_/_4x4_|_Highway_Terrain_(H/T)_Community_01,Pirelli_SUV / 4x4_Highway Terrain (H/T)_0061,Fulda_SUV / 4x4_Highway Terrain (H/T)_0062,0.4326
SUV_/_4x4_|_Highway_Terrain_(H/T)_Community_01,Pirelli_SUV / 4x4_Highway Terrain (H/T)_0075,Fulda_SUV / 4x4_Highway Terrain (H/T)_0062,0.4278
SUV_/_4x4_|_Highway_Terrain_(H/T)_Community_01,Bridgestone_SUV / 4x4_Highway Terrain (H/T)_0039,GT Radial_SUV / 4x4_Highway Terrain (H/T)_0027,0.257
SUV_/_4x4_|_Highway_Terrain_(H/T)_Community_01,Cooper Tires_SUV / 4x4_Highway Terrain (H/T)_0060,GT Radial_SUV / 4x4_Highway Terrain (H/T)_0027,0.4855
SUV_/_4x4_|_Highway_Terrain_(H/T)_Community_01,Goodyear_SUV / 4x4_Highway Terrain (H/T)_0040,GT Radial_SUV / 4x4_Highway Terrain (H/T)_0027,0.3458
SUV_/_4x4_|_Highway_Terrain_(H/T)_Community_01,Hifly_SUV / 4x4_Highway Terrain (H/T)_0059,GT Radial_SUV / 4x4_Highway Terrain (H/T)_0027,0.3947
SUV_/_4x4_|_Highway_Terrain_(H/T)_Community_01,Nexen_SUV / 4x4_Highway Terrain (H/T)_0011,GT Radial_SUV / 4x4_Highway Terrain (H/T)_0027,0.1846
SUV_/_4x4_|_Highway_Terrain_(H/T)_Community_01,Tracmax_SUV / 4x4_Highway Terrain (H/T)_0012,GT Radial_SUV / 4x4_Highway Terrain (H/T)_0027,0.2158
SUV_/_4x4_|_Highway_Terrain_(H/T)_Community_01,Wanli_SUV / 4x4_Highway Terrain (H/T)_0010,GT Radial_SUV / 4x4_Highway Terrain (H/T)_0027,0.5377
SUV_/_4x4_|_Highway_Terrain_(H/T)_Community_01,Goodyear_SUV / 4x4_Highway Terrain (H/T)_0040,General Tire_SUV / 4x4_Highway Terrain (H/T)_0078,0.5706
SUV_/_4x4_|_Highway_Terrain_(H/T)_Community_01,Minerva_SUV / 4x4_Highway Terrain (H/T)_0036,General Tire_SUV / 4x4_Highway Terrain (H/T)_0078,0.188
SUV_/_4x4_|_Highway_Terrain_(H/T)_Community_01,Nexen_SUV / 4x4_Highway Terrain (H/T)_0011,General Tire_SUV / 4x4_Highway Terrain (H/T)_0078,0.529
SUV_/_4x4_|_Highway_Terrain_(H/T)_Community_01,Toyo Tires_SUV / 4x4_Highway Terrain (H/T)_0063,General Tire_SUV / 4x4_Highway Terrain (H/T)_0078,0.0678
SUV_/_4x4_|_Highway_Terrain_(H/T)_Community_01,Tracmax_SUV / 4x4_Highway Terrain (H/T)_0012,General Tire_SUV / 4x4_Highway Terrain (H/T)_0078,0.7822
SUV_/_4x4_|_Highway_Terrain_(H/T)_Community_01,Wanli_SUV / 4x4_Highway Terrain (H/T)_0044,General Tire_SUV / 4x4_Highway Terrain (H/T)_0078,0.1142
SUV_/_4x4_|_Highway_Terrain_(H/T)_Community_01,Wanli_SUV / 4x4_Highway Terrain (H/T)_0057,General Tire_SUV / 4x4_Highway Terrain (H/T)_0078,0.0822
SUV_/_4x4_|_Highway_Terrain_(H/T)_Community_01,Continental_SUV / 4x4_Highway Terrain (H/T)_0041,Goodride_SUV / 4x4_Highway Terrain (H/T)_0019,0.153
SUV_/_4x4_|_Highway_Terrain_(H/T)_Community_01,GT Radial_SUV / 4x4_Highway Terrain (H/T)_0027,Goodride_SUV / 4x4_Highway Terrain (H/T)_0019,0.3813
SUV_/_4x4_|_Highway_Terrain_(H/T)_Community_01,Nexen_SUV / 4x4_Highway Terrain (H/T)_0011,Goodride_SUV / 4x4_Highway Terrain (H/T)_0019,0.8766
SUV_/_4x4_|_Highway_Terrain_(H/T)_Community_01,Tracmax_SUV / 4x4_Highway Terrain (H/T)_0012,Goodride_SUV / 4x4_Highway Terrain (H/T)_0019,0.3329
SUV_/_4x4_|_Highway_Terrain_(H/T)_Community_01,Uniroyal_SUV / 4x4_Highway Terrain (H/T)_0000,Goodride_SUV / 4x4_Highway Terrain (H/T)_0019,0.6172
SUV_/_4x4_|_Highway_Terrain_(H/T)_Community_01,Continental_SUV / 4x4_Highway Terrain (H/T)_0014,Goodride_SUV / 4x4_Highway Terrain (H/T)_0020,0.2123
SUV_/_4x4_|_Highway_Terrain_(H/T)_Community_01,Fulda_SUV / 4x4_Highway Terrain (H/T)_0062,Goodride_SUV / 4x4_Highway Terrain (H/T)_0020,0.5189
SUV_/_4x4_|_Highway_Terrain_(H/T)_Community_01,Goodride_SUV / 4x4_Highway Terrain (H/T)_0019,Goodride_SUV / 4x4_Highway Terrain (H/T)_0020,0.1652
SUV_/_4x4_|_Highway_Terrain_(H/T)_Community_01,Pirelli_SUV / 4x4_Highway Terrain (H/T)_0061,Goodride_SUV / 4x4_Highway Terrain (H/T)_0020,0.1908
SUV_/_4x4_|_Highway_Terrain_(H/T)_Community_01,Toyo Tires_SUV / 4x4_Highway Terrain (H/T)_0022,Goodride_SUV / 4x4_Highway Terrain (H/T)_0020,0.5119
SUV_/_4x4_|_Highway_Terrain_(H/T)_Community_01,Wanli_SUV / 4x4_Highway Terrain (H/T)_0010,Goodride_SUV / 4x4_Highway Terrain (H/T)_0020,0.6511
SUV_/_4x4_|_Highway_Terrain_(H/T)_Community_01,Wanli_SUV / 4x4_Highway Terrain (H/T)_0034,Goodride_SUV / 4x4_Highway Terrain (H/T)_0020,0.1939
SUV_/_4x4_|_Highway_Terrain_(H/T)_Community_01,Kumho_SUV / 4x4_Highway Terrain (H/T)_0009,Goodyear_SUV / 4x4_Highway Terrain (H/T)_0040,0.0929
SUV_/_4x4_|_Highway_Terrain_(H/T)_Community_01,Nexen_SUV / 4x4_Highway Terrain (H/T)_0011,Goodyear_SUV / 4x4_Highway Terrain (H/T)_0040,0.2579
SUV_/_4x4_|_Highway_Terrain_(H/T)_Community_01,Vredestein_SUV / 4x4_Highway Terrain (H/T)_0033,Goodyear_SUV / 4x4_Highway Terrain (H/T)_0040,0.3726
SUV_/_4x4_|_Highway_Terrain_(H/T)_Community_01,Wanli_SUV / 4x4_Highway Terrain (H/T)_0044,Goodyear_SUV / 4x4_Highway Terrain (H/T)_0040,1.1426
SUV_/_4x4_|_Highway_Terrain_(H/T)_Community_01,Wanli_SUV / 4x4_Highway Terrain (H/T)_0057,Goodyear_SUV / 4x4_Highway Terrain (H/T)_0040,0.332
SUV_/_4x4_|_Highway_Terrain_(H/T)_Community_01,Yokohama_SUV / 4x4_Highway Terrain (H/T)_0023,Goodyear_SUV / 4x4_Highway Terrain (H/T)_0040,0.2667
SUV_/_4x4_|_Highway_Terrain_(H/T)_Community_01,Continental_SUV / 4x4_Highway Terrain (H/T)_0014,Goodyear_SUV / 4x4_Highway Terrain (H/T)_0072,0.2815
SUV_/_4x4_|_Highway_Terrain_(H/T)_Community_01,Goodride_SUV / 4x4_Highway Terrain (H/T)_0019,Goodyear_SUV / 4x4_Highway Terrain (H/T)_0072,0.4714
SUV_/_4x4_|_Highway_Terrain_(H/T)_Community_01,Hifly_SUV / 4x4_Highway Terrain (H/T)_0059,Goodyear_SUV / 4x4_Highway Terrain (H/T)_0072,0.2862
SUV_/_4x4_|_Highway_Terrain_(H/T)_Community_01,Kumho_SUV / 4x4_Highway Terrain (H/T)_0009,Goodyear_SUV / 4x4_Highway Terrain (H/T)_0072,0.2954
SUV_/_4x4_|_Highway_Terrain_(H/T)_Community_01,Pirelli_SUV / 4x4_Highway Terrain (H/T)_0075,Goodyear_SUV / 4x4_Highway Terrain (H/T)_0072,0.8446
SUV_/_4x4_|_Highway_Terrain_(H/T)_Community_01,Toyo Tires_SUV / 4x4_Highway Terrain (H/T)_0022,Goodyear_SUV / 4x4_Highway Terrain (H/T)_0072,0.0629
SUV_/_4x4_|_Highway_Terrain_(H/T)_Community_01,Tracmax_SUV / 4x4_Highway Terrain (H/T)_0012,Goodyear_SUV / 4x4_Highway Terrain (H/T)_0072,0.2025
SUV_/_4x4_|_Highway_Terrain_(H/T)_Community_01,Fulda_SUV / 4x4_Highway Terrain (H/T)_0062,Goodyear_SUV / 4x4_Highway Terrain (H/T)_0073,0.1765
SUV_/_4x4_|_Highway_Terrain_(H/T)_Community_01,Goodride_SUV / 4x4_Highway Terrain (H/T)_0020,Goodyear_SUV / 4x4_Highway Terrain (H/T)_0073,0.5175
SUV_/_4x4_|_Highway_Terrain_(H/T)_Community_01,Michelin_SUV / 4x4_Highway Terrain (H/T)_0049,Goodyear_SUV / 4x4_Highway Terrain (H/T)_0073,0.5099
SUV_/_4x4_|_Highway_Terrain_(H/T)_Community_01,Nexen_SUV / 4x4_Highway Terrain (H/T)_0011,Goodyear_SUV / 4x4_Highway Terrain (H/T)_0073,0.1149
SUV_/_4x4_|_Highway_Terrain_(H/T)_Community_01,Pirelli_SUV / 4x4_Highway Terrain (H/T)_0037,Goodyear_SUV / 4x4_Highway Terrain (H/T)_0073,0.3318
SUV_/_4x4_|_Highway_Terrain_(H/T)_Community_01,Tracmax_SUV / 4x4_Highway Terrain (H/T)_0012,Goodyear_SUV / 4x4_Highway Terrain (H/T)_0073,0.1414
SUV_/_4x4_|_Highway_Terrain_(H/T)_Community_01,Wanli_SUV / 4x4_Highway Terrain (H/T)_0034,Goodyear_SUV / 4x4_Highway Terrain (H/T)_0073,0.4556
SUV_/_4x4_|_Highway_Terrain_(H/T)_Community_01,Goodride_SUV / 4x4_Highway Terrain (H/T)_0020,Hifly_SUV / 4x4_Highway Terrain (H/T)_0059,0.5213
SUV_/_4x4_|_Highway_Terrain_(H/T)_Community_01,Mazzini_SUV / 4x4_Highway Terrain (H/T)_0003,Hifly_SUV / 4x4_Highway Terrain (H/T)_0059,0.6705
SUV_/_4x4_|_Highway_Terrain_(H/T)_Community_01,Pirelli_SUV / 4x4_Highway Terrain (H/T)_0075,Hifly_SUV / 4x4_Highway Terrain (H/T)_0059,0.1168
SUV_/_4x4_|_Highway_Terrain_(H/T)_Community_01,Toyo Tires_SUV / 4x4_Highway Terrain (H/T)_0063,Hifly_SUV / 4x4_Highway Terrain (H/T)_0059,0.2614
SUV_/_4x4_|_Highway_Terrain_(H/T)_Community_01,Tracmax_SUV / 4x4_Highway Terrain (H/T)_0012,Hifly_SUV / 4x4_Highway Terrain (H/T)_0059,0.5088
SUV_/_4x4_|_Highway_Terrain_(H/T)_Community_01,Yokohama_SUV / 4x4_Highway Terrain (H/T)_0023,Hifly_SUV / 4x4_Highway Terrain (H/T)_0059,0.3936
SUV_/_4x4_|_Highway_Terrain_(H/T)_Community_01,Bridgestone_SUV / 4x4_Highway Terrain (H/T)_0039,Kumho_SUV / 4x4_Highway Terrain (H/T)_0009,0.1206
SUV_/_4x4_|_Highway_Terrain_(H/T)_Community_01,Continental_SUV / 4x4_Highway Terrain (H/T)_0021,Kumho_SUV / 4x4_Highway Terrain (H/T)_0009,0.5392
SUV_/_4x4_|_Highway_Terrain_(H/T)_Community_01,Linglong_SUV / 4x4_Highway Terrain (H/T)_0076,Kumho_SUV / 4x4_Highway Terrain (H/T)_0009,0.1805
SUV_/_4x4_|_Highway_Terrain_(H/T)_Community_01,Michelin_SUV / 4x4_Highway Terrain (H/T)_0053,Kumho_SUV / 4x4_Highway Terrain (H/T)_0009,0.576
SUV_/_4x4_|_Highway_Terrain_(H/T)_Community_01,Uniroyal_SUV / 4x4_Highway Terrain (H/T)_0000,Kumho_SUV / 4x4_Highway Terrain (H/T)_0009,0.173
SUV_/_4x4_|_Highway_Terrain_(H/T)_Community_01,Wanli_SUV / 4x4_Highway Terrain (H/T)_0034,Kumho_SUV / 4x4_Highway Terrain (H/T)_0009,0.8402
SUV_/_4x4_|_Highway_Terrain_(H/T)_Community_01,General Tire_SUV / 4x4_Highway Terrain (H/T)_0078,Linglong_SUV / 4x4_Highway Terrain (H/T)_0076,0.4508
SUV_/_4x4_|_Highway_Terrain_(H/T)_Community_01,Goodyear_SUV / 4x4_Highway Terrain (H/T)_0073,Linglong_SUV / 4x4_Highway Terrain (H/T)_0076,0.2911
SUV_/_4x4_|_Highway_Terrain_(H/T)_Community_01,Mazzini_SUV / 4x4_Highway Terrain (H/T)_0003,Linglong_SUV / 4x4_Highway Terrain (H/T)_0076,0.6975
SUV_/_4x4_|_Highway_Terrain_(H/T)_Community_01,Pirelli_SUV / 4x4_Highway Terrain (H/T)_0075,Linglong_SUV / 4x4_Highway Terrain (H/T)_0076,0.162
SUV_/_4x4_|_Highway_Terrain_(H/T)_Community_01,Uniroyal_SUV / 4x4_Highway Terrain (H/T)_0000,Linglong_SUV / 4x4_Highway Terrain (H/T)_0076,0.1614
SUV_/_4x4_|_Highway_Terrain_(H/T)_Community_01,Vredestein_SUV / 4x4_Highway Terrain (H/T)_0033,Linglong_SUV / 4x4_Highway Terrain (H/T)_0076,0.211
SUV_/_4x4_|_Highway_Terrain_(H/T)_Community_01,Wanli_SUV / 4x4_Highway Terrain (H/T)_0057,Linglong_SUV / 4x4_Highway Terrain (H/T)_0076,0.2821
SUV_/_4x4_|_Highway_Terrain_(H/T)_Community_01,Continental_SUV / 4x4_Highway Terrain (H/T)_0041,Mazzini_SUV / 4x4_Highway Terrain (H/T)_0003,0.133
SUV_/_4x4_|_Highway_Terrain_(H/T)_Community_01,Cooper Tires_SUV / 4x4_Highway Terrain (H/T)_0068,Mazzini_SUV / 4x4_Highway Terrain (H/T)_0003,0.2284
SUV_/_4x4_|_Highway_Terrain_(H/T)_Community_01,Fulda_SUV / 4x4_Highway Terrain (H/T)_0062,Mazzini_SUV / 4x4_Highway Terrain (H/T)_0003,0.2014
SUV_/_4x4_|_Highway_Terrain_(H/T)_Community_01,GT Radial_SUV / 4x4_Highway Terrain (H/T)_0027,Mazzini_SUV / 4x4_Highway Terrain (H/T)_0003,0.4857
SUV_/_4x4_|_Highway_Terrain_(H/T)_Community_01,Goodyear_SUV / 4x4_Highway Terrain (H/T)_0072,Mazzini_SUV / 4x4_Highway Terrain (H/T)_0003,0.1179
SUV_/_4x4_|_Highway_Terrain_(H/T)_Community_01,Kumho_SUV / 4x4_Highway Terrain (H/T)_0009,Mazzini_SUV / 4x4_Highway Terrain (H/T)_0003,0.1759
SUV_/_4x4_|_Highway_Terrain_(H/T)_Community_01,Linglong_SUV / 4x4_Highway Terrain (H/T)_0076,Mazzini_SUV / 4x4_Highway Terrain (H/T)_0003,0.1967
SUV_/_4x4_|_Highway_Terrain_(H/T)_Community_01,Nexen_SUV / 4x4_Highway Terrain (H/T)_0011,Mazzini_SUV / 4x4_Highway Terrain (H/T)_0003,0.1494
SUV_/_4x4_|_Highway_Terrain_(H/T)_Community_01,Pirelli_SUV / 4x4_Highway Terrain (H/T)_0061,Mazzini_SUV / 4x4_Highway Terrain (H/T)_0003,0.2913
SUV_/_4x4_|_Highway_Terrain_(H/T)_Community_01,Pirelli_SUV / 4x4_Highway Terrain (H/T)_0075,Mazzini_SUV / 4x4_Highway Terrain (H/T)_0003,0.1907
SUV_/_4x4_|_Highway_Terrain_(H/T)_Community_01,Yokohama_SUV / 4x4_Highway Terrain (H/T)_0023,Mazzini_SUV / 4x4_Highway Terrain (H/T)_0003,0.1384
SUV_/_4x4_|_Highway_Terrain_(H/T)_Community_01,Goodride_SUV / 4x4_Highway Terrain (H/T)_0020,Michelin_SUV / 4x4_Highway Terrain (H/T)_0049,0.8419
SUV_/_4x4_|_Highway_Terrain_(H/T)_Community_01,Goodyear_SUV / 4x4_Highway Terrain (H/T)_0073,Michelin_SUV / 4x4_Highway Terrain (H/T)_0049,0.1717
SUV_/_4x4_|_Highway_Terrain_(H/T)_Community_01,Pirelli_SUV / 4x4_Highway Terrain (H/T)_0061,Michelin_SUV / 4x4_Highway Terrain (H/T)_0049,0.2913
SUV_/_4x4_|_Highway_Terrain_(H/T)_Community_01,Uniroyal_SUV / 4x4_Highway Terrain (H/T)_0000,Michelin_SUV / 4x4_Highway Terrain (H/T)_0049,0.1956
SUV_/_4x4_|_Highway_Terrain_(H/T)_Community_01,Wanli_SUV / 4x4_Highway Terrain (H/T)_0057,Michelin_SUV / 4x4_Highway Terrain (H/T)_0049,0.4901
SUV_/_4x4_|_Highway_Terrain_(H/T)_Community_01,Yokohama_SUV / 4x4_Highway Terrain (H/T)_0023,Michelin_SUV / 4x4_Highway Terrain (H/T)_0049,0.4016
SUV_/_4x4_|_Highway_Terrain_(H/T)_Community_01,Cooper Tires_SUV / 4x4_Highway Terrain (H/T)_0068,Michelin_SUV / 4x4_Highway Terrain (H/T)_0053,0.8189
SUV_/_4x4_|_Highway_Terrain_(H/T)_Community_01,General Tire_SUV / 4x4_Highway Terrain (H/T)_0078,Michelin_SUV / 4x4_Highway Terrain (H/T)_0053,0.1005
SUV_/_4x4_|_Highway_Terrain_(H/T)_Community_01,Kumho_SUV / 4x4_Highway Terrain (H/T)_0009,Michelin_SUV / 4x4_Highway Terrain (H/T)_0053,0.0758
SUV_/_4x4_|_Highway_Terrain_(H/T)_Community_01,Pirelli_SUV / 4x4_Highway Terrain (H/T)_0037,Michelin_SUV / 4x4_Highway Terrain (H/T)_0053,0.0732
SUV_/_4x4_|_Highway_Terrain_(H/T)_Community_01,Toyo Tires_SUV / 4x4_Highway Terrain (H/T)_0022,Michelin_SUV / 4x4_Highway Terrain (H/T)_0053,0.2503
SUV_/_4x4_|_Highway_Terrain_(H/T)_Community_01,Wanli_SUV / 4x4_Highway Terrain (H/T)_0034,Michelin_SUV / 4x4_Highway Terrain (H/T)_0053,1.0831
SUV_/_4x4_|_Highway_Terrain_(H/T)_Community_01,Continental_SUV / 4x4_Highway Terrain (H/T)_0014,Michelin_SUV / 4x4_Highway Terrain (H/T)_0079,0.2657
SUV_/_4x4_|_Highway_Terrain_(H/T)_Community_01,Cooper Tires_SUV / 4x4_Highway Terrain (H/T)_0068,Michelin_SUV / 4x4_Highway Terrain (H/T)_0079,0.1735
SUV_/_4x4_|_Highway_Terrain_(H/T)_Community_01,GT Radial_SUV / 4x4_Highway Terrain (H/T)_0027,Michelin_SUV / 4x4_Highway Terrain (H/T)_0079,0.3773
SUV_/_4x4_|_Highway_Terrain_(H/T)_Community_01,Goodride_SUV / 4x4_Highway Terrain (H/T)_0019,Michelin_SUV / 4x4_Highway Terrain (H/T)_0079,0.1109
SUV_/_4x4_|_Highway_Terrain_(H/T)_Community_01,Pirelli_SUV / 4x4_Highway Terrain (H/T)_0037,Michelin_SUV / 4x4_Highway Terrain (H/T)_0079,0.0897
SUV_/_4x4_|_Highway_Terrain_(H/T)_Community_01,Toyo Tires_SUV / 4x4_Highway Terrain (H/T)_0022,Michelin_SUV / 4x4_Highway Terrain (H/T)_0079,0.9542
SUV_/_4x4_|_Highway_Terrain_(H/T)_Community_01,Wanli_SUV / 4x4_Highway Terrain (H/T)_0010,Michelin_SUV / 4x4_Highway Terrain (H/T)_0079,0.1069
SUV_/_4x4_|_Highway_Terrain_(H/T)_Community_01,Yokohama_SUV / 4x4_Highway Terrain (H/T)_0023,Michelin_SUV / 4x4_Highway Terrain (H/T)_0079,0.2544
SUV_/_4x4_|_Highway_Terrain_(H/T)_Community_01,Cooper Tires_SUV / 4x4_Highway Terrain (H/T)_0060,Minerva_SUV / 4x4_Highway Terrain (H/T)_0036,0.3375
SUV_/_4x4_|_Highway_Terrain_(H/T)_Community_01,Goodride_SUV / 4x4_Highway Terrain (H/T)_0020,Minerva_SUV / 4x4_Highway Terrain (H/T)_0036,0.5339
SUV_/_4x4_|_Highway_Terrain_(H/T)_Community_01,Goodyear_SUV / 4x4_Highway Terrain (H/T)_0072,Minerva_SUV / 4x4_Highway Terrain (H/T)_0036,0.0852
SUV_/_4x4_|_Highway_Terrain_(H/T)_Community_01,Michelin_SUV / 4x4_Highway Terrain (H/T)_0053,Minerva_SUV / 4x4_Highway Terrain (H/T)_0036,0.0719
SUV_/_4x4_|_Highway_Terrain_(H/T)_Community_01,Nexen_SUV / 4x4_Highway Terrain (H/T)_0011,Minerva_SUV / 4x4_Highway Terrain (H/T)_0036,0.574
SUV_/_4x4_|_Highway_Terrain_(H/T)_Community_01,Pirelli_SUV / 4x4_Highway Terrain (H/T)_0075,Minerva_SUV / 4x4_Highway Terrain (H/T)_0036,0.1667
SUV_/_4x4_|_Highway_Terrain_(H/T)_Community_01,Wanli_SUV / 4x4_Highway Terrain (H/T)_0034,Minerva_SUV / 4x4_Highway Terrain (H/T)_0036,0.4776
SUV_/_4x4_|_Highway_Terrain_(H/T)_Community_01,Cooper Tires_SUV / 4x4_Highway Terrain (H/T)_0068,Nexen_SUV / 4x4_Highway Terrain (H/T)_0011,0.0881
SUV_/_4x4_|_Highway_Terrain_(H/T)_Community_01,Goodyear_SUV / 4x4_Highway Terrain (H/T)_0040,Nexen_SUV / 4x4_Highway Terrain (H/T)_0011,0.2049
SUV_/_4x4_|_Highway_Terrain_(H/T)_Community_01,Mazzini_SUV / 4x4_Highway Terrain (H/T)_0003,Nexen_SUV / 4x4_Highway Terrain (H/T)_0011,0.9391
SUV_/_4x4_|_Highway_Terrain_(H/T)_Community_01,Michelin_SUV / 4x4_Highway Terrain (H/T)_0079,Nexen_SUV / 4x4_Highway Terrain (H/T)_0011,0.97
SUV_/_4x4_|_Highway_Terrain_(H/T)_Community_01,Vredestein_SUV / 4x4_Highway Terrain (H/T)_0033,Nexen_SUV / 4x4_Highway Terrain (H/T)_0011,0.2277
SUV_/_4x4_|_Highway_Terrain_(H/T)_Community_01,Continental_SUV / 4x4_Highway Terrain (H/T)_0014,Pirelli_SUV / 4x4_Highway Terrain (H/T)_0037,0.06
SUV_/_4x4_|_Highway_Terrain_(H/T)_Community_01,Continental_SUV / 4x4_Highway Terrain (H/T)_0021,Pirelli_SUV / 4x4_Highway Terrain (H/T)_0037,0.2691
SUV_/_4x4_|_Highway_Terrain_(H/T)_Community_01,Continental_SUV / 4x4_Highway Terrain (H/T)_0041,Pirelli_SUV / 4x4_Highway Terrain (H/T)_0037,0.08
SUV_/_4x4_|_Highway_Terrain_(H/T)_Community_01,Cooper Tires_SUV / 4x4_Highway Terrain (H/T)_0068,Pirelli_SUV / 4x4_Highway Terrain (H/T)_0037,0.1003
SUV_/_4x4_|_Highway_Terrain_(H/T)_Community_01,Goodride_SUV / 4x4_Highway Terrain (H/T)_0020,Pirelli_SUV / 4x4_Highway Terrain (H/T)_0037,0.5188
SUV_/_4x4_|_Highway_Terrain_(H/T)_Community_01,Michelin_SUV / 4x4_Highway Terrain (H/T)_0079,Pirelli_SUV / 4x4_Highway Terrain (H/T)_0037,0.338
SUV_/_4x4_|_Highway_Terrain_(H/T)_Community_01,Minerva_SUV / 4x4_Highway Terrain (H/T)_0036,Pirelli_SUV / 4x4_Highway Terrain (H/T)_0037,0.282
SUV_/_4x4_|_Highway_Terrain_(H/T)_Community_01,Wanli_SUV / 4x4_Highway Terrain (H/T)_0034,Pirelli_SUV / 4x4_Highway Terrain (H/T)_0037,0.496
SUV_/_4x4_|_Highway_Terrain_(H/T)_Community_01,Wanli_SUV / 4x4_Highway Terrain (H/T)_0057,Pirelli_SUV / 4x4_Highway Terrain (H/T)_0037,0.1884
SUV_/_4x4_|_Highway_Terrain_(H/T)_Community_01,Cooper Tires_SUV / 4x4_Highway Terrain (H/T)_0060,Pirelli_SUV / 4x4_Highway Terrain (H/T)_0061,0.5803
SUV_/_4x4_|_Highway_Terrain_(H/T)_Community_01,Mazzini_SUV / 4x4_Highway Terrain (H/T)_0003,Pirelli_SUV / 4x4_Highway Terrain (H/T)_0061,0.3845
SUV_/_4x4_|_Highway_Terrain_(H/T)_Community_01,Michelin_SUV / 4x4_Highway Terrain (H/T)_0079,Pirelli_SUV / 4x4_Highway Terrain (H/T)_0061,0.1823
SUV_/_4x4_|_Highway_Terrain_(H/T)_Community_01,Minerva_SUV / 4x4_Highway Terrain (H/T)_0036,Pirelli_SUV / 4x4_Highway Terrain (H/T)_0061,0.7312
SUV_/_4x4_|_Highway_Terrain_(H/T)_Community_01,Pirelli_SUV / 4x4_Highway Terrain (H/T)_0037,Pirelli_SUV / 4x4_Highway Terrain (H/T)_0061,0.4676
SUV_/_4x4_|_Highway_Terrain_(H/T)_Community_01,Continental_SUV / 4x4_Highway Terrain (H/T)_0014,Pirelli_SUV / 4x4_Highway Terrain (H/T)_0066,0.6872
SUV_/_4x4_|_Highway_Terrain_(H/T)_Community_01,Fulda_SUV / 4x4_Highway Terrain (H/T)_0062,Pirelli_SUV / 4x4_Highway Terrain (H/T)_0066,0.2161
SUV_/_4x4_|_Highway_Terrain_(H/T)_Community_01,GT Radial_SUV / 4x4_Highway Terrain (H/T)_0027,Pirelli_SUV / 4x4_Highway Terrain (H/T)_0066,0.2162
SUV_/_4x4_|_Highway_Terrain_(H/T)_Community_01,Goodride_SUV / 4x4_Highway Terrain (H/T)_0020,Pirelli_SUV / 4x4_Highway Terrain (H/T)_0066,0.2956
SUV_/_4x4_|_Highway_Terrain_(H/T)_Community_01,Pirelli_SUV / 4x4_Highway Terrain (H/T)_0061,Pirelli_SUV / 4x4_Highway Terrain (H/T)_0066,0.1048
SUV_/_4x4_|_Highway_Terrain_(H/T)_Community_01,Toyo Tires_SUV / 4x4_Highway Terrain (H/T)_0022,Pirelli_SUV / 4x4_Highway Terrain (H/T)_0066,0.0708
SUV_/_4x4_|_Highway_Terrain_(H/T)_Community_01,Wanli_SUV / 4x4_Highway Terrain (H/T)_0044,Pirelli_SUV / 4x4_Highway Terrain (H/T)_0066,0.507
SUV_/_4x4_|_Highway_Terrain_(H/T)_Community_01,Yokohama_SUV / 4x4_Highway Terrain (H/T)_0023,Pirelli_SUV / 4x4_Highway Terrain (H/T)_0066,0.2409
SUV_/_4x4_|_Highway_Terrain_(H/T)_Community_01,General Tire_SUV / 4x4_Highway Terrain (H/T)_0078,Pirelli_SUV / 4x4_Highway Terrain (H/T)_0075,0.6677
SUV_/_4x4_|_Highway_Terrain_(H/T)_Community_01,Goodride_SUV / 4x4_Highway Terrain (H/T)_0019,Pirelli_SUV / 4x4_Highway Terrain (H/T)_0075,0.439
SUV_/_4x4_|_Highway_Terrain_(H/T)_Community_01,Kumho_SUV / 4x4_Highway Terrain (H/T)_0009,Pirelli_SUV / 4x4_Highway Terrain (H/T)_0075,0.24
SUV_/_4x4_|_Highway_Terrain_(H/T)_Community_01,Minerva_SUV / 4x4_Highway Terrain (H/T)_0036,Pirelli_SUV / 4x4_Highway Terrain (H/T)_0075,0.1866
SUV_/_4x4_|_Highway_Terrain_(H/T)_Community_01,Pirelli_SUV / 4x4_Highway Terrain (H/T)_0066,Pirelli_SUV / 4x4_Highway Terrain (H/T)_0075,0.3691
SUV_/_4x4_|_Highway_Terrain_(H/T)_Community_01,Wanli_SUV / 4x4_Highway Terrain (H/T)_0057,Pirelli_SUV / 4x4_Highway Terrain (H/T)_0075,0.3438
SUV_/_4x4_|_Highway_Terrain_(H/T)_Community_01,Continental_SUV / 4x4_Highway Terrain (H/T)_0041,Toyo Tires_SUV / 4x4_Highway Terrain (H/T)_0022,0.7697
SUV_/_4x4_|_Highway_Terrain_(H/T)_Community_01,Kumho_SUV / 4x4_Highway Terrain (H/T)_0009,Toyo Tires_SUV / 4x4_Highway Terrain (H/T)_0022,0.4908
SUV_/_4x4_|_Highway_Terrain_(H/T)_Community_01,Michelin_SUV / 4x4_Highway Terrain (H/T)_0053,Toyo Tires_SUV / 4x4_Highway Terrain (H/T)_0022,0.4449
SUV_/_4x4_|_Highway_Terrain_(H/T)_Community_01,Wanli_SUV / 4x4_Highway Terrain (H/T)_0044,Toyo Tires_SUV / 4x4_Highway Terrain (H/T)_0022,0.1241
SUV_/_4x4_|_Highway_Terrain_(H/T)_Community_01,Wanli_SUV / 4x4_Highway Terrain (H/T)_0057,Toyo Tires_SUV / 4x4_Highway Terrain (H/T)_0022,0.6973
SUV_/_4x4_|_Highway_Terrain_(H/T)_Community_01,Goodride_SUV / 4x4_Highway Terrain (H/T)_0020,Toyo Tires_SUV / 4x4_Highway Terrain (H/T)_0063,0.2373
SUV_/_4x4_|_Highway_Terrain_(H/T)_Community_01,Nexen_SUV / 4x4_Highway Terrain (H/T)_0011,Toyo Tires_SUV / 4x4_Highway Terrain (H/T)_0063,0.7915
SUV_/_4x4_|_Highway_Terrain_(H/T)_Community_01,Uniroyal_SUV / 4x4_Highway Terrain (H/T)_0000,Toyo Tires_SUV / 4x4_Highway Terrain (H/T)_0063,0.3443
SUV_/_4x4_|_Highway_Terrain_(H/T)_Community_01,Yokohama_SUV / 4x4_Highway Terrain (H/T)_0023,Toyo Tires_SUV / 4x4_Highway Terrain (H/T)_0063,0.9481
SUV_/_4x4_|_Highway_Terrain_(H/T)_Community_01,Goodyear_SUV / 4x4_Highway Terrain (H/T)_0073,Tracmax_SUV / 4x4_Highway Terrain (H/T)_0012,0.5333
SUV_/_4x4_|_Highway_Terrain_(H/T)_Community_01,Kumho_SUV / 4x4_Highway Terrain (H/T)_0009,Tracmax_SUV / 4x4_Highway Terrain (H/T)_0012,0.4474
SUV_/_4x4_|_Highway_Terrain_(H/T)_Community_01,Mazzini_SUV / 4x4_Highway Terrain (H/T)_0003,Tracmax_SUV / 4x4_Highway Terrain (H/T)_0012,0.0994
SUV_/_4x4_|_Highway_Terrain_(H/T)_Community_01,Uniroyal_SUV / 4x4_Highway Terrain (H/T)_0000,Tracmax_SUV / 4x4_Highway Terrain (H/T)_0012,0.8409
SUV_/_4x4_|_Highway_Terrain_(H/T)_Community_01,Wanli_SUV / 4x4_Highway Terrain (H/T)_0010,Tracmax_SUV / 4x4_Highway Terrain (H/T)_0012,0.1624
SUV_/_4x4_|_Highway_Terrain_(H/T)_Community_01,Yokohama_SUV / 4x4_Highway Terrain (H/T)_0023,Tracmax_SUV / 4x4_Highway Terrain (H/T)_0012,0.2555
SUV_/_4x4_|_Highway_Terrain_(H/T)_Community_01,Continental_SUV / 4x4_Highway Terrain (H/T)_0021,Uniroyal_SUV / 4x4_Highway Terrain (H/T)_0000,0.1356
SUV_/_4x4_|_Highway_Terrain_(H/T)_Community_01,Hifly_SUV / 4x4_Highway Terrain (H/T)_0059,Uniroyal_SUV / 4x4_Highway Terrain (H/T)_0000,1.8053
SUV_/_4x4_|_Highway_Terrain_(H/T)_Community_01,Nexen_SUV / 4x4_Highway Terrain (H/T)_0011,Uniroyal_SUV / 4x4_Highway Terrain (H/T)_0000,0.5427
SUV_/_4x4_|_Highway_Terrain_(H/T)_Community_01,Continental_SUV / 4x4_Highway Terrain (H/T)_0014,Vredestein_SUV / 4x4_Highway Terrain (H/T)_0033,0.1761
SUV_/_4x4_|_Highway_Terrain_(H/T)_Community_01,Continental_SUV / 4x4_Highway Terrain (H/T)_0021,Vredestein_SUV / 4x4_Highway Terrain (H/T)_0033,0.5491
SUV_/_4x4_|_Highway_Terrain_(H/T)_Community_01,Cooper Tires_SUV / 4x4_Highway Terrain (H/T)_0060,Vredestein_SUV / 4x4_Highway Terrain (H/T)_0033,0.7332
SUV_/_4x4_|_Highway_Terrain_(H/T)_Community_01,Goodyear_SUV / 4x4_Highway Terrain (H/T)_0072,Vredestein_SUV / 4x4_Highway Terrain (H/T)_0033,0.3453
SUV_/_4x4_|_Highway_Terrain_(H/T)_Community_01,Pirelli_SUV / 4x4_Highway Terrain (H/T)_0066,Vredestein_SUV / 4x4_Highway Terrain (H/T)_0033,0.075
SUV_/_4x4_|_Highway_Terrain_(H/T)_Community_01,Wanli_SUV / 4x4_Highway Terrain (H/T)_0010,Vredestein_SUV / 4x4_Highway Terrain (H/T)_0033,0.577
SUV_/_4x4_|_Highway_Terrain_(H/T)_Community_01,General Tire_SUV / 4x4_Highway Terrain (H/T)_0078,Wanli_SUV / 4x4_Highway Terrain (H/T)_0010,0.2027
SUV_/_4x4_|_Highway_Terrain_(H/T)_Community_01,Kumho_SUV / 4x4_Highway Terrain (H/T)_0009,Wanli_SUV / 4x4_Highway Terrain (H/T)_0010,0.3244
SUV_/_4x4_|_Highway_Terrain_(H/T)_Community_01,Linglong_SUV / 4x4_Highway Terrain (H/T)_0076,Wanli_SUV / 4x4_Highway Terrain (H/T)_0010,0.8249
SUV_/_4x4_|_Highway_Terrain_(H/T)_Community_01,Mazzini_SUV / 4x4_Highway Terrain (H/T)_0003,Wanli_SUV / 4x4_Highway Terrain (H/T)_0010,0.3782
SUV_/_4x4_|_Highway_Terrain_(H/T)_Community_01,Michelin_SUV / 4x4_Highway Terrain (H/T)_0049,Wanli_SUV / 4x4_Highway Terrain (H/T)_0010,0.3514
SUV_/_4x4_|_Highway_Terrain_(H/T)_Community_01,Pirelli_SUV / 4x4_Highway Terrain (H/T)_0075,Wanli_SUV / 4x4_Highway Terrain (H/T)_0010,0.3074
SUV_/_4x4_|_Highway_Terrain_(H/T)_Community_01,Continental_SUV / 4x4_Highway Terrain (H/T)_0014,Wanli_SUV / 4x4_Highway Terrain (H/T)_0034,0.1649
SUV_/_4x4_|_Highway_Terrain_(H/T)_Community_01,Cooper Tires_SUV / 4x4_Highway Terrain (H/T)_0068,Wanli_SUV / 4x4_Highway Terrain (H/T)_0034,0.2835
SUV_/_4x4_|_Highway_Terrain_(H/T)_Community_01,Goodyear_SUV / 4x4_Highway Terrain (H/T)_0073,Wanli_SUV / 4x4_Highway Terrain (H/T)_0034,0.1102
SUV_/_4x4_|_Highway_Terrain_(H/T)_Community_01,Mazzini_SUV / 4x4_Highway Terrain (H/T)_0003,Wanli_SUV / 4x4_Highway Terrain (H/T)_0034,0.1475
SUV_/_4x4_|_Highway_Terrain_(H/T)_Community_01,Michelin_SUV / 4x4_Highway Terrain (H/T)_0079,Wanli_SUV / 4x4_Highway Terrain (H/T)_0034,0.246
SUV_/_4x4_|_Highway_Terrain_(H/T)_Community_01,Pirelli_SUV / 4x4_Highway Terrain (H/T)_0066,Wanli_SUV / 4x4_Highway Terrain (H/T)_0034,0.2848
SUV_/_4x4_|_Highway_Terrain_(H/T)_Community_01,Pirelli_SUV / 4x4_Highway Terrain (H/T)_0075,Wanli_SUV / 4x4_Highway Terrain (H/T)_0034,0.5727
SUV_/_4x4_|_Highway_Terrain_(H/T)_Community_01,Wanli_SUV / 4x4_Highway Terrain (H/T)_0010,Wanli_SUV / 4x4_Highway Terrain (H/T)_0034,0.0675
SUV_/_4x4_|_Highway_Terrain_(H/T)_Community_01,Wanli_SUV / 4x4_Highway Terrain (H/T)_0044,Wanli_SUV / 4x4_Highway Terrain (H/T)_0034,0.1992
SUV_/_4x4_|_Highway_Terrain_(H/T)_Community_01,Goodyear_SUV / 4x4_Highway Terrain (H/T)_0040,Wanli_SUV / 4x4_Highway Terrain (H/T)_0044,0.7208
SUV_/_4x4_|_Highway_Terrain_(H/T)_Community_01,Michelin_SUV / 4x4_Highway Terrain (H/T)_0049,Wanli_SUV / 4x4_Highway Terrain (H/T)_0044,0.6108
SUV_/_4x4_|_Highway_Terrain_(H/T)_Community_01,Nexen_SUV / 4x4_Highway Terrain (H/T)_0011,Wanli_SUV / 4x4_Highway Terrain (H/T)_0044,0.1433
SUV_/_4x4_|_Highway_Terrain_(H/T)_Community_01,Tracmax_SUV / 4x4_Highway Terrain (H/T)_0012,Wanli_SUV / 4x4_Highway Terrain (H/T)_0044,0.4726
SUV_/_4x4_|_Highway_Terrain_(H/T)_Community_01,Vredestein_SUV / 4x4_Highway Terrain (H/T)_0033,Wanli_SUV / 4x4_Highway Terrain (H/T)_0044,0.3938
SUV_/_4x4_|_Highway_Terrain_(H/T)_Community_01,Continental_SUV / 4x4_Highway Terrain (H/T)_0041,Wanli_SUV / 4x4_Highway Terrain (H/T)_0057,0.1035
SUV_/_4x4_|_Highway_Terrain_(H/T)_Community_01,Cooper Tires_SUV / 4x4_Highway Terrain (H/T)_0060,Wanli_SUV / 4x4_Highway Terrain (H/T)_0057,0.1699
SUV_/_4x4_|_Highway_Terrain_(H/T)_Community_01,Goodride_SUV / 4x4_Highway Terrain (H/T)_0019,Wanli_SUV / 4x4_Highway Terrain (H/T)_0057,0.4242
SUV_/_4x4_|_Highway_Terrain_(H/T)_Community_01,Mazzini_SUV / 4x4_Highway Terrain (H/T)_0003,Wanli_SUV / 4x4_Highway Terrain (H/T)_0057,0.6002
SUV_/_4x4_|_Highway_Terrain_(H/T)_Community_01,Pirelli_SUV / 4x4_Highway Terrain (H/T)_0075,Wanli_SUV / 4x4_Highway Terrain (H/T)_0057,0.2546
SUV_/_4x4_|_Highway_Terrain_(H/T)_Community_01,Vredestein_SUV / 4x4_Highway Terrain (H/T)_0033,Wanli_SUV / 4x4_Highway Terrain (H/T)_0057,0.2795
SUV_/_4x4_|_Highway_Terrain_(H/T)_Community_01,Wanli_SUV / 4x4_Highway Terrain (H/T)_0044,Wanli_SUV / 4x4_Highway Terrain (H/T)_0057,0.4238
SUV_/_4x4_|_Highway_Terrain_(H/T)_Community_01,Continental_SUV / 4x4_Highway Terrain (H/T)_0014,Yokohama_SUV / 4x4_Highway Terrain (H/T)_0023,0.0935
SUV_/_4x4_|_Highway_Terrain_(H/T)_Community_01,Goodyear_SUV / 4x4_Highway Terrain (H/T)_0072,Yokohama_SUV / 4x4_Highway Terrain (H/T)_0023,0.6145
SUV_/_4x4_|_Highway_Terrain_(H/T)_Community_01,Hifly_SUV / 4x4_Highway Terrain (H/T)_0059,Yokohama_SUV / 4x4_Highway Terrain (H/T)_0023,1.0964
SUV_/_4x4_|_Highway_Terrain_(H/T)_Community_01,Kumho_SUV / 4x4_Highway Terrain (H/T)_0009,Yokohama_SUV / 4x4_Highway Terrain (H/T)_0023,0.3514
SUV_/_4x4_|_Highway_Terrain_(H/T)_Community_01,Nexen_SUV / 4x4_Highway Terrain (H/T)_0011,Yokohama_SUV / 4x4_Highway Terrain (H/T)_0023,0.1688
SUV_/_4x4_|_Highway_Terrain_(H/T)_Community_03,Continental_SUV / 4x4_Highway Terrain (H/T)_0029,Bridgestone_SUV / 4x4_Highway Terrain (H/T)_0056,0.1414
SUV_/_4x4_|_Highway_Terrain_(H/T)_Community_03,Falken_SUV / 4x4_Highway Terrain (H/T)_0031,Bridgestone_SUV / 4x4_Highway Terrain (H/T)_0056,0.0944
SUV_/_4x4_|_Highway_Terrain_(H/T)_Community_03,Linglong_SUV / 4x4_Highway Terrain (H/T)_0077,Bridgestone_SUV / 4x4_Highway Terrain (H/T)_0056,0.4841
SUV_/_4x4_|_Highway_Terrain_(H/T)_Community_03,Roadmarch_SUV / 4x4_Highway Terrain (H/T)_0024,Bridgestone_SUV / 4x4_Highway Terrain (H/T)_0056,0.8601
SUV_/_4x4_|_Highway_Terrain_(H/T)_Community_03,Tomket_SUV / 4x4_Highway Terrain (H/T)_0028,Bridgestone_SUV / 4x4_Highway Terrain (H/T)_0056,0.09
SUV_/_4x4_|_Highway_Terrain_(H/T)_Community_03,Westlake_SUV / 4x4_Highway Terrain (H/T)_0006,Bridgestone_SUV / 4x4_Highway Terrain (H/T)_0056,0.0647
SUV_/_4x4_|_Highway_Terrain_(H/T)_Community_03,Yokohama_SUV / 4x4_Highway Terrain (H/T)_0035,Bridgestone_SUV / 4x4_Highway Terrain (H/T)_0056,0.7266
SUV_/_4x4_|_Highway_Terrain_(H/T)_Community_03,Dunlop_SUV / 4x4_Highway Terrain (H/T)_0055,Continental_SUV / 4x4_Highway Terrain (H/T)_0029,0.9372
SUV_/_4x4_|_Highway_Terrain_(H/T)_Community_03,Falken_SUV / 4x4_Highway Terrain (H/T)_0031,Continental_SUV / 4x4_Highway Terrain (H/T)_0029,0.1468
SUV_/_4x4_|_Highway_Terrain_(H/T)_Community_03,Roadmarch_SUV / 4x4_Highway Terrain (H/T)_0024,Continental_SUV / 4x4_Highway Terrain (H/T)_0029,0.1558
SUV_/_4x4_|_Highway_Terrain_(H/T)_Community_03,Toyo Tires_SUV / 4x4_Highway Terrain (H/T)_0064,Continental_SUV / 4x4_Highway Terrain (H/T)_0029,0.2937
SUV_/_4x4_|_Highway_Terrain_(H/T)_Community_03,Westlake_SUV / 4x4_Highway Terrain (H/T)_0006,Continental_SUV / 4x4_Highway Terrain (H/T)_0029,0.7179
SUV_/_4x4_|_Highway_Terrain_(H/T)_Community_03,Falken_SUV / 4x4_Highway Terrain (H/T)_0031,Cooper Tires_SUV / 4x4_Highway Terrain (H/T)_0016,0.4816
SUV_/_4x4_|_Highway_Terrain_(H/T)_Community_03,General Tire_SUV / 4x4_Highway Terrain (H/T)_0025,Cooper Tires_SUV / 4x4_Highway Terrain (H/T)_0016,0.2305
SUV_/_4x4_|_Highway_Terrain_(H/T)_Community_03,Pirelli_SUV / 4x4_Highway Terrain (H/T)_0074,Cooper Tires_SUV / 4x4_Highway Terrain (H/T)_0016,0.8638
SUV_/_4x4_|_Highway_Terrain_(H/T)_Community_03,Roadmarch_SUV / 4x4_Highway Terrain (H/T)_0024,Cooper Tires_SUV / 4x4_Highway Terrain (H/T)_0016,0.1367
SUV_/_4x4_|_Highway_Terrain_(H/T)_Community_03,Westlake_SUV / 4x4_Highway Terrain (H/T)_0071,Cooper Tires_SUV / 4x4_Highway Terrain (H/T)_0016,0.3543
SUV_/_4x4_|_Highway_Terrain_(H/T)_Community_03,Yokohama_SUV / 4x4_Highway Terrain (H/T)_0035,Cooper Tires_SUV / 4x4_Highway Terrain (H/T)_0016,0.1119
SUV_/_4x4_|_Highway_Terrain_(H/T)_Community_03,Yokohama_SUV / 4x4_Highway Terrain (H/T)_0051,Cooper Tires_SUV / 4x4_Highway Terrain (H/T)_0016,0.0871
SUV_/_4x4_|_Highway_Terrain_(H/T)_Community_03,Goodride_SUV / 4x4_Highway Terrain (H/T)_0065,Dunlop_SUV / 4x4_Highway Terrain (H/T)_0055,0.826
SUV_/_4x4_|_Highway_Terrain_(H/T)_Community_03,Hankook_SUV / 4x4_Highway Terrain (H/T)_0013,Dunlop_SUV / 4x4_Highway Terrain (H/T)_0055,0.5316
SUV_/_4x4_|_Highway_Terrain_(H/T)_Community_03,Linglong_SUV / 4x4_Highway Terrain (H/T)_0077,Dunlop_SUV / 4x4_Highway Terrain (H/T)_0055,0.1073
SUV_/_4x4_|_Highway_Terrain_(H/T)_Community_03,Pirelli_SUV / 4x4_Highway Terrain (H/T)_0067,Dunlop_SUV / 4x4_Highway Terrain (H/T)_0055,0.1514
SUV_/_4x4_|_Highway_Terrain_(H/T)_Community_03,Toyo Tires_SUV / 4x4_Highway Terrain (H/T)_0030,Dunlop_SUV / 4x4_Highway Terrain (H/T)_0055,0.3335
SUV_/_4x4_|_Highway_Terrain_(H/T)_Community_03,Triangle_SUV / 4x4_Highway Terrain (H/T)_0042,Dunlop_SUV / 4x4_Highway Terrain (H/T)_0055,0.5208
SUV_/_4x4_|_Highway_Terrain_(H/T)_Community_03,Cooper Tires_SUV / 4x4_Highway Terrain (H/T)_0016,Falken_SUV / 4x4_Highway Terrain (H/T)_0031,0.4508
SUV_/_4x4_|_Highway_Terrain_(H/T)_Community_03,GT Radial_SUV / 4x4_Highway Terrain (H/T)_0004,Falken_SUV / 4x4_Highway Terrain (H/T)_0031,0.1139
SUV_/_4x4_|_Highway_Terrain_(H/T)_Community_03,Linglong_SUV / 4x4_Highway Terrain (H/T)_0058,Falken_SUV / 4x4_Highway Terrain (H/T)_0031,0.0667
SUV_/_4x4_|_Highway_Terrain_(H/T)_Community_03,Pirelli_SUV / 4x4_Highway Terrain (H/T)_0067,Falken_SUV / 4x4_Highway Terrain (H/T)_0031,0.1114
SUV_/_4x4_|_Highway_Terrain_(H/T)_Community_03,Pirelli_SUV / 4x4_Highway Terrain (H/T)_0074,Falken_SUV / 4x4_Highway Terrain (H/T)_0031,0.2204
SUV_/_4x4_|_Highway_Terrain_(H/T)_Community_03,Toyo Tires_SUV / 4x4_Highway Terrain (H/T)_0064,Falken_SUV / 4x4_Highway Terrain (H/T)_0031,0.8984
SUV_/_4x4_|_Highway_Terrain_(H/T)_Community_03,Triangle_SUV / 4x4_Highway Terrain (H/T)_0042,Falken_SUV / 4x4_Highway Terrain (H/T)_0031,0.063
SUV_/_4x4_|_Highway_Terrain_(H/T)_Community_03,Vredestein_SUV / 4x4_Highway Terrain (H/T)_0043,Falken_SUV / 4x4_Highway Terrain (H/T)_0031,0.1103
SUV_/_4x4_|_Highway_Terrain_(H/T)_Community_03,Wanli_SUV / 4x4_Highway Terrain (H/T)_0038,Falken_SUV / 4x4_Highway Terrain (H/T)_0031,0.192
SUV_/_4x4_|_Highway_Terrain_(H/T)_Community_03,Linglong_SUV / 4x4_Highway Terrain (H/T)_0058,GT Radial_SUV / 4x4_Highway Terrain (H/T)_0004,1.0216
SUV_/_4x4_|_Highway_Terrain_(H/T)_Community_03,Linglong_SUV / 4x4_Highway Terrain (H/T)_0077,GT Radial_SUV / 4x4_Highway Terrain (H/T)_0004,0.6907
SUV_/_4x4_|_Highway_Terrain_(H/T)_Community_03,Pirelli_SUV / 4x4_Highway Terrain (H/T)_0067,GT Radial_SUV / 4x4_Highway Terrain (H/T)_0004,0.442
SUV_/_4x4_|_Highway_Terrain_(H/T)_Community_03,Vredestein_SUV / 4x4_Highway Terrain (H/T)_0043,GT Radial_SUV / 4x4_Highway Terrain (H/T)_0004,0.1039
SUV_/_4x4_|_Highway_Terrain_(H/T)_Community_03,Continental_SUV / 4x4_Highway Terrain (H/T)_0029,General Tire_SUV / 4x4_Highway Terrain (H/T)_0025,0.5602
SUV_/_4x4_|_Highway_Terrain_(H/T)_Community_03,Linglong_SUV / 4x4_Highway Terrain (H/T)_0048,General Tire_SUV / 4x4_Highway Terrain (H/T)_0025,0.1403
SUV_/_4x4_|_Highway_Terrain_(H/T)_Community_03,Pirelli_SUV / 4x4_Highway Terrain (H/T)_0005,General Tire_SUV / 4x4_Highway Terrain (H/T)_0025,0.1015
SUV_/_4x4_|_Highway_Terrain_(H/T)_Community_03,Pirelli_SUV / 4x4_Highway Terrain (H/T)_0074,General Tire_SUV / 4x4_Highway Terrain (H/T)_0025,0.3929
SUV_/_4x4_|_Highway_Terrain_(H/T)_Community_03,Tomket_SUV / 4x4_Highway Terrain (H/T)_0028,General Tire_SUV / 4x4_Highway Terrain (H/T)_0025,0.8795
SUV_/_4x4_|_Highway_Terrain_(H/T)_Community_03,Toyo Tires_SUV / 4x4_Highway Terrain (H/T)_0030,General Tire_SUV / 4x4_Highway Terrain (H/T)_0025,0.1391
SUV_/_4x4_|_Highway_Terrain_(H/T)_Community_03,Vredestein_SUV / 4x4_Highway Terrain (H/T)_0043,General Tire_SUV / 4x4_Highway Terrain (H/T)_0025,0.0666
SUV_/_4x4_|_Highway_Terrain_(H/T)_Community_03,Cooper Tires_SUV / 4x4_Highway Terrain (H/T)_0016,General Tire_SUV / 4x4_Highway Terrain (H/T)_0054,0.0842
SUV_/_4x4_|_Highway_Terrain_(H/T)_Community_03,GT Radial_SUV / 4x4_Highway Terrain (H/T)_0004,General Tire_SUV / 4x4_Highway Terrain (H/T)_0054,0.8897
SUV_/_4x4_|_Highway_Terrain_(H/T)_Community_03,Pirelli_SUV / 4x4_Highway Terrain (H/T)_0067,General Tire_SUV / 4x4_Highway Terrain (H/T)_0054,0.5593
SUV_/_4x4_|_Highway_Terrain_(H/T)_Community_03,Roadmarch_SUV / 4x4_Highway Terrain (H/T)_0024,General Tire_SUV / 4x4_Highway Terrain (H/T)_0054,0.0761
SUV_/_4x4_|_Highway_Terrain_(H/T)_Community_03,Toyo Tires_SUV / 4x4_Highway Terrain (H/T)_0030,General Tire_SUV / 4x4_Highway Terrain (H/T)_0054,0.8449
SUV_/_4x4_|_Highway_Terrain_(H/T)_Community_03,Cooper Tires_SUV / 4x4_Highway Terrain (H/T)_0016,Goodride_SUV / 4x4_Highway Terrain (H/T)_0065,0.0808
SUV_/_4x4_|_Highway_Terrain_(H/T)_Community_03,Hankook_SUV / 4x4_Highway Terrain (H/T)_0013,Goodride_SUV / 4x4_Highway Terrain (H/T)_0065,0.3557
SUV_/_4x4_|_Highway_Terrain_(H/T)_Community_03,Nokian_SUV / 4x4_Highway Terrain (H/T)_0002,Goodride_SUV / 4x4_Highway Terrain (H/T)_0065,0.358
SUV_/_4x4_|_Highway_Terrain_(H/T)_Community_03,Pirelli_SUV / 4x4_Highway Terrain (H/T)_0067,Goodride_SUV / 4x4_Highway Terrain (H/T)_0065,0.4526
SUV_/_4x4_|_Highway_Terrain_(H/T)_Community_03,Tomket_SUV / 4x4_Highway Terrain (H/T)_0028,Goodride_SUV / 4x4_Highway Terrain (H/T)_0065,0.147
SUV_/_4x4_|_Highway_Terrain_(H/T)_Community_03,Toyo Tires_SUV / 4x4_Highway Terrain (H/T)_0064,Goodride_SUV / 4x4_Highway Terrain (H/T)_0065,0.5729
SUV_/_4x4_|_Highway_Terrain_(H/T)_Community_03,Westlake_SUV / 4x4_Highway Terrain (H/T)_0006,Goodride_SUV / 4x4_Highway Terrain (H/T)_0065,0.2825
SUV_/_4x4_|_Highway_Terrain_(H/T)_Community_03,Westlake_SUV / 4x4_Highway Terrain (H/T)_0070,Goodride_SUV / 4x4_Highway Terrain (H/T)_0065,0.122
SUV_/_4x4_|_Highway_Terrain_(H/T)_Community_03,Bridgestone_SUV / 4x4_Highway Terrain (H/T)_0056,Hankook_SUV / 4x4_Highway Terrain (H/T)_0013,0.258
SUV_/_4x4_|_Highway_Terrain_(H/T)_Community_03,Continental_SUV / 4x4_Highway Terrain (H/T)_0029,Hankook_SUV / 4x4_Highway Terrain (H/T)_0013,0.083
SUV_/_4x4_|_Highway_Terrain_(H/T)_Community_03,Cooper Tires_SUV / 4x4_Highway Terrain (H/T)_0016,Hankook_SUV / 4x4_Highway Terrain (H/T)_0013,0.3557
SUV_/_4x4_|_Highway_Terrain_(H/T)_Community_03,Roadmarch_SUV / 4x4_Highway Terrain (H/T)_0024,Hankook_SUV / 4x4_Highway Terrain (H/T)_0013,0.1952
SUV_/_4x4_|_Highway_Terrain_(H/T)_Community_03,Toyo Tires_SUV / 4x4_Highway Terrain (H/T)_0030,Hankook_SUV / 4x4_Highway Terrain (H/T)_0013,0.1631
SUV_/_4x4_|_Highway_Terrain_(H/T)_Community_03,Tracmax_SUV / 4x4_Highway Terrain (H/T)_0026,Hankook_SUV / 4x4_Highway Terrain (H/T)_0013,0.5969
SUV_/_4x4_|_Highway_Terrain_(H/T)_Community_03,Vredestein_SUV / 4x4_Highway Terrain (H/T)_0043,Hankook_SUV / 4x4_Highway Terrain (H/T)_0013,0.2757
SUV_/_4x4_|_Highway_Terrain_(H/T)_Community_03,Yokohama_SUV / 4x4_Highway Terrain (H/T)_0051,Hankook_SUV / 4x4_Highway Terrain (H/T)_0013,0.5212
SUV_/_4x4_|_Highway_Terrain_(H/T)_Community_03,Falken_SUV / 4x4_Highway Terrain (H/T)_0031,Hifly_SUV / 4x4_Highway Terrain (H/T)_0007,0.0719
SUV_/_4x4_|_Highway_Terrain_(H/T)_Community_03,GT Radial_SUV / 4x4_Highway Terrain (H/T)_0004,Hifly_SUV / 4x4_Highway Terrain (H/T)_0007,0.4051
SUV_/_4x4_|_Highway_Terrain_(H/T)_Community_03,Hankook_SUV / 4x4_Highway Terrain (H/T)_0013,Hifly_SUV / 4x4_Highway Terrain (H/T)_0007,0.1885
SUV_/_4x4_|_Highway_Terrain_(H/T)_Community_03,Linglong_SUV / 4x4_Highway Terrain (H/T)_0077,Hifly_SUV / 4x4_Highway Terrain (H/T)_0007,0.0894
SUV_/_4x4_|_Highway_Terrain_(H/T)_Community_03,Nokian_SUV / 4x4_Highway Terrain (H/T)_0002,Hifly_SUV / 4x4_Highway Terrain (H/T)_0007,0.6637
SUV_/_4x4_|_Highway_Terrain_(H/T)_Community_03,Sailun_SUV / 4x4_Highway Terrain (H/T)_0047,Hifly_SUV / 4x4_Highway Terrain (H/T)_0007,0.5063
SUV_/_4x4_|_Highway_Terrain_(H/T)_Community_03,Yokohama_SUV / 4x4_Highway Terrain (H/T)_0051,Hifly_SUV / 4x4_Highway Terrain (H/T)_0007,0.3162
SUV_/_4x4_|_Highway_Terrain_(H/T)_Community_03,Cooper Tires_SUV / 4x4_Highway Terrain (H/T)_0016,Linglong_SUV / 4x4_Highway Terrain (H/T)_0048,0.2967
SUV_/_4x4_|_Highway_Terrain_(H/T)_Community_03,Dunlop_SUV / 4x4_Highway Terrain (H/T)_0055,Linglong_SUV / 4x4_Highway Terrain (H/T)_0048,0.1254
SUV_/_4x4_|_Highway_Terrain_(H/T)_Community_03,Hankook_SUV / 4x4_Highway Terrain (H/T)_0013,Linglong_SUV / 4x4_Highway Terrain (H/T)_0048,0.9723
SUV_/_4x4_|_Highway_Terrain_(H/T)_Community_03,Pirelli_SUV / 4x4_Highway Terrain (H/T)_0074,Linglong_SUV / 4x4_Highway Terrain (H/T)_0048,0.6542
SUV_/_4x4_|_Highway_Terrain_(H/T)_Community_03,Toyo Tires_SUV / 4x4_Highway Terrain (H/T)_0064,Linglong_SUV / 4x4_Highway Terrain (H/T)_0048,0.306
SUV_/_4x4_|_Highway_Terrain_(H/T)_Community_03,Dunlop_SUV / 4x4_Highway Terrain (H/T)_0055,Linglong_SUV / 4x4_Highway Terrain (H/T)_0058,0.4314
SUV_/_4x4_|_Highway_Terrain_(H/T)_Community_03,General Tire_SUV / 4x4_Highway Terrain (H/T)_0025,Linglong_SUV / 4x4_Highway Terrain (H/T)_0058,0.3176
SUV_/_4x4_|_Highway_Terrain_(H/T)_Community_03,Goodride_SUV / 4x4_Highway Terrain (H/T)_0065,Linglong_SUV / 4x4_Highway Terrain (H/T)_0058,0.7579
SUV_/_4x4_|_Highway_Terrain_(H/T)_Community_03,Roadmarch_SUV / 4x4_Highway Terrain (H/T)_0015,Linglong_SUV / 4x4_Highway Terrain (H/T)_0058,0.449
SUV_/_4x4_|_Highway_Terrain_(H/T)_Community_03,Toyo Tires_SUV / 4x4_Highway Terrain (H/T)_0030,Linglong_SUV / 4x4_Highway Terrain (H/T)_0058,0.2656
SUV_/_4x4_|_Highway_Terrain_(H/T)_Community_03,Yokohama_SUV / 4x4_Highway Terrain (H/T)_0035,Linglong_SUV / 4x4_Highway Terrain (H/T)_0058,0.134
SUV_/_4x4_|_Highway_Terrain_(H/T)_Community_03,Cooper Tires_SUV / 4x4_Highway Terrain (H/T)_0016,Linglong_SUV / 4x4_Highway Terrain (H/T)_0077,0.1638
SUV_/_4x4_|_Highway_Terrain_(H/T)_Community_03,GT Radial_SUV / 4x4_Highway Terrain (H/T)_0004,Linglong_SUV / 4x4_Highway Terrain (H/T)_0077,0.2465
SUV_/_4x4_|_Highway_Terrain_(H/T)_Community_03,Triangle_SUV / 4x4_Highway Terrain (H/T)_0042,Linglong_SUV / 4x4_Highway Terrain (H/T)_0077,0.1516
SUV_/_4x4_|_Highway_Terrain_(H/T)_Community_03,Wanli_SUV / 4x4_Highway Terrain (H/T)_0038,Linglong_SUV / 4x4_Highway Terrain (H/T)_0077,0.5856
SUV_/_4x4_|_Highway_Terrain_(H/T)_Community_03,Westlake_SUV / 4x4_Highway Terrain (H/T)_0071,Linglong_SUV / 4x4_Highway Terrain (H/T)_0077,0.6887
SUV_/_4x4_|_Highway_Terrain_(H/T)_Community_03,Yokohama_SUV / 4x4_Highway Terrain (H/T)_0051,Linglong_SUV / 4x4_Highway Terrain (H/T)_0077,0.3061
SUV_/_4x4_|_Highway_Terrain_(H/T)_Community_03,Cooper Tires_SUV / 4x4_Highway Terrain (H/T)_0016,Nokian_SUV / 4x4_Highway Terrain (H/T)_0002,0.1022
SUV_/_4x4_|_Highway_Terrain_(H/T)_Community_03,Falken_SUV / 4x4_Highway Terrain (H/T)_0031,Nokian_SUV / 4x4_Highway Terrain (H/T)_0002,0.3457
SUV_/_4x4_|_Highway_Terrain_(H/T)_Community_03,General Tire_SUV / 4x4_Highway Terrain (H/T)_0025,Nokian_SUV / 4x4_Highway Terrain (H/T)_0002,0.2802
SUV_/_4x4_|_Highway_Terrain_(H/T)_Community_03,Hifly_SUV / 4x4_Highway Terrain (H/T)_0007,Nokian_SUV / 4x4_Highway Terrain (H/T)_0002,0.0663
SUV_/_4x4_|_Highway_Terrain_(H/T)_Community_03,Pirelli_SUV / 4x4_Highway Terrain (H/T)_0067,Nokian_SUV / 4x4_Highway Terrain (H/T)_0002,0.1033
SUV_/_4x4_|_Highway_Terrain_(H/T)_Community_03,Roadmarch_SUV / 4x4_Highway Terrain (H/T)_0015,Nokian_SUV / 4x4_Highway Terrain (H/T)_0002,0.1373
SUV_/_4x4_|_Highway_Terrain_(H/T)_Community_03,Tomket_SUV / 4x4_Highway Terrain (H/T)_0028,Nokian_SUV / 4x4_Highway Terrain (H/T)_0002,0.3587
SUV_/_4x4_|_Highway_Terrain_(H/T)_Community_03,Tracmax_SUV / 4x4_Highway Terrain (H/T)_0026,Nokian_SUV / 4x4_Highway Terrain (H/T)_0002,0.4448
SUV_/_4x4_|_Highway_Terrain_(H/T)_Community_03,Vredestein_SUV / 4x4_Highway Terrain (H/T)_0043,Nokian_SUV / 4x4_Highway Terrain (H/T)_0002,0.4855
SUV_/_4x4_|_Highway_Terrain_(H/T)_Community_03,Hankook_SUV / 4x4_Highway Terrain (H/T)_0013,Pirelli_SUV / 4x4_Highway Terrain (H/T)_0005,0.7367
SUV_/_4x4_|_Highway_Terrain_(H/T)_Community_03,Pirelli_SUV / 4x4_Highway Terrain (H/T)_0074,Pirelli_SUV / 4x4_Highway Terrain (H/T)_0005,0.3747
SUV_/_4x4_|_Highway_Terrain_(H/T)_Community_03,Westlake_SUV / 4x4_Highway Terrain (H/T)_0006,Pirelli_SUV / 4x4_Highway Terrain (H/T)_0005,0.5927
SUV_/_4x4_|_Highway_Terrain_(H/T)_Community_03,Yokohama_SUV / 4x4_Highway Terrain (H/T)_0051,Pirelli_SUV / 4x4_Highway Terrain (H/T)_0005,0.6918
SUV_/_4x4_|_Highway_Terrain_(H/T)_Community_03,GT Radial_SUV / 4x4_Highway Terrain (H/T)_0004,Pirelli_SUV / 4x4_Highway Terrain (H/T)_0067,0.1215
SUV_/_4x4_|_Highway_Terrain_(H/T)_Community_03,General Tire_SUV / 4x4_Highway Terrain (H/T)_0025,Pirelli_SUV / 4x4_Highway Terrain (H/T)_0067,0.612
SUV_/_4x4_|_Highway_Terrain_(H/T)_Community_03,Linglong_SUV / 4x4_Highway Terrain (H/T)_0077,Pirelli_SUV / 4x4_Highway Terrain (H/T)_0067,0.5186
SUV_/_4x4_|_Highway_Terrain_(H/T)_Community_03,Triangle_SUV / 4x4_Highway Terrain (H/T)_0042,Pirelli_SUV / 4x4_Highway Terrain (H/T)_0067,0.1105
SUV_/_4x4_|_Highway_Terrain_(H/T)_Community_03,Vredestein_SUV / 4x4_Highway Terrain (H/T)_0043,Pirelli_SUV / 4x4_Highway Terrain (H/T)_0067,0.3699
SUV_/_4x4_|_Highway_Terrain_(H/T)_Community_03,Westlake_SUV / 4x4_Highway Terrain (H/T)_0070,Pirelli_SUV / 4x4_Highway Terrain (H/T)_0067,0.424
SUV_/_4x4_|_Highway_Terrain_(H/T)_Community_03,Westlake_SUV / 4x4_Highway Terrain (H/T)_0071,Pirelli_SUV / 4x4_Highway Terrain (H/T)_0067,0.1565
SUV_/_4x4_|_Highway_Terrain_(H/T)_Community_03,Bridgestone_SUV / 4x4_Highway Terrain (H/T)_0056,Pirelli_SUV / 4x4_Highway Terrain (H/T)_0074,0.3828
SUV_/_4x4_|_Highway_Terrain_(H/T)_Community_03,Cooper Tires_SUV / 4x4_Highway Terrain (H/T)_0016,Pirelli_SUV / 4x4_Highway Terrain (H/T)_0074,0.7921
SUV_/_4x4_|_Highway_Terrain_(H/T)_Community_03,Dunlop_SUV / 4x4_Highway Terrain (H/T)_0055,Pirelli_SUV / 4x4_Highway Terrain (H/T)_0074,0.1727
SUV_/_4x4_|_Highway_Terrain_(H/T)_Community_03,General Tire_SUV / 4x4_Highway Terrain (H/T)_0054,Pirelli_SUV / 4x4_Highway Terrain (H/T)_0074,0.0588
SUV_/_4x4_|_Highway_Terrain_(H/T)_Community_03,Linglong_SUV / 4x4_Highway Terrain (H/T)_0077,Pirelli_SUV / 4x4_Highway Terrain (H/T)_0074,0.6615
SUV_/_4x4_|_Highway_Terrain_(H/T)_Community_03,Yokohama_SUV / 4x4_Highway Terrain (H/T)_0051,Pirelli_SUV / 4x4_Highway Terrain (H/T)_0074,0.1699
SUV_/_4x4_|_Highway_Terrain_(H/T)_Community_03,Cooper Tires_SUV / 4x4_Highway Terrain (H/T)_0016,Roadmarch_SUV / 4x4_Highway Terrain (H/T)_0015,0.4212
SUV_/_4x4_|_Highway_Terrain_(H/T)_Community_03,General Tire_SUV / 4x4_Highway Terrain (H/T)_0054,Roadmarch_SUV / 4x4_Highway Terrain (H/T)_0015,0.1638
SUV_/_4x4_|_Highway_Terrain_(H/T)_Community_03,Hifly_SUV / 4x4_Highway Terrain (H/T)_0007,Roadmarch_SUV / 4x4_Highway Terrain (H/T)_0015,0.1904
SUV_/_4x4_|_Highway_Terrain_(H/T)_Community_03,Linglong_SUV / 4x4_Highway Terrain (H/T)_0048,Roadmarch_SUV / 4x4_Highway Terrain (H/T)_0015,0.2544
SUV_/_4x4_|_Highway_Terrain_(H/T)_Community_03,Roadmarch_SUV / 4x4_Highway Terrain (H/T)_0024,Roadmarch_SUV / 4x4_Highway Terrain (H/T)_0015,0.1816
SUV_/_4x4_|_Highway_Terrain_(H/T)_Community_03,Sailun_SUV / 4x4_Highway Terrain (H/T)_0047,Roadmarch_SUV / 4x4_Highway Terrain (H/T)_0015,0.0772
SUV_/_4x4_|_Highway_Terrain_(H/T)_Community_03,Toyo Tires_SUV / 4x4_Highway Terrain (H/T)_0064,Roadmarch_SUV / 4x4_Highway Terrain (H/T)_0015,0.2924
SUV_/_4x4_|_Highway_Terrain_(H/T)_Community_03,Westlake_SUV / 4x4_Highway Terrain (H/T)_0071,Roadmarch_SUV / 4x4_Highway Terrain (H/T)_0015,0.5347
SUV_/_4x4_|_Highway_Terrain_(H/T)_Community_03,Hankook_SUV / 4x4_Highway Terrain (H/T)_0013,Roadmarch_SUV / 4x4_Highway Terrain (H/T)_0024,0.2228
SUV_/_4x4_|_Highway_Terrain_(H/T)_Community_03,Pirelli_SUV / 4x4_Highway Terrain (H/T)_0005,Roadmarch_SUV / 4x4_Highway Terrain (H/T)_0024,0.3167
SUV_/_4x4_|_Highway_Terrain_(H/T)_Community_03,Roadmarch_SUV / 4x4_Highway Terrain (H/T)_0015,Roadmarch_SUV / 4x4_Highway Terrain (H/T)_0024,0.5755
SUV_/_4x4_|_Highway_Terrain_(H/T)_Community_03,Tomket_SUV / 4x4_Highway Terrain (H/T)_0028,Roadmarch_SUV / 4x4_Highway Terrain (H/T)_0024,0.0913
SUV_/_4x4_|_Highway_Terrain_(H/T)_Community_03,Toyo Tires_SUV / 4x4_Highway Terrain (H/T)_0030,Roadmarch_SUV / 4x4_Highway Terrain (H/T)_0024,0.2416
SUV_/_4x4_|_Highway_Terrain_(H/T)_Community_03,Toyo Tires_SUV / 4x4_Highway Terrain (H/T)_0064,Roadmarch_SUV / 4x4_Highway Terrain (H/T)_0024,0.2001
SUV_/_4x4_|_Highway_Terrain_(H/T)_Community_03,Wanli_SUV / 4x4_Highway Terrain (H/T)_0038,Roadmarch_SUV / 4x4_Highway Terrain (H/T)_0024,0.0952
SUV_/_4x4_|_Highway_Terrain_(H/T)_Community_03,Westlake_SUV / 4x4_Highway Terrain (H/T)_0050,Roadmarch_SUV / 4x4_Highway Terrain (H/T)_0024,0.3386
SUV_/_4x4_|_Highway_Terrain_(H/T)_Community_03,Yokohama_SUV / 4x4_Highway Terrain (H/T)_0035,Roadmarch_SUV / 4x4_Highway Terrain (H/T)_0024,0.0552
SUV_/_4x4_|_Highway_Terrain_(H/T)_Community_03,Yokohama_SUV / 4x4_Highway Terrain (H/T)_0046,Roadmarch_SUV / 4x4_Highway Terrain (H/T)_0024,0.0685
SUV_/_4x4_|_Highway_Terrain_(H/T)_Community_03,Falken_SUV / 4x4_Highway Terrain (H/T)_0031,Sailun_SUV / 4x4_Highway Terrain (H/T)_0047,0.2971
SUV_/_4x4_|_Highway_Terrain_(H/T)_Community_03,GT Radial_SUV / 4x4_Highway Terrain (H/T)_0004,Sailun_SUV / 4x4_Highway Terrain (H/T)_0047,0.9737
SUV_/_4x4_|_Highway_Terrain_(H/T)_Community_03,Pirelli_SUV / 4x4_Highway Terrain (H/T)_0067,Sailun_SUV / 4x4_Highway Terrain (H/T)_0047,0.1659
SUV_/_4x4_|_Highway_Terrain_(H/T)_Community_03,Roadmarch_SUV / 4x4_Highway Terrain (H/T)_0015,Sailun_SUV / 4x4_Highway Terrain (H/T)_0047,0.3496
SUV_/_4x4_|_Highway_Terrain_(H/T)_Community_03,Toyo Tires_SUV / 4x4_Highway Terrain (H/T)_0064,Sailun_SUV / 4x4_Highway Terrain (H/T)_0047,0.165
SUV_/_4x4_|_Highway_Terrain_(H/T)_Community_03,Westlake_SUV / 4x4_Highway Terrain (H/T)_0070,Sailun_SUV / 4x4_Highway Terrain (H/T)_0047,0.1622
SUV_/_4x4_|_Highway_Terrain_(H/T)_Community_03,Yokohama_SUV / 4x4_Highway Terrain (H/T)_0035,Sailun_SUV / 4x4_Highway Terrain (H/T)_0047,0.1872
SUV_/_4x4_|_Highway_Terrain_(H/T)_Community_03,Continental_SUV / 4x4_Highway Terrain (H/T)_0029,Tomket_SUV / 4x4_Highway Terrain (H/T)_0028,0.3374
SUV_/_4x4_|_Highway_Terrain_(H/T)_Community_03,Nokian_SUV / 4x4_Highway Terrain (H/T)_0002,Tomket_SUV / 4x4_Highway Terrain (H/T)_0028,0.0978
SUV_/_4x4_|_Highway_Terrain_(H/T)_Community_03,Pirelli_SUV / 4x4_Highway Terrain (H/T)_0005,Tomket_SUV / 4x4_Highway Terrain (H/T)_0028,0.356
SUV_/_4x4_|_Highway_Terrain_(H/T)_Community_03,Wanli_SUV / 4x4_Highway Terrain (H/T)_0038,Tomket_SUV / 4x4_Highway Terrain (H/T)_0028,0.4491
SUV_/_4x4_|_Highway_Terrain_(H/T)_Community_03,Westlake_SUV / 4x4_Highway Terrain (H/T)_0050,Tomket_SUV / 4x4_Highway Terrain (H/T)_0028,0.6047
SUV_/_4x4_|_Highway_Terrain_(H/T)_Community_03,Westlake_SUV / 4x4_Highway Terrain (H/T)_0071,Tomket_SUV / 4x4_Highway Terrain (H/T)_0028,0.4481
SUV_/_4x4_|_Highway_Terrain_(H/T)_Community_03,Cooper Tires_SUV / 4x4_Highway Terrain (H/T)_0016,Toyo Tires_SUV / 4x4_Highway Terrain (H/T)_0030,0.3465
SUV_/_4x4_|_Highway_Terrain_(H/T)_Community_03,Falken_SUV / 4x4_Highway Terrain (H/T)_0031,Toyo Tires_SUV / 4x4_Highway Terrain (H/T)_0030,0.6184
SUV_/_4x4_|_Highway_Terrain_(H/T)_Community_03,General Tire_SUV / 4x4_Highway Terrain (H/T)_0025,Toyo Tires_SUV / 4x4_Highway Terrain (H/T)_0030,0.4842
SUV_/_4x4_|_Highway_Terrain_(H/T)_Community_03,Pirelli_SUV / 4x4_Highway Terrain (H/T)_0074,Toyo Tires_SUV / 4x4_Highway Terrain (H/T)_0030,0.1598
SUV_/_4x4_|_Highway_Terrain_(H/T)_Community_03,Roadmarch_SUV / 4x4_Highway Terrain (H/T)_0024,Toyo Tires_SUV / 4x4_Highway Terrain (H/T)_0030,0.5869
SUV_/_4x4_|_Highway_Terrain_(H/T)_Community_03,Dunlop_SUV / 4x4_Highway Terrain (H/T)_0055,Toyo Tires_SUV / 4x4_Highway Terrain (H/T)_0064,0.7525
SUV_/_4x4_|_Highway_Terrain_(H/T)_Community_03,Linglong_SUV / 4x4_Highway Terrain (H/T)_0048,Toyo Tires_SUV / 4x4_Highway Terrain (H/T)_0064,0.6098
SUV_/_4x4_|_Highway_Terrain_(H/T)_Community_03,Pirelli_SUV / 4x4_Highway Terrain (H/T)_0074,Toyo Tires_SUV / 4x4_Highway Terrain (H/T)_0064,0.1835
SUV_/_4x4_|_Highway_Terrain_(H/T)_Community_03,Tomket_SUV / 4x4_Highway Terrain (H/T)_0028,Toyo Tires_SUV / 4x4_Highway Terrain (H/T)_0064,0.1853
SUV_/_4x4_|_Highway_Terrain_(H/T)_Community_03,Toyo Tires_SUV / 4x4_Highway Terrain (H/T)_0030,Toyo Tires_SUV / 4x4_Highway Terrain (H/T)_0064,0.3969
SUV_/_4x4_|_Highway_Terrain_(H/T)_Community_03,Tracmax_SUV / 4x4_Highway Terrain (H/T)_0026,Toyo Tires_SUV / 4x4_Highway Terrain (H/T)_0064,0.353
SUV_/_4x4_|_Highway_Terrain_(H/T)_Community_03,Bridgestone_SUV / 4x4_Highway Terrain (H/T)_0056,Tracmax_SUV / 4x4_Highway Terrain (H/T)_0026,0.2987
SUV_/_4x4_|_Highway_Terrain_(H/T)_Community_03,Continental_SUV / 4x4_Highway Terrain (H/T)_0029,Tracmax_SUV / 4x4_Highway Terrain (H/T)_0026,0.0574
SUV_/_4x4_|_Highway_Terrain_(H/T)_Community_03,Dunlop_SUV / 4x4_Highway Terrain (H/T)_0055,Tracmax_SUV / 4x4_Highway Terrain (H/T)_0026,0.3833
SUV_/_4x4_|_Highway_Terrain_(H/T)_Community_03,Hankook_SUV / 4x4_Highway Terrain (H/T)_0013,Tracmax_SUV / 4x4_Highway Terrain (H/T)_0026,0.5789
SUV_/_4x4_|_Highway_Terrain_(H/T)_Community_03,Pirelli_SUV / 4x4_Highway Terrain (H/T)_0074,Tracmax_SUV / 4x4_Highway Terrain (H/T)_0026,0.6173
SUV_/_4x4_|_Highway_Terrain_(H/T)_Community_03,Westlake_SUV / 4x4_Highway Terrain (H/T)_0006,Tracmax_SUV / 4x4_Highway Terrain (H/T)_0026,0.5085
SUV_/_4x4_|_Highway_Terrain_(H/T)_Community_03,Continental_SUV / 4x4_Highway Terrain (H/T)_0029,Triangle_SUV / 4x4_Highway Terrain (H/T)_0042,0.2285
SUV_/_4x4_|_Highway_Terrain_(H/T)_Community_03,Linglong_SUV / 4x4_Highway Terrain (H/T)_0048,Triangle_SUV / 4x4_Highway Terrain (H/T)_0042,0.7363
SUV_/_4x4_|_Highway_Terrain_(H/T)_Community_03,Toyo Tires_SUV / 4x4_Highway Terrain (H/T)_0064,Triangle_SUV / 4x4_Highway Terrain (H/T)_0042,0.6043
SUV_/_4x4_|_Highway_Terrain_(H/T)_Community_03,Vredestein_SUV / 4x4_Highway Terrain (H/T)_0043,Triangle_SUV / 4x4_Highway Terrain (H/T)_0042,0.8139
SUV_/_4x4_|_Highway_Terrain_(H/T)_Community_03,General Tire_SUV / 4x4_Highway Terrain (H/T)_0025,Vredestein_SUV / 4x4_Highway Terrain (H/T)_0043,0.462
SUV_/_4x4_|_Highway_Terrain_(H/T)_Community_03,Goodride_SUV / 4x4_Highway Terrain (H/T)_0065,Vredestein_SUV / 4x4_Highway Terrain (H/T)_0043,0.0664
SUV_/_4x4_|_Highway_Terrain_(H/T)_Community_03,Linglong_SUV / 4x4_Highway Terrain (H/T)_0077,Vredestein_SUV / 4x4_Highway Terrain (H/T)_0043,0.2722
SUV_/_4x4_|_Highway_Terrain_(H/T)_Community_03,Toyo Tires_SUV / 4x4_Highway Terrain (H/T)_0030,Vredestein_SUV / 4x4_Highway Terrain (H/T)_0043,0.211
SUV_/_4x4_|_Highway_Terrain_(H/T)_Community_03,Toyo Tires_SUV / 4x4_Highway Terrain (H/T)_0064,Vredestein_SUV / 4x4_Highway Terrain (H/T)_0043,0.8626
SUV_/_4x4_|_Highway_Terrain_(H/T)_Community_03,Yokohama_SUV / 4x4_Highway Terrain (H/T)_0051,Vredestein_SUV / 4x4_Highway Terrain (H/T)_0043,0.2281
SUV_/_4x4_|_Highway_Terrain_(H/T)_Community_03,Falken_SUV / 4x4_Highway Terrain (H/T)_0031,Wanli_SUV / 4x4_Highway Terrain (H/T)_0038,0.6657
SUV_/_4x4_|_Highway_Terrain_(H/T)_Community_03,General Tire_SUV / 4x4_Highway Terrain (H/T)_0054,Wanli_SUV / 4x4_Highway Terrain (H/T)_0038,0.0912
SUV_/_4x4_|_Highway_Terrain_(H/T)_Community_03,Goodride_SUV / 4x4_Highway Terrain (H/T)_0065,Wanli_SUV / 4x4_Highway Terrain (H/T)_0038,0.6687
SUV_/_4x4_|_Highway_Terrain_(H/T)_Community_03,Pirelli_SUV / 4x4_Highway Terrain (H/T)_0074,Wanli_SUV / 4x4_Highway Terrain (H/T)_0038,0.16
SUV_/_4x4_|_Highway_Terrain_(H/T)_Community_03,Westlake_SUV / 4x4_Highway Terrain (H/T)_0071,Wanli_SUV / 4x4_Highway Terrain (H/T)_0038,0.6762
SUV_/_4x4_|_Highway_Terrain_(H/T)_Community_03,Bridgestone_SUV / 4x4_Highway Terrain (H/T)_0056,Westlake_SUV / 4x4_Highway Terrain (H/T)_0006,0.7095
SUV_/_4x4_|_Highway_Terrain_(H/T)_Community_03,Dunlop_SUV / 4x4_Highway Terrain (H/T)_0055,Westlake_SUV / 4x4_Highway Terrain (H/T)_0006,0.6672
SUV_/_4x4_|_Highway_Terrain_(H/T)_Community_03,GT Radial_SUV / 4x4_Highway Terrain (H/T)_0004,Westlake_SUV / 4x4_Highway Terrain (H/T)_0006,0.314
SUV_/_4x4_|_Highway_Terrain_(H/T)_Community_03,Pirelli_SUV / 4x4_Highway Terrain (H/T)_0067,Westlake_SUV / 4x4_Highway Terrain (H/T)_0006,0.2133
SUV_/_4x4_|_Highway_Terrain_(H/T)_Community_03,Roadmarch_SUV / 4x4_Highway Terrain (H/T)_0015,Westlake_SUV / 4x4_Highway Terrain (H/T)_0006,0.3309
SUV_/_4x4_|_Highway_Terrain_(H/T)_Community_03,GT Radial_SUV / 4x4_Highway Terrain (H/T)_0004,Westlake_SUV / 4x4_Highway Terrain (H/T)_0050,0.2551
SUV_/_4x4_|_Highway_Terrain_(H/T)_Community_03,Linglong_SUV / 4x4_Highway Terrain (H/T)_0077,Westlake_SUV / 4x4_Highway Terrain (H/T)_0050,1.1015
SUV_/_4x4_|_Highway_Terrain_(H/T)_Community_03,Westlake_SUV / 4x4_Highway Terrain (H/T)_0071,Westlake_SUV / 4x4_Highway Terrain (H/T)_0050,0.4199
SUV_/_4x4_|_Highway_Terrain_(H/T)_Community_03,Yokohama_SUV / 4x4_Highway Terrain (H/T)_0051,Westlake_SUV / 4x4_Highway Terrain (H/T)_0050,0.7556
SUV_/_4x4_|_Highway_Terrain_(H/T)_Community_03,Cooper Tires_SUV / 4x4_Highway Terrain (H/T)_0016,Westlake_SUV / 4x4_Highway Terrain (H/T)_0070,0.3957
SUV_/_4x4_|_Highway_Terrain_(H/T)_Community_03,Falken_SUV / 4x4_Highway Terrain (H/T)_0031,Westlake_SUV / 4x4_Highway Terrain (H/T)_0070,0.4619
SUV_/_4x4_|_Highway_Terrain_(H/T)_Community_03,Pirelli_SUV / 4x4_Highway Terrain (H/T)_0074,Westlake_SUV / 4x4_Highway Terrain (H/T)_0070,0.4304
SUV_/_4x4_|_Highway_Terrain_(H/T)_Community_03,Roadmarch_SUV / 4x4_Highway Terrain (H/T)_0015,Westlake_SUV / 4x4_Highway Terrain (H/T)_0070,0.2289
SUV_/_4x4_|_Highway_Terrain_(H/T)_Community_03,Vredestein_SUV / 4x4_Highway Terrain (H/T)_0043,Westlake_SUV / 4x4_Highway Terrain (H/T)_0070,0.4614
SUV_/_4x4_|_Highway_Terrain_(H/T)_Community_03,Westlake_SUV / 4x4_Highway Terrain (H/T)_0050,Westlake_SUV / 4x4_Highway Terrain (H/T)_0070,0.348
SUV_/_4x4_|_Highway_Terrain_(H/T)_Community_03,Falken_SUV / 4x4_Highway Terrain (H/T)_0031,Westlake_SUV / 4x4_Highway Terrain (H/T)_0071,0.1787
SUV_/_4x4_|_Highway_Terrain_(H/T)_Community_03,GT Radial_SUV / 4x4_Highway Terrain (H/T)_0004,Westlake_SUV / 4x4_Highway Terrain (H/T)_0071,0.7592
SUV_/_4x4_|_Highway_Terrain_(H/T)_Community_03,Hankook_SUV / 4x4_Highway Terrain (H/T)_0013,Westlake_SUV / 4x4_Highway Terrain (H/T)_0071,0.3612
SUV_/_4x4_|_Highway_Terrain_(H/T)_Community_03,Sailun_SUV / 4x4_Highway Terrain (H/T)_0047,Westlake_SUV / 4x4_Highway Terrain (H/T)_0071,0.6731
SUV_/_4x4_|_Highway_Terrain_(H/T)_Community_03,Westlake_SUV / 4x4_Highway Terrain (H/T)_0070,Westlake_SUV / 4x4_Highway Terrain (H/T)_0071,0.2165
SUV_/_4x4_|_Highway_Terrain_(H/T)_Community_03,Continental_SUV / 4x4_Highway Terrain (H/T)_0029,Yokohama_SUV / 4x4_Highway Terrain (H/T)_0035,0.6156
SUV_/_4x4_|_Highway_Terrain_(H/T)_Community_03,Cooper Tires_SUV / 4x4_Highway Terrain (H/T)_0016,Yokohama_SUV / 4x4_Highway Terrain (H/T)_0035,0.0541
SUV_/_4x4_|_Highway_Terrain_(H/T)_Community_03,Pirelli_SUV / 4x4_Highway Terrain (H/T)_0005,Yokohama_SUV / 4x4_Highway Terrain (H/T)_0035,0.3965
SUV_/_4x4_|_Highway_Terrain_(H/T)_Community_03,Roadmarch_SUV / 4x4_Highway Terrain (H/T)_0024,Yokohama_SUV / 4x4_Highway Terrain (H/T)_0035,0.3366
SUV_/_4x4_|_Highway_Terrain_(H/T)_Community_03,Sailun_SUV / 4x4_Highway Terrain (H/T)_0047,Yokohama_SUV / 4x4_Highway Terrain (H/T)_0035,0.0561
SUV_/_4x4_|_Highway_Terrain_(H/T)_Community_03,Tomket_SUV / 4x4_Highway Terrain (H/T)_0028,Yokohama_SUV / 4x4_Highway Terrain (H/T)_0035,0.5195
SUV_/_4x4_|_Highway_Terrain_(H/T)_Community_03,Westlake_SUV / 4x4_Highway Terrain (H/T)_0006,Yokohama_SUV / 4x4_Highway Terrain (H/T)_0035,0.1749
SUV_/_4x4_|_Highway_Terrain_(H/T)_Community_03,Yokohama_SUV / 4x4_Highway Terrain (H/T)_0051,Yokohama_SUV / 4x4_Highway Terrain (H/T)_0035,0.0529
SUV_/_4x4_|_Highway_Terrain_(H/T)_Community_03,Goodride_SUV / 4x4_Highway Terrain (H/T)_0065,Yokohama_SUV / 4x4_Highway Terrain (H/T)_0046,1.231
SUV_/_4x4_|_Highway_Terrain_(H/T)_Community_03,Linglong_SUV / 4x4_Highway Terrain (H/T)_0058,Yokohama_SUV / 4x4_Highway Terrain (H/T)_0046,0.3969
SUV_/_4x4_|_Highway_Terrain_(H/T)_Community_03,Toyo Tires_SUV / 4x4_Highway Terrain (H/T)_0064,Yokohama_SUV / 4x4_Highway Terrain (H/T)_0046,0.3299
SUV_/_4x4_|_Highway_Terrain_(H/T)_Community_03,Westlake_SUV / 4x4_Highway Terrain (H/T)_0071,Yokohama_SUV / 4x4_Highway Terrain (H/T)_0046,0.462
SUV_/_4x4_|_Highway_Terrain_(H/T)_Community_03,Bridgestone_SUV / 4x4_Highway Terrain (H/T)_0056,Yokohama_SUV / 4x4_Highway Terrain (H/T)_0051,0.7158
SUV_/_4x4_|_Highway_Terrain_(H/T)_Community_03,Nokian_SUV / 4x4_Highway Terrain (H/T)_0002,Yokohama_SUV / 4x4_Highway Terrain (H/T)_0051,0.1307
SUV_/_4x4_|_Highway_Terrain_(H/T)_Community_03,Roadmarch_SUV / 4x4_Highway Terrain (H/T)_0015,Yokohama_SUV / 4x4_Highway Terrain (H/T)_0051,0.3041
SUV_/_4x4_|_Highway_Terrain_(H/T)_Community_03,Sailun_SUV / 4x4_Highway Terrain (H/T)_0047,Yokohama_SUV / 4x4_Highway Terrain (H/T)_0051,0.1515
SUV_/_4x4_|_Highway_Terrain_(H/T)_Community_03,Triangle_SUV / 4x4_Highway Terrain (H/T)_0042,Yokohama_SUV / 4x4_Highway Terrain (H/T)_0051,0.0802
SUV_/_4x4_|_Highway_Terrain_(H/T)_Community_03,Westlake_SUV / 4x4_Highway Terrain (H/T)_0071,Yokohama_SUV / 4x4_Highway Terrain (H/T)_0051,0.7226
Agrícola_|_Tractor_Community_03,Hankook_Agrícola_Tractor_0003,Continental_Agrícola_Tractor_0072,0.3602
Agrícola_|_Tractor_Community_03,Linglong_Agrícola_Tractor_0055,Continental_Agrícola_Tractor_0072,0.1769
Agrícola_|_Tractor_Community_03,Michelin_Agrícola_Tractor_0047,Continental_Agrícola_Tractor_0072,0.2313
Agrícola_|_Tractor_Community_03,Minerva_Agrícola_Tractor_0023,Continental_Agrícola_Tractor_0072,0.4314
Agrícola_|_Tractor_Community_03,Nexen_Agrícola_Tractor_0008,Continental_Agrícola_Tractor_0072,0.2589
Agrícola_|_Tractor_Community_03,Continental_Agrícola_Tractor_0072,Dunlop_Agrícola_Tractor_0006,0.448
Agrícola_|_Tractor_Community_03,Michelin_Agrícola_Tractor_0047,Dunlop_Agrícola_Tractor_0006,0.1224
Agrícola_|_Tractor_Community_03,Michelin_Agrícola_Tractor_0053,Dunlop_Agrícola_Tractor_0006,0.3254
Agrícola_|_Tractor_Community_03,Minerva_Agrícola_Tractor_0023,Dunlop_Agrícola_Tractor_0006,0.3835
Agrícola_|_Tractor_Community_03,Minerva_Agrícola_Tractor_0071,Dunlop_Agrícola_Tractor_0006,0.0943
Agrícola_|_Tractor_Community_03,Nokian_Agrícola_Tractor_0025,Dunlop_Agrícola_Tractor_0006,0.151
Agrícola_|_Tractor_Community_03,Firestone_Agrícola_Tractor_0014,Dunlop_Agrícola_Tractor_0009,0.3837
Agrícola_|_Tractor_Community_03,Hifly_Agrícola_Tractor_0049,Dunlop_Agrícola_Tractor_0009,0.4077
Agrícola_|_Tractor_Community_03,Minerva_Agrícola_Tractor_0023,Dunlop_Agrícola_Tractor_0009,0.7222
Agrícola_|_Tractor_Community_03,Continental_Agrícola_Tractor_0072,Falken_Agrícola_Tractor_0002,0.2495
Agrícola_|_Tractor_Community_03,Dunlop_Agrícola_Tractor_0006,Falken_Agrícola_Tractor_0002,0.2943
Agrícola_|_Tractor_Community_03,Goodyear_Agrícola_Tractor_0058,Falken_Agrícola_Tractor_0002,0.2246
Agrícola_|_Tractor_Community_03,Nokian_Agrícola_Tractor_0025,Falken_Agrícola_Tractor_0002,0.3628
Agrícola_|_Tractor_Community_03,Toyo Tires_Agrícola_Tractor_0048,Falken_Agrícola_Tractor_0002,0.2136
Agrícola_|_Tractor_Community_03,Dunlop_Agrícola_Tractor_0006,Firestone_Agrícola_Tractor_0014,0.1186
Agrícola_|_Tractor_Community_03,Dunlop_Agrícola_Tractor_0009,Firestone_Agrícola_Tractor_0014,0.185
Agrícola_|_Tractor_Community_03,Goodride_Agrícola_Tractor_0041,Firestone_Agrícola_Tractor_0014,0.0764
Agrícola_|_Tractor_Community_03,Hifly_Agrícola_Tractor_0049,Firestone_Agrícola_Tractor_0014,0.4841
Agrícola_|_Tractor_Community_03,Nexen_Agrícola_Tractor_0064,Firestone_Agrícola_Tractor_0014,0.2196
Agrícola_|_Tractor_Community_03,Tracmax_Agrícola_Tractor_0028,Firestone_Agrícola_Tractor_0014,0.1096
Agrícola_|_Tractor_Community_03,Westlake_Agrícola_Tractor_0034,Firestone_Agrícola_Tractor_0014,0.2341
Agrícola_|_Tractor_Community_03,Continental_Agrícola_Tractor_0072,Firestone_Agrícola_Tractor_0039,0.4378
Agrícola_|_Tractor_Community_03,Firestone_Agrícola_Tractor_0014,Firestone_Agrícola_Tractor_0039,0.3456
Agrícola_|_Tractor_Community_03,Goodyear_Agrícola_Tractor_0058,Firestone_Agrícola_Tractor_0039,0.7272
Agrícola_|_Tractor_Community_03,Dunlop_Agrícola_Tractor_0009,General Tire_Agrícola_Tractor_0063,0.3616
Agrícola_|_Tractor_Community_03,Hankook_Agrícola_Tractor_0017,General Tire_Agrícola_Tractor_0063,0.2184
Agrícola_|_Tractor_Community_03,Michelin_Agrícola_Tractor_0053,General Tire_Agrícola_Tractor_0063,0.517
Agrícola_|_Tractor_Community_03,Nexen_Agrícola_Tractor_0008,General Tire_Agrícola_Tractor_0063,0.0911
Agrícola_|_Tractor_Community_03,Nexen_Agrícola_Tractor_0042,General Tire_Agrícola_Tractor_0063,0.2485
Agrícola_|_Tractor_Community_03,Dunlop_Agrícola_Tractor_0009,Goodride_Agrícola_Tractor_0041,0.1531
Agrícola_|_Tractor_Community_03,Firestone_Agrícola_Tractor_0039,Goodride_Agrícola_Tractor_0041,0.2423
Agrícola_|_Tractor_Community_03,Linglong_Agrícola_Tractor_0055,Goodride_Agrícola_Tractor_0041,0.6143
Agrícola_|_Tractor_Community_03,Michelin_Agrícola_Tractor_0018,Goodride_Agrícola_Tractor_0041,0.082
Agrícola_|_Tractor_Community_03,Nexen_Agrícola_Tractor_0042,Goodride_Agrícola_Tractor_0041,0.3255
Agrícola_|_Tractor_Community_03,Toyo Tires_Agrícola_Tractor_0048,Goodride_Agrícola_Tractor_0041,0.0827
Agrícola_|_Tractor_Community_03,Dunlop_Agrícola_Tractor_0009,Goodyear_Agrícola_Tractor_0058,0.4524
Agrícola_|_Tractor_Community_03,Michelin_Agrícola_Tractor_0018,Goodyear_Agrícola_Tractor_0058,0.4878
Agrícola_|_Tractor_Community_03,Nexen_Agrícola_Tractor_0008,Goodyear_Agrícola_Tractor_0058,0.406
Agrícola_|_Tractor_Community_03,Firestone_Agrícola_Tractor_0014,Hankook_Agrícola_Tractor_0003,0.257
Agrícola_|_Tractor_Community_03,Minerva_Agrícola_Tractor_0071,Hankook_Agrícola_Tractor_0003,0.577
Agrícola_|_Tractor_Community_03,Tracmax_Agrícola_Tractor_0028,Hankook_Agrícola_Tractor_0003,0.7131
Agrícola_|_Tractor_Community_03,Falken_Agrícola_Tractor_0002,Hankook_Agrícola_Tractor_0017,0.3285
Agrícola_|_Tractor_Community_03,Firestone_Agrícola_Tractor_0014,Hankook_Agrícola_Tractor_0017,0.8681
Agrícola_|_Tractor_Community_03,Toyo Tires_Agrícola_Tractor_0048,Hankook_Agrícola_Tractor_0017,0.2704
Agrícola_|_Tractor_Community_03,Dunlop_Agrícola_Tractor_0009,Hankook_Agrícola_Tractor_0020,0.3339
Agrícola_|_Tractor_Community_03,Falken_Agrícola_Tractor_0002,Hankook_Agrícola_Tractor_0020,0.1491
Agrícola_|_Tractor_Community_03,Hankook_Agrícola_Tractor_0003,Hankook_Agrícola_Tractor_0020,0.0717
Agrícola_|_Tractor_Community_03,Hankook_Agrícola_Tractor_0017,Hankook_Agrícola_Tractor_0020,0.2618
Agrícola_|_Tractor_Community_03,Michelin_Agrícola_Tractor_0047,Hankook_Agrícola_Tractor_0020,0.6049
Agrícola_|_Tractor_Community_03,Continental_Agrícola_Tractor_0072,Hifly_Agrícola_Tractor_0049,0.074
Agrícola_|_Tractor_Community_03,Dunlop_Agrícola_Tractor_0006,Hifly_Agrícola_Tractor_0049,0.663
Agrícola_|_Tractor_Community_03,Goodride_Agrícola_Tractor_0041,Hifly_Agrícola_Tractor_0049,0.1066
Agrícola_|_Tractor_Community_03,Goodyear_Agrícola_Tractor_0058,Hifly_Agrícola_Tractor_0049,0.1748
Agrícola_|_Tractor_Community_03,Nokian_Agrícola_Tractor_0025,Hifly_Agrícola_Tractor_0049,0.3126
Agrícola_|_Tractor_Community_03,Toyo Tires_Agrícola_Tractor_0048,Hifly_Agrícola_Tractor_0049,0.0621
Agrícola_|_Tractor_Community_03,Firestone_Agrícola_Tractor_0014,Linglong_Agrícola_Tractor_0055,0.2108
Agrícola_|_Tractor_Community_03,General Tire_Agrícola_Tractor_0063,Linglong_Agrícola_Tractor_0055,0.1279
Agrícola_|_Tractor_Community_03,Goodride_Agrícola_Tractor_0041,Linglong_Agrícola_Tractor_0055,0.056
Agrícola_|_Tractor_Community_03,Minerva_Agrícola_Tractor_0023,Linglong_Agrícola_Tractor_0055,0.319
Agrícola_|_Tractor_Community_03,Nexen_Agrícola_Tractor_0008,Linglong_Agrícola_Tractor_0055,0.2357
Agrícola_|_Tractor_Community_03,Westlake_Agrícola_Tractor_0034,Linglong_Agrícola_Tractor_0055,0.53
Agrícola_|_Tractor_Community_03,Firestone_Agrícola_Tractor_0014,Michelin_Agrícola_Tractor_0018,0.3389
Agrícola_|_Tractor_Community_03,Hankook_Agrícola_Tractor_0003,Michelin_Agrícola_Tractor_0018,0.3347
Agrícola_|_Tractor_Community_03,Hifly_Agrícola_Tractor_0049,Michelin_Agrícola_Tractor_0018,0.413
Agrícola_|_Tractor_Community_03,Nokian_Agrícola_Tractor_0025,Michelin_Agrícola_Tractor_0018,0.2337
Agrícola_|_Tractor_Community_03,Dunlop_Agrícola_Tractor_0009,Michelin_Agrícola_Tractor_0047,0.3353
Agrícola_|_Tractor_Community_03,Goodride_Agrícola_Tractor_0041,Michelin_Agrícola_Tractor_0047,0.5199
Agrícola_|_Tractor_Community_03,Hankook_Agrícola_Tractor_0020,Michelin_Agrícola_Tractor_0047,0.0531
Agrícola_|_Tractor_Community_03,Hifly_Agrícola_Tractor_0049,Michelin_Agrícola_Tractor_0047,0.1076
Agrícola_|_Tractor_Community_03,Linglong_Agrícola_Tractor_0055,Michelin_Agrícola_Tractor_0047,0.0849
Agrícola_|_Tractor_Community_03,Michelin_Agrícola_Tractor_0053,Michelin_Agrícola_Tractor_0047,0.0661
Agrícola_|_Tractor_Community_03,Nexen_Agrícola_Tractor_0042,Michelin_Agrícola_Tractor_0047,0.4021
Agrícola_|_Tractor_Community_03,Dunlop_Agrícola_Tractor_0006,Michelin_Agrícola_Tractor_0053,0.1576
Agrícola_|_Tractor_Community_03,Dunlop_Agrícola_Tractor_0009,Michelin_Agrícola_Tractor_0053,0.3922
Agrícola_|_Tractor_Community_03,Firestone_Agrícola_Tractor_0039,Michelin_Agrícola_Tractor_0053,0.371
Agrícola_|_Tractor_Community_03,Hankook_Agrícola_Tractor_0020,Michelin_Agrícola_Tractor_0053,0.2211
Agrícola_|_Tractor_Community_03,Nexen_Agrícola_Tractor_0064,Michelin_Agrícola_Tractor_0053,0.2308
Agrícola_|_Tractor_Community_03,Tracmax_Agrícola_Tractor_0028,Michelin_Agrícola_Tractor_0053,0.1558
Agrícola_|_Tractor_Community_03,Hifly_Agrícola_Tractor_0049,Minerva_Agrícola_Tractor_0023,0.2998
Agrícola_|_Tractor_Community_03,Linglong_Agrícola_Tractor_0055,Minerva_Agrícola_Tractor_0023,0.2722
Agrícola_|_Tractor_Community_03,Michelin_Agrícola_Tractor_0053,Minerva_Agrícola_Tractor_0023,0.4801
Agrícola_|_Tractor_Community_03,Nexen_Agrícola_Tractor_0042,Minerva_Agrícola_Tractor_0023,0.2645
Agrícola_|_Tractor_Community_03,Dunlop_Agrícola_Tractor_0006,Minerva_Agrícola_Tractor_0071,0.4661
Agrícola_|_Tractor_Community_03,Dunlop_Agrícola_Tractor_0009,Minerva_Agrícola_Tractor_0071,0.0738
Agrícola_|_Tractor_Community_03,Michelin_Agrícola_Tractor_0047,Minerva_Agrícola_Tractor_0071,0.0826
Agrícola_|_Tractor_Community_03,Minerva_Agrícola_Tractor_0023,Minerva_Agrícola_Tractor_0071,0.1997
Agrícola_|_Tractor_Community_03,Nexen_Agrícola_Tractor_0042,Minerva_Agrícola_Tractor_0071,0.3624
Agrícola_|_Tractor_Community_03,Tracmax_Agrícola_Tractor_0028,Minerva_Agrícola_Tractor_0071,0.2732
Agrícola_|_Tractor_Community_03,Continental_Agrícola_Tractor_0072,Nexen_Agrícola_Tractor_0008,0.4139
Agrícola_|_Tractor_Community_03,Firestone_Agrícola_Tractor_0014,Nexen_Agrícola_Tractor_0008,0.3463
Agrícola_|_Tractor_Community_03,Goodride_Agrícola_Tractor_0041,Nexen_Agrícola_Tractor_0008,0.22
Agrícola_|_Tractor_Community_03,Hankook_Agrícola_Tractor_0003,Nexen_Agrícola_Tractor_0008,0.3591
Agrícola_|_Tractor_Community_03,Hifly_Agrícola_Tractor_0049,Nexen_Agrícola_Tractor_0008,0.0703
Agrícola_|_Tractor_Community_03,Michelin_Agrícola_Tractor_0047,Nexen_Agrícola_Tractor_0008,0.0558
Agrícola_|_Tractor_Community_03,Goodride_Agrícola_Tractor_0041,Nexen_Agrícola_Tractor_0042,0.2189
Agrícola_|_Tractor_Community_03,Minerva_Agrícola_Tractor_0023,Nexen_Agrícola_Tractor_0042,0.608
Agrícola_|_Tractor_Community_03,Nexen_Agrícola_Tractor_0008,Nexen_Agrícola_Tractor_0042,0.0999
Agrícola_|_Tractor_Community_03,Tracmax_Agrícola_Tractor_0028,Nexen_Agrícola_Tractor_0042,0.0906
Agrícola_|_Tractor_Community_03,Westlake_Agrícola_Tractor_0034,Nexen_Agrícola_Tractor_0042,0.2384
Agrícola_|_Tractor_Community_03,Falken_Agrícola_Tractor_0002,Nexen_Agrícola_Tractor_0064,0.212
Agrícola_|_Tractor_Community_03,Hifly_Agrícola_Tractor_0049,Nexen_Agrícola_Tractor_0064,0.4247
Agrícola_|_Tractor_Community_03,Linglong_Agrícola_Tractor_0055,Nexen_Agrícola_Tractor_0064,0.0681
Agrícola_|_Tractor_Community_03,Minerva_Agrícola_Tractor_0023,Nexen_Agrícola_Tractor_0064,0.3387
Agrícola_|_Tractor_Community_03,Toyo Tires_Agrícola_Tractor_0048,Nexen_Agrícola_Tractor_0064,0.3663
Agrícola_|_Tractor_Community_03,Firestone_Agrícola_Tractor_0039,Nokian_Agrícola_Tractor_0025,0.17
Agrícola_|_Tractor_Community_03,Hankook_Agrícola_Tractor_0003,Nokian_Agrícola_Tractor_0025,0.0541
Agrícola_|_Tractor_Community_03,Minerva_Agrícola_Tractor_0071,Nokian_Agrícola_Tractor_0025,0.5513
Agrícola_|_Tractor_Community_03,Nexen_Agrícola_Tractor_0064,Nokian_Agrícola_Tractor_0025,0.7184
Agrícola_|_Tractor_Community_03,Dunlop_Agrícola_Tractor_0006,Toyo Tires_Agrícola_Tractor_0048,0.0968
Agrícola_|_Tractor_Community_03,Firestone_Agrícola_Tractor_0014,Toyo Tires_Agrícola_Tractor_0048,0.1097
Agrícola_|_Tractor_Community_03,Goodride_Agrícola_Tractor_0041,Toyo Tires_Agrícola_Tractor_0048,0.2258
Agrícola_|_Tractor_Community_03,Michelin_Agrícola_Tractor_0018,Toyo Tires_Agrícola_Tractor_0048,0.3638
Agrícola_|_Tractor_Community_03,Westlake_Agrícola_Tractor_0034,Toyo Tires_Agrícola_Tractor_0048,0.6085
Agrícola_|_Tractor_Community_03,Dunlop_Agrícola_Tractor_0009,Tracmax_Agrícola_Tractor_0028,0.2476
Agrícola_|_Tractor_Community_03,Firestone_Agrícola_Tractor_0014,Tracmax_Agrícola_Tractor_0028,0.6338
Agrícola_|_Tractor_Community_03,Michelin_Agrícola_Tractor_0053,Tracmax_Agrícola_Tractor_0028,0.2876
Agrícola_|_Tractor_Community_03,Nexen_Agrícola_Tractor_0064,Tracmax_Agrícola_Tractor_0028,0.0897
Agrícola_|_Tractor_Community_03,Westlake_Agrícola_Tractor_0034,Tracmax_Agrícola_Tractor_0028,0.0839
Agrícola_|_Tractor_Community_03,Hankook_Agrícola_Tractor_0003,Westlake_Agrícola_Tractor_0034,0.57
Agrícola_|_Tractor_Community_03,Michelin_Agrícola_Tractor_0018,Westlake_Agrícola_Tractor_0034,0.1439
Agrícola_|_Tractor_Community_03,Minerva_Agrícola_Tractor_0071,Westlake_Agrícola_Tractor_0034,0.4186
Agrícola_|_Tractor_Community_03,Nexen_Agrícola_Tractor_0064,Westlake_Agrícola_Tractor_0034,0.155
Agrícola_|_Tractor_Community_03,Nokian_Agrícola_Tractor_0025,Westlake_Agrícola_Tractor_0034,0.2274
Coche_|_Touring_Community_03,General Tire_Coche_Touring_0001,Continental_Coche_Touring_0012,0.6849
Coche_|_Touring_Community_03,Hifly_Coche_Touring_0037,Continental_Coche_Touring_0012,0.3238
Coche_|_Touring_Community_03,Uniroyal_Coche_Touring_0010,Continental_Coche_Touring_0012,1.2262
Coche_|_Touring_Community_03,Hifly_Coche_Touring_0037,General Tire_Coche_Touring_0001,0.5542
Coche_|_Touring_Community_03,Uniroyal_Coche_Touring_0010,General Tire_Coche_Touring_0001,0.7179
Coche_|_Touring_Community_03,Westlake_Coche_Touring_0042,General Tire_Coche_Touring_0001,0.9237
Coche_|_Touring_Community_03,General Tire_Coche_Touring_0001,Goodride_Coche_Touring_0051,0.7084
Coche_|_Touring_Community_03,Uniroyal_Coche_Touring_0010,Goodride_Coche_Touring_0051,0.4643
Coche_|_Touring_Community_03,Continental_Coche_Touring_0012,Hifly_Coche_Touring_0037,0.9046
Coche_|_Touring_Community_03,General Tire_Coche_Touring_0001,Hifly_Coche_Touring_0037,0.27
Coche_|_Touring_Community_03,Goodride_Coche_Touring_0051,Hifly_Coche_Touring_0037,0.062
Coche_|_Touring_Community_03,Uniroyal_Coche_Touring_0010,Hifly_Coche_Touring_0037,1.255
Coche_|_Touring_Community_03,Continental_Coche_Touring_0012,Uniroyal_Coche_Touring_0010,0.2244
Coche_|_Touring_Community_03,Hifly_Coche_Touring_0037,Uniroyal_Coche_Touring_0010,0.8009
Coche_|_Touring_Community_03,General Tire_Coche_Touring_0001,Wanli_Coche_Touring_0013,0.0563
Coche_|_Touring_Community_03,Goodride_Coche_Touring_0051,Wanli_Coche_Touring_0013,0.5461
Coche_|_Touring_Community_03,Hifly_Coche_Touring_0037,Wanli_Coche_Touring_0013,1.6945
Coche_|_Touring_Community_03,Uniroyal_Coche_Touring_0010,Wanli_Coche_Touring_0013,0.5312
Coche_|_Touring_Community_03,Continental_Coche_Touring_0012,Westlake_Coche_Touring_0042,0.6407
Coche_|_Touring_Community_03,General Tire_Coche_Touring_0001,Westlake_Coche_Touring_0042,0.2046
Coche_|_Touring_Community_03,Goodride_Coche_Touring_0051,Westlake_Coche_Touring_0042,0.5577
Coche_|_Touring_Community_03,Hifly_Coche_Touring_0037,Westlake_Coche_Touring_0042,0.2667
Furgoneta_|_Reforzado_Community_03,Cooper Tires_Furgoneta_Reforzado_0018,Continental_Furgoneta_Reforzado_0029,0.3623
Furgoneta_|_Reforzado_Community_03,Tomket_Furgoneta_Reforzado_0010,Continental_Furgoneta_Reforzado_0029,0.658
Furgoneta_|_Reforzado_Community_03,Tomket_Furgoneta_Reforzado_0042,Continental_Furgoneta_Reforzado_0029,0.4394
Furgoneta_|_Reforzado_Community_03,Wanli_Furgoneta_Reforzado_0011,Continental_Furgoneta_Reforzado_0029,0.1539
Furgoneta_|_Reforzado_Community_03,Cooper Tires_Furgoneta_Reforzado_0068,Cooper Tires_Furgoneta_Reforzado_0018,0.0873
Furgoneta_|_Reforzado_Community_03,Dunlop_Furgoneta_Reforzado_0021,Cooper Tires_Furgoneta_Reforzado_0018,0.4441
Furgoneta_|_Reforzado_Community_03,GT Radial_Furgoneta_Reforzado_0055,Cooper Tires_Furgoneta_Reforzado_0018,0.1796
Furgoneta_|_Reforzado_Community_03,Uniroyal_Furgoneta_Reforzado_0025,Cooper Tires_Furgoneta_Reforzado_0018,0.377
Furgoneta_|_Reforzado_Community_03,Wanli_Furgoneta_Reforzado_0011,Cooper Tires_Furgoneta_Reforzado_0018,0.7708
Furgoneta_|_Reforzado_Community_03,Goodride_Furgoneta_Reforzado_0013,Cooper Tires_Furgoneta_Reforzado_0068,0.2529
Furgoneta_|_Reforzado_Community_03,Michelin_Furgoneta_Reforzado_0027,Cooper Tires_Furgoneta_Reforzado_0068,0.0669
Furgoneta_|_Reforzado_Community_03,Nokian_Furgoneta_Reforzado_0046,Cooper Tires_Furgoneta_Reforzado_0068,1.0146
Furgoneta_|_Reforzado_Community_03,Nokian_Furgoneta_Reforzado_0072,Cooper Tires_Furgoneta_Reforzado_0068,0.2211
Furgoneta_|_Reforzado_Community_03,Tomket_Furgoneta_Reforzado_0041,Cooper Tires_Furgoneta_Reforzado_0068,0.2914
Furgoneta_|_Reforzado_Community_03,Cooper Tires_Furgoneta_Reforzado_0068,Dunlop_Furgoneta_Reforzado_0021,0.2566
Furgoneta_|_Reforzado_Community_03,Falken_Furgoneta_Reforzado_0051,Dunlop_Furgoneta_Reforzado_0021,0.2872
Furgoneta_|_Reforzado_Community_03,Goodride_Furgoneta_Reforzado_0033,Dunlop_Furgoneta_Reforzado_0021,0.6871
Furgoneta_|_Reforzado_Community_03,Tomket_Furgoneta_Reforzado_0041,Dunlop_Furgoneta_Reforzado_0021,0.5388
Furgoneta_|_Reforzado_Community_03,Continental_Furgoneta_Reforzado_0029,Falken_Furgoneta_Reforzado_0006,0.1325
Furgoneta_|_Reforzado_Community_03,Dunlop_Furgoneta_Reforzado_0021,Falken_Furgoneta_Reforzado_0006,0.1014
Furgoneta_|_Reforzado_Community_03,Goodride_Furgoneta_Reforzado_0013,Falken_Furgoneta_Reforzado_0006,0.8205
Furgoneta_|_Reforzado_Community_03,Michelin_Furgoneta_Reforzado_0026,Falken_Furgoneta_Reforzado_0006,0.06
Furgoneta_|_Reforzado_Community_03,Michelin_Furgoneta_Reforzado_0061,Falken_Furgoneta_Reforzado_0006,0.6638
Furgoneta_|_Reforzado_Community_03,Hankook_Furgoneta_Reforzado_0044,Falken_Furgoneta_Reforzado_0051,0.3942
Furgoneta_|_Reforzado_Community_03,Mazzini_Furgoneta_Reforzado_0069,Falken_Furgoneta_Reforzado_0051,0.1974
Furgoneta_|_Reforzado_Community_03,Michelin_Furgoneta_Reforzado_0061,Falken_Furgoneta_Reforzado_0051,0.3699
Furgoneta_|_Reforzado_Community_03,Nexen_Furgoneta_Reforzado_0043,Falken_Furgoneta_Reforzado_0051,0.5438
Furgoneta_|_Reforzado_Community_03,Tomket_Furgoneta_Reforzado_0010,Falken_Furgoneta_Reforzado_0051,0.4813
Furgoneta_|_Reforzado_Community_03,Cooper Tires_Furgoneta_Reforzado_0068,Firestone_Furgoneta_Reforzado_0040,0.093
Furgoneta_|_Reforzado_Community_03,Fulda_Furgoneta_Reforzado_0020,Firestone_Furgoneta_Reforzado_0040,0.1542
Furgoneta_|_Reforzado_Community_03,Goodyear_Furgoneta_Reforzado_0075,Firestone_Furgoneta_Reforzado_0040,0.3971
Furgoneta_|_Reforzado_Community_03,Tomket_Furgoneta_Reforzado_0010,Firestone_Furgoneta_Reforzado_0040,1.0562
Furgoneta_|_Reforzado_Community_03,Vredestein_Furgoneta_Reforzado_0032,Firestone_Furgoneta_Reforzado_0040,0.1653
Furgoneta_|_Reforzado_Community_03,Cooper Tires_Furgoneta_Reforzado_0018,Fulda_Furgoneta_Reforzado_0020,0.5788
Furgoneta_|_Reforzado_Community_03,Mazzini_Furgoneta_Reforzado_0069,Fulda_Furgoneta_Reforzado_0020,0.2218
Furgoneta_|_Reforzado_Community_03,Pirelli_Furgoneta_Reforzado_0054,Fulda_Furgoneta_Reforzado_0020,0.7824
Furgoneta_|_Reforzado_Community_03,Uniroyal_Furgoneta_Reforzado_0025,Fulda_Furgoneta_Reforzado_0020,0.1808
Furgoneta_|_Reforzado_Community_03,Mazzini_Furgoneta_Reforzado_0069,Fulda_Furgoneta_Reforzado_0052,0.7581
Furgoneta_|_Reforzado_Community_03,Michelin_Furgoneta_Reforzado_0027,Fulda_Furgoneta_Reforzado_0052,0.5054
Furgoneta_|_Reforzado_Community_03,Nokian_Furgoneta_Reforzado_0072,Fulda_Furgoneta_Reforzado_0052,0.3223
Furgoneta_|_Reforzado_Community_03,Dunlop_Furgoneta_Reforzado_0021,GT Radial_Furgoneta_Reforzado_0055,0.6438
Furgoneta_|_Reforzado_Community_03,Falken_Furgoneta_Reforzado_0051,GT Radial_Furgoneta_Reforzado_0055,0.1701
Furgoneta_|_Reforzado_Community_03,Fulda_Furgoneta_Reforzado_0020,GT Radial_Furgoneta_Reforzado_0055,0.2155
Furgoneta_|_Reforzado_Community_03,Pirelli_Furgoneta_Reforzado_0054,GT Radial_Furgoneta_Reforzado_0055,0.2101
Furgoneta_|_Reforzado_Community_03,Sailun_Furgoneta_Reforzado_0047,GT Radial_Furgoneta_Reforzado_0055,0.12
Furgoneta_|_Reforzado_Community_03,Tomket_Furgoneta_Reforzado_0010,GT Radial_Furgoneta_Reforzado_0055,0.4529
Furgoneta_|_Reforzado_Community_03,GT Radial_Furgoneta_Reforzado_0055,General Tire_Furgoneta_Reforzado_0066,1.0875
Furgoneta_|_Reforzado_Community_03,Michelin_Furgoneta_Reforzado_0026,General Tire_Furgoneta_Reforzado_0066,0.6007
Furgoneta_|_Reforzado_Community_03,Uniroyal_Furgoneta_Reforzado_0025,General Tire_Furgoneta_Reforzado_0066,0.1804
Furgoneta_|_Reforzado_Community_03,Falken_Furgoneta_Reforzado_0006,Goodride_Furgoneta_Reforzado_0013,0.1644
Furgoneta_|_Reforzado_Community_03,Firestone_Furgoneta_Reforzado_0040,Goodride_Furgoneta_Reforzado_0013,0.0903
Furgoneta_|_Reforzado_Community_03,Michelin_Furgoneta_Reforzado_0027,Goodride_Furgoneta_Reforzado_0013,0.4857
Furgoneta_|_Reforzado_Community_03,Michelin_Furgoneta_Reforzado_0061,Goodride_Furgoneta_Reforzado_0013,0.3235
Furgoneta_|_Reforzado_Community_03,Tomket_Furgoneta_Reforzado_0010,Goodride_Furgoneta_Reforzado_0013,0.073
Furgoneta_|_Reforzado_Community_03,Tomket_Furgoneta_Reforzado_0041,Goodride_Furgoneta_Reforzado_0013,0.1463
Furgoneta_|_Reforzado_Community_03,Uniroyal_Furgoneta_Reforzado_0050,Goodride_Furgoneta_Reforzado_0013,0.3652
Furgoneta_|_Reforzado_Community_03,Falken_Furgoneta_Reforzado_0051,Goodride_Furgoneta_Reforzado_0033,0.1872
Furgoneta_|_Reforzado_Community_03,General Tire_Furgoneta_Reforzado_0066,Goodride_Furgoneta_Reforzado_0033,0.4724
Furgoneta_|_Reforzado_Community_03,Tomket_Furgoneta_Reforzado_0041,Goodride_Furgoneta_Reforzado_0033,0.1298
Furgoneta_|_Reforzado_Community_03,Tomket_Furgoneta_Reforzado_0042,Goodride_Furgoneta_Reforzado_0033,0.1289
Furgoneta_|_Reforzado_Community_03,Uniroyal_Furgoneta_Reforzado_0025,Goodride_Furgoneta_Reforzado_0033,0.8979
Furgoneta_|_Reforzado_Community_03,Cooper Tires_Furgoneta_Reforzado_0018,Goodyear_Furgoneta_Reforzado_0075,0.3955
Furgoneta_|_Reforzado_Community_03,Mazzini_Furgoneta_Reforzado_0069,Goodyear_Furgoneta_Reforzado_0075,0.4058
Furgoneta_|_Reforzado_Community_03,Nexen_Furgoneta_Reforzado_0043,Goodyear_Furgoneta_Reforzado_0075,0.1256
Furgoneta_|_Reforzado_Community_03,Nokian_Furgoneta_Reforzado_0072,Goodyear_Furgoneta_Reforzado_0075,0.2784
Furgoneta_|_Reforzado_Community_03,Tomket_Furgoneta_Reforzado_0010,Goodyear_Furgoneta_Reforzado_0075,0.1838
Furgoneta_|_Reforzado_Community_03,Wanli_Furgoneta_Reforzado_0011,Goodyear_Furgoneta_Reforzado_0075,0.4706
Furgoneta_|_Reforzado_Community_03,Firestone_Furgoneta_Reforzado_0040,Hankook_Furgoneta_Reforzado_0044,0.3169
Furgoneta_|_Reforzado_Community_03,Fulda_Furgoneta_Reforzado_0020,Hankook_Furgoneta_Reforzado_0044,0.2229
Furgoneta_|_Reforzado_Community_03,Sailun_Furgoneta_Reforzado_0047,Hankook_Furgoneta_Reforzado_0044,0.0645
Furgoneta_|_Reforzado_Community_03,Tomket_Furgoneta_Reforzado_0041,Hankook_Furgoneta_Reforzado_0044,0.5537
Furgoneta_|_Reforzado_Community_03,Uniroyal_Furgoneta_Reforzado_0050,Hankook_Furgoneta_Reforzado_0044,0.662
Furgoneta_|_Reforzado_Community_03,Dunlop_Furgoneta_Reforzado_0021,Mazzini_Furgoneta_Reforzado_0069,0.324
Furgoneta_|_Reforzado_Community_03,GT Radial_Furgoneta_Reforzado_0055,Mazzini_Furgoneta_Reforzado_0069,0.2449
Furgoneta_|_Reforzado_Community_03,Goodride_Furgoneta_Reforzado_0013,Mazzini_Furgoneta_Reforzado_0069,0.2159
Furgoneta_|_Reforzado_Community_03,Michelin_Furgoneta_Reforzado_0061,Mazzini_Furgoneta_Reforzado_0069,0.3172
Furgoneta_|_Reforzado_Community_03,Sailun_Furgoneta_Reforzado_0047,Mazzini_Furgoneta_Reforzado_0069,0.155
Furgoneta_|_Reforzado_Community_03,Uniroyal_Furgoneta_Reforzado_0025,Mazzini_Furgoneta_Reforzado_0069,0.2391
Furgoneta_|_Reforzado_Community_03,Uniroyal_Furgoneta_Reforzado_0050,Mazzini_Furgoneta_Reforzado_0069,0.2415
Furgoneta_|_Reforzado_Community_03,Cooper Tires_Furgoneta_Reforzado_0018,Michelin_Furgoneta_Reforzado_0026,0.1405
Furgoneta_|_Reforzado_Community_03,Falken_Furgoneta_Reforzado_0006,Michelin_Furgoneta_Reforzado_0026,0.4623
Furgoneta_|_Reforzado_Community_03,Goodride_Furgoneta_Reforzado_0033,Michelin_Furgoneta_Reforzado_0026,0.3481
Furgoneta_|_Reforzado_Community_03,Nokian_Furgoneta_Reforzado_0046,Michelin_Furgoneta_Reforzado_0026,0.1395
Furgoneta_|_Reforzado_Community_03,Tomket_Furgoneta_Reforzado_0042,Michelin_Furgoneta_Reforzado_0026,0.1352
Furgoneta_|_Reforzado_Community_03,Uniroyal_Furgoneta_Reforzado_0049,Michelin_Furgoneta_Reforzado_0026,0.0595
Furgoneta_|_Reforzado_Community_03,Vredestein_Furgoneta_Reforzado_0032,Michelin_Furgoneta_Reforzado_0026,0.3622
Furgoneta_|_Reforzado_Community_03,Dunlop_Furgoneta_Reforzado_0021,Michelin_Furgoneta_Reforzado_0027,0.107
Furgoneta_|_Reforzado_Community_03,Mazzini_Furgoneta_Reforzado_0069,Michelin_Furgoneta_Reforzado_0027,0.2383
Furgoneta_|_Reforzado_Community_03,Nokian_Furgoneta_Reforzado_0046,Michelin_Furgoneta_Reforzado_0027,0.1883
Furgoneta_|_Reforzado_Community_03,Tomket_Furgoneta_Reforzado_0010,Michelin_Furgoneta_Reforzado_0027,0.1675
Furgoneta_|_Reforzado_Community_03,Uniroyal_Furgoneta_Reforzado_0025,Michelin_Furgoneta_Reforzado_0027,0.247
Furgoneta_|_Reforzado_Community_03,Wanli_Furgoneta_Reforzado_0011,Michelin_Furgoneta_Reforzado_0027,1.0048
Furgoneta_|_Reforzado_Community_03,Dunlop_Furgoneta_Reforzado_0021,Michelin_Furgoneta_Reforzado_0061,0.3471
Furgoneta_|_Reforzado_Community_03,Fulda_Furgoneta_Reforzado_0052,Michelin_Furgoneta_Reforzado_0061,0.388
Furgoneta_|_Reforzado_Community_03,Goodride_Furgoneta_Reforzado_0033,Michelin_Furgoneta_Reforzado_0061,0.2866
Furgoneta_|_Reforzado_Community_03,Goodyear_Furgoneta_Reforzado_0075,Michelin_Furgoneta_Reforzado_0061,0.1822
Furgoneta_|_Reforzado_Community_03,Michelin_Furgoneta_Reforzado_0027,Michelin_Furgoneta_Reforzado_0061,0.4411
Furgoneta_|_Reforzado_Community_03,Vredestein_Furgoneta_Reforzado_0032,Michelin_Furgoneta_Reforzado_0061,0.1415
Furgoneta_|_Reforzado_Community_03,Falken_Furgoneta_Reforzado_0006,Nexen_Furgoneta_Reforzado_0043,0.2709
Furgoneta_|_Reforzado_Community_03,GT Radial_Furgoneta_Reforzado_0055,Nexen_Furgoneta_Reforzado_0043,0.1414
Furgoneta_|_Reforzado_Community_03,Michelin_Furgoneta_Reforzado_0061,Nexen_Furgoneta_Reforzado_0043,0.5952
Furgoneta_|_Reforzado_Community_03,Nokian_Furgoneta_Reforzado_0072,Nexen_Furgoneta_Reforzado_0043,0.5714
Furgoneta_|_Reforzado_Community_03,Sailun_Furgoneta_Reforzado_0047,Nexen_Furgoneta_Reforzado_0043,0.1628
Furgoneta_|_Reforzado_Community_03,Goodride_Furgoneta_Reforzado_0013,Nexen_Furgoneta_Reforzado_0053,0.4635
Furgoneta_|_Reforzado_Community_03,Nokian_Furgoneta_Reforzado_0046,Nexen_Furgoneta_Reforzado_0053,0.3219
Furgoneta_|_Reforzado_Community_03,Nokian_Furgoneta_Reforzado_0072,Nexen_Furgoneta_Reforzado_0053,0.8245
Furgoneta_|_Reforzado_Community_03,Pirelli_Furgoneta_Reforzado_0054,Nexen_Furgoneta_Reforzado_0053,0.2138
Furgoneta_|_Reforzado_Community_03,Continental_Furgoneta_Reforzado_0029,Nokian_Furgoneta_Reforzado_0046,0.2804
Furgoneta_|_Reforzado_Community_03,Falken_Furgoneta_Reforzado_0051,Nokian_Furgoneta_Reforzado_0046,0.3898
Furgoneta_|_Reforzado_Community_03,GT Radial_Furgoneta_Reforzado_0055,Nokian_Furgoneta_Reforzado_0046,0.5835
Furgoneta_|_Reforzado_Community_03,Vredestein_Furgoneta_Reforzado_0032,Nokian_Furgoneta_Reforzado_0046,0.3499
Furgoneta_|_Reforzado_Community_03,General Tire_Furgoneta_Reforzado_0066,Nokian_Furgoneta_Reforzado_0072,0.126
Furgoneta_|_Reforzado_Community_03,Michelin_Furgoneta_Reforzado_0061,Nokian_Furgoneta_Reforzado_0072,0.6603
Furgoneta_|_Reforzado_Community_03,Pirelli_Furgoneta_Reforzado_0054,Nokian_Furgoneta_Reforzado_0072,0.0823
Furgoneta_|_Reforzado_Community_03,Sailun_Furgoneta_Reforzado_0047,Nokian_Furgoneta_Reforzado_0072,0.4221
Furgoneta_|_Reforzado_Community_03,Uniroyal_Furgoneta_Reforzado_0050,Nokian_Furgoneta_Reforzado_0072,0.54
Furgoneta_|_Reforzado_Community_03,Fulda_Furgoneta_Reforzado_0052,Pirelli_Furgoneta_Reforzado_0054,0.7156
Furgoneta_|_Reforzado_Community_03,Michelin_Furgoneta_Reforzado_0026,Pirelli_Furgoneta_Reforzado_0054,0.5823
Furgoneta_|_Reforzado_Community_03,Nokian_Furgoneta_Reforzado_0072,Pirelli_Furgoneta_Reforzado_0054,0.1729
Furgoneta_|_Reforzado_Community_03,GT Radial_Furgoneta_Reforzado_0055,Sailun_Furgoneta_Reforzado_0047,0.3711
Furgoneta_|_Reforzado_Community_03,General Tire_Furgoneta_Reforzado_0066,Sailun_Furgoneta_Reforzado_0047,0.9126
Furgoneta_|_Reforzado_Community_03,Vredestein_Furgoneta_Reforzado_0032,Sailun_Furgoneta_Reforzado_0047,0.5651
Furgoneta_|_Reforzado_Community_03,Cooper Tires_Furgoneta_Reforzado_0018,Tomket_Furgoneta_Reforzado_0010,0.2457
Furgoneta_|_Reforzado_Community_03,Cooper Tires_Furgoneta_Reforzado_0068,Tomket_Furgoneta_Reforzado_0010,0.2229
Furgoneta_|_Reforzado_Community_03,Falken_Furgoneta_Reforzado_0051,Tomket_Furgoneta_Reforzado_0010,0.1146
Furgoneta_|_Reforzado_Community_03,Goodyear_Furgoneta_Reforzado_0075,Tomket_Furgoneta_Reforzado_0010,0.5751
Furgoneta_|_Reforzado_Community_03,Nokian_Furgoneta_Reforzado_0046,Tomket_Furgoneta_Reforzado_0010,0.0636
Furgoneta_|_Reforzado_Community_03,Uniroyal_Furgoneta_Reforzado_0049,Tomket_Furgoneta_Reforzado_0010,0.5227
Furgoneta_|_Reforzado_Community_03,Goodride_Furgoneta_Reforzado_0013,Tomket_Furgoneta_Reforzado_0041,0.5879
Furgoneta_|_Reforzado_Community_03,Michelin_Furgoneta_Reforzado_0027,Tomket_Furgoneta_Reforzado_0041,0.0797
Furgoneta_|_Reforzado_Community_03,Nokian_Furgoneta_Reforzado_0072,Tomket_Furgoneta_Reforzado_0041,0.0603
Furgoneta_|_Reforzado_Community_03,Uniroyal_Furgoneta_Reforzado_0050,Tomket_Furgoneta_Reforzado_0041,0.8138
Furgoneta_|_Reforzado_Community_03,Vredestein_Furgoneta_Reforzado_0032,Tomket_Furgoneta_Reforzado_0041,0.364
Furgoneta_|_Reforzado_Community_03,Goodyear_Furgoneta_Reforzado_0075,Tomket_Furgoneta_Reforzado_0042,0.532
Furgoneta_|_Reforzado_Community_03,Nokian_Furgoneta_Reforzado_0046,Tomket_Furgoneta_Reforzado_0042,0.1226
Furgoneta_|_Reforzado_Community_03,Pirelli_Furgoneta_Reforzado_0054,Tomket_Furgoneta_Reforzado_0042,0.4997
Furgoneta_|_Reforzado_Community_03,Sailun_Furgoneta_Reforzado_0047,Tomket_Furgoneta_Reforzado_0042,0.4526
Furgoneta_|_Reforzado_Community_03,Uniroyal_Furgoneta_Reforzado_0050,Tomket_Furgoneta_Reforzado_0042,0.2295
Furgoneta_|_Reforzado_Community_03,Goodride_Furgoneta_Reforzado_0013,Uniroyal_Furgoneta_Reforzado_0025,0.3869
Furgoneta_|_Reforzado_Community_03,Nokian_Furgoneta_Reforzado_0072,Uniroyal_Furgoneta_Reforzado_0025,0.4844
Furgoneta_|_Reforzado_Community_03,Tomket_Furgoneta_Reforzado_0010,Uniroyal_Furgoneta_Reforzado_0025,0.9359
Furgoneta_|_Reforzado_Community_03,Dunlop_Furgoneta_Reforzado_0021,Uniroyal_Furgoneta_Reforzado_0049,0.2588
Furgoneta_|_Reforzado_Community_03,Falken_Furgoneta_Reforzado_0051,Uniroyal_Furgoneta_Reforzado_0049,0.5509
Furgoneta_|_Reforzado_Community_03,Goodride_Furgoneta_Reforzado_0033,Uniroyal_Furgoneta_Reforzado_0049,0.4814
Furgoneta_|_Reforzado_Community_03,Goodyear_Furgoneta_Reforzado_0075,Uniroyal_Furgoneta_Reforzado_0049,0.0711
Furgoneta_|_Reforzado_Community_03,Wanli_Furgoneta_Reforzado_0011,Uniroyal_Furgoneta_Reforzado_0049,0.4873
Furgoneta_|_Reforzado_Community_03,Cooper Tires_Furgoneta_Reforzado_0018,Uniroyal_Furgoneta_Reforzado_0050,0.232
Furgoneta_|_Reforzado_Community_03,Falken_Furgoneta_Reforzado_0006,Uniroyal_Furgoneta_Reforzado_0050,0.6704
Furgoneta_|_Reforzado_Community_03,Goodride_Furgoneta_Reforzado_0013,Uniroyal_Furgoneta_Reforzado_0050,0.402
Furgoneta_|_Reforzado_Community_03,Nokian_Furgoneta_Reforzado_0072,Uniroyal_Furgoneta_Reforzado_0050,0.1817
Furgoneta_|_Reforzado_Community_03,Tomket_Furgoneta_Reforzado_0041,Uniroyal_Furgoneta_Reforzado_0050,0.0529
Furgoneta_|_Reforzado_Community_03,Uniroyal_Furgoneta_Reforzado_0025,Uniroyal_Furgoneta_Reforzado_0050,0.3301
Furgoneta_|_Reforzado_Community_03,General Tire_Furgoneta_Reforzado_0066,Vredestein_Furgoneta_Reforzado_0032,0.8613
Furgoneta_|_Reforzado_Community_03,Tomket_Furgoneta_Reforzado_0010,Vredestein_Furgoneta_Reforzado_0032,0.4021
Furgoneta_|_Reforzado_Community_03,Uniroyal_Furgoneta_Reforzado_0049,Vredestein_Furgoneta_Reforzado_0032,0.2936
Furgoneta_|_Reforzado_Community_03,Uniroyal_Furgoneta_Reforzado_0050,Vredestein_Furgoneta_Reforzado_0032,0.0921
Furgoneta_|_Reforzado_Community_03,Continental_Furgoneta_Reforzado_0029,Wanli_Furgoneta_Reforzado_0011,0.3355
Furgoneta_|_Reforzado_Community_03,Falken_Furgoneta_Reforzado_0006,Wanli_Furgoneta_Reforzado_0011,0.4198
Furgoneta_|_Reforzado_Community_03,GT Radial_Furgoneta_Reforzado_0055,Wanli_Furgoneta_Reforzado_0011,0.1407
Furgoneta_|_Reforzado_Community_03,Michelin_Furgoneta_Reforzado_0061,Wanli_Furgoneta_Reforzado_0011,0.4551
Furgoneta_|_Reforzado_Community_03,Vredestein_Furgoneta_Reforzado_0032,Wanli_Furgoneta_Reforzado_0011,0.549
Furgoneta_|_Standard_Community_03,Dunlop_Furgoneta_Standard_0008,Continental_Furgoneta_Standard_0033,0.8341
Furgoneta_|_Standard_Community_03,Dunlop_Furgoneta_Standard_0053,Continental_Furgoneta_Standard_0033,0.3665
Furgoneta_|_Standard_Community_03,Firestone_Furgoneta_Standard_0002,Continental_Furgoneta_Standard_0033,0.1452
Furgoneta_|_Standard_Community_03,General Tire_Furgoneta_Standard_0064,Continental_Furgoneta_Standard_0033,0.0708
Furgoneta_|_Standard_Community_03,Goodyear_Furgoneta_Standard_0030,Continental_Furgoneta_Standard_0033,0.0505
Furgoneta_|_Standard_Community_03,Pirelli_Furgoneta_Standard_0041,Continental_Furgoneta_Standard_0033,0.1916
Furgoneta_|_Standard_Community_03,Roadmarch_Furgoneta_Standard_0018,Continental_Furgoneta_Standard_0033,0.5201
Furgoneta_|_Standard_Community_03,GT Radial_Furgoneta_Standard_0079,Dunlop_Furgoneta_Standard_0008,0.1348
Furgoneta_|_Standard_Community_03,Mazzini_Furgoneta_Standard_0035,Dunlop_Furgoneta_Standard_0008,0.1966
Furgoneta_|_Standard_Community_03,Nokian_Furgoneta_Standard_0056,Dunlop_Furgoneta_Standard_0008,0.3068
Furgoneta_|_Standard_Community_03,Pirelli_Furgoneta_Standard_0049,Dunlop_Furgoneta_Standard_0008,0.3111
Furgoneta_|_Standard_Community_03,Toyo Tires_Furgoneta_Standard_0034,Dunlop_Furgoneta_Standard_0008,0.6007
Furgoneta_|_Standard_Community_03,Yokohama_Furgoneta_Standard_0076,Dunlop_Furgoneta_Standard_0008,0.5066
Furgoneta_|_Standard_Community_03,Goodyear_Furgoneta_Standard_0030,Dunlop_Furgoneta_Standard_0053,0.3489
Furgoneta_|_Standard_Community_03,Mazzini_Furgoneta_Standard_0035,Dunlop_Furgoneta_Standard_0053,0.2453
Furgoneta_|_Standard_Community_03,Nexen_Furgoneta_Standard_0047,Dunlop_Furgoneta_Standard_0053,1.026
Furgoneta_|_Standard_Community_03,Toyo Tires_Furgoneta_Standard_0050,Dunlop_Furgoneta_Standard_0053,0.4456
Furgoneta_|_Standard_Community_03,Dunlop_Furgoneta_Standard_0008,Falken_Furgoneta_Standard_0054,0.4984
Furgoneta_|_Standard_Community_03,GT Radial_Furgoneta_Standard_0079,Falken_Furgoneta_Standard_0054,0.8719
Furgoneta_|_Standard_Community_03,Nexen_Furgoneta_Standard_0047,Falken_Furgoneta_Standard_0054,0.378
Furgoneta_|_Standard_Community_03,Toyo Tires_Furgoneta_Standard_0034,Falken_Furgoneta_Standard_0054,0.1027
Furgoneta_|_Standard_Community_03,Uniroyal_Furgoneta_Standard_0023,Falken_Furgoneta_Standard_0054,0.3308
Furgoneta_|_Standard_Community_03,Dunlop_Furgoneta_Standard_0008,Firestone_Furgoneta_Standard_0002,0.2535
Furgoneta_|_Standard_Community_03,GT Radial_Furgoneta_Standard_0079,Firestone_Furgoneta_Standard_0002,0.4574
Furgoneta_|_Standard_Community_03,General Tire_Furgoneta_Standard_0064,Firestone_Furgoneta_Standard_0002,0.2148
Furgoneta_|_Standard_Community_03,Nokian_Furgoneta_Standard_0056,Firestone_Furgoneta_Standard_0002,0.0603
Furgoneta_|_Standard_Community_03,Nokian_Furgoneta_Standard_0063,Firestone_Furgoneta_Standard_0002,1.0717
Furgoneta_|_Standard_Community_03,Uniroyal_Furgoneta_Standard_0023,Firestone_Furgoneta_Standard_0002,0.1261
Furgoneta_|_Standard_Community_03,Continental_Furgoneta_Standard_0033,Fulda_Furgoneta_Standard_0001,0.5777
Furgoneta_|_Standard_Community_03,Dunlop_Furgoneta_Standard_0053,Fulda_Furgoneta_Standard_0001,0.4455
Furgoneta_|_Standard_Community_03,GT Radial_Furgoneta_Standard_0079,Fulda_Furgoneta_Standard_0001,0.2594
Furgoneta_|_Standard_Community_03,Mazzini_Furgoneta_Standard_0035,Fulda_Furgoneta_Standard_0001,0.3163
Furgoneta_|_Standard_Community_03,Toyo Tires_Furgoneta_Standard_0034,Fulda_Furgoneta_Standard_0001,0.6268
Furgoneta_|_Standard_Community_03,Firestone_Furgoneta_Standard_0002,GT Radial_Furgoneta_Standard_0079,0.7285
Furgoneta_|_Standard_Community_03,General Tire_Furgoneta_Standard_0064,GT Radial_Furgoneta_Standard_0079,0.6418
Furgoneta_|_Standard_Community_03,Nokian_Furgoneta_Standard_0056,GT Radial_Furgoneta_Standard_0079,0.7201
Furgoneta_|_Standard_Community_03,Dunlop_Furgoneta_Standard_0053,General Tire_Furgoneta_Standard_0064,0.6744
Furgoneta_|_Standard_Community_03,Falken_Furgoneta_Standard_0054,General Tire_Furgoneta_Standard_0064,0.2707
Furgoneta_|_Standard_Community_03,Goodyear_Furgoneta_Standard_0030,General Tire_Furgoneta_Standard_0064,0.3254
Furgoneta_|_Standard_Community_03,Vredestein_Furgoneta_Standard_0051,General Tire_Furgoneta_Standard_0064,0.2428
Furgoneta_|_Standard_Community_03,Yokohama_Furgoneta_Standard_0076,General Tire_Furgoneta_Standard_0064,0.5356
Furgoneta_|_Standard_Community_03,Dunlop_Furgoneta_Standard_0053,Goodride_Furgoneta_Standard_0031,0.7597
Furgoneta_|_Standard_Community_03,General Tire_Furgoneta_Standard_0064,Goodride_Furgoneta_Standard_0031,0.4945
Furgoneta_|_Standard_Community_03,Mazzini_Furgoneta_Standard_0035,Goodride_Furgoneta_Standard_0031,0.1039
Furgoneta_|_Standard_Community_03,Nokian_Furgoneta_Standard_0015,Goodride_Furgoneta_Standard_0031,0.6044
Furgoneta_|_Standard_Community_03,Pirelli_Furgoneta_Standard_0049,Goodride_Furgoneta_Standard_0031,0.1613
Furgoneta_|_Standard_Community_03,Continental_Furgoneta_Standard_0033,Goodyear_Furgoneta_Standard_0030,0.5081
Furgoneta_|_Standard_Community_03,GT Radial_Furgoneta_Standard_0079,Goodyear_Furgoneta_Standard_0030,0.6401
Furgoneta_|_Standard_Community_03,Goodride_Furgoneta_Standard_0031,Goodyear_Furgoneta_Standard_0030,0.2266
Furgoneta_|_Standard_Community_03,Mazzini_Furgoneta_Standard_0035,Goodyear_Furgoneta_Standard_0030,0.2564
Furgoneta_|_Standard_Community_03,Michelin_Furgoneta_Standard_0028,Goodyear_Furgoneta_Standard_0030,0.0774
Furgoneta_|_Standard_Community_03,Uniroyal_Furgoneta_Standard_0023,Goodyear_Furgoneta_Standard_0030,0.164
Furgoneta_|_Standard_Community_03,Dunlop_Furgoneta_Standard_0053,Kumho_Furgoneta_Standard_0052,0.1451
Furgoneta_|_Standard_Community_03,Falken_Furgoneta_Standard_0054,Kumho_Furgoneta_Standard_0052,0.4347
Furgoneta_|_Standard_Community_03,General Tire_Furgoneta_Standard_0064,Kumho_Furgoneta_Standard_0052,1.1589
Furgoneta_|_Standard_Community_03,Roadmarch_Furgoneta_Standard_0018,Kumho_Furgoneta_Standard_0052,0.4962
Furgoneta_|_Standard_Community_03,General Tire_Furgoneta_Standard_0064,Mazzini_Furgoneta_Standard_0035,0.2398
Furgoneta_|_Standard_Community_03,Goodyear_Furgoneta_Standard_0030,Mazzini_Furgoneta_Standard_0035,0.4982
Furgoneta_|_Standard_Community_03,Nexen_Furgoneta_Standard_0047,Mazzini_Furgoneta_Standard_0035,0.6964
Furgoneta_|_Standard_Community_03,Nokian_Furgoneta_Standard_0063,Mazzini_Furgoneta_Standard_0035,0.2984
Furgoneta_|_Standard_Community_03,Toyo Tires_Furgoneta_Standard_0034,Mazzini_Furgoneta_Standard_0035,0.2905
Furgoneta_|_Standard_Community_03,Dunlop_Furgoneta_Standard_0008,Michelin_Furgoneta_Standard_0028,0.0732
Furgoneta_|_Standard_Community_03,GT Radial_Furgoneta_Standard_0079,Michelin_Furgoneta_Standard_0028,0.3605
Furgoneta_|_Standard_Community_03,Mazzini_Furgoneta_Standard_0035,Michelin_Furgoneta_Standard_0028,0.831
Furgoneta_|_Standard_Community_03,Nokian_Furgoneta_Standard_0015,Michelin_Furgoneta_Standard_0028,0.2809
Furgoneta_|_Standard_Community_03,Nokian_Furgoneta_Standard_0063,Michelin_Furgoneta_Standard_0028,0.1523
Furgoneta_|_Standard_Community_03,Yokohama_Furgoneta_Standard_0076,Michelin_Furgoneta_Standard_0028,0.2643
Furgoneta_|_Standard_Community_03,Continental_Furgoneta_Standard_0033,Nexen_Furgoneta_Standard_0047,0.3341
Furgoneta_|_Standard_Community_03,Dunlop_Furgoneta_Standard_0008,Nexen_Furgoneta_Standard_0047,0.3846
Furgoneta_|_Standard_Community_03,Falken_Furgoneta_Standard_0054,Nexen_Furgoneta_Standard_0047,0.0998
Furgoneta_|_Standard_Community_03,Goodyear_Furgoneta_Standard_0030,Nexen_Furgoneta_Standard_0047,0.518
Furgoneta_|_Standard_Community_03,Nokian_Furgoneta_Standard_0056,Nexen_Furgoneta_Standard_0047,0.1885
Furgoneta_|_Standard_Community_03,Toyo Tires_Furgoneta_Standard_0050,Nexen_Furgoneta_Standard_0047,0.0825
Furgoneta_|_Standard_Community_03,Yokohama_Furgoneta_Standard_0076,Nexen_Furgoneta_Standard_0047,0.5803
Furgoneta_|_Standard_Community_03,Firestone_Furgoneta_Standard_0002,Nokian_Furgoneta_Standard_0015,0.3239
Furgoneta_|_Standard_Community_03,Fulda_Furgoneta_Standard_0001,Nokian_Furgoneta_Standard_0015,0.077
Furgoneta_|_Standard_Community_03,Nexen_Furgoneta_Standard_0047,Nokian_Furgoneta_Standard_0015,0.8806
Furgoneta_|_Standard_Community_03,Roadmarch_Furgoneta_Standard_0018,Nokian_Furgoneta_Standard_0015,0.4054
Furgoneta_|_Standard_Community_03,Vredestein_Furgoneta_Standard_0051,Nokian_Furgoneta_Standard_0015,0.215
Furgoneta_|_Standard_Community_03,Yokohama_Furgoneta_Standard_0076,Nokian_Furgoneta_Standard_0015,0.1951
Furgoneta_|_Standard_Community_03,Kumho_Furgoneta_Standard_0052,Nokian_Furgoneta_Standard_0056,0.4957
Furgoneta_|_Standard_Community_03,Nokian_Furgoneta_Standard_0063,Nokian_Furgoneta_Standard_0056,0.922
Furgoneta_|_Standard_Community_03,Toyo Tires_Furgoneta_Standard_0050,Nokian_Furgoneta_Standard_0056,0.3542
Furgoneta_|_Standard_Community_03,Vredestein_Furgoneta_Standard_0051,Nokian_Furgoneta_Standard_0056,0.2088
Furgoneta_|_Standard_Community_03,Falken_Furgoneta_Standard_0054,Nokian_Furgoneta_Standard_0063,0.7629
Furgoneta_|_Standard_Community_03,GT Radial_Furgoneta_Standard_0079,Nokian_Furgoneta_Standard_0063,0.2819
Furgoneta_|_Standard_Community_03,Kumho_Furgoneta_Standard_0052,Nokian_Furgoneta_Standard_0063,0.4419
Furgoneta_|_Standard_Community_03,Michelin_Furgoneta_Standard_0028,Nokian_Furgoneta_Standard_0063,0.3598
Furgoneta_|_Standard_Community_03,Nokian_Furgoneta_Standard_0056,Nokian_Furgoneta_Standard_0063,0.2683
Furgoneta_|_Standard_Community_03,Falken_Furgoneta_Standard_0054,Pirelli_Furgoneta_Standard_0041,0.2492
Furgoneta_|_Standard_Community_03,Kumho_Furgoneta_Standard_0052,Pirelli_Furgoneta_Standard_0041,0.0926
Furgoneta_|_Standard_Community_03,Mazzini_Furgoneta_Standard_0035,Pirelli_Furgoneta_Standard_0041,0.3828
Furgoneta_|_Standard_Community_03,Michelin_Furgoneta_Standard_0028,Pirelli_Furgoneta_Standard_0041,0.303
Furgoneta_|_Standard_Community_03,Nokian_Furgoneta_Standard_0063,Pirelli_Furgoneta_Standard_0041,0.1532
Furgoneta_|_Standard_Community_03,Toyo Tires_Furgoneta_Standard_0050,Pirelli_Furgoneta_Standard_0041,0.0579
Furgoneta_|_Standard_Community_03,Yokohama_Furgoneta_Standard_0076,Pirelli_Furgoneta_Standard_0041,0.5785
Furgoneta_|_Standard_Community_03,Falken_Furgoneta_Standard_0054,Pirelli_Furgoneta_Standard_0049,0.2267
Furgoneta_|_Standard_Community_03,General Tire_Furgoneta_Standard_0064,Pirelli_Furgoneta_Standard_0049,0.5161
Furgoneta_|_Standard_Community_03,Goodride_Furgoneta_Standard_0031,Pirelli_Furgoneta_Standard_0049,0.9198
Furgoneta_|_Standard_Community_03,Michelin_Furgoneta_Standard_0028,Pirelli_Furgoneta_Standard_0049,0.1659
Furgoneta_|_Standard_Community_03,Nokian_Furgoneta_Standard_0056,Pirelli_Furgoneta_Standard_0049,0.2747
Furgoneta_|_Standard_Community_03,Kumho_Furgoneta_Standard_0052,Roadmarch_Furgoneta_Standard_0018,0.8162
Furgoneta_|_Standard_Community_03,Pirelli_Furgoneta_Standard_0049,Roadmarch_Furgoneta_Standard_0018,0.2571
Furgoneta_|_Standard_Community_03,Toyo Tires_Furgoneta_Standard_0050,Roadmarch_Furgoneta_Standard_0018,0.0771
Furgoneta_|_Standard_Community_03,Yokohama_Furgoneta_Standard_0076,Roadmarch_Furgoneta_Standard_0018,0.9523
Furgoneta_|_Standard_Community_03,Dunlop_Furgoneta_Standard_0008,Toyo Tires_Furgoneta_Standard_0034,0.7513
Furgoneta_|_Standard_Community_03,Falken_Furgoneta_Standard_0054,Toyo Tires_Furgoneta_Standard_0034,0.9057
Furgoneta_|_Standard_Community_03,Toyo Tires_Furgoneta_Standard_0050,Toyo Tires_Furgoneta_Standard_0034,0.1422
Furgoneta_|_Standard_Community_03,Triangle_Furgoneta_Standard_0068,Toyo Tires_Furgoneta_Standard_0034,0.24
Furgoneta_|_Standard_Community_03,Dunlop_Furgoneta_Standard_0053,Toyo Tires_Furgoneta_Standard_0050,0.2808
Furgoneta_|_Standard_Community_03,Falken_Furgoneta_Standard_0054,Toyo Tires_Furgoneta_Standard_0050,0.5462
Furgoneta_|_Standard_Community_03,Fulda_Furgoneta_Standard_0001,Toyo Tires_Furgoneta_Standard_0050,0.1585
Furgoneta_|_Standard_Community_03,Goodride_Furgoneta_Standard_0031,Toyo Tires_Furgoneta_Standard_0050,0.0827
Furgoneta_|_Standard_Community_03,Michelin_Furgoneta_Standard_0028,Toyo Tires_Furgoneta_Standard_0050,0.4976
Furgoneta_|_Standard_Community_03,Pirelli_Furgoneta_Standard_0041,Toyo Tires_Furgoneta_Standard_0050,0.3555
Furgoneta_|_Standard_Community_03,Uniroyal_Furgoneta_Standard_0023,Toyo Tires_Furgoneta_Standard_0050,0.1754
Furgoneta_|_Standard_Community_03,Dunlop_Furgoneta_Standard_0053,Triangle_Furgoneta_Standard_0068,0.1449
Furgoneta_|_Standard_Community_03,Goodyear_Furgoneta_Standard_0030,Triangle_Furgoneta_Standard_0068,0.6643
Furgoneta_|_Standard_Community_03,Nexen_Furgoneta_Standard_0047,Triangle_Furgoneta_Standard_0068,0.1575
Furgoneta_|_Standard_Community_03,Nokian_Furgoneta_Standard_0015,Triangle_Furgoneta_Standard_0068,0.3465
Furgoneta_|_Standard_Community_03,Yokohama_Furgoneta_Standard_0076,Triangle_Furgoneta_Standard_0068,0.6936
Furgoneta_|_Standard_Community_03,Dunlop_Furgoneta_Standard_0053,Uniroyal_Furgoneta_Standard_0023,0.3165
Furgoneta_|_Standard_Community_03,Falken_Furgoneta_Standard_0054,Uniroyal_Furgoneta_Standard_0023,0.3653
Furgoneta_|_Standard_Community_03,GT Radial_Furgoneta_Standard_0079,Uniroyal_Furgoneta_Standard_0023,0.3938
Furgoneta_|_Standard_Community_03,Mazzini_Furgoneta_Standard_0035,Uniroyal_Furgoneta_Standard_0023,0.0855
Furgoneta_|_Standard_Community_03,Michelin_Furgoneta_Standard_0028,Uniroyal_Furgoneta_Standard_0023,0.5981
Furgoneta_|_Standard_Community_03,Toyo Tires_Furgoneta_Standard_0050,Uniroyal_Furgoneta_Standard_0023,0.2858
Furgoneta_|_Standard_Community_03,Dunlop_Furgoneta_Standard_0053,Vredestein_Furgoneta_Standard_0051,0.3853
Furgoneta_|_Standard_Community_03,Mazzini_Furgoneta_Standard_0035,Vredestein_Furgoneta_Standard_0051,0.1757
Furgoneta_|_Standard_Community_03,Nokian_Furgoneta_Standard_0063,Vredestein_Furgoneta_Standard_0051,0.5682
Furgoneta_|_Standard_Community_03,Pirelli_Furgoneta_Standard_0049,Vredestein_Furgoneta_Standard_0051,0.0582
Furgoneta_|_Standard_Community_03,Uniroyal_Furgoneta_Standard_0023,Vredestein_Furgoneta_Standard_0051,0.6105
Furgoneta_|_Standard_Community_03,Dunlop_Furgoneta_Standard_0008,Yokohama_Furgoneta_Standard_0076,0.2872
Furgoneta_|_Standard_Community_03,Falken_Furgoneta_Standard_0054,Yokohama_Furgoneta_Standard_0076,0.1213
Furgoneta_|_Standard_Community_03,Fulda_Furgoneta_Standard_0001,Yokohama_Furgoneta_Standard_0076,1.0697
Furgoneta_|_Standard_Community_03,Nokian_Furgoneta_Standard_0063,Yokohama_Furgoneta_Standard_0076,0.2452
Furgoneta_|_Standard_Community_03,Uniroyal_Furgoneta_Standard_0023,Yokohama_Furgoneta_Standard_0076,0.363
Camión_|_Long_Haul_Community_02,Firestone_Camión_Long Haul_0052,Dunlop_Camión_Long Haul_0024,0.6899
Camión_|_Long_Haul_Community_02,Dunlop_Camión_Long Haul_0024,Firestone_Camión_Long Haul_0052,0.9988
SUV_/_4x4_|_Highway_Terrain_(H/T)_Community_02,Goodyear_SUV / 4x4_Highway Terrain (H/T)_0001,Falken_SUV / 4x4_Highway Terrain (H/T)_0052,1.0497
SUV_/_4x4_|_Highway_Terrain_(H/T)_Community_02,Hankook_SUV / 4x4_Highway Terrain (H/T)_0032,Falken_SUV / 4x4_Highway Terrain (H/T)_0052,0.5672
SUV_/_4x4_|_Highway_Terrain_(H/T)_Community_02,Hankook_SUV / 4x4_Highway Terrain (H/T)_0045,Falken_SUV / 4x4_Highway Terrain (H/T)_0052,0.0821
SUV_/_4x4_|_Highway_Terrain_(H/T)_Community_02,Nokian_SUV / 4x4_Highway Terrain (H/T)_0069,Falken_SUV / 4x4_Highway Terrain (H/T)_0052,0.3542
SUV_/_4x4_|_Highway_Terrain_(H/T)_Community_02,Wanli_SUV / 4x4_Highway Terrain (H/T)_0008,Falken_SUV / 4x4_Highway Terrain (H/T)_0052,0.1967
SUV_/_4x4_|_Highway_Terrain_(H/T)_Community_02,Goodyear_SUV / 4x4_Highway Terrain (H/T)_0001,Fulda_SUV / 4x4_Highway Terrain (H/T)_0018,1.1904
SUV_/_4x4_|_Highway_Terrain_(H/T)_Community_02,Hankook_SUV / 4x4_Highway Terrain (H/T)_0045,Fulda_SUV / 4x4_Highway Terrain (H/T)_0018,0.1194
SUV_/_4x4_|_Highway_Terrain_(H/T)_Community_02,Nokian_SUV / 4x4_Highway Terrain (H/T)_0069,Goodyear_SUV / 4x4_Highway Terrain (H/T)_0001,0.1085
SUV_/_4x4_|_Highway_Terrain_(H/T)_Community_02,Wanli_SUV / 4x4_Highway Terrain (H/T)_0008,Goodyear_SUV / 4x4_Highway Terrain (H/T)_0001,0.6316
SUV_/_4x4_|_Highway_Terrain_(H/T)_Community_02,Goodyear_SUV / 4x4_Highway Terrain (H/T)_0001,Hankook_SUV / 4x4_Highway Terrain (H/T)_0032,0.6052
SUV_/_4x4_|_Highway_Terrain_(H/T)_Community_02,Hankook_SUV / 4x4_Highway Terrain (H/T)_0045,Hankook_SUV / 4x4_Highway Terrain (H/T)_0032,1.0045
SUV_/_4x4_|_Highway_Terrain_(H/T)_Community_02,Goodyear_SUV / 4x4_Highway Terrain (H/T)_0001,Hankook_SUV / 4x4_Highway Terrain (H/T)_0045,0.4875
SUV_/_4x4_|_Highway_Terrain_(H/T)_Community_02,Wanli_SUV / 4x4_Highway Terrain (H/T)_0008,Hankook_SUV / 4x4_Highway Terrain (H/T)_0045,0.5969
SUV_/_4x4_|_Highway_Terrain_(H/T)_Community_02,Yokohama_SUV / 4x4_Highway Terrain (H/T)_0017,Hankook_SUV / 4x4_Highway Terrain (H/T)_0045,1.3066
SUV_/_4x4_|_Highway_Terrain_(H/T)_Community_02,Goodyear_SUV / 4x4_Highway Terrain (H/T)_0001,Nokian_SUV / 4x4_Highway Terrain (H/T)_0069,0.8832
SUV_/_4x4_|_Highway_Terrain_(H/T)_Community_02,Hankook_SUV / 4x4_Highway Terrain (H/T)_0032,Nokian_SUV / 4x4_Highway Terrain (H/T)_0069,0.2849
SUV_/_4x4_|_Highway_Terrain_(H/T)_Community_02,Wanli_SUV / 4x4_Highway Terrain (H/T)_0008,Nokian_SUV / 4x4_Highway Terrain (H/T)_0069,0.2343
SUV_/_4x4_|_Highway_Terrain_(H/T)_Community_02,Fulda_SUV / 4x4_Highway Terrain (H/T)_0018,Wanli_SUV / 4x4_Highway Terrain (H/T)_0008,1.0349
SUV_/_4x4_|_Highway_Terrain_(H/T)_Community_02,Goodyear_SUV / 4x4_Highway Terrain (H/T)_0001,Wanli_SUV / 4x4_Highway Terrain (H/T)_0008,0.406
SUV_/_4x4_|_Highway_Terrain_(H/T)_Community_02,Hankook_SUV / 4x4_Highway Terrain (H/T)_0032,Wanli_SUV / 4x4_Highway Terrain (H/T)_0008,0.2865
SUV_/_4x4_|_Highway_Terrain_(H/T)_Community_02,Yokohama_SUV / 4x4_Highway Terrain (H/T)_0017,Wanli_SUV / 4x4_Highway Terrain (H/T)_0008,0.4177
SUV_/_4x4_|_Highway_Terrain_(H/T)_Community_02,Fulda_SUV / 4x4_Highway Terrain (H/T)_0018,Yokohama_SUV / 4x4_Highway Terrain (H/T)_0017,0.0575
SUV_/_4x4_|_Highway_Terrain_(H/T)_Community_02,Goodyear_SUV / 4x4_Highway Terrain (H/T)_0001,Yokohama_SUV / 4x4_Highway Terrain (H/T)_0017,1.1109
SUV_/_4x4_|_Highway_Terrain_(H/T)_Community_02,Hankook_SUV / 4x4_Highway Terrain (H/T)_0045,Yokohama_SUV / 4x4_Highway Terrain (H/T)_0017,0.4004
