sku,price_family,community,role_b2b,elasticity_operative,price_mean,cost_mean,q_mean,q_total,revenue_total,current_margin_pct,optimal_markup,suggested_price
BFGoodrich_Agrícola_Implementos_0021,Agrícola | Implementos,Agrícola_|_Implementos_Community_02,Competitive Fighter,-1.1836012557010578,638.8586356223176,176.40355193133047,135.50296137339055,31572.19,19327690.55,0.7238770173944753,0.8448791306897447,325.4432315376562
BFGoodrich_Agrícola_Implementos_0069,Agrícola | Implementos,Agrícola_|_Implementos_Community_01,Traffic Driver,-1.0503127043502312,607.0287116465864,169.6429309236948,89.78309236947791,22355.99,12929309.28,0.7205355732457326,0.9520974047616069,331.15952519229717
BFGoodrich_Agrícola_Implementos_0072,Agrícola | Implementos,Agrícola_|_Implementos_Community_01,Traffic Driver,-1.0782096174163005,651.7064727272727,160.90420371900828,84.78053719008264,20516.89,12777239.78,0.7531032597456743,0.9274634392487491,310.13696988982105
BFGoodrich_Agrícola_Premium Radial_0047,Agrícola | Premium Radial,Agrícola_|_Premium_Radial_Community_03,Premium Leader,-0.7785392138564653,1839.8503626556017,550.5918518672199,35.18547717842324,8479.7,15071101.05,0.7007409607635117,1.2844568163067045,1257.803309001002
BFGoodrich_Agrícola_Premium Radial_0065,Agrícola | Premium Radial,Agrícola_|_Premium_Radial_Community_02,KVI,-0.7038657221843071,1687.9942836283185,627.1362181415928,28.874469026548674,6525.63,10704141.71,0.6284725462496396,1.420725528296362,1518.12465297459
BFGoodrich_Agrícola_Tractor_0069,Agrícola | Tractor,Agrícola_|_Tractor_Community_02,Traffic Driver,-0.9381827733467889,1196.0925222689075,322.9820214285714,98.2414705882353,23381.47,26914893.19,0.729969032148202,1.0658903876828711,667.2454534636687
BFGoodrich_Camión_Long Haul_0026,Camión | Long Haul,Camión_|_Long_Haul_Community_03,Premium Leader,-0.9693470331461549,613.7322366141732,199.6873535433071,167.54767716535434,42557.11,25170712.51,0.6746344062926551,1.0316222836669304,405.6892772250593
BFGoodrich_Camión_Long Haul_0037,Camión | Long Haul,Camión_|_Long_Haul_Community_01,Premium Leader,-1.0056505917557175,633.0507987551867,171.08437261410788,118.3588796680498,28524.49,17318034.68,0.7297462179172297,0.9943811580264151,341.2074491743472
BFGoodrich_Camión_Long Haul_0059,Camión | Long Haul,Camión_|_Long_Haul_Community_03,Traffic Driver,-0.8279587157652821,661.4428667999999,162.1791992,95.45036,23862.59,15387926.51,0.754809965697252,1.2077896892186226,358.0575637994931
BFGoodrich_Camión_Long Haul_0068,Camión | Long Haul,Camión_|_Long_Haul_Community_03,Competitive Fighter,-0.9514469859946161,704.1031675105485,211.28973839662447,130.11367088607594,30836.94,21023685.1,0.6999165063499604,1.0510307087206,433.36174188901884
BFGoodrich_Camión_Long Haul_0076,Camión | Long Haul,Camión_|_Long_Haul_Community_03,Premium Leader,-0.9651149377905791,657.7198905172413,176.3205245689655,107.90728448275863,25034.49,15940654.22,0.7319215564086038,1.036146018306672,359.0143340468429
BFGoodrich_Camión_Obras / Mixto_0009,Camión | Obras / Mixto,Camión_|_Obras_/_Mixto_Community_01,Premium Leader,-0.8692585657497821,812.3371129554655,233.49838340080973,36.26125506072875,8956.53,7081640.41,0.7125597493000289,1.1504056898621946,502.11625223872545
BFGoodrich_Camión_Obras / Mixto_0010,Camión | Obras / Mixto,Camión_|_Obras_/_Mixto_Community_02,Premium Leader,-0.8716020586695368,711.281372016461,223.01397654320988,204.72312757201647,49747.72,34579314.3,0.6864616657807696,1.1473125723526367,478.8807156415906
BFGoodrich_Camión_Obras / Mixto_0011,Camión | Obras / Mixto,Camión_|_Obras_/_Mixto_Community_02,Competitive Fighter,-0.8183814816296097,758.1666556521739,218.28199130434783,181.81078260869566,41816.48,30693339.81,0.7120923352708226,1.2219240323091631,485.0060022994302
BFGoodrich_Camión_Obras / Mixto_0031,Camión | Obras / Mixto,Camión_|_Obras_/_Mixto_Community_01,Competitive Fighter,-0.8290820921200605,792.580465665236,237.94760472103002,162.8588841201717,37946.12,29107105.3,0.6997811389139983,1.2061531777183636,524.9488642857734
BFGoodrich_Camión_Obras / Mixto_0049,Camión | Obras / Mixto,Camión_|_Obras_/_Mixto_Community_03,Competitive Fighter,-0.8189965658634867,760.331250612245,206.15825020408164,101.14836734693877,24781.35,18311586.27,0.7288573236492963,1.2210063407844418,457.8787809082907
BFGoodrich_Camión_Regional_0032,Camión | Regional,Camión_|_Regional_Community_01,Traffic Driver,-0.9967969853753886,656.5033307377049,169.30871639344264,89.9900819672131,21957.579999999998,14048280.08,0.7421053200092793,1.003213306893585,339.16147365241636
BFGoodrich_Camión_Regional_0039,Camión | Regional,Camión_|_Regional_Community_03,Premium Leader,-1.0930332672254517,590.1170099567099,210.84746147186146,123.42316017316017,28510.75,15939028.62,0.642702281218213,0.9148852372429553,403.74869128262037
BFGoodrich_Coche_Budget_0001,Coche | Budget,Coche_|_Budget_Community_02,Premium Leader,-2.6067336910649934,89.53880041666666,31.317667916666668,523.4148333333334,125619.56,10067683.33,0.6502335549400857,0.3836218496072935,43.33180960824534
BFGoodrich_Coche_Budget_0018,Coche | Budget,Coche_|_Budget_Community_01,Traffic Driver,-2.6363856264984626,101.97916541666667,26.877705833333334,206.93729166666665,49664.95,4670983.15,0.7364392449818906,0.3793071809939118,37.07261266455862
BFGoodrich_Coche_Budget_0029,Coche | Budget,Coche_|_Budget_Community_03,Traffic Driver,-2.502325794101425,105.26420769230769,31.193850607287448,80.75518218623482,19946.53,1931882.1199999999,0.7036613746386753,0.3996282188183637,43.659793563563866
BFGoodrich_Coche_Budget_0045,Coche | Budget,Coche_|_Budget_Community_02,Competitive Fighter,-2.488724517415948,100.7311869747899,29.018876470588232,146.5829831932773,34886.75,3268634.24,0.7119176558710578,0.4018122508144468,40.67901654134168
BFGoodrich_Coche_Eco_0027,Coche | Eco,Coche_|_Eco_Community_01,Competitive Fighter,-1.3663461458894353,190.27055896414345,56.24103266932271,182.6535059760956,45846.03,8289347.15,0.7044154756494863,0.7318789627419346,97.40266132288188
BFGoodrich_Coche_Eco_0029,Coche | Eco,Coche_|_Eco_Community_02,Competitive Fighter,-1.4314650216451057,186.87330522088354,55.37570602409639,161.39397590361446,40187.1,7156902.96,0.7036724643006527,0.6985850054867242,94.06034392077099
BFGoodrich_Coche_Eco_0035,Coche | Eco,Coche_|_Eco_Community_01,Premium Leader,-1.4496964138563087,182.1818088105727,53.5226013215859,253.10493392070484,57454.82,9900019.65,0.7062132510867913,0.6897995955856163,90.44247006790603
BFGoodrich_Coche_Eco_0063,Coche | Eco,Coche_|_Eco_Community_02,Traffic Driver,-1.3170212132320567,194.55273665338646,42.43276414342629,152.61557768924303,38306.51,7114043.11,0.7818958248887337,0.759289212620907,74.65150421921709
BFGoodrich_Coche_Eco_0069,Coche | Eco,Coche_|_Eco_Community_01,KVI,-1.3603304900356101,178.04003415637862,61.87098065843622,238.38687242798355,57928.01,9834093.48,0.652488380202776,0.7351154791611136,107.35329625133055
BFGoodrich_Coche_Eco_0071,Coche | Eco,Coche_|_Eco_Community_01,KVI,-1.3642775459772332,192.9306421686747,58.61345261044177,234.45738955823293,58379.89,10719652.66,0.6961941765621793,0.7329886817742054,101.57644997360433
BFGoodrich_Coche_Performance_0001,Coche | Performance,Coche_|_Performance_Community_01,Traffic Driver,-0.9592290533677987,349.05039392523366,104.70991355140187,111.70556074766355,23904.99,8104448.5,0.7000149108159132,1.0425038696326563,213.87040361763925
BFGoodrich_Coche_Performance_0022,Coche | Performance,Coche_|_Performance_Community_02,Traffic Driver,-0.9829266242373521,354.83523134920637,104.16994603174604,191.25924603174604,48197.33,16338246.65,0.7064272743277046,1.0173699392626536,210.14931769905743
BFGoodrich_Coche_Performance_0037,Coche | Performance,Coche_|_Performance_Community_02,Competitive Fighter,-1.0685194388093866,397.2906965217391,113.9988804347826,78.29234782608697,18007.24,6887083.56,0.713059275153339,0.935874410590288,220.6875154696375
BFGoodrich_Coche_Performance_0041,Coche | Performance,Coche_|_Performance_Community_01,Premium Leader,-1.1529175159068783,327.8223813278008,99.60572821576764,207.44327800829876,49993.83,15675126.1,0.6961594635109173,0.8673647387631246,186.00022464894775
BFGoodrich_Coche_Touring_0028,Coche | Touring,Coche_|_Touring_Community_01,Premium Leader,-1.895590637525309,150.48050205761317,52.725803703703704,212.51567901234566,51641.31,7267132.15,0.6496170401962307,0.5275400607092566,80.5407773904999
BFGoodrich_Coche_Touring_0065,Coche | Touring,Coche_|_Touring_Community_02,Competitive Fighter,-1.8094642528890101,156.96351686746988,43.190089558232934,177.1009638554217,44098.14,6492378.03,0.7248399473955472,0.5526497682412842,67.05908254291067
BFGoodrich_Coche_Touring_0067,Coche | Touring,Coche_|_Touring_Community_01,Competitive Fighter,-1.8455336125819022,166.69492226720646,39.39915182186235,172.36412955465588,42573.94,6683116.61,0.763645159156637,0.5418487060774795,60.747531257088625
BFGoodrich_Coche_Touring_0068,Coche | Touring,Coche_|_Touring_Community_01,KVI,-1.7923164570656227,164.90328606557378,45.66856967213114,212.62983606557378,51881.68,8014691.49,0.7230584619522316,0.5579371857340406,71.14876291149895
BFGoodrich_Coche_Touring_0079,Coche | Touring,Coche_|_Touring_Community_01,Traffic Driver,-1.7535225266039767,168.83911891891893,46.31213745173745,133.7599227799228,34643.82,5569156.33,0.7257025637880888,0.5702806692404953,72.72305419167209
BFGoodrich_Furgoneta_Reforzado_0008,Furgoneta | Reforzado,Furgoneta_|_Reforzado_Community_02,Premium Leader,-1.124047989061447,258.3404326446281,76.39340867768595,227.72314049586777,55109.0,13732674.49,0.7042917057324419,0.8896417321425716,144.35617309797786
BFGoodrich_Furgoneta_Reforzado_0034,Furgoneta | Reforzado,Furgoneta_|_Reforzado_Community_01,Premium Leader,-1.1200983868768397,222.04459357429718,61.25190843373494,127.47136546184738,31740.37,6814725.83,0.7241459139006698,0.8927787163307065,115.9363086180108
BFGoodrich_Furgoneta_Reforzado_0076,Furgoneta | Reforzado,Furgoneta_|_Reforzado_Community_01,Competitive Fighter,-1.0794026491092443,231.41212139917695,78.51230781893004,123.28197530864198,29957.52,6681493.45,0.6607251714204748,0.9264383414523119,151.24912005829296
BFGoodrich_Furgoneta_Standard_0038,Furgoneta | Standard,Furgoneta_|_Standard_Community_02,Competitive Fighter,-1.2966251316266955,150.0636622881356,54.317107203389824,190.62940677966102,44988.54,6464368.34,0.6380395735038363,0.7712329304811784,96.20824896712047
BFGoodrich_Furgoneta_Standard_0058,Furgoneta | Standard,Furgoneta_|_Standard_Community_01,KVI,-1.3425774378080746,190.85300560344825,58.83536293103448,235.69030172413792,54680.15,9890044.59,0.691724200281751,0.7448359936933134,102.65805894407829
BFGoodrich_Industrial_Construcción Pesada_0013,Industrial | Construcción Pesada,Industrial_|_Construcción_Pesada_Community_01,Premium Leader,-0.9620060078062002,1716.9782749003984,674.6486896414343,29.09812749003984,7303.63,12118962.24,0.6070720873386877,1.039494547732028,1375.9423241582624
BFGoodrich_Industrial_Construcción Pesada_0020,Industrial | Construcción Pesada,Industrial_|_Construcción_Pesada_Community_01,Premium Leader,-0.936653179127398,2109.461080334728,694.6468410041841,39.113765690376574,9348.19,19014889.26,0.6706993802919758,1.0676310317246955,1436.2733645497817
BFGoodrich_Industrial_Construcción Pesada_0025,Industrial | Construcción Pesada,Industrial_|_Construcción_Pesada_Community_03,Competitive Fighter,-0.8727321230964442,1787.8496810699587,602.4436403292182,20.515390946502055,4985.24,8660925.84,0.6630345119570237,1.1458269651539934,1292.7398084039703
BFGoodrich_Industrial_Construcción Pesada_0037,Industrial | Construcción Pesada,Industrial_|_Construcción_Pesada_Community_02,Competitive Fighter,-0.9352333326214933,1849.062457964602,591.3953469026549,45.50579646017699,10284.31,18356795.580000002,0.6801647535726582,1.0692518809150688,1223.7459339427382
BFGoodrich_Industrial_Construcción Pesada_0056,Industrial | Construcción Pesada,Industrial_|_Construcción_Pesada_Community_01,Competitive Fighter,-0.9075243855689202,1515.0601485106383,620.5428476595745,57.28195744680851,13461.26,19648652.3,0.5904170218789058,1.10189876536828,1304.3182453537763
BFGoodrich_Industrial_Construcción Pesada_0067,Industrial | Construcción Pesada,Industrial_|_Construcción_Pesada_Community_02,Premium Leader,-0.9680143622499917,1719.550274590164,514.1635782786885,27.27327868852459,6654.68,10982926.09,0.7009895052930432,1.0330425239514658,1045.316418907622
BFGoodrich_Industrial_Manipulación Ligera_0000,Industrial | Manipulación Ligera,Industrial_|_Manipulación_Ligera_Community_02,Competitive Fighter,-1.2867869387813793,290.0893731707317,70.8854756097561,126.24109756097562,31055.31,8524495.55,0.7556426323551102,0.7771294297928032,125.97266485095751
BFGoodrich_Industrial_Portuario/Especial_0003,Industrial | Portuario/Especial,Industrial_|_Portuario/Especial_Community_02,Premium Leader,-0.762354506947466,4882.1202523255815,2864.9074445736433,1.385891472868217,357.56,1692693.41,0.4131837610495247,1.3117257009525494,6622.880170471182
BFGoodrich_Industrial_Portuario/Especial_0013,Industrial | Portuario/Especial,Industrial_|_Portuario/Especial_Community_02,Competitive Fighter,-0.6772360737372825,4504.445868145161,2846.488221774194,1.7965725806451613,445.55,1964328.58,0.36807138877965473,1.4765899791509425,7049.584205817153
BFGoodrich_Industrial_Portuario/Especial_0028,Industrial | Portuario/Especial,Industrial_|_Portuario/Especial_Community_02,KVI,-0.6611909235319607,5281.798731914894,2433.4434531914894,0.3756595744680851,88.28,455868.04,0.5392775119416081,1.5124224553146968,6113.837975536837
BFGoodrich_Industrial_Portuario/Especial_0031,Industrial | Portuario/Especial,Industrial_|_Portuario/Especial_Community_02,Traffic Driver,-0.6462837114984156,5241.183916949153,2751.5029779661018,1.3525,319.19,1635703.57,0.475022624360084,1.5473080664240935,7008.925730562965
BFGoodrich_SUV / 4x4_All Terrain (A/T)_0011,SUV / 4x4 | All Terrain (A/T),SUV_/_4x4_|_All_Terrain_(A/T)_Community_01,Premium Leader,-1.3235916501632474,334.496276446281,95.86519958677687,174.6205785123967,42258.18,13334031.54,0.713404284779318,0.7555200275528055,168.29327781993373
BFGoodrich_SUV / 4x4_All Terrain (A/T)_0033,SUV / 4x4 | All Terrain (A/T),SUV_/_4x4_|_All_Terrain_(A/T)_Community_03,Competitive Fighter,-1.2311178150499051,336.86552196078435,91.56674823529411,138.0121568627451,35193.1,11162848.32,0.7281801126386758,0.8122699450657073,165.94366579422191
BFGoodrich_SUV / 4x4_All Terrain (A/T)_0061,SUV / 4x4 | All Terrain (A/T),SUV_/_4x4_|_All_Terrain_(A/T)_Community_03,Traffic Driver,-1.1508822838100732,360.0009424778761,108.03250884955753,121.46269911504424,27450.57,9501518.79,0.6999104832727023,0.8688985955100749,201.9018040583678
BFGoodrich_SUV / 4x4_All Terrain (A/T)_0071,SUV / 4x4 | All Terrain (A/T),SUV_/_4x4_|_All_Terrain_(A/T)_Community_02,Competitive Fighter,-1.2189722699123946,388.02031311475406,104.5636987704918,159.75016393442624,38979.04,14474083.69,0.7305200391929794,0.8203632065164765,190.3439099790754
BFGoodrich_SUV / 4x4_Mud Terrain (M/T)_0028,SUV / 4x4 | Mud Terrain (M/T),SUV_/_4x4_|_Mud_Terrain_(M/T)_Community_01,Competitive Fighter,-0.9416286670230949,431.91654579831936,131.5916718487395,266.80470588235295,63499.52,26273214.99,0.6953307921892268,1.0619897577687845,271.34067955977173
BFGoodrich_SUV / 4x4_Mud Terrain (M/T)_0030,SUV / 4x4 | Mud Terrain (M/T),SUV_/_4x4_|_Mud_Terrain_(M/T)_Community_01,Premium Leader,-1.0263342554737547,419.2891109243697,127.13038949579831,115.96991596638655,27600.84,11103231.47,0.6967953944343436,0.9743414435079936,250.9987967108679
BFGoodrich_SUV / 4x4_Mud Terrain (M/T)_0053,SUV / 4x4 | Mud Terrain (M/T),SUV_/_4x4_|_Mud_Terrain_(M/T)_Community_01,Premium Leader,-0.9786598244347887,474.3223995918367,130.88130816326532,149.30122448979594,36578.8,16574731.33,0.7240667776265867,1.021805508954591,264.6165498636733
BFGoodrich_SUV / 4x4_Mud Terrain (M/T)_0054,SUV / 4x4 | Mud Terrain (M/T),SUV_/_4x4_|_Mud_Terrain_(M/T)_Community_02,Premium Leader,-0.9910218297075633,479.6986842975207,105.94440330578513,73.12640495867768,17696.59,8253384.07,0.7791438526438069,1.0090595080989144,212.8486107913537
Bridgestone_Agrícola_Implementos_0076,Agrícola | Implementos,Agrícola_|_Implementos_Community_02,Premium Leader,-1.2116789611702177,668.9421771084337,210.39674939759036,198.7101204819277,49478.82,31783928.28,0.6854784216073049,0.8253011169181464,384.03742167136903
Bridgestone_Agrícola_Premium Radial_0003,Agrícola | Premium Radial,Agrícola_|_Premium_Radial_Community_02,Competitive Fighter,-0.7530069733599721,1743.4990624489794,627.9971110204082,39.50375510204081,9678.42,16424891.99,0.6398064532720187,1.328008949954244,1461.9828950009191
Bridgestone_Agrícola_Premium Radial_0018,Agrícola | Premium Radial,Agrícola_|_Premium_Radial_Community_01,Competitive Fighter,-0.7307076906063937,2011.9042668067227,630.5155617647059,42.27529411764706,10061.52,19711825.55,0.6866075726528206,1.3685363009798461,1493.3989963724064
Bridgestone_Agrícola_Premium Radial_0026,Agrícola | Premium Radial,Agrícola_|_Premium_Radial_Community_03,KVI,-0.722083814554858,1819.0546736842105,604.1187307017544,40.870877192982455,9318.56,16541947.43,0.667894132352709,1.3848807850879037,1440.751152762308
Bridgestone_Agrícola_Premium Radial_0051,Agrícola | Premium Radial,Agrícola_|_Premium_Radial_Community_02,Competitive Fighter,-0.7214109533220354,1714.0123512195123,618.6226849593495,23.431300813008132,5764.1,9587202.91,0.6390792140329665,1.3861724657701495,1476.1404175508014
Bridgestone_Agrícola_Premium Radial_0075,Agrícola | Premium Radial,Agrícola_|_Premium_Radial_Community_02,Premium Leader,-0.7738984202369081,1560.375425925926,624.8127320987654,63.211028806584366,15360.28,23139294.54,0.5995753831306323,1.2921592470674341,1432.1702815656524
Bridgestone_Agrícola_Tractor_0004,Agrícola | Tractor,Agrícola_|_Tractor_Community_01,Premium Leader,-0.9696645721354108,1034.2762683982685,375.9372601731602,111.0647619047619,25655.96,25575950.3,0.6365214288873172,1.0312844551985476,763.6355127196724
Bridgestone_Agrícola_Tractor_0010,Agrícola | Tractor,Agrícola_|_Tractor_Community_02,Premium Leader,-1.0257359737662453,1138.9432277310925,299.65146848739494,100.7473949579832,23977.88,26491690.91,0.7369039464027232,0.9749097482934627,591.7846062062075
Bridgestone_Agrícola_Tractor_0027,Agrícola | Tractor,Agrícola_|_Tractor_Community_02,Traffic Driver,-0.9494799844536668,1164.3554040983609,320.2243913934426,78.80040983606557,19227.3,21691512.39,0.7249771072764385,1.0532080890313897,657.4873107141701
Bridgestone_Agrícola_Tractor_0056,Agrícola | Tractor,Agrícola_|_Tractor_Community_02,Traffic Driver,-0.9089083887533913,1173.9240161702128,366.85385829787236,76.79880851063831,18047.72,20684898.62,0.6874977824419255,1.1002208939578002,770.4741382262257
Bridgestone_Camión_Long Haul_0079,Camión | Long Haul,Camión_|_Long_Haul_Community_01,Premium Leader,-1.0355016192252005,663.0370161702128,208.57044382978725,125.32302127659574,29450.91,18986322.56,0.68543167463784,0.9657155348035438,409.9901615370827
Bridgestone_Camión_Obras / Mixto_0026,Camión | Obras / Mixto,Camión_|_Obras_/_Mixto_Community_02,Premium Leader,-0.8599379075880933,733.7912583333333,231.9930214912281,98.49811403508772,22457.57,15948771.95,0.6838433016793415,1.1628746577816824,501.77182696557844
Bridgestone_Camión_Obras / Mixto_0039,Camión | Obras / Mixto,Camión_|_Obras_/_Mixto_Community_03,Competitive Fighter,-0.823437818028185,753.239518852459,261.64817459016393,131.0211475409836,31969.16,23425231.51,0.652636156174097,1.2144207833380947,579.3991557349333
Bridgestone_Camión_Regional_0004,Camión | Regional,Camión_|_Regional_Community_03,Competitive Fighter,-1.0111662492737357,619.3763370212765,194.52158680851065,76.16272340425533,17898.24,10696228.54,0.6859395892584309,0.9889570589586473,386.89508320262456
Bridgestone_Camión_Regional_0033,Camión | Regional,Camión_|_Regional_Community_02,Premium Leader,-1.1115694874816324,579.5524984126984,186.25892896825397,188.1106746031746,47403.89,26261218.15,0.6786159502747596,0.8996288682461014,353.8228384366953
Bridgestone_Camión_Regional_0060,Camión | Regional,Camión_|_Regional_Community_03,Premium Leader,-1.0842464361347584,589.9417519148935,151.72096340425531,75.59944680851063,17765.87,9982712.91,0.7428204345398781,0.9222995498743908,291.6531396585089
Bridgestone_Coche_Budget_0011,Coche | Budget,Coche_|_Budget_Community_03,KVI,-2.5573992429170387,97.91403130081301,24.687717886178863,136.85983739837397,33667.52,3040321.07,0.7478633291041519,0.39102224760940063,34.34116482237932
Bridgestone_Coche_Budget_0036,Coche | Budget,Coche_|_Budget_Community_03,Traffic Driver,-2.493564366938646,99.97562371541503,32.86619051383399,232.45142292490118,58810.21,5487757.39,0.6712579597663823,0.4010323588428969,46.04659642177688
Bridgestone_Coche_Budget_0063,Coche | Budget,Coche_|_Budget_Community_03,Traffic Driver,-2.5247789111510834,102.55344032258064,30.399016532258067,243.08125,60284.15,5825591.2,0.7035787737920998,0.3960742842010216,42.4392852456872
Bridgestone_Coche_Performance_0002,Coche | Performance,Coche_|_Performance_Community_02,Premium Leader,-1.1703786016928641,371.6211418032787,114.33989426229508,243.1025819672131,59317.03,20992223.48,0.692321341817463,0.8544243705016271,212.03468644057915
Bridgestone_Coche_Performance_0010,Coche | Performance,Coche_|_Performance_Community_02,Competitive Fighter,-1.0572626289385298,397.3360246808511,111.33919659574468,57.4468085106383,13500.0,5140747.31,0.7197857992232778,0.9458387846395173,216.64812698660413
Bridgestone_Coche_Performance_0023,Coche | Performance,Coche_|_Performance_Community_02,Competitive Fighter,-1.060231634012714,302.2626174107143,106.10510089285715,295.3984821428571,66169.26,19045372.34,0.6489638652579999,0.9431901180077488,206.1823835252152
Bridgestone_Coche_Performance_0068,Coche | Performance,Coche_|_Performance_Community_02,Premium Leader,-1.1125263479713008,369.28268860759493,106.19737299578058,95.68143459915612,22676.5,8033884.33,0.7124225524998075,0.8988551163965749,201.6534250609134
Bridgestone_Coche_Touring_0002,Coche | Touring,Coche_|_Touring_Community_01,Premium Leader,-1.882312881745515,167.0614243697479,41.97006260504202,339.67256302521014,80842.07,12557263.14,0.7487746631912345,0.5312613060761053,64.26713288069254
Bridgestone_Coche_Touring_0007,Coche | Touring,Coche_|_Touring_Community_01,Traffic Driver,-1.7883212353998492,164.33656875,53.05127708333334,189.15225,45396.54,7105095.0,0.6771791118260565,0.5591836523578555,82.71668396504027
Bridgestone_Coche_Touring_0045,Coche | Touring,Coche_|_Touring_Community_02,Competitive Fighter,-1.8097371460861262,164.80310083333333,46.470018333333336,384.518125,92284.35,14089767.04,0.7180270389431032,0.5525664332871076,72.14779061856984
Bridgestone_Coche_Touring_0048,Coche | Touring,Coche_|_Touring_Community_02,Competitive Fighter,-1.7994194664952083,155.6282898305085,46.914482627118645,274.9753813559322,64894.19,9432228.66,0.6985478496344577,0.5557347903697711,72.9864927952067
Bridgestone_Coche_Touring_0059,Coche | Touring,Coche_|_Touring_Community_01,Premium Leader,-1.8722040864088234,140.34848099173553,51.03872933884297,331.57438016528926,80241.0,10699540.73,0.636342844766176,0.5341298030804721,78.30003579007668
Bridgestone_Coche_Touring_0075,Coche | Touring,Coche_|_Touring_Community_02,Premium Leader,-1.85762821948407,152.82731923076923,52.213625641025644,291.2642307692308,68155.83,9447524.71,0.6583488743777343,0.5383208488713289,80.32130891875235
Bridgestone_Furgoneta_Reforzado_0005,Furgoneta | Reforzado,Furgoneta_|_Reforzado_Community_01,KVI,-1.0703391261837203,230.15149087136928,81.50968215767635,270.3587966804979,65156.47,14546656.35,0.6458433449678074,0.9342833271595765,157.66281919966977
Bridgestone_Furgoneta_Reforzado_0073,Furgoneta | Reforzado,Furgoneta_|_Reforzado_Community_01,Premium Leader,-1.1745005089951943,264.1202676470588,65.1261,217.35529411764705,51730.56,13113017.16,0.7534225579120367,0.8514257697985311,120.5761398264761
Bridgestone_Furgoneta_Standard_0009,Furgoneta | Standard,Furgoneta_|_Standard_Community_01,Premium Leader,-1.4282199369059179,195.95917385892116,50.58371493775934,197.00908713692948,47479.19,8732189.21,0.7418660533128366,0.7001722733029414,86.00102961783826
Bridgestone_Furgoneta_Standard_0012,Furgoneta | Standard,Furgoneta_|_Standard_Community_01,Traffic Driver,-1.302149519647869,172.82092016460905,58.92634362139918,158.07020576131686,38411.06,6348883.06,0.659032346516424,0.7679609637074726,104.17947525664655
Bridgestone_Furgoneta_Standard_0013,Furgoneta | Standard,Furgoneta_|_Standard_Community_01,Competitive Fighter,-1.3812161159041738,178.95540948616602,51.4049209486166,334.35300395256917,84591.31,14364740.58,0.7127501141417555,0.7239996612299723,88.62206630096851
Bridgestone_Furgoneta_Standard_0019,Furgoneta | Standard,Furgoneta_|_Standard_Community_01,Competitive Fighter,-1.3701688102302356,169.36736209677417,46.6392560483871,112.70568548387097,27951.01,4507175.25,0.724626660821829,0.7298370773977592,80.6783143747477
Bridgestone_Furgoneta_Standard_0021,Furgoneta | Standard,Furgoneta_|_Standard_Community_02,Competitive Fighter,-1.3109515142604622,147.98996125,55.07373666666667,181.20891666666665,43490.14,6081255.73,0.6278549152828657,0.7628047178877725,97.0842428277088
Bridgestone_Furgoneta_Standard_0065,Furgoneta | Standard,Furgoneta_|_Standard_Community_02,Premium Leader,-1.3291785789648083,196.6345406504065,56.141297154471545,228.47020325203252,56203.67,10572629.040000001,0.7144891382319026,0.7523443544951053,98.37888512267033
Bridgestone_Furgoneta_Standard_0066,Furgoneta | Standard,Furgoneta_|_Standard_Community_02,Competitive Fighter,-1.3167366177872484,187.45442655601659,48.28146721991701,75.51203319502075,18198.4,3250663.24,0.7424362384662644,0.7594533230802691,84.94898794327408
Bridgestone_Industrial_Construcción Pesada_0016,Industrial | Construcción Pesada,Industrial_|_Construcción_Pesada_Community_03,KVI,-0.8549096077618223,2015.137064,588.2619083999999,15.80124,3950.31,7718266.64,0.7080784632920633,1.1697143077126346,1276.3602793378193
Bridgestone_Industrial_Manipulación Ligera_0004,Industrial | Manipulación Ligera,Industrial_|_Manipulación_Ligera_Community_03,Competitive Fighter,-1.2651014302818555,384.1875710084034,104.01604243697479,141.91294117647058,33775.28,12362175.98,0.7292571382151777,0.7904504540613848,186.23557041094978
Bridgestone_Industrial_Manipulación Ligera_0005,Industrial | Manipulación Ligera,Industrial_|_Manipulación_Ligera_Community_01,Traffic Driver,-1.2540548411891843,325.0857851528384,90.03880393013101,195.39432314410482,44745.3,13856694.32,0.7230306336285992,0.7974132925891252,161.83694303284344
Bridgestone_Industrial_Manipulación Ligera_0007,Industrial | Manipulación Ligera,Industrial_|_Manipulación_Ligera_Community_02,Competitive Fighter,-1.2809466153394184,347.35290000000003,86.5713593625498,109.91693227091633,27589.15,9182186.57,0.7507682838906777,0.7806726588172649,154.15525265353645
Bridgestone_Industrial_Manipulación Ligera_0056,Industrial | Manipulación Ligera,Industrial_|_Manipulación_Ligera_Community_03,KVI,-1.2468740962314189,320.68073620689654,84.41094913793103,188.78719827586207,43798.63,13357847.69,0.7367757410801539,0.8020055938465825,152.10900252845107
Bridgestone_Industrial_Portuario/Especial_0043,Industrial | Portuario/Especial,Industrial_|_Portuario/Especial_Community_01,Competitive Fighter,-0.6832143581872049,5912.923946666667,2846.55659125,0.7665416666666667,183.97,1056518.21,0.518587315357792,1.4636694735943971,7012.974578721549
Bridgestone_Industrial_Portuario/Especial_0074,Industrial | Portuario/Especial,Industrial_|_Portuario/Especial_Community_03,Premium Leader,-0.7213228068058309,5920.709702024291,2427.2478425101217,1.0357085020242915,255.82,1479542.32,0.5900410652323917,1.3863418577158406,5792.24312563237
Bridgestone_SUV / 4x4_All Terrain (A/T)_0012,SUV / 4x4 | All Terrain (A/T),SUV_/_4x4_|_All_Terrain_(A/T)_Community_03,Traffic Driver,-1.1275996369777408,374.35208153846156,109.22161346153847,58.16669230769231,15123.34,5376469.67,0.7082382632609541,0.8868395902292583,206.0836643879477
Bridgestone_SUV / 4x4_All Terrain (A/T)_0072,SUV / 4x4 | All Terrain (A/T),SUV_/_4x4_|_All_Terrain_(A/T)_Community_01,Competitive Fighter,-1.2694274722969083,356.28207319999996,116.4414484,151.83952,37959.88,12868786.44,0.6731762354637606,0.7877567027839685,208.1689798589736
Bridgestone_SUV / 4x4_Highway Terrain (H/T)_0039,SUV / 4x4 | Highway Terrain (H/T),SUV_/_4x4_|_Highway_Terrain_(H/T)_Community_01,KVI,-1.5915144930526985,241.6507654471545,65.72820203252033,192.89654471544716,47452.55,10985129.82,0.7280033360916701,0.628332323937491,107.02735596384674
Bridgestone_SUV / 4x4_Highway Terrain (H/T)_0056,SUV / 4x4 | Highway Terrain (H/T),SUV_/_4x4_|_Highway_Terrain_(H/T)_Community_03,Premium Leader,-1.6774602562801781,240.71438955823294,69.55394578313252,188.92244979919678,47041.69,10558207.17,0.7110519819326953,0.5961393101601894,111.01778704120836
Bridgestone_SUV / 4x4_Mud Terrain (M/T)_0009,SUV / 4x4 | Mud Terrain (M/T),SUV_/_4x4_|_Mud_Terrain_(M/T)_Community_02,Traffic Driver,-0.8676608599070161,404.09975145228213,140.02406556016598,174.29439834024896,42004.95,16597566.01,0.6534913346099877,1.15252404044959,301.40516735974677
Bridgestone_SUV / 4x4_Mud Terrain (M/T)_0040,SUV / 4x4 | Mud Terrain (M/T),SUV_/_4x4_|_Mud_Terrain_(M/T)_Community_01,Competitive Fighter,-0.9167330998529845,417.7547457264957,112.79036965811964,185.55290598290597,43419.38,17433517.16,0.7300081667247807,1.0908300356563638,235.8254926139807
Bridgestone_SUV / 4x4_Mud Terrain (M/T)_0066,SUV / 4x4 | Mud Terrain (M/T),SUV_/_4x4_|_Mud_Terrain_(M/T)_Community_01,Traffic Driver,-0.8744264164786079,454.0852594827586,117.1992129310345,229.3101724137931,53199.96,23448535.37,0.7419004240205148,1.1436068045920753,251.22903033180108
Continental_Agrícola_Implementos_0040,Agrícola | Implementos,Agrícola_|_Implementos_Community_01,Competitive Fighter,-1.1649284674052824,667.3294825910931,189.49603360323886,114.6246963562753,28312.3,18111835.98,0.7160382711288769,0.8584218069864514,352.16356118569644
Continental_Agrícola_Implementos_0071,Agrícola | Implementos,Agrícola_|_Implementos_Community_02,Competitive Fighter,-1.1466596055507243,654.7358956331877,169.73275807860261,57.06349344978166,13067.54,8171352.4799999995,0.740761489921893,0.8720983935940729,317.75642373924336
Continental_Agrícola_Premium Radial_0002,Agrícola | Premium Radial,Agrícola_|_Premium_Radial_Community_03,Premium Leader,-0.7668671573742184,1889.8103995670997,572.8436173160173,37.62662337662338,8691.75,16035985.27,0.6968777304605589,1.3040068157619855,1319.8355986618544
Continental_Agrícola_Premium Radial_0005,Agrícola | Premium Radial,Agrícola_|_Premium_Radial_Community_02,Traffic Driver,-0.6941307959088715,1816.904447808765,641.6140099601594,29.496972111553784,7403.74,13140714.06,0.6468641976555438,1.440650675483478,1565.9556668089258
Continental_Agrícola_Tractor_0072,Agrícola | Tractor,Agrícola_|_Tractor_Community_03,KVI,-0.9645455147097619,1149.6116587755103,356.63131224489797,82.01820408163265,20094.46,22163458.09,0.6897810582186006,1.036757711014712,726.3715752040913
Continental_Camión_Long Haul_0040,Camión | Long Haul,Camión_|_Long_Haul_Community_01,Competitive Fighter,-0.9742896666045792,634.4828788793103,206.2820025862069,138.7384051724138,32187.31,19784324.2,0.6748816879809844,1.0263887981949167,418.0075393099045
Continental_Camión_Long Haul_0064,Camión | Long Haul,Camión_|_Long_Haul_Community_01,Traffic Driver,-0.8930655273576683,579.8277595918368,171.8086081632653,154.95673469387756,37964.4,21378604.92,0.7036902678060671,1.1197386634760396,364.18934944167853
Continental_Camión_Obras / Mixto_0018,Camión | Obras / Mixto,Camión_|_Obras_/_Mixto_Community_02,KVI,-0.7973754071683473,822.6092600000001,253.9882532,72.00844000000001,18002.11,14457847.14,0.691240707404631,1.2541144246612979,572.518585232646
Continental_Camión_Obras / Mixto_0020,Camión | Obras / Mixto,Camión_|_Obras_/_Mixto_Community_03,Premium Leader,-0.8577324005157683,820.9199906382978,203.3148263829787,285.8395319148936,67172.29,53333110.06,0.752332957289914,1.1658647841665815,440.35242256183614
Continental_Camión_Obras / Mixto_0057,Camión | Obras / Mixto,Camión_|_Obras_/_Mixto_Community_03,Competitive Fighter,-0.8143285188450033,708.6204743083005,244.94649644268776,133.21438735177864,33703.24,22921174.8,0.654333306299419,1.2280056228637828,545.7421713750919
Continental_Camión_Obras / Mixto_0066,Camión | Obras / Mixto,Camión_|_Obras_/_Mixto_Community_03,Competitive Fighter,-0.8338671246925642,736.6907163934426,230.87622786885245,65.74688524590164,16042.24,11522757.87,0.6866035871890247,1.1992318324921214,507.750349694885
Continental_Camión_Obras / Mixto_0073,Camión | Obras / Mixto,Camión_|_Obras_/_Mixto_Community_03,Competitive Fighter,-0.8231102522485201,755.8626943965517,236.54609439655172,127.6494396551724,29614.67,21800377.57,0.6870515026735113,1.2149040754482936,523.9269085102992
Continental_Camión_Regional_0008,Camión | Regional,Camión_|_Regional_Community_03,Premium Leader,-1.1826484482266317,605.8730171428572,194.0314163265306,183.49404081632653,44956.04,26198624.04,0.6797490384345992,0.8455598123850658,358.0965843124004
Continental_Camión_Regional_0045,Camión | Regional,Camión_|_Regional_Community_03,KVI,-0.9583315964324912,704.073693442623,205.05107827868852,58.46024590163934,14264.3,9680921.77,0.7087647497862399,1.0434801520920574,419.01780862757477
Continental_Camión_Regional_0047,Camión | Regional,Camión_|_Regional_Community_02,Competitive Fighter,-1.0820256419141185,604.5731961206897,175.54151681034483,204.135,47359.32,27635132.39,0.7096438976508944,0.9241925156514645,337.7756728325713
Continental_Camión_Regional_0049,Camión | Regional,Camión_|_Regional_Community_02,Traffic Driver,-1.0100333147685245,547.9946628691984,148.97809282700422,88.14645569620252,20890.71,10999408.08,0.7281395186460712,0.9900663526422157,296.4762898158297
Continental_Camión_Regional_0067,Camión | Regional,Camión_|_Regional_Community_02,Premium Leader,-1.1130210490954981,640.6681016194333,180.178,178.48214574898785,44085.09,27256011.87,0.7187654582075189,0.8984556049615187,342.0599339907565
Continental_Coche_Budget_0006,Coche | Budget,Coche_|_Budget_Community_02,Traffic Driver,-2.3113882862767645,88.78098893280632,27.44736086956522,222.16810276679843,56208.53,4692955.35,0.6908419110949678,0.43264042045087203,39.32219861644073
Continental_Coche_Budget_0009,Coche | Budget,Coche_|_Budget_Community_02,Traffic Driver,-2.381880062093692,93.68524805194805,25.448016017316014,108.20411255411256,24995.15,2179162.72,0.7283668822309655,0.4198364207814023,36.132019978013766
Continental_Coche_Budget_0015,Coche | Budget,Coche_|_Budget_Community_01,Traffic Driver,-2.590331184985878,98.47754285714286,24.28511974789916,101.97529411764705,24270.12,2224610.27,0.7533943369898197,0.3860510215049786,33.66041503394636
Continental_Coche_Budget_0046,Coche | Budget,Coche_|_Budget_Community_02,Premium Leader,-2.505688901727303,91.79983032786885,29.1567118852459,218.65602459016392,53352.07,4527253.18,0.6823881723842966,0.3990918422916139,40.792917746694485
Continental_Coche_Budget_0053,Coche | Budget,Coche_|_Budget_Community_01,KVI,-2.649917099871692,108.4808717299578,28.133618987341773,138.8494092827004,32907.31,3236348.07,0.7406582511857482,0.37737029586639503,38.75041110838736
Continental_Coche_Eco_0005,Coche | Eco,Coche_|_Eco_Community_02,KVI,-1.3824161232858336,187.42135619834713,55.32783223140496,273.23194214876037,66122.13,11766207.78,0.7047944089527782,0.7233711927658386,95.35039222578457
Continental_Coche_Eco_0012,Coche | Eco,Coche_|_Eco_Community_01,Competitive Fighter,-1.376840329593524,179.56615594713654,62.527661233480174,169.09872246696037,38385.41,6526526.7700000005,0.6517848204542062,0.7263006308765111,107.94154103458959
Continental_Coche_Eco_0024,Coche | Eco,Coche_|_Eco_Community_01,Competitive Fighter,-1.408233808445954,192.11633291666666,51.684582500000005,212.96491666666668,51111.58,9317716.4,0.7309724700896776,0.7101093540024739,88.38628799096257
Continental_Coche_Eco_0040,Coche | Eco,Coche_|_Eco_Community_02,KVI,-1.3926968338927084,209.7758357142857,51.98054327731093,226.470756302521,53900.04,10751077.8,0.7522090992972692,0.7180313587738355,89.30420339652065
Continental_Coche_Eco_0055,Coche | Eco,Coche_|_Eco_Community_01,Traffic Driver,-1.3449922389996154,186.54035815899584,47.98772175732218,89.14372384937238,21305.35,3772395.14,0.7427488494665573,0.7434987139730893,83.66653117038965
Continental_Coche_Eco_0057,Coche | Eco,Coche_|_Eco_Community_01,Competitive Fighter,-1.4057982728688196,183.03037436974788,53.0927231092437,137.51806722689076,32729.3,5642239.31,0.7099239768696057,0.7113396134420445,90.8596802423586
Continental_Coche_Eco_0070,Coche | Eco,Coche_|_Eco_Community_01,Premium Leader,-1.447181192316057,206.06172182539683,56.366858730158725,144.6868650793651,36461.090000000004,7150839.44,0.7264564314476597,0.6909984771150931,95.31627227246
Continental_Coche_Touring_0012,Coche | Touring,Coche_|_Touring_Community_03,KVI,-1.9394941152387681,155.7218923404255,42.53551489361702,198.83140425531914,46725.38,6886462.64,0.7268494862582994,0.5155983677098662,64.46675694246467
Continental_Coche_Touring_0031,Coche | Touring,Coche_|_Touring_Community_01,KVI,-1.8109951875600123,164.77449159663865,46.51045798319328,175.99058823529413,41885.76,6475030.79,0.7177326567206227,0.5521825827418784,72.19272279686056
Continental_Coche_Touring_0049,Coche | Touring,Coche_|_Touring_Community_02,Competitive Fighter,-1.8151917635105483,169.35001832669323,43.80991832669323,150.57745019920318,37794.94,6058482.64,0.7413054999369443,0.5509059814517987,67.9450643797833
Continental_Coche_Touring_0064,Coche | Touring,Coche_|_Touring_Community_01,Premium Leader,-1.8505232257089121,163.61870815450644,52.57718111587983,239.72562231759656,55856.07,8527286.94,0.6786603334734145,0.5403877055457721,80.98924338315463
Continental_Coche_Touring_0074,Coche | Touring,Coche_|_Touring_Community_02,Premium Leader,-1.824783156702911,153.06161393442622,50.87242377049181,212.3491393442623,51813.19,7397458.38,0.6676343436945185,0.548010319103799,78.75103695454271
Continental_Furgoneta_Reforzado_0003,Furgoneta | Reforzado,Furgoneta_|_Reforzado_Community_02,Competitive Fighter,-1.0985718984957693,239.48785141700407,76.51116558704453,276.3882995951417,68267.91,15683459.98,0.680521725280249,0.9102726925468057,146.15719029585804
Continental_Furgoneta_Reforzado_0007,Furgoneta | Reforzado,Furgoneta_|_Reforzado_Community_02,Premium Leader,-1.1255832791036622,240.1223726190476,70.60642103174604,174.04488095238094,43859.31,10102547.63,0.7059565076688518,0.8884282652069351,133.33516118145062
Continental_Furgoneta_Reforzado_0009,Furgoneta | Reforzado,Furgoneta_|_Reforzado_Community_02,Traffic Driver,-1.050862541167459,234.00227012987014,74.33588311688311,174.0261471861472,40200.04,8975401.34,0.6823283676879415,0.9515992442637139,145.07385331258484
Continental_Furgoneta_Reforzado_0029,Furgoneta | Reforzado,Furgoneta_|_Reforzado_Community_03,Traffic Driver,-1.0380091481787117,221.72739336099585,69.94164854771785,128.60149377593362,30992.96,6565745.14,0.6845601822692003,0.9633826462460351,137.32221900842842
Continental_Furgoneta_Reforzado_0031,Furgoneta | Reforzado,Furgoneta_|_Reforzado_Community_01,Traffic Driver,-1.0112387991669443,258.54285853658536,82.74158170731708,52.44170731707317,12900.66,3248465.16,0.6799695718703881,0.9888861076372834,164.56358238161812
Continental_Furgoneta_Standard_0005,Furgoneta | Standard,Furgoneta_|_Standard_Community_01,Premium Leader,-1.3904114426621264,166.76402416666667,53.75787916666666,309.2581666666667,74221.96,11605601.54,0.6776410293808923,0.7192115724287826,92.42116797256149
Continental_Furgoneta_Standard_0033,Furgoneta | Standard,Furgoneta_|_Standard_Community_03,KVI,-1.3046079793092014,183.90903571428572,58.45079957983194,326.14197478991593,77621.79,13568034.97,0.6821754877197065,0.7665137848762098,103.25414319480969
Continental_Furgoneta_Standard_0037,Furgoneta | Standard,Furgoneta_|_Standard_Community_02,Premium Leader,-1.3553265163527033,178.38815469387757,60.09069795918367,259.81248979591834,63654.06,10895983.58,0.6631463671884373,0.7378295841883795,104.42739264799766
Continental_Industrial_Construcción Pesada_0028,Industrial | Construcción Pesada,Industrial_|_Construcción_Pesada_Community_01,KVI,-0.884574904354533,1928.310446122449,578.7651734693877,31.759836734693877,7781.16,14492715.62,0.6998589233216052,1.1304865140049296,1233.0513968522541
Continental_Industrial_Construcción Pesada_0040,Industrial | Construcción Pesada,Industrial_|_Construcción_Pesada_Community_01,Competitive Fighter,-0.8918088538499959,2014.7403905172414,605.2836237068965,33.04909482758621,7667.39,14945524.82,0.6995723982326563,1.1213165194345582,1283.9981499126504
Continental_Industrial_Construcción Pesada_0048,Industrial | Construcción Pesada,Industrial_|_Construcción_Pesada_Community_03,Competitive Fighter,-0.8777509415685741,1740.3226641434262,663.6140378486056,24.880756972111552,6245.07,10572097.55,0.6186833329696183,1.139275337276155,1419.6531446397669
Continental_Industrial_Construcción Pesada_0077,Industrial | Construcción Pesada,Industrial_|_Construcción_Pesada_Community_01,Premium Leader,-0.928525937301527,1910.4363225531915,574.4830485106382,63.39944680851064,14898.87,27515260.44,0.699292228833425,1.076975838613825,1193.1874114498096
Continental_Industrial_Manipulación Ligera_0022,Industrial | Manipulación Ligera,Industrial_|_Manipulación_Ligera_Community_02,Competitive Fighter,-1.276176792143533,311.6941665306123,88.4333881632653,174.27208163265308,42696.66,12683200.37,0.71628154242476,0.7835904916593476,157.7289502732203
Continental_Industrial_Manipulación Ligera_0041,Industrial | Manipulación Ligera,Industrial_|_Manipulación_Ligera_Community_02,Premium Leader,-1.3374306280237591,323.6680074235808,87.92752008733625,86.00419213973798,19694.96,6096613.86,0.7283404041466895,0.747702332402571,153.67113193901147
Continental_Industrial_Manipulación Ligera_0046,Industrial | Manipulación Ligera,Industrial_|_Manipulación_Ligera_Community_02,Traffic Driver,-1.2171956309607836,305.88913266932275,106.48640278884463,329.1186454183267,82608.78,24330284.8,0.6518790914224458,0.8215606222729028,193.9714381276508
Continental_Industrial_Manipulación Ligera_0051,Industrial | Manipulación Ligera,Industrial_|_Manipulación_Ligera_Community_01,Competitive Fighter,-1.3257141705568758,339.0786190661479,91.27658521400778,90.67556420233463,23303.62,7552391.34,0.7308099653543728,0.7543104103503268,160.12746366216257
Continental_Industrial_Portuario/Especial_0008,Industrial | Portuario/Especial,Industrial_|_Portuario/Especial_Community_03,Competitive Fighter,-0.6787828052968339,4329.80172231405,2796.344046694215,1.7546280991735537,424.62,1764424.34,0.3541634869137339,1.4732252971002953,6915.988835679942
Continental_Industrial_Portuario/Especial_0042,Industrial | Portuario/Especial,Industrial_|_Portuario/Especial_Community_03,Traffic Driver,-0.5382499373275872,5318.249225213675,2401.579362820513,0.6610256410256411,154.68,809773.99,0.5484266981256368,1.8578729520434383,6863.408703190458
Continental_Industrial_Portuario/Especial_0059,Industrial | Portuario/Especial,Industrial_|_Portuario/Especial_Community_01,Competitive Fighter,-0.6864925289036669,5776.170675303643,2696.185911740891,0.7382186234817814,182.34,1019035.16,0.5332226031220664,1.4566800917659026,6623.666253073546
Continental_SUV / 4x4_All Terrain (A/T)_0000,SUV / 4x4 | All Terrain (A/T),SUV_/_4x4_|_All_Terrain_(A/T)_Community_03,Premium Leader,-1.3120807262235363,395.482302892562,111.29121694214876,140.99318181818182,34120.35,12781426.53,0.7185936864224681,0.7621482276309516,196.1116206854992
Continental_SUV / 4x4_All Terrain (A/T)_0032,SUV / 4x4 | All Terrain (A/T),SUV_/_4x4_|_All_Terrain_(A/T)_Community_02,KVI,-1.206296612968909,365.6410559471366,90.31587400881057,222.79859030837005,50575.28,17632868.77,0.7529930719216931,0.8289835097346608,165.18624422938777
Continental_SUV / 4x4_Highway Terrain (H/T)_0014,SUV / 4x4 | Highway Terrain (H/T),SUV_/_4x4_|_Highway_Terrain_(H/T)_Community_01,Premium Leader,-1.6665737157419536,235.19565387931036,69.03761077586208,200.51706896551724,46519.96,10330805.3,0.7064673192843588,0.6000334641992137,110.46248752973956
Continental_SUV / 4x4_Highway Terrain (H/T)_0021,SUV / 4x4 | Highway Terrain (H/T),SUV_/_4x4_|_Highway_Terrain_(H/T)_Community_01,Premium Leader,-1.7042650891868418,228.5322966101695,76.99536059322034,187.5300847457627,44257.1,9587438.88,0.6630876172195519,0.5867631780670525,122.17340307131701
Continental_SUV / 4x4_Highway Terrain (H/T)_0029,SUV / 4x4 | Highway Terrain (H/T),SUV_/_4x4_|_Highway_Terrain_(H/T)_Community_03,Traffic Driver,-1.5438216014177,217.76925776892432,55.86676613545817,171.32414342629482,43002.36,8853263.82,0.7434588944839102,0.6477432360589426,92.054086020188
Continental_SUV / 4x4_Highway Terrain (H/T)_0041,SUV / 4x4 | Highway Terrain (H/T),SUV_/_4x4_|_Highway_Terrain_(H/T)_Community_01,Premium Leader,-1.7113374079278214,204.69554107883818,76.31983319502075,260.58141078838173,62800.12,11973310.4,0.6271543933356796,0.5843383048646458,120.9164351517517
Continental_SUV / 4x4_Mud Terrain (M/T)_0013,SUV / 4x4 | Mud Terrain (M/T),SUV_/_4x4_|_Mud_Terrain_(M/T)_Community_02,Competitive Fighter,-0.9802980784715674,421.2789866935484,125.79957701612904,80.07653225806452,19858.98,8103232.69,0.7013865372125964,1.0200978885515628,254.12745991096196
Continental_SUV / 4x4_Mud Terrain (M/T)_0025,SUV / 4x4 | Mud Terrain (M/T),SUV_/_4x4_|_Mud_Terrain_(M/T)_Community_01,Competitive Fighter,-0.939182513615101,449.8259319148936,114.09149914893617,164.22497872340426,38592.87,16741527.58,0.7463652247364829,1.064755769515768,235.57108112046927
Continental_SUV / 4x4_Mud Terrain (M/T)_0035,SUV / 4x4 | Mud Terrain (M/T),SUV_/_4x4_|_Mud_Terrain_(M/T)_Community_02,Competitive Fighter,-0.9712141374461389,448.3439790794979,134.49876276150627,189.92041841004186,45390.98,19709000.55,0.70000988295271,1.029639048119249,272.98394082448027
Continental_SUV / 4x4_Mud Terrain (M/T)_0068,SUV / 4x4 | Mud Terrain (M/T),SUV_/_4x4_|_Mud_Terrain_(M/T)_Community_02,Competitive Fighter,-0.9890264064349964,382.2721407407407,137.1789193415638,242.07506172839504,58824.24,21572173.84,0.6411485307934083,1.0110953494200003,275.87988672628035
Cooper Tires_Agrícola_Implementos_0031,Agrícola | Implementos,Agrícola_|_Implementos_Community_01,Traffic Driver,-1.069349207761616,620.7021130612245,203.85068326530612,184.50477551020407,45203.67,26929322.92,0.6715804909057902,0.9351482123348843,394.48128530410185
Cooper Tires_Agrícola_Premium Radial_0023,Agrícola | Premium Radial,Agrícola_|_Premium_Radial_Community_03,Traffic Driver,-0.6892629816143959,1708.8063780172413,546.0998689655172,40.12012931034483,9307.87,15541038.91,0.6804202769893879,1.450825050342605,1338.3952388495036
Cooper Tires_Agrícola_Premium Radial_0036,Agrícola | Premium Radial,Agrícola_|_Premium_Radial_Community_02,Competitive Fighter,-0.7577388341172212,1795.0653627118645,644.591363559322,14.893008474576272,3514.75,6118324.36,0.6409092521369157,1.3197159165862433,1495.2688457425888
Cooper Tires_Agrícola_Tractor_0013,Agrícola | Tractor,Agrícola_|_Tractor_Community_02,Premium Leader,-1.0218462987641332,1227.7572149779737,334.72942466960353,96.52493392070484,21911.16,25716527.57,0.7273651332803541,0.9786207585323202,662.3025881428581
Cooper Tires_Agrícola_Tractor_0052,Agrícola | Tractor,Agrícola_|_Tractor_Community_01,Traffic Driver,-0.8379602285172607,1128.9437108870968,312.64954677419354,45.064435483870966,11175.98,12205296.69,0.7230601102968003,1.1933740599711546,685.7574057562543
Cooper Tires_Camión_Long Haul_0017,Camión | Long Haul,Camión_|_Long_Haul_Community_03,Competitive Fighter,-0.9305156144680948,695.0717506276151,175.41089958158997,191.09912133891214,45672.69,31088651.32,0.74763627003514,1.0746729925339555,363.92025595801044
Cooper Tires_Camión_Long Haul_0032,Camión | Long Haul,Camión_|_Long_Haul_Community_01,Competitive Fighter,-0.9405564846612275,665.5841241666666,188.13882958333335,66.53875,15969.3,10319945.29,0.7173327566686039,1.063200367344427,388.1681023080839
Cooper Tires_Camión_Long Haul_0049,Camión | Long Haul,Camión_|_Long_Haul_Community_03,Competitive Fighter,-0.9505385608411344,705.8196160493827,196.07517860082305,134.3253086419753,32641.05,22338712.93,0.7222021404019683,1.0520351737388718,402.35316318602025
Cooper Tires_Camión_Long Haul_0067,Camión | Long Haul,Camión_|_Long_Haul_Community_03,Competitive Fighter,-0.9573401279734773,612.9952515625,207.0297703125,206.3123046875,52815.95,31419155.55,0.6622652952289769,1.0445608313910608,423.2849593128253
Cooper Tires_Camión_Long Haul_0072,Camión | Long Haul,Camión_|_Long_Haul_Community_03,Premium Leader,-0.974373087232534,679.9399665289257,198.21728925619837,69.27347107438017,16764.18,11075471.25,0.7084782495312167,1.0263009242591592,401.6478764239798
Cooper Tires_Camión_Obras / Mixto_0040,Camión | Obras / Mixto,Camión_|_Obras_/_Mixto_Community_01,Premium Leader,-0.8452282557011752,781.2555553278688,241.44828278688524,82.00319672131147,20008.78,15226736.06,0.6909483956430149,1.1831123643286523,527.10873149797
Cooper Tires_Camión_Obras / Mixto_0041,Camión | Obras / Mixto,Camión_|_Obras_/_Mixto_Community_02,Traffic Driver,-0.7738820275197252,759.800133201581,243.8387699604743,97.49683794466404,24666.7,18292544.92,0.6790751155399153,1.2921866181657917,558.923965493406
Cooper Tires_Camión_Regional_0075,Camión | Regional,Camión_|_Regional_Community_03,Premium Leader,-1.0571702434198251,586.5058086419752,160.80570534979424,167.61518518518517,40730.49,23065996.85,0.7258241896663704,0.9459214409640533,312.9152698695126
Cooper Tires_Coche_Budget_0008,Coche | Budget,Coche_|_Budget_Community_03,Competitive Fighter,-2.628203729262601,97.92950936170213,29.81532978723404,254.99804255319148,59924.54,5402418.26,0.6955429473550074,0.38048800740442273,41.15970520808445
Cooper Tires_Coche_Eco_0043,Coche | Eco,Coche_|_Eco_Community_01,Premium Leader,-1.457908763814096,191.73593469387757,62.238151428571435,278.0277551020408,68116.8,12423423.58,0.6753965211167128,0.6859139781723091,104.92816946903345
Cooper Tires_Coche_Touring_0017,Coche | Touring,Coche_|_Touring_Community_01,Competitive Fighter,-1.8308575270233725,163.375775,49.97967295081967,186.68495901639344,45551.13,6914772.77,0.6940814943291338,0.5461921450686611,77.278177729658
Cooper Tires_Coche_Touring_0032,Coche | Touring,Coche_|_Touring_Community_02,Premium Leader,-1.8797366079316822,154.71444393305438,42.58716192468619,202.35460251046024,48362.75,6907359.92,0.7247370003597476,0.5319894264868966,65.2430817727046
Cooper Tires_Coche_Touring_0033,Coche | Touring,Coche_|_Touring_Community_02,Premium Leader,-1.8413750748349682,188.6183783333333,42.81580833333333,145.50791666666666,34921.9,6209319.28,0.7730029877700058,0.5430724102147544,66.06789256020963
Cooper Tires_Coche_Touring_0038,Coche | Touring,Coche_|_Touring_Community_02,Competitive Fighter,-1.7957808886569067,164.099953125,47.574527734375,122.6729296875,31404.27,4818399.64,0.7100881089336082,0.5568608098663507,74.06691777754824
Cooper Tires_Coche_Touring_0073,Coche | Touring,Coche_|_Touring_Community_01,Premium Leader,-1.866986860829379,162.11570658436213,48.98146049382716,219.24827160493828,53277.33,8102557.41,0.6978611047268386,0.5356224090167223,75.21702836068827
Cooper Tires_Coche_Touring_0078,Coche | Touring,Coche_|_Touring_Community_02,Traffic Driver,-1.7161281249893976,160.53645041322312,45.804866115702474,146.7169834710744,35505.51,5238904.9,0.7146762246343425,0.58270707497797,72.495685669741
Cooper Tires_Furgoneta_Reforzado_0018,Furgoneta | Reforzado,Furgoneta_|_Reforzado_Community_03,Competitive Fighter,-1.0712597285139642,262.6698346774194,72.44621209677419,261.8224193548387,64931.96,16323355.47,0.7241928743521531,0.9334804374539359,140.0733338567516
Cooper Tires_Furgoneta_Reforzado_0068,Furgoneta | Reforzado,Furgoneta_|_Reforzado_Community_03,Competitive Fighter,-1.0942924778332117,236.39548791666667,75.69143041666666,271.59158333333335,65181.98,14802058.26,0.6798101728432772,0.9138324719000915,144.86071737598294
Cooper Tires_Furgoneta_Standard_0040,Furgoneta | Standard,Furgoneta_|_Standard_Community_02,Traffic Driver,-1.2541037553694228,182.6609756097561,54.07494756097561,213.59178861788618,52543.58,9144394.27,0.7039600419276015,0.7973821908422791,97.1933477168277
Cooper Tires_Industrial_Construcción Pesada_0019,Industrial | Construcción Pesada,Industrial_|_Construcción_Pesada_Community_02,Premium Leader,-0.9632078488828216,1843.566403846154,545.8959415384616,46.36146153846153,12053.98,21278018.61,0.7038913594869259,1.038197520047051,1112.6437542474423
Cooper Tires_Industrial_Construcción Pesada_0029,Industrial | Construcción Pesada,Industrial_|_Construcción_Pesada_Community_01,Competitive Fighter,-0.9089467289003268,1816.1858031496063,593.7738011811024,15.4698031496063,3929.33,6865361.33,0.6730654979510425,1.1001744857037248,1247.0285875198674
Cooper Tires_Industrial_Construcción Pesada_0079,Industrial | Construcción Pesada,Industrial_|_Construcción_Pesada_Community_03,Premium Leader,-0.8907323088173361,1785.8157898305083,582.3396949152543,66.18618644067797,15619.94,26820737.29,0.6739083066509765,1.1226717500881307,1236.116019351551
Cooper Tires_Industrial_Manipulación Ligera_0055,Industrial | Manipulación Ligera,Industrial_|_Manipulación_Ligera_Community_01,KVI,-1.2839298454403916,305.6397554112554,90.76639264069264,112.11848484848484,25899.37,7610783.07,0.7030281858504913,0.7788587542779623,161.46059214312692
Cooper Tires_Industrial_Manipulación Ligera_0078,Industrial | Manipulación Ligera,Industrial_|_Manipulación_Ligera_Community_01,Premium Leader,-1.3713474364618035,322.1370315352697,93.13828506224067,160.32427385892117,38638.15,11632145.66,0.7108737091840891,0.7292098073848358,161.05563597263114
Cooper Tires_Industrial_Portuario/Especial_0012,Industrial | Portuario/Especial,Industrial_|_Portuario/Especial_Community_01,Premium Leader,-0.7002677817036781,5052.89022881356,2164.4345423728814,0.8017372881355933,189.21,926030.59,0.5716442581652719,1.4280251442771004,5255.301492023255
Cooper Tires_Industrial_Portuario/Especial_0058,Industrial | Portuario/Especial,Industrial_|_Portuario/Especial_Community_02,Traffic Driver,-0.5947511042775347,5212.235150212766,2515.3678459574467,0.42348936170212764,99.52,510401.53,0.5174109046375683,1.6813756087342375,6744.645989144676
Cooper Tires_SUV / 4x4_All Terrain (A/T)_0009,SUV / 4x4 | All Terrain (A/T),SUV_/_4x4_|_All_Terrain_(A/T)_Community_03,Traffic Driver,-1.1884492635817134,350.60736560000004,116.6885772,61.5818,15395.45,5103215.36,0.6671816149660491,0.841432638854291,214.87415463754866
Cooper Tires_SUV / 4x4_All Terrain (A/T)_0018,SUV / 4x4 | All Terrain (A/T),SUV_/_4x4_|_All_Terrain_(A/T)_Community_01,Traffic Driver,-1.1893799658350745,318.98806304347823,76.09578739130434,166.3994347826087,38271.87,11756222.78,0.7614462852770374,0.8407742090206562,140.07516284503228
Cooper Tires_SUV / 4x4_All Terrain (A/T)_0059,SUV / 4x4 | All Terrain (A/T),SUV_/_4x4_|_All_Terrain_(A/T)_Community_02,Premium Leader,-1.2951016496853327,410.6065329411765,97.27861725490196,327.3137647058823,83465.01,33125299.11,0.7630855589215915,0.7721401638573832,172.3913447219216
Cooper Tires_SUV / 4x4_Highway Terrain (H/T)_0016,SUV / 4x4 | Highway Terrain (H/T),SUV_/_4x4_|_Highway_Terrain_(H/T)_Community_03,Premium Leader,-1.6157663622995715,226.19515344129553,69.69312469635626,148.03712550607287,36565.17,7809218.3,0.6918893988838547,0.618901360575914,112.826294393718
Cooper Tires_SUV / 4x4_Highway Terrain (H/T)_0060,SUV / 4x4 | Highway Terrain (H/T),SUV_/_4x4_|_Highway_Terrain_(H/T)_Community_01,Traffic Driver,-1.554798124529855,235.9193804878049,65.95911097560976,264.56857723577235,65083.87,14567428.98,0.7204167337196813,0.64317031531176,108.38205317947606
Cooper Tires_SUV / 4x4_Highway Terrain (H/T)_0068,SUV / 4x4 | Highway Terrain (H/T),SUV_/_4x4_|_Highway_Terrain_(H/T)_Community_01,Premium Leader,-1.6730307756837959,255.59089,75.63938869565217,57.09382608695652,13131.58,3190300.95,0.7040607014762843,0.5977176358822707,120.85038528639754
Cooper Tires_SUV / 4x4_Mud Terrain (M/T)_0016,SUV / 4x4 | Mud Terrain (M/T),SUV_/_4x4_|_Mud_Terrain_(M/T)_Community_01,Competitive Fighter,-0.9476266903989998,473.6092329004329,145.0015238095238,122.55385281385281,28309.94,12842295.24,0.6938372106440595,1.0552678709154428,298.0169731194948
Cooper Tires_SUV / 4x4_Mud Terrain (M/T)_0061,SUV / 4x4 | Mud Terrain (M/T),SUV_/_4x4_|_Mud_Terrain_(M/T)_Community_02,Traffic Driver,-0.878847904921997,403.0675483193277,97.75422226890757,121.92886554621849,29019.07,11345942.35,0.7574743422621998,1.1378533127285044,208.98418791078257
Dunlop_Agrícola_Implementos_0009,Agrícola | Implementos,Agrícola_|_Implementos_Community_01,Competitive Fighter,-1.1318915959363975,628.9538095435685,207.51520000000002,48.35402489626556,11653.32,6914533.21,0.6700628935682992,0.8834768308114475,390.85007124120375
Dunlop_Agrícola_Implementos_0057,Agrícola | Implementos,Agrícola_|_Implementos_Community_01,KVI,-1.1226174538997806,668.1453244,208.26951920000002,168.66848000000002,42167.12,26773922.47,0.6882870962435789,0.8907753897163913,393.79088133142545
Dunlop_Agrícola_Implementos_0058,Agrícola | Implementos,Agrícola_|_Implementos_Community_02,Traffic Driver,-1.0962661616705576,660.4574893162393,180.57475512820514,182.03521367521367,42596.24,27243034.19,0.7265914036115312,0.9121872360596616,345.29274191075274
Dunlop_Agrícola_Premium Radial_0028,Agrícola | Premium Radial,Agrícola_|_Premium_Radial_Community_03,Competitive Fighter,-0.7282306806261585,1719.3586117117118,626.6327094594595,53.38968468468469,11852.51,19941771.15,0.6355427511218187,1.3731912518985943,1487.119264242703
Dunlop_Agrícola_Premium Radial_0044,Agrícola | Premium Radial,Agrícola_|_Premium_Radial_Community_02,Traffic Driver,-0.6994724449647762,1768.6925995884774,672.2910094650206,28.99888888888889,7046.73,12256803.53,0.6198938076512318,1.4296488835244363,1633.4311005502034
Dunlop_Agrícola_Tractor_0006,Agrícola | Tractor,Agrícola_|_Tractor_Community_03,Premium Leader,-1.042624933699202,1160.6462670682731,393.97406385542166,68.58048192771085,17076.54,19000888.83,0.6605562995083955,0.9591176727876918,771.8415511191431
Dunlop_Agrícola_Tractor_0009,Agrícola | Tractor,Agrícola_|_Tractor_Community_03,Competitive Fighter,-0.9715530300969762,1119.696897580645,322.67051370967744,126.88262096774193,31466.89,33662943.51,0.7118233386134417,1.0292798941712777,654.7887859129661
Dunlop_Agrícola_Tractor_0029,Agrícola | Tractor,Agrícola_|_Tractor_Community_02,Traffic Driver,-0.9396762383607633,1189.0353367088608,378.5488282700422,91.68286919831223,21728.84,25093224.47,0.6816336600072542,1.064196325475325,781.3991003280108
Dunlop_Agrícola_Tractor_0057,Agrícola | Tractor,Agrícola_|_Tractor_Community_02,Premium Leader,-1.0211494989369179,1213.7829534412956,311.1486194331984,156.95141700404858,38767.0,45010428.15,0.7436538233206889,0.9792885381044246,615.8528960911452
Dunlop_Camión_Long Haul_0005,Camión | Long Haul,Camión_|_Long_Haul_Community_01,Competitive Fighter,-0.9681665146469612,751.1183618473896,172.8715313253012,108.86365461847389,27107.05,19786307.6,0.7698478161283124,1.0328801759526323,351.4271090177793
Dunlop_Camión_Long Haul_0021,Camión | Long Haul,Camión_|_Long_Haul_Community_01,Premium Leader,-0.995659264897865,638.6343710743802,207.94743429752066,150.0681818181818,36316.5,22422723.34,0.6743873431871684,1.004359659227979,416.80144854591106
Dunlop_Camión_Long Haul_0024,Camión | Long Haul,Camión_|_Long_Haul_Community_02,Premium Leader,-1.0623857199854043,645.0958887966805,180.19607178423234,153.67340248962657,37035.29,23113041.87,0.720667772165843,0.9412777122171208,349.81061798380665
Dunlop_Camión_Long Haul_0038,Camión | Long Haul,Camión_|_Long_Haul_Community_03,KVI,-0.8888219953631956,682.7490471774194,232.8704584677419,43.16604838709677,10705.18,7068522.34,0.6589223237579589,1.1250846684902012,494.86944103408246
Dunlop_Camión_Long Haul_0043,Camión | Long Haul,Camión_|_Long_Haul_Community_01,Competitive Fighter,-0.9581285964395836,643.7841443514644,181.30223723849372,92.09778242677824,22011.37,13737143.37,0.7183803937558387,1.043701235633725,370.52760626746834
Dunlop_Camión_Long Haul_0075,Camión | Long Haul,Camión_|_Long_Haul_Community_03,KVI,-0.9006514600232844,575.6525739495798,220.3214962184874,169.33802521008403,40302.45,22449523.41,0.6172665489761454,1.1103074212239072,464.9460885250289
Dunlop_Camión_Obras / Mixto_0003,Camión | Obras / Mixto,Camión_|_Obras_/_Mixto_Community_01,Premium Leader,-0.8835521008957308,775.7178040485829,231.1383858299595,127.52182186234818,31497.89,23496525.74,0.702032898273554,1.1317951697316053,492.73969445186776
Dunlop_Camión_Obras / Mixto_0023,Camión | Obras / Mixto,Camión_|_Obras_/_Mixto_Community_02,Competitive Fighter,-0.8171292302402203,743.5122064257029,239.2160469879518,93.0622891566265,23172.51,16691338.63,0.678262112013011,1.2237966321508522,531.9678396482473
Dunlop_Camión_Obras / Mixto_0048,Camión | Obras / Mixto,Camión_|_Obras_/_Mixto_Community_02,Traffic Driver,-0.7852054464507943,753.6827565400844,237.45577974683545,95.33202531645568,22593.69,16669835.82,0.6849393492337297,1.2735520423605036,539.8680730137236
Dunlop_Coche_Budget_0014,Coche | Budget,Coche_|_Budget_Community_01,Premium Leader,-2.8319682426700465,90.510681300813,32.4306162601626,405.51382113821137,99756.4,8252228.53,0.6416929384016106,0.35311130433340465,43.88223346812474
Dunlop_Coche_Budget_0042,Coche | Budget,Coche_|_Budget_Community_03,Premium Leader,-2.721569365730788,93.22379957081544,25.49157768240343,195.3190128755365,45509.33,3885028.89,0.7265550449588862,0.3674350588273479,34.85807702773924
Dunlop_Coche_Budget_0043,Coche | Budget,Coche_|_Budget_Community_02,Traffic Driver,-2.409817156439905,103.40456136363636,31.088150454545456,198.43968181818184,43656.73,4260718.49,0.6993541673155046,0.41496924251188,43.98877669976354
Dunlop_Coche_Eco_0075,Coche | Eco,Coche_|_Eco_Community_02,Premium Leader,-1.4933928608878426,178.00336890756304,62.043560084033615,423.2462605042017,100732.61,16673667.75,0.6514472705499592,0.6696161647682487,103.5889308360726
Dunlop_Coche_Performance_0008,Coche | Performance,Coche_|_Performance_Community_01,Competitive Fighter,-1.0848897175917744,372.2066221757322,115.55399832635985,160.9066108786611,38456.68,13642561.47,0.6895434109933632,0.9217526756726835,222.06620546835882
Dunlop_Coche_Performance_0035,Coche | Performance,Coche_|_Performance_Community_02,KVI,-1.035880885226874,416.7338502057613,99.40896008230453,98.93456790123456,24041.1,9707335.04,0.7614569586002634,0.9653619583693588,195.37458846681943
Dunlop_Coche_Performance_0038,Coche | Performance,Coche_|_Performance_Community_02,Premium Leader,-1.1765024924035745,393.19856639344266,122.37465204918033,162.3524180327869,39613.99,14748274.95,0.6887713676790731,0.8499769498635036,226.3902855385502
Dunlop_Coche_Performance_0044,Coche | Performance,Coche_|_Performance_Community_02,KVI,-1.0486397437254775,361.62110672268903,105.53754369747898,119.76655462184874,28504.44,9922828.34,0.7081543589810123,0.9536163453497611,206.1798704154596
Dunlop_Coche_Touring_0026,Coche | Touring,Coche_|_Touring_Community_02,Traffic Driver,-1.7385052478844605,159.87383333333332,45.46931282051282,199.0675641025641,46581.81,7095995.43,0.7155925277295984,0.5752067767508167,71.62356968907459
Dunlop_Coche_Touring_0055,Coche | Touring,Coche_|_Touring_Community_02,KVI,-1.777572233527194,161.9157974248927,49.9334321888412,216.22416309012877,50380.23,7686515.51,0.6916086448451477,0.5625650430057202,78.02423561557985
Dunlop_Coche_Touring_0060,Coche | Touring,Coche_|_Touring_Community_01,Competitive Fighter,-1.8274450032801437,154.56570543933054,38.52109916317992,149.3305439330544,35690.0,5163903.52,0.7507784857340165,0.5472120902161574,59.60031035368747
Dunlop_Furgoneta_Reforzado_0021,Furgoneta | Reforzado,Furgoneta_|_Reforzado_Community_03,Traffic Driver,-1.0225838731288723,245.35992510288065,82.24865473251029,272.9648148148148,66330.45,15756970.64,0.6647836654742089,0.977914894100793,162.68083921518578
Dunlop_Furgoneta_Reforzado_0057,Furgoneta | Reforzado,Furgoneta_|_Reforzado_Community_01,Traffic Driver,-1.0449594349057034,257.99716748971196,66.93610534979423,283.49226337448556,68888.62,17330824.48,0.7405548828265202,0.9569749471569099,130.99228122980293
Dunlop_Furgoneta_Standard_0008,Furgoneta | Standard,Furgoneta_|_Standard_Community_03,Traffic Driver,-1.2780228818504071,162.62205867768597,46.9524438016529,211.38214876033058,51154.48,7867396.73,0.7112787515824541,0.7824586039900421,83.69078743261512
Dunlop_Furgoneta_Standard_0039,Furgoneta | Standard,Furgoneta_|_Standard_Community_01,Traffic Driver,-1.2727172845361499,165.86767310924373,48.046213025210086,184.4431512605042,43897.47,6899248.22,0.71033407459954,0.785720451941891,85.79710523747453
Dunlop_Furgoneta_Standard_0046,Furgoneta | Standard,Furgoneta_|_Standard_Community_01,Premium Leader,-1.4452451758247877,181.88592763157894,59.967821052631585,196.7863157894737,44867.28,7664085.35,0.6702998311441659,0.6919241224446984,101.4610030093944
Dunlop_Furgoneta_Standard_0053,Furgoneta | Standard,Furgoneta_|_Standard_Community_03,Competitive Fighter,-1.3252219100307339,164.73257161572053,47.74358427947598,234.96729257641923,53807.51,8440440.82,0.7101752020793453,0.7545906028499095,83.77044432314122
Dunlop_Industrial_Construcción Pesada_0001,Industrial | Construcción Pesada,Industrial_|_Construcción_Pesada_Community_02,Competitive Fighter,-0.9509467737199201,2001.691909375,647.542161328125,33.345625,8536.48,16430448.49,0.6765025834918268,1.0515835666471565,1328.486856891963
Dunlop_Industrial_Construcción Pesada_0012,Industrial | Construcción Pesada,Industrial_|_Construcción_Pesada_Community_01,Premium Leader,-0.9625514734742667,1828.3188858921162,567.7100066390042,70.50145228215767,16990.85,30003250.64,0.6894907059049528,1.038905479403159,1157.5070432482692
Dunlop_Industrial_Construcción Pesada_0022,Industrial | Construcción Pesada,Industrial_|_Construcción_Pesada_Community_03,Traffic Driver,-0.8095001113778605,1779.7754029166667,635.4418958333333,18.306333333333335,4393.52,7574318.1,0.6429651208843646,1.2353302809284203,1420.422511526813
Dunlop_Industrial_Construcción Pesada_0041,Industrial | Construcción Pesada,Industrial_|_Construcción_Pesada_Community_03,Premium Leader,-0.9592144785304247,1738.7082967479673,709.0826983739837,37.63138211382114,9257.32,15511602.98,0.5921784581690714,1.0425197100152837,1448.315387459684
Dunlop_Industrial_Construcción Pesada_0043,Industrial | Construcción Pesada,Industrial_|_Construcción_Pesada_Community_03,Traffic Driver,-0.829614140469383,1996.8794129554658,580.6059761133604,34.72753036437247,8577.7,16658837.6,0.7092433462198706,1.2053796472589238,1280.4566027973058
Dunlop_Industrial_Construcción Pesada_0070,Industrial | Construcción Pesada,Industrial_|_Construcción_Pesada_Community_02,Premium Leader,-0.9541617323324402,1884.6441129166667,613.5249895833333,48.72004166666667,11692.81,21234739.89,0.6744610903573488,1.0480403542861738,1256.5239370296713
Dunlop_Industrial_Manipulación Ligera_0006,Industrial | Manipulación Ligera,Industrial_|_Manipulación_Ligera_Community_02,Traffic Driver,-1.2420392236093591,309.2291758474576,73.25317415254237,125.32088983050848,29575.73,8816900.28,0.7631104052462434,0.8051275523280219,132.23132295823714
Dunlop_Industrial_Manipulación Ligera_0029,Industrial | Manipulación Ligera,Industrial_|_Manipulación_Ligera_Community_02,Competitive Fighter,-1.3085144095448078,309.0768130952381,93.42444642857143,253.8465476190476,63969.33,18754020.32,0.697730653124782,0.7642254397090433,164.8217850800204
Dunlop_Industrial_Manipulación Ligera_0032,Industrial | Manipulación Ligera,Industrial_|_Manipulación_Ligera_Community_03,Premium Leader,-1.3543232768948568,295.2814440909091,84.16680818181818,266.10604545454544,58543.33,16293487.94,0.7149607269060039,0.7383761447951804,146.31357152682455
Dunlop_Industrial_Manipulación Ligera_0071,Industrial | Manipulación Ligera,Industrial_|_Manipulación_Ligera_Community_02,Premium Leader,-1.3347724108217107,366.17413500000004,91.05352208333333,253.438375,60825.21,21257916.4,0.7513381930066324,0.7491913916503424,159.27003700761102
Dunlop_Industrial_Manipulación Ligera_0074,Industrial | Manipulación Ligera,Industrial_|_Manipulación_Ligera_Community_01,KVI,-1.2752015495665032,304.3826230769231,99.12308931623932,209.4532905982906,49012.07,14352123.12,0.6743470822538082,0.7841897622693007,176.8544011625397
Dunlop_Industrial_Portuario/Especial_0026,Industrial | Portuario/Especial,Industrial_|_Portuario/Especial_Community_01,Premium Leader,-0.7137536068390379,5506.430882625482,2609.82777992278,0.9189575289575289,238.01,1272997.91,0.5260400365402559,1.4010437081062834,6266.310570224581
Dunlop_Industrial_Portuario/Especial_0030,Industrial | Portuario/Especial,Industrial_|_Portuario/Especial_Community_03,Premium Leader,-0.6962521233260826,5292.989856846473,2284.0664149377594,0.5833609958506224,140.59,728275.83,0.5684733058796015,1.4362613290468347,5564.582679687504
Dunlop_SUV / 4x4_All Terrain (A/T)_0001,SUV / 4x4 | All Terrain (A/T),SUV_/_4x4_|_All_Terrain_(A/T)_Community_03,KVI,-1.2226694442271784,363.52056765957445,95.57770382978723,96.88068085106383,22766.96,7806316.52,0.7370775897354652,0.8178825476677201,173.7490397383244
Dunlop_SUV / 4x4_All Terrain (A/T)_0006,SUV / 4x4 | All Terrain (A/T),SUV_/_4x4_|_All_Terrain_(A/T)_Community_03,Premium Leader,-1.3608471987618194,360.8938155102041,100.72651346938775,155.58159183673467,38117.49,13162104.05,0.7208970917747973,0.7348363584904023,174.7440178306671
Dunlop_SUV / 4x4_All Terrain (A/T)_0070,SUV / 4x4 | All Terrain (A/T),SUV_/_4x4_|_All_Terrain_(A/T)_Community_03,KVI,-1.2256323049736284,338.03763839662446,98.78460632911393,150.17763713080168,35592.1,11553962.16,0.7077703926767808,0.8159053869108948,179.38349877691005
Dunlop_SUV / 4x4_All Terrain (A/T)_0077,SUV / 4x4 | All Terrain (A/T),SUV_/_4x4_|_All_Terrain_(A/T)_Community_01,Premium Leader,-1.3212483836168392,348.36416463414633,90.28592195121952,151.06495934959352,37161.98,12391856.1,0.7408289051600981,0.756859960927679,158.61972131153902
Dunlop_SUV / 4x4_Highway Terrain (H/T)_0055,SUV / 4x4 | Highway Terrain (H/T),SUV_/_4x4_|_Highway_Terrain_(H/T)_Community_03,Premium Leader,-1.6549923448034463,241.42828617886178,67.91603983739837,254.8160569105691,62684.75,14263800.46,0.7186906268841967,0.6042324021255604,108.95311173120486
Dunlop_SUV / 4x4_Mud Terrain (M/T)_0003,SUV / 4x4 | Mud Terrain (M/T),SUV_/_4x4_|_Mud_Terrain_(M/T)_Community_01,Competitive Fighter,-0.9334149096269063,460.1370467479675,128.3263800813008,177.5979674796748,43689.1,19431348.25,0.7211126967753381,1.0713349333574587,265.8069139337051
Dunlop_SUV / 4x4_Mud Terrain (M/T)_0018,SUV / 4x4 | Mud Terrain (M/T),SUV_/_4x4_|_Mud_Terrain_(M/T)_Community_02,Premium Leader,-1.0182874859793443,407.86577356828195,116.81250528634361,347.1644052863436,78806.31999999999,30888902.64,0.7136006184966445,0.9820409400771962,231.52716779051693
Dunlop_SUV / 4x4_Mud Terrain (M/T)_0024,SUV / 4x4 | Mud Terrain (M/T),SUV_/_4x4_|_Mud_Terrain_(M/T)_Community_01,Premium Leader,-0.9808476538564802,381.8133256302521,120.57456218487395,56.21567226890756,13379.33,4891427.8,0.6842054635315732,1.0195263210022647,243.5035019756773
Dunlop_SUV / 4x4_Mud Terrain (M/T)_0051,SUV / 4x4 | Mud Terrain (M/T),SUV_/_4x4_|_Mud_Terrain_(M/T)_Community_02,Premium Leader,-0.9893569492946305,438.98476294820716,143.47231713147409,216.3805577689243,54311.52,23115495.67,0.6731724441460821,1.0107575437893852,288.48804399705455
Falken_Agrícola_Implementos_0034,Agrícola | Implementos,Agrícola_|_Implementos_Community_02,KVI,-1.1319273063578288,621.3314639676114,166.78849635627532,212.73574898785427,52545.73,31354102.2,0.7315627711958755,0.8834489585887564,314.1376197668113
Falken_Agrícola_Premium Radial_0000,Agrícola | Premium Radial,Agrícola_|_Premium_Radial_Community_02,KVI,-0.7171131157899496,1744.8302385245902,585.7776204918032,37.91077868852459,9250.23,15794066.32,0.6642781586665242,1.3944801426458795,1402.632880273977
Falken_Agrícola_Premium Radial_0022,Agrícola | Premium Radial,Agrícola_|_Premium_Radial_Community_03,Premium Leader,-0.7844856760646751,1968.889874273859,528.2885526970954,71.54609958506224,17242.61,33139289.48,0.7316820206148238,1.2747205341166195,1201.7088187588329
Falken_Agrícola_Tractor_0002,Agrícola | Tractor,Agrícola_|_Tractor_Community_03,Competitive Fighter,-0.9726279142248471,1301.4726943965516,336.36119655172416,41.95068965517241,9732.56,12156277.7,0.7415533971631396,1.0281424020170833,682.1884051197542
Falken_Agrícola_Tractor_0077,Agrícola | Tractor,Agrícola_|_Tractor_Community_01,Competitive Fighter,-0.9266849203074161,1094.9576944206008,307.308225751073,84.25412017167382,19631.21,20722723.71,0.7193423752196327,1.0791154340444673,638.9292751678772
Falken_Camión_Long Haul_0029,Camión | Long Haul,Camión_|_Long_Haul_Community_03,Premium Leader,-0.989827968408719,593.7246471615721,178.969192139738,163.08794759825327,37347.14,21273521.52,0.6985653315971662,1.0102765651364993,359.77757283992673
Falken_Camión_Long Haul_0048,Camión | Long Haul,Camión_|_Long_Haul_Community_03,Competitive Fighter,-0.944874238488548,645.150497107438,219.25305661157023,129.61004132231406,31365.63,19529237.75,0.6601520767718518,1.0583419033623278,451.2977538638676
Falken_Camión_Obras / Mixto_0032,Camión | Obras / Mixto,Camión_|_Obras_/_Mixto_Community_01,Premium Leader,-0.8696755962604432,733.8062688311688,209.45742380952382,119.35458874458874,27570.91,19458049.21,0.7145603237443657,1.1498540424727846,450.3028893028401
Falken_Camión_Obras / Mixto_0055,Camión | Obras / Mixto,Camión_|_Obras_/_Mixto_Community_03,KVI,-0.7976867603851912,820.9325416666667,209.31874583333334,78.46204166666666,18830.89,15100095.8,0.7450232081087053,1.2536249185295676,471.7259415253571
Falken_Camión_Obras / Mixto_0062,Camión | Obras / Mixto,Camión_|_Obras_/_Mixto_Community_03,Premium Leader,-0.8693378654668398,771.6578836206897,215.75303793103447,106.7967672413793,24776.85,18568442.59,0.7204032479799191,1.1503007515530155,463.9339196129497
Falken_Camión_Regional_0000,Camión | Regional,Camión_|_Regional_Community_02,Premium Leader,-1.1173440598356807,775.3309540650406,199.14582520325203,127.17252032520325,31284.44,23470084.49,0.7431473306216714,0.8949794749408364,377.3772512803181
Falken_Camión_Regional_0052,Camión | Regional,Camión_|_Regional_Community_01,Traffic Driver,-1.0121901914776672,599.561561632653,162.15484408163266,57.605999999999995,14113.47,8242226.07,0.7295442962686395,0.9879566196350202,322.3567956979662
Falken_Coche_Budget_0005,Coche | Budget,Coche_|_Budget_Community_03,Premium Leader,-2.6561084846296796,110.95505238095238,30.65489826839827,182.10181818181817,42065.52,4446991.22,0.7237178694382664,0.3764906462920403,42.19618072948428
Falken_Coche_Budget_0044,Coche | Budget,Coche_|_Budget_Community_03,Competitive Fighter,-2.622516653121254,100.3099843220339,22.498105084745763,124.99631355932203,29499.13,2694695.23,0.7757141999691862,0.38131311723409833,31.07692766647049
Falken_Coche_Budget_0064,Coche | Budget,Coche_|_Budget_Community_01,Competitive Fighter,-2.6718125742156373,96.48489473684211,27.135957489878543,271.9827125506073,67179.73,5920578.74,0.7187543442536726,0.37427775048688416,37.292342616498
Falken_Coche_Budget_0068,Coche | Budget,Coche_|_Budget_Community_01,Traffic Driver,-2.61901244592283,113.7905075,27.332272083333333,174.0907083333333,41781.77,4409013.83,0.7598018263225222,0.38182330960540434,37.76837066922706
Falken_Coche_Eco_0000,Coche | Eco,Coche_|_Eco_Community_02,Competitive Fighter,-1.4157447817495483,188.49558931623932,49.283144444444446,144.12820512820514,33726.0,6025650.1,0.738544840103595,0.7063419995546235,84.09389923567268
Falken_Coche_Eco_0032,Coche | Eco,Coche_|_Eco_Community_01,Premium Leader,-1.4598953019722758,197.4083033472803,57.1190769874477,259.72640167364017,62074.61,11684982.74,0.7106551445966084,0.6849806274799496,96.24453818338517
Falken_Coche_Eco_0036,Coche | Eco,Coche_|_Eco_Community_02,Traffic Driver,-1.3717187480729673,201.0342281512605,53.03975714285714,238.8076050420168,56836.21,10858629.1,0.7361655394177483,0.7290124170168489,91.70639869555811
Falken_Coche_Eco_0077,Coche | Eco,Coche_|_Eco_Community_01,Premium Leader,-1.4723972033508759,184.02207727272727,59.88092190082645,235.9626033057851,57102.95,10058451.77,0.6745992503275529,0.6791645608428241,100.54992192646469
Falken_Coche_Performance_0007,Coche | Performance,Coche_|_Performance_Community_02,Competitive Fighter,-1.1004645851325763,329.07258776371305,112.34164177215189,259.0197890295359,61387.69,19292109.27,0.6586113643327303,0.9087071165307214,214.4272911332513
Falken_Coche_Performance_0014,Coche | Performance,Coche_|_Performance_Community_01,Competitive Fighter,-1.0582978868577129,381.1029545816733,94.3211828685259,126.3693625498008,31718.71,11578487.58,0.752504718909724,0.944913537500476,183.446545434054
Falken_Coche_Performance_0057,Coche | Performance,Coche_|_Performance_Community_01,Traffic Driver,-1.0040144138885578,351.75966988416985,118.58360231660231,169.28988416988417,43846.08,14794838.23,0.6628845985793356,0.9960016371946195,236.69306436837388
Falken_Coche_Touring_0039,Coche | Touring,Coche_|_Touring_Community_02,Premium Leader,-1.8458699788144606,145.5891718367347,46.403975510204084,300.24044897959186,73558.91,10038486.86,0.6812676731052361,0.5417499669409359,71.54332770878516
Falken_Furgoneta_Reforzado_0006,Furgoneta | Reforzado,Furgoneta_|_Reforzado_Community_03,KVI,-1.0484184511439825,243.50527918367348,71.97416693877551,189.440693877551,46412.97,10890956.43,0.7044246137904626,0.9538176277886462,140.62439611038238
Falken_Furgoneta_Reforzado_0045,Furgoneta | Reforzado,Furgoneta_|_Reforzado_Community_01,Competitive Fighter,-1.0831632965497844,226.96069834710744,76.19741198347107,321.64797520661153,77838.81,16977842.169999998,0.6642704550241697,0.9232218292341647,146.5445260577605
Falken_Furgoneta_Reforzado_0048,Furgoneta | Reforzado,Furgoneta_|_Reforzado_Community_02,KVI,-1.0696041422247045,223.62308380566802,72.09862672064777,177.73959514170042,43901.68,9316001.24,0.6775886214711956,0.9349253247281443,139.50545871990263
Falken_Furgoneta_Reforzado_0051,Furgoneta | Reforzado,Furgoneta_|_Reforzado_Community_03,Premium Leader,-1.1537023273703546,252.22072326530613,71.74185959183674,309.80877551020404,75903.15,18347444.49,0.7155592186754105,0.8667747097982459,133.92588911993755
Falken_Furgoneta_Standard_0054,Furgoneta | Standard,Furgoneta_|_Standard_Community_03,Traffic Driver,-1.2950606731614052,178.9070224489796,55.16827877551021,328.1657551020408,80400.61,13826612.44,0.6916371530846812,0.7721645948516642,97.76727040486571
Falken_Industrial_Construcción Pesada_0003,Industrial | Construcción Pesada,Industrial_|_Construcción_Pesada_Community_01,Traffic Driver,-0.8407891515478226,2084.0057033333333,625.8013279166667,19.573,4697.52,9421288.16,0.6997122767391146,1.1893588281426841,1370.103661937769
Falken_Industrial_Construcción Pesada_0005,Industrial | Construcción Pesada,Industrial_|_Construcción_Pesada_Community_02,Premium Leader,-0.9497380785818801,2036.9700481171546,741.6972343096235,29.651129707112972,7086.62,13986486.95,0.6358821107874408,1.0529218766222046,1522.6464781444113
Falken_Industrial_Construcción Pesada_0010,Industrial | Construcción Pesada,Industrial_|_Construcción_Pesada_Community_01,Premium Leader,-0.9345866532462929,1827.4868621276596,615.8290540425531,59.86821276595745,14069.03,24717894.65,0.6630186149050771,1.069991740762072,1274.7610555894048
Falken_Industrial_Construcción Pesada_0060,Industrial | Construcción Pesada,Industrial_|_Construcción_Pesada_Community_01,Premium Leader,-0.9428580981420431,1681.5787983193277,647.5866693277311,62.28071428571428,14822.81,24023798.94,0.614893652337334,1.060604986021288,1334.420319697642
Falken_Industrial_Manipulación Ligera_0001,Industrial | Manipulación Ligera,Industrial_|_Manipulación_Ligera_Community_01,Premium Leader,-1.3477402606293436,348.4191792531121,96.64295352697096,194.20165975103734,46802.6,15485278.51,0.7226244728142136,0.7419827315487614,168.35035616985286
Falken_Industrial_Manipulación Ligera_0015,Industrial | Manipulación Ligera,Industrial_|_Manipulación_Ligera_Community_01,Competitive Fighter,-1.321624434956062,304.1955779116466,93.72433413654618,312.3444578313253,77773.77,22325729.99,0.6918944884735689,0.7566446061004051,164.6403460213159
Falken_Industrial_Manipulación Ligera_0019,Industrial | Manipulación Ligera,Industrial_|_Manipulación_Ligera_Community_02,Competitive Fighter,-1.2908427487870648,339.27229705882354,82.82805210084032,76.07516806722688,18105.89,5912445.5,0.755865560439556,0.7746876999074023,146.9939252706508
Falken_Industrial_Manipulación Ligera_0026,Industrial | Manipulación Ligera,Industrial_|_Manipulación_Ligera_Community_02,Traffic Driver,-1.2363905339471963,293.87812276422767,86.21944471544715,161.37780487804878,39698.94,11057705.58,0.7066149602955671,0.8088059335163981,155.95424318578986
Falken_Industrial_Manipulación Ligera_0077,Industrial | Manipulación Ligera,Industrial_|_Manipulación_Ligera_Community_03,Premium Leader,-1.308577949092848,329.9930889830509,104.37515169491526,202.31313559322035,47745.9,15008012.67,0.6837050375310249,0.7641883318400978,184.13742475420972
Falken_Industrial_Portuario/Especial_0029,Industrial | Portuario/Especial,Industrial_|_Portuario/Especial_Community_02,KVI,-0.6648569730046937,5286.487991836734,2740.771730612245,0.8253877551020408,202.22,1040564.54,0.481551507381748,1.5040828939203144,6863.119606766498
Falken_Industrial_Portuario/Especial_0039,Industrial | Portuario/Especial,Industrial_|_Portuario/Especial_Community_02,Competitive Fighter,-0.6853922109151884,5159.6287451882845,2610.74800125523,0.5917573221757323,141.43,706089.91,0.494004679369628,1.4590186233145588,6419.877955867872
Falken_Industrial_Portuario/Especial_0060,Industrial | Portuario/Especial,Industrial_|_Portuario/Especial_Community_01,Premium Leader,-0.713552418829601,5209.074476446281,2301.438167355372,0.27256198347107435,65.96,331757.21,0.5581867416636646,1.4014387361201053,5526.762763872455
Falken_Industrial_Portuario/Especial_0075,Industrial | Portuario/Especial,Industrial_|_Portuario/Especial_Community_01,Premium Leader,-0.7003765503183041,5215.075831739131,2230.0677060869566,1.5941739130434784,366.66,1856913.78,0.57238057929768,1.4278033716941612,5414.165895944177
Falken_SUV / 4x4_All Terrain (A/T)_0023,SUV / 4x4 | All Terrain (A/T),SUV_/_4x4_|_All_Terrain_(A/T)_Community_03,Premium Leader,-1.3000370261862182,319.1892388,102.7920172,229.65204,57413.01,17423165.51,0.677959013949063,0.7692088608688283,181.860547656821
Falken_SUV / 4x4_All Terrain (A/T)_0034,SUV / 4x4 | All Terrain (A/T),SUV_/_4x4_|_All_Terrain_(A/T)_Community_02,Premium Leader,-1.2777199287736756,351.52643621399176,106.90931604938272,231.25975308641978,56196.12,18829524.87,0.6958711919341917,0.7826441284043958,190.58126452716195
Falken_SUV / 4x4_All Terrain (A/T)_0079,SUV / 4x4 | All Terrain (A/T),SUV_/_4x4_|_All_Terrain_(A/T)_Community_03,Traffic Driver,-1.1503067331522643,374.1647935622318,82.5745008583691,138.0833905579399,32173.43,11562324.32,0.7793098060557235,0.8693333449067376,154.35926789357939
Falken_SUV / 4x4_Highway Terrain (H/T)_0031,SUV / 4x4 | Highway Terrain (H/T),SUV_/_4x4_|_Highway_Terrain_(H/T)_Community_03,Traffic Driver,-1.5438060788824566,248.718493902439,68.92037845528456,132.11020325203253,32499.11,7668409.02,0.7228980548494358,0.6477497489347163,113.56353629618076
Falken_SUV / 4x4_Highway Terrain (H/T)_0052,SUV / 4x4 | Highway Terrain (H/T),SUV_/_4x4_|_Highway_Terrain_(H/T)_Community_02,Traffic Driver,-1.555482514333841,212.40813347107436,69.01578388429752,181.0444214876033,43812.75,8729257.27,0.6750793731083935,0.6428873296774186,113.38515689126739
Falken_SUV / 4x4_Mud Terrain (M/T)_0015,SUV / 4x4 | Mud Terrain (M/T),SUV_/_4x4_|_Mud_Terrain_(M/T)_Community_02,Premium Leader,-0.9899648057178108,460.24,113.6885,92.03162393162394,21535.4,9594495.48,0.7529799669737529,1.0101369202462838,228.52945125741965
Falken_SUV / 4x4_Mud Terrain (M/T)_0044,SUV / 4x4 | Mud Terrain (M/T),SUV_/_4x4_|_Mud_Terrain_(M/T)_Community_01,Traffic Driver,-0.8486125942645245,431.85585206611574,128.37747396694215,68.57677685950412,16595.579999999998,6990933.98,0.702730729819338,1.1783940124842007,279.6567206274331
Falken_SUV / 4x4_Mud Terrain (M/T)_0055,SUV / 4x4 | Mud Terrain (M/T),SUV_/_4x4_|_Mud_Terrain_(M/T)_Community_02,Competitive Fighter,-0.9772047861315265,390.32531693548384,132.87043467741935,234.48701612903224,58152.78,21808689.05,0.6595905289449076,1.023326956838508,268.84033224967266
Falken_SUV / 4x4_Mud Terrain (M/T)_0079,SUV / 4x4 | Mud Terrain (M/T),SUV_/_4x4_|_Mud_Terrain_(M/T)_Community_02,Premium Leader,-1.0153386764560595,457.3794839506173,133.2585744855967,189.28609053497942,45996.52,20159660.98,0.7086476784341633,0.9848930442504193,264.5040175831873
Firestone_Agrícola_Implementos_0000,Agrícola | Implementos,Agrícola_|_Implementos_Community_02,Competitive Fighter,-1.186891166626491,611.230787398374,184.9089085365854,115.86239837398375,28502.15,16499581.67,0.697481029508303,0.8425372335041527,340.7015487852724
Firestone_Agrícola_Implementos_0064,Agrícola | Implementos,Agrícola_|_Implementos_Community_02,Competitive Fighter,-1.1603280368193907,640.832558436214,195.83480658436213,137.91798353909465,33514.07,20412803.87,0.6944056540100798,0.8618252496433073,364.61018765777885
Firestone_Agrícola_Implementos_0070,Agrícola | Implementos,Agrícola_|_Implementos_Community_02,Competitive Fighter,-1.161301866332612,597.9212681034483,172.88934612068965,113.14866379310345,26250.49,15014705.73,0.7108493118683018,0.8611025513616001,321.7648031684543
Firestone_Agrícola_Implementos_0073,Agrícola | Implementos,Agrícola_|_Implementos_Community_02,Traffic Driver,-1.096012727146932,630.5200145228216,187.87800456431535,84.47900414937759,20359.44,12309650.16,0.7020268980573097,0.9123981640278339,359.2975509900097
Firestone_Agrícola_Premium Radial_0013,Agrícola | Premium Radial,Agrícola_|_Premium_Radial_Community_03,Premium Leader,-0.8098104955331711,1724.5375908333333,659.0532620833333,34.638875,8313.33,13797934.52,0.6178376942396108,1.2348568035557628,1472.8896666725568
Firestone_Agrícola_Tractor_0014,Agrícola | Tractor,Agrícola_|_Tractor_Community_03,KVI,-0.9597288156857494,1118.2195821011674,271.5382490272374,60.512723735408564,15551.77,16852740.1,0.7571691165370141,1.0419610036252542,554.4705155063019
Firestone_Agrícola_Tractor_0039,Agrícola | Tractor,Agrícola_|_Tractor_Community_03,Competitive Fighter,-1.0131273557507119,1118.0682020746888,336.41336307053945,128.69427385892115,31015.32,33422071.52,0.6991119482279432,0.9870427388262706,668.4677303334413
Firestone_Camión_Long Haul_0052,Camión | Long Haul,Camión_|_Long_Haul_Community_02,Competitive Fighter,-0.9199798771022466,649.8505037344398,190.07243402489627,222.25485477178424,53563.42,33665492.08,0.7075136005394727,1.0869802969493212,396.67742480315826
Firestone_Camión_Obras / Mixto_0028,Camión | Obras / Mixto,Camión_|_Obras_/_Mixto_Community_02,Premium Leader,-0.835560978763168,739.8677572580644,224.7026068548387,178.83399193548388,44350.83,32040109.45,0.696293554286536,1.1968007427539775,493.62685363746465
Firestone_Camión_Regional_0001,Camión | Regional,Camión_|_Regional_Community_02,Competitive Fighter,-1.0674045113320463,672.7215662698413,209.55598174603176,95.68484126984127,24112.58,15649352.61,0.6884952226104568,0.9368519519859156,405.87891229512655
Firestone_Camión_Regional_0029,Camión | Regional,Camión_|_Regional_Community_03,Competitive Fighter,-1.0048063781160204,641.8683684647302,162.53333402489625,94.83253112033195,22854.64,14062002.94,0.7467808946347428,0.9952166126522484,324.2892081562299
Firestone_Camión_Regional_0038,Camión | Regional,Camión_|_Regional_Community_03,Traffic Driver,-0.9256055328176688,687.717382278481,186.49399789029536,36.866118143459914,8737.27,5817897.32,0.7288217475724972,1.0803738358778652,387.9772337592323
Firestone_Camión_Regional_0056,Camión | Regional,Camión_|_Regional_Community_02,Traffic Driver,-0.998755907856303,692.6752465811966,188.69291025641027,40.71162393162393,9526.52,6440766.33,0.7275882006932791,1.0012456418369202,377.6208642961662
Firestone_Camión_Regional_0068,Camión | Regional,Camión_|_Regional_Community_01,Premium Leader,-1.1046920841603283,592.2044995951417,203.31746396761133,149.9643724696356,37041.2,21340710.69,0.6566769348989943,0.9052296240178961,387.3664554312843
Firestone_Coche_Budget_0023,Coche | Budget,Coche_|_Budget_Community_02,Premium Leader,-2.517576363584323,96.0010717948718,28.566589316239316,387.59628205128206,90697.53,8168087.21,0.7024346834660518,0.3972074152206769,39.91345042021334
Firestone_Coche_Budget_0061,Coche | Budget,Coche_|_Budget_Community_01,Competitive Fighter,-2.714883472687986,101.07752573839662,29.96097004219409,166.604388185654,39485.24,3650523.27,0.7035842555175178,0.368339934313979,40.99679177951896
Firestone_Coche_Budget_0067,Coche | Budget,Coche_|_Budget_Community_02,Premium Leader,-2.573226625019083,105.34827171314741,29.58982988047809,343.04099601593623,86103.29,8119466.3,0.7191237274300221,0.38861715104186906,41.08894526844305
Firestone_Coche_Eco_0008,Coche | Eco,Coche_|_Eco_Community_02,Competitive Fighter,-1.4372362640873764,177.77434083333335,58.545359999999995,226.25266666666667,54300.64,9070275.43,0.6706759832405323,0.6957798275671712,99.28004048565795
Firestone_Coche_Eco_0033,Coche | Eco,Coche_|_Eco_Community_02,Competitive Fighter,-1.4030647855697735,181.33627605042017,56.612835294117644,395.43046218487393,94112.45,16189973.08,0.6878019306055642,0.7127254637738684,96.96224458467127
Firestone_Coche_Eco_0042,Coche | Eco,Coche_|_Eco_Community_02,Competitive Fighter,-1.4031863963170594,192.50712510121457,58.687771255060724,437.1356680161943,107972.51,19439887.3,0.6951397449616245,0.7126636935938789,100.51241508648496
Firestone_Coche_Eco_0048,Coche | Eco,Coche_|_Eco_Community_01,Premium Leader,-1.4170091681826442,192.43172073170732,62.40756666666667,267.844593495935,65889.77,12041082.44,0.6756898164742978,0.7057117359957024,106.44931887826753
Firestone_Coche_Eco_0064,Coche | Eco,Coche_|_Eco_Community_01,Premium Leader,-1.444201325276832,199.40829333333335,47.36511083333333,127.73649999999999,30656.76,5761241.5,0.7624717104711526,0.6924242364950848,80.16186153860923
Firestone_Coche_Eco_0068,Coche | Eco,Coche_|_Eco_Community_01,Traffic Driver,-1.3247844300779235,196.26378137651824,41.88835384615385,152.01995951417004,37548.93,7101247.21,0.7865711464827329,0.754839789248716,73.50735003536026
Firestone_Coche_Performance_0018,Coche | Performance,Coche_|_Performance_Community_01,Competitive Fighter,-1.051861795390851,379.3821108695652,96.76896608695652,85.51065217391304,19667.45,7089544.73,0.7449300762622766,0.9506952380834593,188.76676134008585
Firestone_Coche_Touring_0016,Coche | Touring,Coche_|_Touring_Community_02,Traffic Driver,-1.7404248950160885,165.40096958333334,52.348454583333336,220.97441666666666,53033.86,8219536.66,0.683505757461967,0.5745723374008368,82.42642849260072
Firestone_Coche_Touring_0046,Coche | Touring,Coche_|_Touring_Community_02,Competitive Fighter,-1.806015117042726,151.54864360000002,43.0142904,190.07288,47518.22,6745380.89,0.7161684236941598,0.5537052212704942,66.8315275837253
Firestone_Furgoneta_Reforzado_0004,Furgoneta | Reforzado,Furgoneta_|_Reforzado_Community_01,Competitive Fighter,-1.0773265109525834,228.51772978723403,66.51412170212767,205.82421276595747,48368.69,10549813.17,0.7089323363922048,0.928223699903003,128.25410584427524
Firestone_Furgoneta_Reforzado_0017,Furgoneta | Reforzado,Furgoneta_|_Reforzado_Community_01,Competitive Fighter,-1.1026040281921796,252.42467264957264,78.55181666666667,252.30461538461537,59039.28,14135018.72,0.688810860514749,0.9069439022815758,149.79390780564026
Firestone_Furgoneta_Reforzado_0024,Furgoneta | Reforzado,Furgoneta_|_Reforzado_Community_01,Traffic Driver,-0.9899517058771722,246.38880588235293,70.37055336134453,177.48445378151263,42241.3,10045863.73,0.7143922463955386,1.010150287193984,141.4553880493063
Firestone_Furgoneta_Reforzado_0040,Furgoneta | Reforzado,Furgoneta_|_Reforzado_Community_03,Premium Leader,-1.1709142337174885,262.92327682403436,74.77699656652361,201.22326180257508,46885.02,11810790.86,0.7155938512946143,0.8540335160374132,138.63905786294933
Firestone_Furgoneta_Standard_0002,Furgoneta | Standard,Furgoneta_|_Standard_Community_03,Premium Leader,-1.371542750031492,167.84220162601628,46.09585894308943,250.55585365853656,61636.74,9933516.96,0.7253619262824041,0.7291059647809294,79.7046246501963
Firestone_Furgoneta_Standard_0029,Furgoneta | Standard,Furgoneta_|_Standard_Community_01,Competitive Fighter,-1.3553084223284761,157.65625291666666,57.951069999999994,442.58441666666664,106220.26,15859906.12,0.6324213665624062,0.7378394345708842,100.70965472157772
Firestone_Furgoneta_Standard_0036,Furgoneta | Standard,Furgoneta_|_Standard_Community_02,Premium Leader,-1.3410071964164865,172.8635530612245,52.62011959183673,244.33910204081633,59863.08,9815280.0,0.6955973734197177,0.7457081532986961,91.85937179902184
Firestone_Industrial_Construcción Pesada_0049,Industrial | Construcción Pesada,Industrial_|_Construcción_Pesada_Community_03,KVI,-0.8555959812984123,1774.6550020491802,546.2340418032787,49.125860655737704,11986.71,20372518.06,0.6922026866221622,1.168775943153037,1184.659249194201
Firestone_Industrial_Construcción Pesada_0065,Industrial | Construcción Pesada,Industrial_|_Construcción_Pesada_Community_01,Traffic Driver,-0.8741522542825477,1834.8623851999998,575.2856356000001,41.2708,10317.7,18255016.48,0.6864693285773069,1.1439654763811604,1233.392541784393
Firestone_Industrial_Construcción Pesada_0069,Industrial | Construcción Pesada,Industrial_|_Construcción_Pesada_Community_01,Traffic Driver,-0.7947527340978014,1935.0082165354331,562.5055216535433,18.975866141732283,4819.87,9056716.44,0.7093007064018104,1.2582529849805348,1270.279773342147
Firestone_Industrial_Manipulación Ligera_0010,Industrial | Manipulación Ligera,Industrial_|_Manipulación_Ligera_Community_03,Traffic Driver,-1.233023773333047,333.977474590164,105.36343975409837,355.500737704918,86742.18,27724192.95,0.6845193230968835,0.8110143710342673,190.81470357627538
Firestone_SUV / 4x4_All Terrain (A/T)_0014,SUV / 4x4 | All Terrain (A/T),SUV_/_4x4_|_All_Terrain_(A/T)_Community_01,Competitive Fighter,-1.26670574227513,314.4124959677419,97.75674516129033,90.49391129032259,22442.49,6758069.56,0.6890812343179898,0.7894493303582094,174.93074216686912
Firestone_SUV / 4x4_All Terrain (A/T)_0016,SUV / 4x4 | All Terrain (A/T),SUV_/_4x4_|_All_Terrain_(A/T)_Community_03,Premium Leader,-1.3595284031518773,383.88292107438014,90.71825826446282,215.72995867768594,52206.65,19146594.93,0.763682484204903,0.7355491784369045,157.4459986001154
Firestone_SUV / 4x4_Mud Terrain (M/T)_0010,SUV / 4x4 | Mud Terrain (M/T),SUV_/_4x4_|_Mud_Terrain_(M/T)_Community_01,Competitive Fighter,-0.9228753080897507,456.3131920168067,109.79624075630252,166.86672268907563,39714.28,17448153.64,0.7593840312373468,1.083570002614859,228.76815363971093
Fulda_Agrícola_Implementos_0017,Agrícola | Implementos,Agrícola_|_Implementos_Community_01,KVI,-1.1272955580822954,594.1617317991632,175.0139560669456,103.69682008368201,24783.54,14125349.76,0.705443910806926,0.8870788080644575,330.265127609457
Fulda_Agrícola_Implementos_0018,Agrícola | Implementos,Agrícola_|_Implementos_Community_02,Competitive Fighter,-1.1590396263594474,667.8959387234044,200.3720421276596,202.37340425531914,47557.75,30608940.62,0.6999951182355675,0.8627832709577048,373.24968804303677
Fulda_Agrícola_Implementos_0027,Agrícola | Implementos,Agrícola_|_Implementos_Community_02,Premium Leader,-1.2489391628756918,630.9389132,209.8468248,271.53896000000003,67884.74,40963800.28,0.6674054802933337,0.8006795124411764,377.86687816819295
Fulda_Agrícola_Implementos_0048,Agrícola | Implementos,Agrícola_|_Implementos_Community_01,Competitive Fighter,-1.166457383591646,635.1483168776371,183.76306202531646,144.89898734177214,34341.06,20642014.8,0.7106769282981208,0.8572966437238314,341.3025183400345
Fulda_Agrícola_Implementos_0077,Agrícola | Implementos,Agrícola_|_Implementos_Community_02,KVI,-1.1283661941990484,707.2011251028807,167.28303950617283,57.1319341563786,13883.06,9294658.12,0.7634576168387216,0.8862371144589573,315.5354777360472
Fulda_Agrícola_Premium Radial_0025,Agrícola | Premium Radial,Agrícola_|_Premium_Radial_Community_01,Competitive Fighter,-0.7602814189204746,1955.1855050420168,545.437443697479,53.908109243697474,12830.13,24430901.68,0.7210303358474635,1.3153024329068865,1262.852640391286
Fulda_Agrícola_Premium Radial_0033,Agrícola | Premium Radial,Agrícola_|_Premium_Radial_Community_01,Premium Leader,-0.8045010539347823,1910.8117088353415,506.6424670682731,30.19951807228916,7519.68,13921920.4,0.7348548448150987,1.2430064511525998,1136.4023220620052
Fulda_Camión_Long Haul_0020,Camión | Long Haul,Camión_|_Long_Haul_Community_01,Competitive Fighter,-0.9607782070617862,616.0215917012448,176.66105145228215,130.93817427385892,31556.1,18772087.32,0.713222630777594,1.0408229419130564,360.53392674630027
Fulda_Camión_Obras / Mixto_0022,Camión | Obras / Mixto,Camión_|_Obras_/_Mixto_Community_02,Premium Leader,-0.8428554048720649,783.6924941422594,221.254540167364,251.96569037656906,60219.8,45592801.58,0.7176768415913898,1.1864431244310378,483.7604680980839
Fulda_Camión_Obras / Mixto_0045,Camión | Obras / Mixto,Camión_|_Obras_/_Mixto_Community_01,Competitive Fighter,-0.8130547195047636,766.2918139240506,249.2501181434599,28.5468776371308,6765.61,5058266.08,0.6747321143010883,1.229929518900162,555.8101960374541
Fulda_Camión_Obras / Mixto_0072,Camión | Obras / Mixto,Camión_|_Obras_/_Mixto_Community_03,KVI,-0.8011256630493474,739.1979563492064,254.57481825396826,41.66003968253968,10498.33,7590671.53,0.6556067071515226,1.2482436228464728,572.3462116767839
Fulda_Camión_Obras / Mixto_0078,Camión | Obras / Mixto,Camión_|_Obras_/_Mixto_Community_01,Premium Leader,-0.8378444178145186,838.9660578313253,235.5390236947791,96.2140562248996,23957.3,19347084.21,0.719250830833809,1.1935390136135984,516.6640377029557
Fulda_Camión_Regional_0007,Camión | Regional,Camión_|_Regional_Community_02,Competitive Fighter,-1.0973125438042797,610.9820521739131,201.37583260869565,250.72395652173913,57666.51,33982607.38,0.6704063042569129,0.9113173868705572,384.89313016053495
Fulda_Camión_Regional_0023,Camión | Regional,Camión_|_Regional_Community_03,Traffic Driver,-0.9112701401866478,577.0212382978724,153.5869085106383,119.55838297872342,28096.22,15619131.82,0.7338279801213261,1.097369436241133,322.12848771697594
Fulda_Camión_Regional_0028,Camión | Regional,Camión_|_Regional_Community_02,Competitive Fighter,-1.0662370853163061,618.7002491596638,196.24296092436973,223.32810924369747,53152.09,31850270.18,0.6828141556579095,0.937877713851365,380.29486047554036
Fulda_Camión_Regional_0044,Camión | Regional,Camión_|_Regional_Community_01,KVI,-1.028725273901451,644.714398340249,217.23700622406636,49.16311203319502,11848.31,7380038.59,0.6630492404337165,0.9720768268942105,428.4080659183546
Fulda_Camión_Regional_0065,Camión | Regional,Camión_|_Regional_Community_02,Premium Leader,-1.1211419721218305,608.1753962809917,175.38018099173553,170.14264462809916,41174.52,24056874.88,0.7116289444390715,0.8919476969606607,331.81012951985787
Fulda_Coche_Budget_0000,Coche | Budget,Coche_|_Budget_Community_02,Competitive Fighter,-2.477625123076595,93.87427649572649,28.165717521367522,126.20115384615384,29531.07,2518380.98,0.6999634130586377,0.40361231030715755,39.533747841625456
Fulda_Coche_Budget_0016,Coche | Budget,Coche_|_Budget_Community_01,Competitive Fighter,-2.7220822595109717,97.34436034482758,26.1065400862069,434.42560344827587,100786.74,8785804.93,0.7318125056887892,0.36736582684303315,35.697190770987085
Fulda_Coche_Budget_0037,Coche | Budget,Coche_|_Budget_Community_03,Premium Leader,-2.6791927171021035,96.84587958333333,33.267093333333335,327.11245833333334,78506.99,6982383.98,0.6564944892187398,0.37324675959914916,45.683928121282456
Fulda_Coche_Budget_0051,Coche | Budget,Coche_|_Budget_Community_03,Premium Leader,-2.7109274364148117,103.7469306122449,25.994948163265306,242.25697959183674,59352.96,5622384.55,0.7494388700479085,0.36887745004436384,35.58389835576603
Fulda_Coche_Budget_0066,Coche | Budget,Coche_|_Budget_Community_02,Competitive Fighter,-2.4903325326078836,98.43407408906883,30.968901619433197,354.91842105263163,87664.85,7685130.47,0.6853843355969321,0.4015527994379116,43.40455076023387
Fulda_Coche_Eco_0023,Coche | Eco,Coche_|_Eco_Community_01,KVI,-1.3551413511193502,188.6523349593496,49.076015040650404,331.38918699186996,81521.74,14631235.16,0.7398600178936285,0.7379304005253751,85.29069847578688
Fulda_Coche_Eco_0041,Coche | Eco,Coche_|_Eco_Community_02,Premium Leader,-1.532346724236862,179.06661158798283,63.302177253218886,306.93776824034336,71516.5,12064233.18,0.6464881046675979,0.6525938184767022,104.61278682478604
Fulda_Coche_Eco_0065,Coche | Eco,Coche_|_Eco_Community_01,Competitive Fighter,-1.3836630961998364,161.95797222222222,54.404826495726496,94.83675213675214,22191.8,3432872.71,0.6640805898639078,0.7227192824224709,93.72424366103698
Fulda_Coche_Performance_0036,Coche | Performance,Coche_|_Performance_Community_02,Traffic Driver,-0.9979439978613711,339.06040163265305,88.95101020408164,155.02191836734696,37980.37,12376906.23,0.7376543831843464,1.0020602379923473,178.0852806588434
Fulda_Furgoneta_Reforzado_0019,Furgoneta | Reforzado,Furgoneta_|_Reforzado_Community_02,Premium Leader,-1.162544269368898,232.9819548117155,63.17019874476988,250.52251046025103,59874.88,13340136.31,0.728862268342538,0.8601822970086659,117.50808540353997
Fulda_Furgoneta_Reforzado_0020,Furgoneta | Reforzado,Furgoneta_|_Reforzado_Community_03,Competitive Fighter,-1.0782175934890394,245.41143414634146,82.26329715447156,178.59016260162602,43933.18,10434210.3,0.6647943587444378,0.9274565783740065,158.5589332591219
Fulda_Furgoneta_Reforzado_0023,Furgoneta | Reforzado,Furgoneta_|_Reforzado_Community_02,Traffic Driver,-1.0569386821253475,256.747987654321,66.81848518518518,94.40053497942388,22939.33,5663230.27,0.7397506956309706,0.9461286798484353,130.03737036291668
Fulda_Furgoneta_Reforzado_0052,Furgoneta | Reforzado,Furgoneta_|_Reforzado_Community_03,Traffic Driver,-0.9638497550926387,239.96395982905983,66.88018376068376,133.90294871794873,31333.29,7268179.18,0.7212907146209524,1.0375060995931744,136.26878235430553
Fulda_Furgoneta_Reforzado_0058,Furgoneta | Reforzado,Furgoneta_|_Reforzado_Community_01,Traffic Driver,-1.021342892884549,260.8307413934426,59.404345081967215,89.26758196721312,21781.29,5538602.38,0.7722494489544833,0.9791031072588454,117.56732393639803
Fulda_Furgoneta_Standard_0001,Furgoneta | Standard,Furgoneta_|_Standard_Community_03,Premium Leader,-1.3608520461417946,166.65336991869918,54.040537398373985,407.87353658536585,100336.89,15962437.2,0.6757309052631979,0.7348337409898009,93.75134765992038
Fulda_Industrial_Construcción Pesada_0051,Industrial | Construcción Pesada,Industrial_|_Construcción_Pesada_Community_01,Competitive Fighter,-0.9021881126420148,2048.3230851851854,610.1027386831275,38.638806584362136,9389.23,18594459.17,0.702145260630127,1.1084162892276952,1286.350552341934
Fulda_Industrial_Manipulación Ligera_0012,Industrial | Manipulación Ligera,Industrial_|_Manipulación_Ligera_Community_01,Traffic Driver,-1.269938828738408,357.8913898305085,100.1301652542373,171.14313559322034,40389.78,13763949.27,0.7202219217912527,0.7874395028880465,178.97661280613187
Fulda_Industrial_Manipulación Ligera_0023,Industrial | Manipulación Ligera,Industrial_|_Manipulación_Ligera_Community_01,Premium Leader,-1.3307011086058231,313.8189564102564,86.65415085470086,104.70841880341881,24501.77,7312587.27,0.7238721591393682,0.7514835551972305,151.77332021158858
Fulda_Industrial_Manipulación Ligera_0028,Industrial | Manipulación Ligera,Industrial_|_Manipulación_Ligera_Community_01,Competitive Fighter,-1.3111955964965645,325.36883666666665,95.56933208333334,207.13975,49713.54,15351613.08,0.706273861189595,0.7626627199419672,168.45649883304543
Fulda_Industrial_Manipulación Ligera_0053,Industrial | Manipulación Ligera,Industrial_|_Manipulación_Ligera_Community_01,Competitive Fighter,-1.2922490840565208,303.64935042372883,93.81188601694916,264.02690677966103,62310.35,17899810.66,0.69105191272091,0.7738446189188877,166.4077092017973
Fulda_Industrial_Portuario/Especial_0009,Industrial | Portuario/Especial,Industrial_|_Portuario/Especial_Community_02,Premium Leader,-0.6985585838824429,4978.084135714285,2534.6311962184873,1.0541176470588236,250.88,1206538.65,0.49084203337700255,1.4315191639936748,6163.004327261464
Fulda_Industrial_Portuario/Especial_0052,Industrial | Portuario/Especial,Industrial_|_Portuario/Especial_Community_01,KVI,-0.647998645268765,5503.424364,2736.2544484,1.2339200000000001,308.48,1660196.87,0.5028087482588323,1.5432131028379514,6958.878165869511
Fulda_Industrial_Portuario/Especial_0055,Industrial | Portuario/Especial,Industrial_|_Portuario/Especial_Community_03,Competitive Fighter,-0.6744967998129546,5383.575871982758,2336.7060616379313,1.534051724137931,355.9,1863538.1,0.5659565097245806,1.4825867228388794,5801.0754437994565
Fulda_Industrial_Portuario/Especial_0057,Industrial | Portuario/Especial,Industrial_|_Portuario/Especial_Community_01,Competitive Fighter,-0.6904030519839728,6022.5786602362205,2441.38864488189,0.7420866141732284,188.49,1102378.27,0.5946273543920583,1.4484292865252488,5977.56745791901
Fulda_SUV / 4x4_All Terrain (A/T)_0039,SUV / 4x4 | All Terrain (A/T),SUV_/_4x4_|_All_Terrain_(A/T)_Community_01,Competitive Fighter,-1.2511788982735093,350.5776315352697,93.28264232365144,100.37373443983402,24190.07,8067801.24,0.7339173012404051,0.7992462160126671,167.8384412204929
Fulda_SUV / 4x4_All Terrain (A/T)_0065,SUV / 4x4 | All Terrain (A/T),SUV_/_4x4_|_All_Terrain_(A/T)_Community_03,Competitive Fighter,-1.2706035448439792,326.0135621513944,96.20972390438247,82.20099601593625,20632.45,6433831.76,0.7048904245900527,0.7870275539982007,171.92942757969084
Fulda_SUV / 4x4_Highway Terrain (H/T)_0018,SUV / 4x4 | Highway Terrain (H/T),SUV_/_4x4_|_Highway_Terrain_(H/T)_Community_02,Competitive Fighter,-1.6364437125951787,249.25108015873016,73.87055277777777,221.4847619047619,55814.16,13297392.71,0.7036299592734567,0.6110812075620585,119.011459372499
Fulda_SUV / 4x4_Highway Terrain (H/T)_0062,SUV / 4x4 | Highway Terrain (H/T),SUV_/_4x4_|_Highway_Terrain_(H/T)_Community_01,Traffic Driver,-1.5427014789238254,195.26080406504065,59.57695040650407,216.2311382113821,53192.86,9940991.19,0.6948852551756408,0.6482135485457569,98.19553684103865
Fulda_SUV / 4x4_Mud Terrain (M/T)_0026,SUV / 4x4 | Mud Terrain (M/T),SUV_/_4x4_|_Mud_Terrain_(M/T)_Community_01,Traffic Driver,-0.8870230462023948,393.316941563786,119.83914320987655,114.25341563786007,27763.579999999998,10496244.78,0.6953115145932718,1.1273664244478119,254.94176959928436
Fulda_SUV / 4x4_Mud Terrain (M/T)_0031,SUV / 4x4 | Mud Terrain (M/T),SUV_/_4x4_|_Mud_Terrain_(M/T)_Community_02,Competitive Fighter,-0.9722364775859575,391.5660433333333,93.32052083333333,104.80425,25153.02,9572620.34,0.7616736118410268,1.0285563471995811,189.30593486042906
Fulda_SUV / 4x4_Mud Terrain (M/T)_0056,SUV / 4x4 | Mud Terrain (M/T),SUV_/_4x4_|_Mud_Terrain_(M/T)_Community_01,Competitive Fighter,-0.9558008018682219,388.31704512195125,124.59780975609756,260.5335365853659,64091.25,23995046.81,0.6791338126376412,1.0462431063516433,254.95740927992819
Fulda_SUV / 4x4_Mud Terrain (M/T)_0076,SUV / 4x4 | Mud Terrain (M/T),SUV_/_4x4_|_Mud_Terrain_(M/T)_Community_01,Competitive Fighter,-0.9592775576250784,437.9873589430894,127.1419662601626,238.61410569105692,58699.07,24729568.31,0.7097131602908132,1.0424511571768027,259.68125611380316
Fulda_SUV / 4x4_Mud Terrain (M/T)_0078,SUV / 4x4 | Mud Terrain (M/T),SUV_/_4x4_|_Mud_Terrain_(M/T)_Community_01,Traffic Driver,-0.8890474493214785,435.1290159183674,134.12718857142858,131.44857142857143,32204.9,13585812.14,0.6917530579100899,1.1247993577431672,284.99336413246806
GT Radial_Agrícola_Premium Radial_0020,Agrícola | Premium Radial,Agrícola_|_Premium_Radial_Community_03,Competitive Fighter,-0.7598213740655957,1712.5671629787234,576.2420344680851,34.90502127659575,8202.68,13680491.96,0.663521497477618,1.3160988018134767,1334.633485586092
GT Radial_Agrícola_Premium Radial_0032,Agrícola | Premium Radial,Agrícola_|_Premium_Radial_Community_03,Competitive Fighter,-0.7465483650035855,1743.096596103896,676.6109255411255,17.763160173160173,4103.29,6938964.37,0.6118339470953813,1.3394979439747314,1582.9298691743033
GT Radial_Agrícola_Premium Radial_0038,Agrícola | Premium Radial,Agrícola_|_Premium_Radial_Community_03,Premium Leader,-0.8239001490507635,1626.1240705128205,651.5710162393162,55.4191452991453,12968.08,20413890.93,0.5993103920823001,1.2137393119204138,1442.4083731569087
GT Radial_Agrícola_Premium Radial_0048,Agrícola | Premium Radial,Agrícola_|_Premium_Radial_Community_03,Premium Leader,-0.8119046980676449,1501.750352813853,715.1311177489177,27.086233766233768,6256.92,9012943.03,0.5238015983089563,1.2316716510940595,1595.9378422954676
GT Radial_Agrícola_Premium Radial_0079,Agrícola | Premium Radial,Agrícola_|_Premium_Radial_Community_01,Competitive Fighter,-0.7310652022731532,2126.6952312,814.8270756,11.09632,2774.08,5774384.78,0.6168576185031321,1.3678670478236807,1929.4021819877748
GT Radial_Agrícola_Tractor_0050,Agrícola | Tractor,Agrícola_|_Tractor_Community_02,Competitive Fighter,-0.9910754356053849,1157.0986733606558,337.507956147541,55.231393442622945,13476.46,14875893.59,0.7083153201037823,1.009004929467517,678.0551476349165
GT Radial_Camión_Long Haul_0011,Camión | Long Haul,Camión_|_Long_Haul_Community_03,Traffic Driver,-0.8561379360112761,646.0760748917749,189.75782727272727,195.05930735930735,45058.7,28360909.91,0.7062918212773722,1.168036081497537,411.4018162738501
GT Radial_Camión_Long Haul_0027,Camión | Long Haul,Camión_|_Long_Haul_Community_03,Competitive Fighter,-0.9383661059861584,612.3010333333334,219.90389512195122,207.6378048780488,51078.9,30389219.54,0.6408565670307521,1.0656821400737493,454.2515486860655
GT Radial_Camión_Long Haul_0053,Camión | Long Haul,Camión_|_Long_Haul_Community_03,Premium Leader,-0.9711389414313754,644.60390375,173.80828541666668,70.61725,16948.14,10615287.52,0.7303642059790013,1.0297187738410385,352.7819399593299
GT Radial_Camión_Long Haul_0056,Camión | Long Haul,Camión_|_Long_Haul_Community_03,KVI,-0.9067164839872606,629.3737884,164.3944124,72.55,18137.5,11153095.46,0.7387968558113533,1.1028805780639697,345.7018169781986
GT Radial_Camión_Obras / Mixto_0000,Camión | Obras / Mixto,Camión_|_Obras_/_Mixto_Community_03,Premium Leader,-0.8332895040045426,764.9008187234042,268.4595540425532,67.05655319148937,15758.29,11731033.0,0.6490269751696647,1.2000631175531387,590.6279634037849
GT Radial_Camión_Obras / Mixto_0013,Camión | Obras / Mixto,Camión_|_Obras_/_Mixto_Community_02,Premium Leader,-0.8504490599111796,765.7067034883721,243.3025062015504,83.88007751937985,21641.06,16168917.09,0.6822510432609199,1.1758493802138361,529.3896073231164
GT Radial_Camión_Obras / Mixto_0056,Camión | Obras / Mixto,Camión_|_Obras_/_Mixto_Community_02,Competitive Fighter,-0.8260670754117361,839.6270324894515,217.0589476793249,92.9709282700422,22034.11,17982663.08,0.7414817064241535,1.2105554497515478,479.8208397098677
GT Radial_Camión_Regional_0006,Camión | Regional,Camión_|_Regional_Community_03,Premium Leader,-1.042204677033614,575.3753317596567,200.2328025751073,136.5791416309013,31822.94,17500818.28,0.65199619878951,0.959504425605017,392.3570627972184
GT Radial_Camión_Regional_0062,Camión | Regional,Camión_|_Regional_Community_02,Competitive Fighter,-1.0679630789406171,628.9119737068966,180.07445732758623,128.25918103448276,29756.13,17928928.669999998,0.7136730339761195,0.936361958310362,348.6893288325206
GT Radial_Coche_Budget_0020,Coche | Budget,Coche_|_Budget_Community_01,Premium Leader,-2.8014852539446866,101.67447818930042,28.077650205761316,366.1222222222222,88967.7,8327210.49,0.7238476094906968,0.3569535119244088,38.10006605329291
GT Radial_Coche_Budget_0041,Coche | Budget,Coche_|_Budget_Community_02,Premium Leader,-2.593988933133843,87.62756348547718,33.064216182572615,655.2872199170124,157924.22,12521664.459999999,0.6226733362493588,0.38550665626467523,45.81069160512855
GT Radial_Coche_Budget_0060,Coche | Budget,Coche_|_Budget_Community_01,Traffic Driver,-2.633190460620783,96.70932446351931,27.942072532188842,122.50682403433477,28544.09,2512863.58,0.7110715777698442,0.3797674399003583,38.55356188324832
GT Radial_Coche_Budget_0071,Coche | Budget,Coche_|_Budget_Community_01,Premium Leader,-2.7682344842728854,99.24082746781116,28.4378364806867,255.34381974248927,59495.11,5452253.14,0.7134461974341101,0.3612410746565292,38.71075109187661
GT Radial_Coche_Budget_0077,Coche | Budget,Coche_|_Budget_Community_03,Premium Leader,-2.676014166855134,101.28744725738396,29.31124641350211,230.73708860759496,54684.69,5110971.67,0.7106132377981785,0.3736900993970466,40.264568999215044
GT Radial_Coche_Eco_0014,Coche | Eco,Coche_|_Eco_Community_02,Traffic Driver,-1.3639706538870633,180.05034741035857,51.07603505976096,83.73529880478088,21017.56,3584231.49,0.7163235961808398,0.7331536035252558,88.52261421760701
GT Radial_Coche_Performance_0019,Coche | Performance,Coche_|_Performance_Community_01,Traffic Driver,-0.9868604097403939,339.4954306122449,98.54381469387755,161.27363265306124,39512.04,12946689.44,0.7097344888673053,1.013314537831204,198.39969473652786
GT Radial_Coche_Touring_0003,Coche | Touring,Coche_|_Touring_Community_01,Premium Leader,-1.8837584166924832,159.96972905982904,45.763223504273505,187.41846153846154,43855.92,6478936.79,0.7139257297412941,0.5308536334270545,70.05679697885147
GT Radial_Coche_Touring_0006,Coche | Touring,Coche_|_Touring_Community_01,Competitive Fighter,-1.8359858838111636,149.0496901574803,44.754326771653545,234.14755905511814,59473.48,8349756.04,0.6997355262908107,0.5446664970670618,69.13050916296471
GT Radial_Coche_Touring_0061,Coche | Touring,Coche_|_Touring_Community_02,Traffic Driver,-1.737295965553408,164.31805785123967,50.50430661157025,168.94165289256196,40883.88,6303341.63,0.6926429920606,0.5756071618352342,79.57494720071266
GT Radial_Furgoneta_Reforzado_0055,Furgoneta | Reforzado,Furgoneta_|_Reforzado_Community_03,Premium Leader,-1.1106826280153643,252.66101959183675,68.96614816326532,137.79020408163265,33758.6,8306365.5200000005,0.7270408063947608,0.9003472052019587,131.05962691560543
GT Radial_Furgoneta_Standard_0003,Furgoneta | Standard,Furgoneta_|_Standard_Community_01,Premium Leader,-1.4055893090717588,178.82694824561403,58.14658070175438,238.0086403508772,54265.97,9227986.0,0.6748444165032017,0.7114453656882129,99.51469607263321
GT Radial_Furgoneta_Standard_0043,Furgoneta | Standard,Furgoneta_|_Standard_Community_01,KVI,-1.34934667840395,167.10960043668123,47.07336899563319,231.5267248908297,53019.62,8471295.14,0.7183084103329566,0.7410993898045769,81.95941403434263
GT Radial_Furgoneta_Standard_0079,Furgoneta | Standard,Furgoneta_|_Standard_Community_03,Premium Leader,-1.3676664453843166,180.06932393162393,41.63126025641026,171.11700854700854,40041.38,6842602.05,0.7688042618951659,0.7311724312421793,72.07089003376565
GT Radial_Industrial_Construcción Pesada_0036,Industrial | Construcción Pesada,Industrial_|_Construcción_Pesada_Community_03,Premium Leader,-0.9316106173206655,2030.3724830508474,684.383193220339,33.015593220338985,7791.68,15186433.42,0.6629272712601081,1.07340983604934,1419.0068444499066
GT Radial_Industrial_Construcción Pesada_0064,Industrial | Construcción Pesada,Industrial_|_Construcción_Pesada_Community_02,KVI,-0.9182406541609986,1896.0701375545852,702.5735868995633,10.870742358078603,2489.4,4531851.27,0.6294580179371992,1.0890391265824593,1467.7037123365694
GT Radial_Industrial_Manipulación Ligera_0050,Industrial | Manipulación Ligera,Industrial_|_Manipulación_Ligera_Community_02,Competitive Fighter,-1.3011643350315532,337.61181028806584,84.2581049382716,155.65798353909466,37824.89,12103186.540000001,0.75042903603882,0.7685424300964644,149.01403366285376
GT Radial_Industrial_Portuario/Especial_0001,Industrial | Portuario/Especial,Industrial_|_Portuario/Especial_Community_03,KVI,-0.6579632782486814,5674.458801680672,2217.9093,0.5744957983193277,136.73,755658.62,0.6091417036382227,1.5198416584307364,5588.780248760952
GT Radial_Industrial_Portuario/Especial_0005,Industrial | Portuario/Especial,Industrial_|_Portuario/Especial_Community_01,Traffic Driver,-0.6091615523056303,6106.141229718876,2548.6359939759036,0.9211244979919679,229.36,1368532.66,0.5826110307485892,1.64160064963896,6732.478497379983
GT Radial_SUV / 4x4_All Terrain (A/T)_0053,SUV / 4x4 | All Terrain (A/T),SUV_/_4x4_|_All_Terrain_(A/T)_Community_01,Premium Leader,-1.3040394391334893,322.1010917012448,101.35434273858921,61.816307053941905,14897.73,4592464.38,0.6853337497142128,0.7668479725310163,179.07771497489009
GT Radial_SUV / 4x4_Highway Terrain (H/T)_0004,SUV / 4x4 | Highway Terrain (H/T),SUV_/_4x4_|_Highway_Terrain_(H/T)_Community_03,Premium Leader,-1.6322916515059556,231.48286974789917,55.90916092436975,103.95554621848738,24741.42,5390971.03,0.7584738733140007,0.6126356151349533,90.1611041189501
GT Radial_SUV / 4x4_Highway Terrain (H/T)_0027,SUV / 4x4 | Highway Terrain (H/T),SUV_/_4x4_|_Highway_Terrain_(H/T)_Community_01,Premium Leader,-1.6784216214013408,230.08472899159665,72.498656302521,219.24298319327733,52179.83,11195296.59,0.6849045279090693,0.5957978539177088,115.69320013948058
GT Radial_SUV / 4x4_Mud Terrain (M/T)_0001,SUV / 4x4 | Mud Terrain (M/T),SUV_/_4x4_|_Mud_Terrain_(M/T)_Community_01,Premium Leader,-0.9840372602938015,465.2346296747968,134.546131300813,287.24353658536586,70661.91,31769511.09,0.7107994058936199,1.0162216821967012,271.2748271843834
GT Radial_SUV / 4x4_Mud Terrain (M/T)_0052,SUV / 4x4 | Mud Terrain (M/T),SUV_/_4x4_|_Mud_Terrain_(M/T)_Community_01,Traffic Driver,-0.8719801204224814,436.2229253275109,142.943303930131,186.61973799126636,42735.92,18077505.0,0.6723159292400532,1.1468151355509022,306.87284840285804
GT Radial_SUV / 4x4_Mud Terrain (M/T)_0070,SUV / 4x4 | Mud Terrain (M/T),SUV_/_4x4_|_Mud_Terrain_(M/T)_Community_02,Premium Leader,-0.9959981146672144,425.0303443037975,144.58087763713078,152.58227848101265,36162.0,14802072.76,0.6598339869734354,1.0040179647670544,289.7426761465974
General Tire_Agrícola_Implementos_0020,Agrícola | Implementos,Agrícola_|_Implementos_Community_02,Competitive Fighter,-1.154215196534019,597.1322004237288,183.51997076271186,63.40610169491526,14963.84,8522409.959999999,0.6926644206551164,0.8663895632312673,342.51975807603276
General Tire_Agrícola_Implementos_0028,Agrícola | Implementos,Agrícola_|_Implementos_Community_02,Traffic Driver,-1.1060474738958748,556.5842704641351,170.5282151898734,290.80831223628695,68921.57,37047577.49,0.6936165388797817,0.9041203235858045,324.7062402878515
General Tire_Agrícola_Implementos_0054,Agrícola | Implementos,Agrícola_|_Implementos_Community_02,Competitive Fighter,-1.1814307156000212,626.3625660944206,162.69092403433476,194.75381974248927,45377.64,27022213.18,0.740260780511251,0.8464313537777992,300.39762311207784
General Tire_Agrícola_Implementos_0075,Agrícola | Implementos,Agrícola_|_Implementos_Community_01,Premium Leader,-1.1848682435473354,631.2461957805907,212.07198734177217,164.4013924050633,38963.13,23459667.55,0.6640423518441537,0.8439756955643736,391.0555903682634
General Tire_Agrícola_Premium Radial_0012,Agrícola | Premium Radial,Agrícola_|_Premium_Radial_Community_02,Premium Leader,-0.773826423058073,1689.6760124481327,517.7230858921162,49.138298755186725,11842.33,19342853.22,0.6935962385226745,1.2922794701790035,1186.7660010282186
General Tire_Agrícola_Premium Radial_0019,Agrícola | Premium Radial,Agrícola_|_Premium_Radial_Community_02,KVI,-0.7085160381507654,1901.8376452173914,674.9664986956521,41.19721739130435,9475.36,17533364.32,0.6450977293498156,1.411400654542713,1627.6146567490987
General Tire_Agrícola_Premium Radial_0042,Agrícola | Premium Radial,Agrícola_|_Premium_Radial_Community_02,Competitive Fighter,-0.7497229680481985,1690.5643910569104,573.4366719512194,58.41215447154471,14369.39,23578440.01,0.6608016382075118,1.3338260165663107,1338.3014238529568
General Tire_Agrícola_Tractor_0000,Agrícola | Tractor,Agrícola_|_Tractor_Community_02,Traffic Driver,-0.9306013798000101,1317.2054384615385,332.89091623931625,45.977777777777774,10758.8,13636878.98,0.7472748695692266,1.0745739493905586,690.60682281884
General Tire_Agrícola_Tractor_0051,Agrícola | Tractor,Agrícola_|_Tractor_Community_02,Premium Leader,-1.0169105215876804,1203.773018103448,356.60410301724136,112.52991379310345,26106.94,29927471.18,0.7037613423342273,0.9833706887393806,707.278125408595
General Tire_Agrícola_Tractor_0062,Agrícola | Tractor,Agrícola_|_Tractor_Community_02,Competitive Fighter,-0.9914262596359836,1237.5689512295082,333.32419221311477,41.89040983606557,10221.26,12251422.97,0.730662124415806,1.0086478850854368,669.5309337366846
General Tire_Agrícola_Tractor_0063,Agrícola | Tractor,Agrícola_|_Tractor_Community_03,Competitive Fighter,-0.9941543341028793,1311.7115076612904,317.47400766129033,42.6671370967742,10581.45,13352131.11,0.7579696405749088,1.0058800386384632,636.8147747543369
General Tire_Agrícola_Tractor_0075,Agrícola | Tractor,Agrícola_|_Tractor_Community_02,KVI,-0.959508348701786,1262.45047625,398.45999416666666,55.80195833333333,13392.47,16276993.1,0.68437574252397,1.0422004158202471,813.7351657748998
General Tire_Camión_Long Haul_0016,Camión | Long Haul,Camión_|_Long_Haul_Community_03,KVI,-0.9110011392097636,692.3626041841004,232.56082845188286,37.07665271966527,8861.32,5982373.93,0.6641054455476563,1.097693468163429,487.8413307941904
General Tire_Camión_Long Haul_0036,Camión | Long Haul,Camión_|_Long_Haul_Community_01,Traffic Driver,-0.860974515252439,715.031758677686,188.94847809917354,49.74115702479339,12037.36,8337698.2,0.7357481317352986,1.1614745643276079,408.4073293797757
General Tire_Camión_Long Haul_0065,Camión | Long Haul,Camión_|_Long_Haul_Community_01,Premium Leader,-1.0262077918700712,679.158014957265,214.37826153846154,167.10358974358974,39102.24,25560622.62,0.6843470049426554,0.9744615154185173,423.28162715001804
General Tire_Camión_Obras / Mixto_0061,Camión | Obras / Mixto,Camión_|_Obras_/_Mixto_Community_03,Competitive Fighter,-0.8105430341909627,819.8047796747967,247.9897361788618,153.47459349593495,37754.75,30167137.65,0.6975014755619804,1.2337407858894776,553.944788184695
General Tire_Camión_Regional_0010,Camión | Regional,Camión_|_Regional_Community_03,Competitive Fighter,-1.0365323549940781,661.5110663934425,176.5362831967213,77.09114754098361,18810.24,11978502.8,0.7331317763749639,0.964755219826894,346.850583899597
General Tire_Camión_Regional_0026,Camión | Regional,Camión_|_Regional_Community_03,Traffic Driver,-0.9528264269134633,645.1338769547325,160.29995802469134,117.270329218107,28496.69,17738292.05,0.7515245071590944,1.0495090939483578,328.53622173114496
General Tire_Camión_Regional_0074,Camión | Regional,Camión_|_Regional_Community_01,KVI,-1.0186702907381746,644.4955821576764,185.10826265560166,162.05858921161825,39056.12,24392365.8,0.7127858316175164,0.9816719002135172,366.823842601949
General Tire_Camión_Regional_0078,Camión | Regional,Camión_|_Regional_Community_03,KVI,-0.9666715734043558,634.1888023622047,199.78382637795275,100.14102362204724,25435.82,15508476.57,0.6849773669389859,1.0344775076795425,406.4557011640998
General Tire_Coche_Budget_0013,Coche | Budget,Coche_|_Budget_Community_03,Premium Leader,-2.6662786427312635,101.80591271186441,25.717508898305084,175.7290254237288,41472.05,3770021.61,0.7473868834014394,0.37505457380689483,35.36297823753392
General Tire_Coche_Budget_0030,Coche | Budget,Coche_|_Budget_Community_02,Traffic Driver,-2.3758984501818157,100.64519832635983,27.095634728033474,139.34405857740586,33303.23,3103576.25,0.7307806514507419,0.4208934097850331,38.50000881900524
General Tire_Coche_Budget_0032,Coche | Budget,Coche_|_Budget_Community_01,Competitive Fighter,-2.7243113023285486,95.18059407114625,29.157913438735175,571.1781818181818,144508.08,12455270.66,0.6936569505235487,0.36706524659838646,39.8607701254189
General Tire_Coche_Budget_0062,Coche | Budget,Coche_|_Budget_Community_03,Competitive Fighter,-2.6100816501715407,97.91127125,25.824817499999998,105.09070833333334,25221.77,2285309.56,0.7362426493875188,0.38312977677701293,35.71907406408209
General Tire_Coche_Budget_0078,Coche | Budget,Coche_|_Budget_Community_03,Competitive Fighter,-2.576613405099032,91.7199927125506,30.09875829959514,202.4173279352227,49997.08,4266796.57,0.6718408123523919,0.38810634067999233,41.78027724226256
General Tire_Coche_Eco_0044,Coche | Eco,Coche_|_Eco_Community_02,Competitive Fighter,-1.4176427189733523,201.3577962184874,58.44737815126051,221.74302521008403,52774.84,10104908.57,0.7097337215200697,0.705396350304817,99.67594538404518
General Tire_Coche_Eco_0046,Coche | Eco,Coche_|_Eco_Community_01,Premium Leader,-1.4973737909610145,199.88348938775508,57.72509306122449,100.17783673469387,24543.57,4672452.43,0.7112062970381547,0.6678359178159516,96.27598356677858
General Tire_Coche_Performance_0063,Coche | Performance,Coche_|_Performance_Community_02,Competitive Fighter,-1.0692621388236436,355.1662081300813,99.13042276422763,90.73341463414633,22320.42,7584181.0,0.720890049517547,0.9352243605110316,191.83960900109062
General Tire_Coche_Performance_0064,Coche | Performance,Coche_|_Performance_Community_01,Premium Leader,-1.1699702046878795,356.88541790393015,117.22701528384279,305.94082969432316,70060.45,23754634.45,0.6715275844769901,0.8547226211344215,217.42359705501377
General Tire_Coche_Touring_0001,Coche | Touring,Coche_|_Touring_Community_03,Traffic Driver,-1.7868194009351235,165.13131130434783,48.36845869565218,80.53404347826088,18522.83,2899598.2,0.7070909307653596,0.5596536502103429,75.43804315972213
General Tire_Coche_Touring_0022,Coche | Touring,Coche_|_Touring_Community_01,Premium Leader,-1.9265307808739387,162.1368829787234,54.72698,337.2504255319149,79253.85,12154619.34,0.6624643388069721,0.5190677511762187,83.1339904372659
General Tire_Furgoneta_Reforzado_0066,Furgoneta | Reforzado,Furgoneta_|_Reforzado_Community_03,Premium Leader,-1.104673744862903,235.9798829959514,78.92491902834008,270.1112955465587,66717.49,15121974.99,0.6655438674418949,0.9052446522335935,150.37127990671434
General Tire_Furgoneta_Standard_0024,Furgoneta | Standard,Furgoneta_|_Standard_Community_01,Premium Leader,-1.4459987452461998,149.0872909090909,56.97464793388429,269.796652892562,65290.79,9200129.71,0.617843696894152,0.691563532325014,96.37623671201537
General Tire_Furgoneta_Standard_0064,Furgoneta | Standard,Furgoneta_|_Standard_Community_03,KVI,-1.2948504308678688,155.7364831325301,39.74183373493976,159.65871485943774,39755.02,5880364.79,0.7448135919370936,0.7722899696837987,70.43405330527496
General Tire_Furgoneta_Standard_0070,Furgoneta | Standard,Furgoneta_|_Standard_Community_02,Competitive Fighter,-1.2898347214993557,175.1840470338983,46.94878516949153,142.94504237288135,33735.03,5640482.24,0.7320030792506643,0.7752931312296817,83.34785583097626
General Tire_Industrial_Manipulación Ligera_0024,Industrial | Manipulación Ligera,Industrial_|_Manipulación_Ligera_Community_02,Premium Leader,-1.3102569365363452,322.40299409282704,103.61961265822785,64.9410970464135,15391.04,4755715.23,0.6786022011061305,0.7632090867944518,182.70304260910876
General Tire_Industrial_Portuario/Especial_0011,Industrial | Portuario/Especial,Industrial_|_Portuario/Especial_Community_02,Traffic Driver,-0.635817756792636,5013.004147577092,2643.461596475771,0.3107929515418502,70.55,342321.64,0.4726791523295626,1.5727777170685995,6801.039091339449
General Tire_Industrial_Portuario/Especial_0016,Industrial | Portuario/Especial,Industrial_|_Portuario/Especial_Community_01,Premium Leader,-0.7138235601014927,5091.55772016129,2811.5785947580644,1.225725806451613,303.98,1495689.11,0.4477959891086142,1.4009064086618521,6750.3370666111205
General Tire_Industrial_Portuario/Especial_0022,Industrial | Portuario/Especial,Industrial_|_Portuario/Especial_Community_01,Competitive Fighter,-0.6970114192791506,5553.027731147541,2621.7574709016394,0.7715573770491803,188.26,1018771.97,0.527868831593274,1.4346967242433422,6383.184326164732
General Tire_Industrial_Portuario/Especial_0047,Industrial | Portuario/Especial,Industrial_|_Portuario/Especial_Community_03,Premium Leader,-0.7682751411310816,5438.655353441295,2425.0213574898785,1.1812955465587045,291.78000000000003,1537351.7,0.5541138020530291,1.3016170203395685,5581.47043108567
General Tire_Industrial_Portuario/Especial_0069,Industrial | Portuario/Especial,Industrial_|_Portuario/Especial_Community_01,Competitive Fighter,-0.6967507129627536,5357.810589626556,1995.4651792531122,0.496597510373444,119.68,621840.24,0.627559588777438,1.4352335511043206,4859.423754577576
General Tire_SUV / 4x4_All Terrain (A/T)_0002,SUV / 4x4 | All Terrain (A/T),SUV_/_4x4_|_All_Terrain_(A/T)_Community_01,KVI,-1.2195005443753992,327.61998372093024,107.35186782945738,185.57077519379845,47877.26,15025569.65,0.672328083866518,0.8200078340368249,195.38124044809823
General Tire_SUV / 4x4_Highway Terrain (H/T)_0025,SUV / 4x4 | Highway Terrain (H/T),SUV_/_4x4_|_Highway_Terrain_(H/T)_Community_03,Competitive Fighter,-1.5703033992244881,233.30150355731226,72.77672450592885,158.97739130434783,40221.28,8919636.57,0.6880571989624974,0.6368196110979962,119.12236990278048
General Tire_SUV / 4x4_Highway Terrain (H/T)_0054,SUV / 4x4 | Highway Terrain (H/T),SUV_/_4x4_|_Highway_Terrain_(H/T)_Community_03,Premium Leader,-1.6431804925376827,261.1294699588477,69.58886748971193,223.20732510288065,54239.38,13266169.84,0.7335081808243294,0.6085758713308649,111.93897315719147
General Tire_SUV / 4x4_Highway Terrain (H/T)_0078,SUV / 4x4 | Highway Terrain (H/T),SUV_/_4x4_|_Highway_Terrain_(H/T)_Community_01,Premium Leader,-1.6662415252600544,215.82765439330544,60.60339163179916,174.01096234309625,41588.62,8468145.08,0.7192046969043141,0.6001530899573083,96.97470438151632
General Tire_SUV / 4x4_Mud Terrain (M/T)_0041,SUV / 4x4 | Mud Terrain (M/T),SUV_/_4x4_|_Mud_Terrain_(M/T)_Community_02,Traffic Driver,-0.9006926285375546,402.7616036885246,99.04580327868852,82.29610655737704,20080.25,7896256.27,0.7540833029474042,1.1102566717168427,209.01206717440638
Goodride_Agrícola_Tractor_0041,Agrícola | Tractor,Agrícola_|_Tractor_Community_03,Competitive Fighter,-1.0034753887614996,1093.0891395348838,397.0771147286822,90.12627906976743,23252.579999999998,24299279.64,0.6367385784313611,0.9965366477340427,792.779011532309
Goodride_Agrícola_Tractor_0061,Agrícola | Tractor,Agrícola_|_Tractor_Community_02,Premium Leader,-1.0754870569936863,1338.381831330472,387.43894506437766,63.59562231759657,14817.78,18966379.63,0.7105168824062499,0.9298112827087891,747.6840475460268
Goodride_Agrícola_Tractor_0067,Agrícola | Tractor,Agrícola_|_Tractor_Community_01,Premium Leader,-0.9697070704010161,1042.3841134615384,436.13514076923076,24.970692307692307,6492.38,6461030.26,0.5815984384864447,1.0312392582498717,885.8948198327956
Goodride_Camión_Long Haul_0009,Camión | Long Haul,Camión_|_Long_Haul_Community_01,Competitive Fighter,-0.956681123248692,661.4927433884297,169.79923595041322,161.36181818181817,39049.56,24952341.98,0.7433089967387491,1.045280371587354,347.2870443999099
Goodride_Camión_Long Haul_0069,Camión | Long Haul,Camión_|_Long_Haul_Community_01,Competitive Fighter,-0.9714745186440072,610.9779304166666,185.62599958333334,224.415375,53859.69,31656617.11,0.6961821526732682,1.0293630772691895,376.7025497356026
Goodride_Camión_Long Haul_0071,Camión | Long Haul,Camión_|_Long_Haul_Community_03,Premium Leader,-1.0062192721680283,708.0405553191489,218.52606765957447,212.4816595744681,49933.19,34406224.01,0.6913650411436193,0.9938191681077345,435.7014624308673
Goodride_Camión_Obras / Mixto_0052,Camión | Obras / Mixto,Camión_|_Obras_/_Mixto_Community_01,Competitive Fighter,-0.8124706880774039,772.2866334728034,182.15062677824267,51.75133891213389,12368.57,9276403.39,0.76414116354811,1.2308136338633429,406.34410163365703
Goodride_Camión_Regional_0070,Camión | Regional,Camión_|_Regional_Community_02,Traffic Driver,-0.9692123484270598,566.7304043290044,201.41504545454546,174.18285714285713,40236.24,21895164.73,0.6446016590674781,1.0317656410619465,409.2281689474757
Goodride_Coche_Budget_0069,Coche | Budget,Coche_|_Budget_Community_02,Competitive Fighter,-2.4925454094951087,101.91647918367347,31.916501632653063,262.355306122449,64277.05,6067767.27,0.6868366932580817,0.40119630165637005,44.72128404948297
Goodride_Coche_Performance_0028,Coche | Performance,Coche_|_Performance_Community_02,Premium Leader,-1.1148419809599202,414.57623057851237,115.11987520661157,179.9415702479339,43545.86,17437627.64,0.7223191617957215,0.8969881086994617,218.38103434190813
Goodride_Coche_Performance_0076,Coche | Performance,Coche_|_Performance_Community_01,Premium Leader,-1.152833262088972,364.46969471544713,99.55165731707316,301.5439430894309,74179.81,25823724.98,0.7268588890640242,0.8674281293618878,185.9055651984976
Goodride_Coche_Touring_0011,Coche | Touring,Coche_|_Touring_Community_02,Premium Leader,-1.8343206961941414,161.31183652173914,42.07223434782609,247.09934782608696,56832.85,8742716.89,0.7391869359682343,0.5451609427265393,65.00837328749884
Goodride_Coche_Touring_0051,Coche | Touring,Coche_|_Touring_Community_03,Traffic Driver,-1.89404864834729,176.66551900826445,42.2996541322314,148.10223140495867,35840.74,5965259.86,0.7605664400745195,0.5279695433760798,64.63258320939173
Goodride_Furgoneta_Reforzado_0013,Furgoneta | Reforzado,Furgoneta_|_Reforzado_Community_03,KVI,-1.047678105293681,222.08146583333334,71.0505475,118.63745833333334,28472.99,6130515.46,0.6800698913194239,0.9544916467636632,138.86770158673485
Goodride_Furgoneta_Reforzado_0030,Furgoneta | Reforzado,Furgoneta_|_Reforzado_Community_01,Premium Leader,-1.128451383991469,260.69464516129034,79.20933588709677,257.2613306451613,63800.81,16048491.66,0.6961604798668175,0.8861702100651241,149.40228970928428
Goodride_Furgoneta_Reforzado_0033,Furgoneta | Reforzado,Furgoneta_|_Reforzado_Community_03,Premium Leader,-1.1414799698353246,233.49005391304345,79.9544947826087,247.44352173913043,56912.01,12718469.99,0.6575678773350003,0.8760556702052904,149.99908329531237
Goodride_Furgoneta_Standard_0031,Furgoneta | Standard,Furgoneta_|_Standard_Community_03,Competitive Fighter,-1.3165884519577598,175.65299835390945,54.93216255144033,192.99740740740742,46898.37,7865720.8,0.6872688592496337,0.7595387902066174,96.65527083919457
Goodride_Industrial_Construcción Pesada_0017,Industrial | Construcción Pesada,Industrial_|_Construcción_Pesada_Community_01,Competitive Fighter,-0.903240674910195,1879.8859648,601.7714203999999,32.70632,8176.58,14918619.2,0.6798894019808154,1.1071246322021817,1268.0073828801344
Goodride_Industrial_Manipulación Ligera_0013,Industrial | Manipulación Ligera,Industrial_|_Manipulación_Ligera_Community_03,Premium Leader,-1.3011190586633323,287.76271152263377,97.02632263374487,209.74230452674897,50967.38,13913811.42,0.6628252419489961,0.7685691738520236,171.59776326226208
Goodride_Industrial_Manipulación Ligera_0068,Industrial | Manipulación Ligera,Industrial_|_Manipulación_Ligera_Community_01,KVI,-1.274694423298859,271.77898122448977,90.38201183673469,130.28787755102042,31920.53,8291235.28,0.6674429662311558,0.7845017454552279,161.28685788040812
Goodride_Industrial_Manipulación Ligera_0072,Industrial | Manipulación Ligera,Industrial_|_Manipulación_Ligera_Community_01,Traffic Driver,-1.2564217975279026,305.30492709163343,96.58171912350598,74.45553784860557,18688.34,5426408.63,0.6836548953089178,0.7959110562770955,173.45217720815336
Goodride_SUV / 4x4_All Terrain (A/T)_0004,SUV / 4x4 | All Terrain (A/T),SUV_/_4x4_|_All_Terrain_(A/T)_Community_02,Premium Leader,-1.3336471573047775,399.3457266666667,118.8333494117647,232.47968627450982,59282.32,22471842.76,0.7024298960109953,0.7498235155548498,207.93738923285196
Goodride_SUV / 4x4_All Terrain (A/T)_0020,SUV / 4x4 | All Terrain (A/T),SUV_/_4x4_|_All_Terrain_(A/T)_Community_01,Competitive Fighter,-1.252457698694416,326.8635991769548,104.83453703703704,281.1562551440329,68320.97,21047323.3,0.6792713006250581,0.7984301593917444,188.53759315327827
Goodride_SUV / 4x4_All Terrain (A/T)_0074,SUV / 4x4 | All Terrain (A/T),SUV_/_4x4_|_All_Terrain_(A/T)_Community_01,Competitive Fighter,-1.2448989418109255,375.63242543103445,83.34299827586207,127.61849137931036,29607.49,10612303.02,0.7781261876414773,0.8032780544783203,150.29059978528656
Goodride_SUV / 4x4_Highway Terrain (H/T)_0019,SUV / 4x4 | Highway Terrain (H/T),SUV_/_4x4_|_Highway_Terrain_(H/T)_Community_01,KVI,-1.581554586511711,230.41529201680672,72.21714453781513,302.59978991596637,72018.75,15547607.43,0.6865783346855835,0.6322892731800094,117.87927036876594
Goodride_SUV / 4x4_Highway Terrain (H/T)_0020,SUV / 4x4 | Highway Terrain (H/T),SUV_/_4x4_|_Highway_Terrain_(H/T)_Community_01,Competitive Fighter,-1.6361415204634921,218.26045062240667,74.52923112033196,344.41796680497924,83004.73,17244090.14,0.6585307557654205,0.6111940730632619,120.08105545104085
Goodride_SUV / 4x4_Highway Terrain (H/T)_0065,SUV / 4x4 | Highway Terrain (H/T),SUV_/_4x4_|_Highway_Terrain_(H/T)_Community_03,Competitive Fighter,-1.5767843149957737,236.36537836734692,64.47861061224489,250.4510612244898,61360.51,13655271.16,0.7272078886611069,0.6342021483151805,105.3710839829086
Goodride_SUV / 4x4_Mud Terrain (M/T)_0042,SUV / 4x4 | Mud Terrain (M/T),SUV_/_4x4_|_Mud_Terrain_(M/T)_Community_02,Premium Leader,-1.0610663897104942,419.17023780487807,141.29123617886177,224.39532520325204,55201.25,22363568.68,0.6629263639547037,0.9424480972136383,274.4508928685928
Goodride_SUV / 4x4_Mud Terrain (M/T)_0043,SUV / 4x4 | Mud Terrain (M/T),SUV_/_4x4_|_Mud_Terrain_(M/T)_Community_02,Traffic Driver,-0.8953501402701999,418.9998046413502,135.77423375527425,87.407805907173,20715.65,8514699.44,0.6759563315990268,1.1168814914109677,287.4179624470463
Goodride_SUV / 4x4_Mud Terrain (M/T)_0077,SUV / 4x4 | Mud Terrain (M/T),SUV_/_4x4_|_Mud_Terrain_(M/T)_Community_02,KVI,-0.9350999081568133,417.6310132231405,123.61793636363636,182.77012396694215,44230.37,17945625.74,0.7040020198461956,1.0694044468158617,255.81550721710929
Goodyear_Agrícola_Implementos_0007,Agrícola | Implementos,Agrícola_|_Implementos_Community_02,Competitive Fighter,-1.18537325262998,636.5903497835498,172.88331731601733,274.8248917748918,63484.55,38111129.07,0.7284229687509397,0.843616133383562,318.7304729966793
Goodyear_Agrícola_Premium Radial_0017,Agrícola | Premium Radial,Agrícola_|_Premium_Radial_Community_03,Traffic Driver,-0.6996223000157642,1843.8359788617886,584.099374390244,50.36386178861789,12389.51,22210669.65,0.6832151118176942,1.4293426610007536,1418.9775284700709
Goodyear_Agrícola_Premium Radial_0035,Agrícola | Premium Radial,Agrícola_|_Premium_Radial_Community_02,Traffic Driver,-0.6818974708789184,1612.9257714876032,495.43876363636366,59.22111570247934,14331.51,22353396.39,0.6928322602351253,1.4664961269193,1221.9977916347775
Goodyear_Agrícola_Premium Radial_0057,Agrícola | Premium Radial,Agrícola_|_Premium_Radial_Community_02,Premium Leader,-0.8130829196434295,1807.2909954545455,536.4529417355373,30.322107438016527,7337.95,12822922.53,0.7031729018266836,1.2298868612792178,1196.2293664706604
Goodyear_Agrícola_Premium Radial_0059,Agrícola | Premium Radial,Agrícola_|_Premium_Radial_Community_02,Traffic Driver,-0.6927321336801109,1758.6287452674896,601.8598794238683,40.62045267489712,9870.77,16902943.74,0.6577675185604198,1.4435594241709868,1470.6803803966072
Goodyear_Agrícola_Premium Radial_0062,Agrícola | Premium Radial,Agrícola_|_Premium_Radial_Community_01,Traffic Driver,-0.687232043364402,1863.2423420833334,568.9583891666666,86.17379166666666,20681.71,37834139.65,0.694640693635965,1.4551125921085057,1396.856905628855
Goodyear_Agrícola_Premium Radial_0076,Agrícola | Premium Radial,Agrícola_|_Premium_Radial_Community_02,Competitive Fighter,-0.7538424651422152,1732.7911456431534,746.1502605809129,12.445560165975104,2999.38,5049640.07,0.5693940020082644,1.3265371032279885,1735.946265824726
Goodyear_Agrícola_Tractor_0031,Agrícola | Tractor,Agrícola_|_Tractor_Community_02,Premium Leader,-1.022611841181808,1205.7259039525693,362.12076166007904,50.91252964426878,12880.87,14947160.48,0.6996657694149332,0.9778881484927107,716.2343628106239
Goodyear_Agrícola_Tractor_0037,Agrícola | Tractor,Agrícola_|_Tractor_Community_02,Premium Leader,-1.0195032108467637,1330.0552885714287,343.540246122449,76.70783673469387,18793.42,24009318.09,0.7417098002809831,0.9808698877656649,680.5085287795644
Goodyear_Agrícola_Tractor_0058,Agrícola | Tractor,Agrícola_|_Tractor_Community_03,Traffic Driver,-0.955294325591326,1236.6030928270043,369.8061835443038,37.76839662447258,8951.11,10733648.38,0.7009499768443178,1.0467978016942592,756.9184835314247
Goodyear_Camión_Long Haul_0012,Camión | Long Haul,Camión_|_Long_Haul_Community_01,Competitive Fighter,-0.9599426277247072,669.8185025531915,222.9397574468085,190.4441276595745,44754.37,29012794.02,0.6671639308304947,1.0417289232901745,455.18255093044496
Goodyear_Camión_Long Haul_0047,Camión | Long Haul,Camión_|_Long_Haul_Community_03,Traffic Driver,-0.8700638260791842,647.5887897959184,186.964746122449,67.95926530612245,16650.02,10449905.96,0.7112909471744111,1.1493409678992796,401.85098839386757
Goodyear_Camión_Long Haul_0073,Camión | Long Haul,Camión_|_Long_Haul_Community_01,Premium Leader,-1.0304424281514277,678.0844179166667,213.55876333333333,182.50179166666666,43800.43,28686404.830000002,0.6850557870221128,0.9704569344975049,420.80834613287817
Goodyear_Camión_Obras / Mixto_0014,Camión | Obras / Mixto,Camión_|_Obras_/_Mixto_Community_03,Premium Leader,-0.8366805106905557,742.4282000000001,216.55549082969432,60.62703056768559,13883.59,10010596.0,0.7083145672137799,1.1951993469701454,475.38247205214435
Goodyear_Camión_Obras / Mixto_0027,Camión | Obras / Mixto,Camión_|_Obras_/_Mixto_Community_01,Premium Leader,-0.8480002575227777,767.8736739837398,234.7853406504065,202.11272357723578,49719.73,37077010.35,0.6942396274216086,1.1792449249027963,511.6547620539726
Goodyear_Camión_Obras / Mixto_0030,Camión | Obras / Mixto,Camión_|_Obras_/_Mixto_Community_03,Traffic Driver,-0.7566947751087022,669.2526566523605,209.57011158798284,73.17231759656653,17049.15,11073396.44,0.686859499914032,1.3215368110032821,486.5247285375677
Goodyear_Camión_Obras / Mixto_0053,Camión | Obras / Mixto,Camión_|_Obras_/_Mixto_Community_03,Competitive Fighter,-0.817291396702468,687.322439914163,262.7079240343348,94.91214592274677,22114.53,14778244.12,0.6177806677355925,1.2235538071668293,584.1452046594393
Goodyear_Camión_Regional_0015,Camión | Regional,Camión_|_Regional_Community_03,Premium Leader,-1.0700779894792256,627.2360020576132,173.807641563786,130.5175308641975,31715.76,19080099.75,0.7228991304809999,0.9345113251854377,336.23285100891525
Goodyear_Camión_Regional_0040,Camión | Regional,Camión_|_Regional_Community_02,Traffic Driver,-1.0161125373456976,618.226,142.50427029288704,112.73719665271966,26944.19,16110317.95,0.7694948606288201,0.9841429598066106,282.74884464401015
Goodyear_Camión_Regional_0053,Camión | Regional,Camión_|_Regional_Community_03,Traffic Driver,-0.9307754603013652,601.668812033195,198.42266887966804,71.180622406639,17154.53,9967362.54,0.6702128065951327,1.0743729746336688,411.60262187866846
Goodyear_Camión_Regional_0077,Camión | Regional,Camión_|_Regional_Community_02,KVI,-1.0552752651295232,592.257942798354,184.41688230452675,150.18975308641976,36496.11,20822993.08,0.6886206684993076,0.9476200504683119,359.1740176211511
Goodyear_Coche_Budget_0003,Coche | Budget,Coche_|_Budget_Community_01,Competitive Fighter,-2.6956748731983295,119.39800960000001,27.4800124,113.51532,28378.83,3090331.3,0.7698453056959502,0.370964618152757,37.67412470679903
Goodyear_Coche_Budget_0019,Coche | Budget,Coche_|_Budget_Community_03,KVI,-2.5715359319095743,94.61786842105263,27.086402834008094,73.32789473684211,18111.99,1574067.96,0.7137284607440879,0.38887265295080625,37.61956416296306
Goodyear_Coche_Budget_0048,Coche | Budget,Coche_|_Budget_Community_03,Competitive Fighter,-2.587246977540603,116.25182449799198,32.538128915662654,151.1332530120482,37632.18,4058921.51,0.7201065096726745,0.3865112255153099,45.11448099883057
Goodyear_Coche_Budget_0054,Coche | Budget,Coche_|_Budget_Community_03,KVI,-2.5462165978521067,97.34963448275862,23.77702068965517,117.44103448275862,27246.32,2459663.93,0.7557564461747798,0.39273956537851595,33.11519746130632
Goodyear_Coche_Budget_0073,Coche | Budget,Coche_|_Budget_Community_01,KVI,-2.6803710756895223,106.85841012658229,31.50262151898734,193.34540084388186,45822.86,4608935.54,0.7051928670689562,0.37308267092934183,43.255703696567295
Goodyear_Coche_Eco_0038,Coche | Eco,Coche_|_Eco_Community_02,Premium Leader,-1.4528781545496312,197.80418016528927,51.148880165289256,244.50268595041322,59169.65,11095730.0,0.7414165862291272,0.6882889641285741,86.35408991059276
Goodyear_Coche_Eco_0054,Coche | Eco,Coche_|_Eco_Community_02,Traffic Driver,-1.341096907324694,198.68098589211618,50.37070539419087,162.7919502074689,39232.86,7404989.07,0.746474454170757,0.7456582701356489,87.93003844393563
Goodyear_Coche_Performance_0012,Coche | Performance,Coche_|_Performance_Community_02,Premium Leader,-1.2021198441887309,395.6113624472574,98.56611308016878,209.14637130801688,49567.69,18599336.68,0.7508511573822415,0.8318638152711516,180.55969596348575
Goodyear_Coche_Performance_0013,Coche | Performance,Coche_|_Performance_Community_02,Traffic Driver,-0.9996759758395,385.6658626506024,129.03939477911646,54.42289156626506,13551.3,5063919.32,0.665411416265222,1.0003241291861875,258.1206149922488
Goodyear_Coche_Performance_0024,Coche | Performance,Coche_|_Performance_Community_01,KVI,-1.0193990667184556,344.9142118367347,115.44938775510204,206.6548163265306,50630.43,16893868.16,0.6652808617530956,0.9809700956653776,228.70178470573376
Goodyear_Coche_Performance_0032,Coche | Performance,Coche_|_Performance_Community_01,Traffic Driver,-1.0057017171576477,369.81051306122447,121.0389024489796,71.02371428571429,17400.81,6197127.6,0.6727002122058633,0.9943306081113572,241.39158792620472
Goodyear_Coche_Performance_0071,Coche | Performance,Coche_|_Performance_Community_02,Traffic Driver,-1.0016890043059667,329.14350375,105.5342325,198.3850833333333,47612.42,15164799.36,0.679367111008947,0.9983138436194205,210.89051778050057
Goodyear_Coche_Performance_0075,Coche | Performance,Coche_|_Performance_Community_01,KVI,-1.0216431594776247,357.5631636752137,87.19424743589744,93.62760683760683,21908.86,7576846.75,0.7561430922031477,0.9788153434231468,172.54131468438823
Goodyear_Coche_Touring_0008,Coche | Touring,Coche_|_Touring_Community_01,Competitive Fighter,-1.8212990206900403,155.10044710743801,41.782328099173554,461.25165289256194,111622.9,16170333.4,0.7306111692235745,0.5490586601321112,64.72327718250605
Goodyear_Coche_Touring_0043,Coche | Touring,Coche_|_Touring_Community_02,Premium Leader,-1.8971949304038846,151.54279786324787,43.11425555555556,221.72923076923075,51884.64,7355986.27,0.7154978252779665,0.5270939659253226,65.83951950425121
Goodyear_Coche_Touring_0053,Coche | Touring,Coche_|_Touring_Community_02,Competitive Fighter,-1.7938907924211087,152.76384518828453,44.23348619246862,320.6440167364017,76633.92,11064866.94,0.7104453207632346,0.5574475348359188,68.8913340276589
Goodyear_Coche_Touring_0076,Coche | Touring,Coche_|_Touring_Community_01,Premium Leader,-1.9089716045351388,161.8670995951417,48.532628744939274,204.5825101214575,50531.88,7700861.9,0.7001698994648822,0.5238422602118872,73.95607068071267
Goodyear_Furgoneta_Reforzado_0012,Furgoneta | Reforzado,Furgoneta_|_Reforzado_Community_02,KVI,-1.0670925561681275,221.77275598290598,60.15306495726495,147.01260683760682,34400.95,7289542.93,0.7287626034556676,0.9371258324497612,116.52405602974642
Goodyear_Furgoneta_Reforzado_0074,Furgoneta | Reforzado,Furgoneta_|_Reforzado_Community_02,Competitive Fighter,-1.1060691660010398,241.56384439834025,66.1723908713693,129.20095435684647,31137.43,7144622.31,0.7260666593703874,0.9041025920788212,125.99902098222721
Goodyear_Furgoneta_Reforzado_0075,Furgoneta | Reforzado,Furgoneta_|_Reforzado_Community_03,Premium Leader,-1.1212484779136858,235.41127590361447,75.69590843373494,201.18847389558232,50095.93,11262452.23,0.6784524949232786,0.8918629721225633,143.2062863069632
Goodyear_Furgoneta_Standard_0030,Furgoneta | Standard,Furgoneta_|_Standard_Community_03,Competitive Fighter,-1.3407315992539484,191.83199491525423,46.33721694915254,68.64805084745763,16200.94,2992156.3,0.7584489648370546,0.745861439050479,80.8983602644417
Goodyear_Furgoneta_Standard_0048,Furgoneta | Standard,Furgoneta_|_Standard_Community_01,Premium Leader,-1.386287880063824,180.86207685950413,49.81014049586777,164.5070661157025,39810.71,6872338.47,0.7245959940260948,0.7213508928275132,85.74072981442586
Goodyear_Furgoneta_Standard_0071,Furgoneta | Standard,Furgoneta_|_Standard_Community_01,Competitive Fighter,-1.367082404408133,188.51732311111112,59.56548355555555,278.55337777777777,62674.51,11311160.51,0.6840317771728174,0.7314848006056678,103.1367294171713
Goodyear_Furgoneta_Standard_0072,Furgoneta | Standard,Furgoneta_|_Standard_Community_01,KVI,-1.3428483457805636,195.87208902439025,59.21194146341463,293.34617886178864,72163.16,13561533.51,0.6977009753745901,0.7446857295108223,103.30622928784967
Goodyear_Industrial_Construcción Pesada_0004,Industrial | Construcción Pesada,Industrial_|_Construcción_Pesada_Community_03,Traffic Driver,-0.822525001943112,1801.8301458167332,624.0346306772908,20.331314741035857,5103.16,8880674.25,0.6536662281258323,1.2157685148021344,1382.716286800919
Goodyear_Industrial_Construcción Pesada_0014,Industrial | Construcción Pesada,Industrial_|_Construcción_Pesada_Community_02,Traffic Driver,-0.8657398061923303,2050.424922270742,672.585025327511,12.6417903930131,2894.97,5752278.22,0.6719777359208758,1.1550814607892048,1449.4755188877568
Goodyear_Industrial_Construcción Pesada_0053,Industrial | Construcción Pesada,Industrial_|_Construcción_Pesada_Community_02,KVI,-0.9188982826329508,1823.0762497925311,824.5005771784232,16.33933609958506,3937.78,6945368.0,0.5477421324136866,1.0882597333130992,1721.7713554151103
Goodyear_Industrial_Manipulación Ligera_0009,Industrial | Manipulación Ligera,Industrial_|_Manipulación_Ligera_Community_03,Competitive Fighter,-1.2607345471212972,318.0061956862745,80.95992274509803,126.50180392156862,32257.96,9775924.41,0.7454140081441427,0.7931883855196589,145.17639315907863
Goodyear_Industrial_Manipulación Ligera_0058,Industrial | Manipulación Ligera,Industrial_|_Manipulación_Ligera_Community_02,Traffic Driver,-1.2358977407153553,314.52117161016946,100.38846271186442,357.6537288135593,84406.28,25148794.86,0.6808212871714403,0.8091284311444615,181.61562205091957
Goodyear_Industrial_Manipulación Ligera_0066,Industrial | Manipulación Ligera,Industrial_|_Manipulación_Ligera_Community_01,Competitive Fighter,-1.313036210242107,336.03461196581196,82.77934188034187,262.26311965811965,61369.57,19519630.08,0.7536582871744063,0.7615936195816054,145.82356048957462
Goodyear_Industrial_Portuario/Especial_0023,Industrial | Portuario/Especial,Industrial_|_Portuario/Especial_Community_01,Premium Leader,-0.7067207129892291,5596.766155102041,2947.7678257142857,0.7207346938775511,176.58,964433.51,0.4733087386495351,1.4149861205712824,7118.818385766587
Goodyear_Industrial_Portuario/Especial_0025,Industrial | Portuario/Especial,Industrial_|_Portuario/Especial_Community_02,Competitive Fighter,-0.6777008314829975,4862.7677196,2327.9659456000004,0.99188,247.97,1176927.04,0.5212672947102039,1.4755773544083197,5763.059776761112
Goodyear_Industrial_Portuario/Especial_0032,Industrial | Portuario/Especial,Industrial_|_Portuario/Especial_Community_01,Premium Leader,-0.726559791719409,4786.689131983806,2363.8366194331984,0.6695141700404859,165.37,763407.37,0.5061645838585042,1.37634921639896,5617.301298285247
Goodyear_SUV / 4x4_All Terrain (A/T)_0073,SUV / 4x4 | All Terrain (A/T),SUV_/_4x4_|_All_Terrain_(A/T)_Community_03,Competitive Fighter,-1.2669687492672574,317.9275405063291,97.43217594936709,443.74261603375527,105167.0,32154942.9,0.6935396795313884,0.7892854504725101,174.33397483408015
Goodyear_SUV / 4x4_All Terrain (A/T)_0078,SUV / 4x4 | All Terrain (A/T),SUV_/_4x4_|_All_Terrain_(A/T)_Community_03,Traffic Driver,-1.1921879622360871,351.01917222222227,93.05349957264957,124.47910256410256,29128.11,9918005.69,0.7349047945627896,0.8387939080716632,171.10620813893715
Goodyear_SUV / 4x4_Highway Terrain (H/T)_0001,SUV / 4x4 | Highway Terrain (H/T),SUV_/_4x4_|_Highway_Terrain_(H/T)_Community_02,Competitive Fighter,-1.646250461768724,237.13560526315788,60.941246929824565,223.98149122807018,51067.78,11584944.7,0.7430109794680733,0.6074409837526209,97.9594579159886
Goodyear_SUV / 4x4_Highway Terrain (H/T)_0040,SUV / 4x4 | Highway Terrain (H/T),SUV_/_4x4_|_Highway_Terrain_(H/T)_Community_01,Premium Leader,-1.6517383587527303,226.3893404255319,62.86345361702127,428.68093617021276,100740.02,21425107.76,0.722321494912878,0.6054227624495718,100.92241936295882
Goodyear_SUV / 4x4_Highway Terrain (H/T)_0072,SUV / 4x4 | Highway Terrain (H/T),SUV_/_4x4_|_Highway_Terrain_(H/T)_Community_01,Competitive Fighter,-1.6236475536176245,214.11049641434263,73.4960047808765,364.19996015936255,91414.19,18527139.92,0.6567379646878758,0.61589721104923,118.76198914867922
Goodyear_SUV / 4x4_Highway Terrain (H/T)_0073,SUV / 4x4 | Highway Terrain (H/T),SUV_/_4x4_|_Highway_Terrain_(H/T)_Community_01,Traffic Driver,-1.5718949856525999,224.00384089068825,60.25147408906883,112.4621862348178,27778.16,5955543.87,0.7310248170321731,0.6361748139204302,98.5819444061138
Goodyear_SUV / 4x4_Mud Terrain (M/T)_0004,SUV / 4x4 | Mud Terrain (M/T),SUV_/_4x4_|_Mud_Terrain_(M/T)_Community_01,Premium Leader,-0.9878202300193529,417.38763246753246,122.88621774891774,164.292683982684,37951.61,15353605.89,0.7055825132564828,1.0123299458854051,247.28761591274173
Goodyear_SUV / 4x4_Mud Terrain (M/T)_0007,SUV / 4x4 | Mud Terrain (M/T),SUV_/_4x4_|_Mud_Terrain_(M/T)_Community_02,Premium Leader,-0.9892846452524963,401.67392401746724,123.3158462882096,313.08934497816597,71697.46,28035718.59,0.6929951412956369,1.010831417225493,247.96737795808153
Goodyear_SUV / 4x4_Mud Terrain (M/T)_0045,SUV / 4x4 | Mud Terrain (M/T),SUV_/_4x4_|_Mud_Terrain_(M/T)_Community_01,Traffic Driver,-0.8682696145247558,364.72790734693876,126.42520571428571,87.06204081632653,21330.2,7430425.2,0.6533711756966633,1.1517159915210742,272.03113686677005
Goodyear_SUV / 4x4_Mud Terrain (M/T)_0065,SUV / 4x4 | Mud Terrain (M/T),SUV_/_4x4_|_Mud_Terrain_(M/T)_Community_02,KVI,-0.9307007663715727,452.8340212244898,91.35150326530612,98.31599999999999,24087.42,10605600.46,0.7982671376627438,1.0744591990598622,189.5049662966613
Hankook_Agrícola_Implementos_0006,Agrícola | Implementos,Agrícola_|_Implementos_Community_02,Premium Leader,-1.1985167778627168,636.54262875,209.17674958333333,130.925,31422.0,18952226.33,0.6713861096874207,0.8343646233999941,383.70642947346613
Hankook_Agrícola_Implementos_0010,Agrícola | Implementos,Agrícola_|_Implementos_Community_02,KVI,-1.135172398631431,644.6425466386555,168.50086092436973,124.45121848739495,29619.39,18570907.03,0.7386134970411435,0.8809234625556475,316.93722277347314
Hankook_Agrícola_Implementos_0013,Agrícola | Implementos,Agrícola_|_Implementos_Community_02,Premium Leader,-1.22741280204564,654.8827186234819,208.27030404858297,134.79615384615386,33294.65,20786955.05,0.681973125682179,0.8147218265390196,377.9526665768814
Hankook_Agrícola_Implementos_0024,Agrícola | Implementos,Agrícola_|_Implementos_Community_01,Premium Leader,-1.2147249744542996,559.5447573770491,208.00047827868852,158.09081967213118,38574.16,20120822.18,0.6282683815076343,0.8232316129412238,379.23304750459926
Hankook_Agrícola_Implementos_0046,Agrícola | Implementos,Agrícola_|_Implementos_Community_01,Competitive Fighter,-1.1660247696713808,631.139076923077,188.93571052631577,232.08473684210526,57324.93,34638274.39,0.7006433012396993,0.8576147145500422,350.96975597765146
Hankook_Agrícola_Implementos_0049,Agrícola | Implementos,Agrícola_|_Implementos_Community_01,KVI,-1.1240736348985305,663.4360217573222,170.7646280334728,255.76355648535565,61127.49,38411729.05,0.7426057337357894,0.8896214348896009,322.6805014529998
Hankook_Agrícola_Premium Radial_0070,Agrícola | Premium Radial,Agrícola_|_Premium_Radial_Community_01,KVI,-0.7048542943739996,2047.4178232067509,650.8077164556962,12.550717299578059,2974.52,5898921.38,0.6821324357544304,1.418732932439785,1574.1300564773264
Hankook_Agrícola_Tractor_0003,Agrícola | Tractor,Agrícola_|_Tractor_Community_03,Premium Leader,-1.0565289860237181,1188.3913967479675,374.23688699186994,82.5571138211382,20309.05,23207688.39,0.6850895353029575,0.9464955654113506,728.4504409430236
Hankook_Agrícola_Tractor_0017,Agrícola | Tractor,Agrícola_|_Tractor_Community_03,Competitive Fighter,-1.0162550609961203,1124.8558928870293,291.24424937238496,170.12518828451883,40659.92,44305167.94,0.7410830567594893,0.9840049396849376,577.8300294096435
Hankook_Agrícola_Tractor_0019,Agrícola | Tractor,Agrícola_|_Tractor_Community_01,Competitive Fighter,-0.9356174932568803,1104.1714857142856,300.08261026785715,104.14486607142858,23328.45,24929909.44,0.728228256072258,1.0688128505581962,620.8147603511898
Hankook_Agrícola_Tractor_0020,Agrícola | Tractor,Agrícola_|_Tractor_Community_03,Competitive Fighter,-1.0124756905942842,1141.4898661157024,281.29598512396694,43.614669421487605,10554.75,11528796.53,0.7535711936881492,0.9876780344356105,559.1258508058354
Hankook_Agrícola_Tractor_0030,Agrícola | Tractor,Agrícola_|_Tractor_Community_01,KVI,-0.9003286661395182,1162.7325799145299,343.5563047008547,50.68858974358974,11861.13,13271484.29,0.7045268098309339,1.1107054985684932,725.1461813999667
Hankook_Agrícola_Tractor_0033,Agrícola | Tractor,Agrícola_|_Tractor_Community_01,KVI,-0.9004605860182987,1066.5331270491804,292.9576270491803,76.02782786885247,18550.79,19174892.13,0.7253178362497583,1.110542777248974,618.2996038086462
Hankook_Agrícola_Tractor_0059,Agrícola | Tractor,Agrícola_|_Tractor_Community_01,Traffic Driver,-0.8782329165656355,1078.971576419214,359.5230030567685,116.62532751091703,26707.2,27751709.54,0.6667910342458524,1.1386501019690078,768.8939071475618
Hankook_Agrícola_Tractor_0060,Agrícola | Tractor,Agrícola_|_Tractor_Community_01,Premium Leader,-0.9482759857726684,1076.7536293617022,357.3792834042553,23.213702127659577,5455.22,5707343.52,0.6680955850447338,1.0545453169787762,734.2519331034437
Hankook_Camión_Long Haul_0015,Camión | Long Haul,Camión_|_Long_Haul_Community_03,Competitive Fighter,-0.9408097771308007,675.942233877551,218.09411836734694,208.944693877551,51191.45,33562825.589999996,0.6773479930137708,1.0629141238834832,449.9094371159162
Hankook_Camión_Long Haul_0051,Camión | Long Haul,Camión_|_Long_Haul_Community_03,Traffic Driver,-0.8820971782462164,641.1217349794239,197.92154609053497,109.17814814814815,26530.29,16591233.55,0.6912886659553242,1.1336619418601903,422.297670367502
Hankook_Camión_Long Haul_0055,Camión | Long Haul,Camión_|_Long_Haul_Community_03,Competitive Fighter,-0.9337950085691534,652.3758857740586,214.97005230125524,166.5758158995816,39811.62,25144593.59,0.6704813022845127,1.0708988491299518,445.181233908075
Hankook_Camión_Regional_0009,Camión | Regional,Camión_|_Regional_Community_01,Competitive Fighter,-1.053627487407246,621.2238071428571,174.18453035714285,145.955625,32694.06,19518329.27,0.7196106647002869,0.9491020421845563,339.50342383606494
Hankook_Camión_Regional_0012,Camión | Regional,Camión_|_Regional_Community_02,Competitive Fighter,-1.0796738600783862,638.5630195918367,168.52459142857143,79.35044897959185,19440.86,11925504.48,0.7360877685396021,0.9262056228048332,324.6130155906015
Hankook_Camión_Regional_0025,Camión | Regional,Camión_|_Regional_Community_03,Premium Leader,-1.0772184206452537,664.8791537848605,176.5474266932271,153.09689243027887,38427.32,24522281.16,0.7344668941893857,0.9283168397742401,340.439375911358
Hankook_Camión_Regional_0046,Camión | Regional,Camión_|_Regional_Community_03,Competitive Fighter,-1.0028316738647405,580.8147131914893,177.04332680851064,90.02140425531914,21155.03,11874615.67,0.6951810572502817,0.9971763218708204,353.5867402471949
Hankook_Camión_Regional_0059,Camión | Regional,Camión_|_Regional_Community_01,Premium Leader,-1.149888274877703,629.6542807228915,182.78617871485946,65.28449799196787,16255.84,9750337.98,0.7097039052843301,0.8696497058432529,341.7461252664492
Hankook_Coche_Budget_0049,Coche | Budget,Coche_|_Budget_Community_02,Traffic Driver,-2.403621145282271,99.21300441767069,30.136818072289156,204.05493975903616,50809.68,4713853.95,0.6962412513442489,0.4160389427272093,42.67490800024659
Hankook_Coche_Budget_0059,Coche | Budget,Coche_|_Budget_Community_01,Premium Leader,-2.761396132381555,95.98757510204082,29.316418367346937,426.6093469387755,104519.29,9174264.17,0.6945811128556821,0.3621356560449565,39.93293876569453
Hankook_Coche_Eco_0003,Coche | Eco,Coche_|_Eco_Community_01,Traffic Driver,-1.3524413499454793,168.5396038961039,59.64541255411255,237.4761471861472,54856.99,8813533.33,0.6461044693632904,0.7394035978272276,103.74744519051266
Hankook_Coche_Eco_0045,Coche | Eco,Coche_|_Eco_Community_01,Competitive Fighter,-1.3965316627850635,180.86102701612904,60.11015967741936,209.81951612903225,52035.24,9029427.62,0.6676444855526625,0.7160596688554332,103.15262071087949
Hankook_Coche_Performance_0004,Coche | Performance,Coche_|_Performance_Community_02,Competitive Fighter,-1.0802814865931203,409.74612638297873,111.03809063829787,54.7331914893617,12862.3,5077462.84,0.7290075891174782,0.9256846594249211,213.82434775400415
Hankook_Coche_Performance_0015,Coche | Performance,Coche_|_Performance_Community_02,Traffic Driver,-1.021486176742165,368.8585044897959,79.7798506122449,163.09632653061223,39958.6,14149229.31,0.7837115055199929,0.9789657684740374,157.88159337560512
Hankook_Coche_Performance_0016,Coche | Performance,Coche_|_Performance_Community_02,Competitive Fighter,-1.1043821961176974,395.97064100418413,99.74267029288704,354.9927196652719,84843.26,32069360.72,0.7481058948210428,0.9054836301376112,190.05802546930929
Hankook_Coche_Performance_0034,Coche | Performance,Coche_|_Performance_Community_02,Competitive Fighter,-1.070121464876628,366.02653506493505,95.18571341991341,237.2096103896104,54795.42,18944575.54,0.7399485985270795,0.9344733591670249,184.13422678412965
Hankook_Coche_Touring_0000,Coche | Touring,Coche_|_Touring_Community_02,KVI,-1.7742531839013749,159.85664516129032,51.563356451612904,318.2610483870968,78928.74,11916251.56,0.6774400188394601,0.5636174189081161,80.62536232511012
Hankook_Coche_Touring_0024,Coche | Touring,Coche_|_Touring_Community_02,Competitive Fighter,-1.7921473381167004,167.9173079831933,44.42767478991596,287.26542016806724,68369.17,10654876.08,0.7354193244072095,0.5579898363997583,69.21786577756284
Hankook_Coche_Touring_0066,Coche | Touring,Coche_|_Touring_Community_01,Premium Leader,-1.9030569665935875,158.97541489361703,50.33309106382979,312.25331914893616,73379.53,10779925.97,0.6833907236693698,0.5254703445845705,76.781637769147
Hankook_Coche_Touring_0069,Coche | Touring,Coche_|_Touring_Community_02,Competitive Fighter,-1.7960226693774588,168.7936625,53.84706125,191.5735,45977.64,7265007.37,0.6809888448862824,0.5567858452179906,83.82834276058617
Hankook_Coche_Touring_0077,Coche | Touring,Coche_|_Touring_Community_01,KVI,-1.7998034409553607,175.98178975409837,39.13733237704918,185.45266393442623,45250.45,7502874.74,0.7776057827816374,0.5556162285528169,60.882669388003286
Hankook_Furgoneta_Reforzado_0022,Furgoneta | Reforzado,Furgoneta_|_Reforzado_Community_01,Competitive Fighter,-1.0952361878883845,243.57078588709678,59.06403064516129,154.98375000000001,38435.97,9039971.93,0.7575077387460603,0.9130450683226603,112.99215254098428
Hankook_Furgoneta_Reforzado_0044,Furgoneta | Reforzado,Furgoneta_|_Reforzado_Community_03,Premium Leader,-1.1178459944590449,231.49493025210086,63.114590336134455,240.66680672268907,57278.7,12623970.19,0.7273608097274447,0.8945776117254205,119.57548982406192
Hankook_Furgoneta_Standard_0000,Furgoneta | Standard,Furgoneta_|_Standard_Community_02,Traffic Driver,-1.2234370769326415,183.10606855895196,52.96711834061136,194.9016593886463,44632.48,7855368.1,0.7107298586143893,0.8173693758792768,96.26081880080066
Hankook_Furgoneta_Standard_0062,Furgoneta | Standard,Furgoneta_|_Standard_Community_02,Premium Leader,-1.343961039557845,174.9152259414226,48.10409832635983,248.03912133891214,59281.35,9983229.19,0.724986215079587,0.7440691884409044,83.89687572873585
Hankook_Industrial_Construcción Pesada_0009,Industrial | Construcción Pesada,Industrial_|_Construcción_Pesada_Community_02,Traffic Driver,-0.8824435596944101,1932.4125607594938,613.8602021097047,23.319198312236285,5526.65,10377978.09,0.6823348106015001,1.1332169508339998,1309.4969885828073
Hankook_Industrial_Construcción Pesada_0032,Industrial | Construcción Pesada,Industrial_|_Construcción_Pesada_Community_03,Competitive Fighter,-0.8798627388319858,1886.14025625,601.6028224999999,51.89720833333333,12455.33,22675821.17,0.6810402511125557,1.1365409124240173,1285.3490433010138
Hankook_Industrial_Construcción Pesada_0078,Industrial | Construcción Pesada,Industrial_|_Construcción_Pesada_Community_03,Premium Leader,-0.8991451827528264,1874.8001441048036,585.5539467248909,48.93052401746725,11205.09,20218706.32,0.6876712706865689,1.1121674443479708,1236.7879831817806
Hankook_Industrial_Portuario/Especial_0044,Industrial | Portuario/Especial,Industrial_|_Portuario/Especial_Community_03,Premium Leader,-0.6989924624070989,5458.687958565737,2824.909639442231,0.5669322709163347,142.3,757762.25,0.48249292487778106,1.4306305915750948,6866.311788063656
Hankook_SUV / 4x4_All Terrain (A/T)_0041,SUV / 4x4 | All Terrain (A/T),SUV_/_4x4_|_All_Terrain_(A/T)_Community_03,Traffic Driver,-1.1242848227675442,346.41934331983805,100.41383400809717,77.09275303643724,19041.91,6323578.39,0.7101379124912541,0.8894543266522054,189.72735312233556
Hankook_SUV / 4x4_Highway Terrain (H/T)_0013,SUV / 4x4 | Highway Terrain (H/T),SUV_/_4x4_|_Highway_Terrain_(H/T)_Community_03,Premium Leader,-1.64110228222487,195.70062025316454,77.3545194092827,506.12080168776373,119950.63,22225354.57,0.6047303309043455,0.609346541547845,124.49022828442476
Hankook_SUV / 4x4_Highway Terrain (H/T)_0032,SUV / 4x4 | Highway Terrain (H/T),SUV_/_4x4_|_Highway_Terrain_(H/T)_Community_02,Premium Leader,-1.6660073292343835,239.06460916666668,61.68047708333334,262.8344583333333,63080.27,14207168.52,0.7419924375325163,0.6002374554135675,98.70340969652821
Hankook_SUV / 4x4_Highway Terrain (H/T)_0045,SUV / 4x4 | Highway Terrain (H/T),SUV_/_4x4_|_Highway_Terrain_(H/T)_Community_02,Premium Leader,-1.6674179880112376,238.36526913043477,72.89021956521738,231.23278260869566,53183.54,11655613.69,0.6942078859427652,0.5997296461895075,116.60464515574073
Hankook_SUV / 4x4_Mud Terrain (M/T)_0002,SUV / 4x4 | Mud Terrain (M/T),SUV_/_4x4_|_Mud_Terrain_(M/T)_Community_02,Competitive Fighter,-0.9575653152073784,386.32682914979756,141.06254655870447,227.44692307692307,56179.39,21094018.75,0.6348621531951443,1.0443151857306272,288.3763060677932
Hankook_SUV / 4x4_Mud Terrain (M/T)_0058,SUV / 4x4 | Mud Terrain (M/T),SUV_/_4x4_|_Mud_Terrain_(M/T)_Community_01,Competitive Fighter,-0.9394011646999769,484.7533583333333,117.06238833333333,279.27341666666666,67025.62,31648770.99,0.7585114443852142,1.0645079414175274,241.67623035546916
Hifly_Agrícola_Premium Radial_0010,Agrícola | Premium Radial,Agrícola_|_Premium_Radial_Community_01,Premium Leader,-0.7666211128776044,1808.5547346613546,535.4289067729084,24.20342629482072,6075.06,10680201.81,0.7039465289541454,1.3044253324127482,1233.8559364735538
Hifly_Agrícola_Tractor_0016,Agrícola | Tractor,Agrícola_|_Tractor_Community_01,KVI,-0.8931641620730852,1033.1318753036437,298.76537368421054,133.98562753036435,33094.45,33056561.48,0.7108158398496788,1.1196150074796358,633.2675697763142
Hifly_Agrícola_Tractor_0049,Agrícola | Tractor,Agrícola_|_Tractor_Community_03,KVI,-0.9674970092303632,1278.8350440816328,382.68353102040817,46.220775510204085,11324.09,13817669.13,0.7007561430292021,1.033594926350721,778.2232870810808
Hifly_Agrícola_Tractor_0065,Agrícola | Tractor,Agrícola_|_Tractor_Community_01,Premium Leader,-0.959142097530702,1125.4417441295548,324.473783805668,83.50607287449392,20626.0,22240307.72,0.7116920662502844,1.042598383049275,662.7696261433375
Hifly_Camión_Long Haul_0010,Camión | Long Haul,Camión_|_Long_Haul_Community_03,Traffic Driver,-0.8650712233407863,726.7215227467811,184.70161974248927,54.21163090128755,12631.31,8985871.76,0.7458426454133702,1.155974182262285,398.2119235868328
Hifly_Camión_Long Haul_0046,Camión | Long Haul,Camión_|_Long_Haul_Community_03,Competitive Fighter,-0.934793514623579,672.6759730290457,174.83808672199171,49.979087136929465,12044.960000000001,7824161.28,0.74008572666168,1.0697549612362023,361.8719974058877
Hifly_Camión_Obras / Mixto_0068,Camión | Obras / Mixto,Camión_|_Obras_/_Mixto_Community_03,Traffic Driver,-0.7785237315571356,694.3629599999999,261.57205,89.59382608695653,20606.58,13881510.39,0.6232920459927759,1.2844823599659407,597.556734085129
Hifly_Coche_Budget_0028,Coche | Budget,Coche_|_Budget_Community_01,Premium Leader,-2.763180665665966,102.46228571428571,27.12616693877551,222.05008163265305,54402.27,5164198.19,0.7352570582466181,0.3619017795056067,36.94317502508452
Hifly_Coche_Eco_0018,Coche | Eco,Coche_|_Eco_Community_02,Traffic Driver,-1.3435871105915862,193.26814669421486,48.85285702479339,85.06099173553719,20584.76,3729943.74,0.7472275806416903,0.7442762676993057,85.21287911765441
Hifly_Coche_Eco_0019,Coche | Eco,Coche_|_Eco_Community_01,Competitive Fighter,-1.3810085065948534,179.69555454545454,43.31688268398268,99.19017316017316,22912.93,3905786.04,0.7589429366043356,0.7241085013051046,74.68300568549043
Hifly_Coche_Performance_0049,Coche | Performance,Coche_|_Performance_Community_02,Premium Leader,-1.144564348102265,347.56716095617526,100.41785378486055,149.19776892430278,37448.64,12318454.69,0.7110835974589607,0.8736948705925022,188.1524175526011
Hifly_Coche_Touring_0019,Coche | Touring,Coche_|_Touring_Community_02,Competitive Fighter,-1.8159335456471895,168.92128803418805,40.04944871794872,141.31042735042735,33066.64,5284273.06,0.7629105888072374,0.5506809444635294,62.10391696319241
Hifly_Coche_Touring_0037,Coche | Touring,Coche_|_Touring_Community_03,Traffic Driver,-1.8202460369024451,152.50555060240964,53.74368875502008,98.07329317269077,24420.25,3493194.11,0.6475951954356544,0.549376281956764,83.26919666189455
Hifly_Coche_Touring_0071,Coche | Touring,Coche_|_Touring_Community_01,Traffic Driver,-1.7778998225954608,151.07289653679652,39.31541861471861,105.15662337662337,24291.18,3442958.39,0.7397586230489555,0.5624613869077019,61.42882349561011
Hifly_Furgoneta_Standard_0027,Furgoneta | Standard,Furgoneta_|_Standard_Community_01,Traffic Driver,-1.3224866001608035,186.26952259414227,48.832277405857745,361.70079497907955,86446.49,15482001.69,0.7378407550211147,0.756151328775965,85.75686885345362
Hifly_Furgoneta_Standard_0045,Furgoneta | Standard,Furgoneta_|_Standard_Community_02,Premium Leader,-1.3767064123072144,167.695021686747,59.68741526104418,245.63184738955823,61162.33,9699053.06,0.6440716327730956,0.7263712808049654,103.04263953214668
Hifly_Furgoneta_Standard_0060,Furgoneta | Standard,Furgoneta_|_Standard_Community_02,KVI,-1.2760616660442434,176.33051769547325,46.011731275720166,107.82296296296296,26200.98,4367676.17,0.7390597391928296,0.7836611870803806,82.0693392268745
Hifly_Industrial_Construcción Pesada_0045,Industrial | Construcción Pesada,Industrial_|_Construcción_Pesada_Community_03,Premium Leader,-0.9299223639211609,1878.3036104166667,565.7352691666667,49.75683333333333,11941.64,21632516.33,0.6988052059160079,1.0753585877678498,1174.1035492681979
Hifly_Industrial_Construcción Pesada_0058,Industrial | Construcción Pesada,Industrial_|_Construcción_Pesada_Community_01,Competitive Fighter,-0.8955744188071693,1803.405879757085,658.5452562753036,44.869271255060724,11082.71,19117536.53,0.6348324779976827,1.1166017909845136,1393.878068876663
Hifly_Industrial_Manipulación Ligera_0020,Industrial | Manipulación Ligera,Industrial_|_Manipulación_Ligera_Community_01,Premium Leader,-1.3699205083703458,294.1768,104.34406764705882,291.8227731092437,69453.82,19573715.27,0.6453015069609201,0.7299693623753378,180.51204017503147
Hifly_Industrial_Manipulación Ligera_0033,Industrial | Manipulación Ligera,Industrial_|_Manipulación_Ligera_Community_01,Traffic Driver,-1.2355194129770537,288.857612145749,75.57048097165992,140.2468016194332,34640.96,9488296.06,0.7383815492681934,0.8093761939283848,136.73542923383945
Hifly_Industrial_Manipulación Ligera_0044,Industrial | Manipulación Ligera,Industrial_|_Manipulación_Ligera_Community_02,Premium Leader,-1.370225325296037,325.495627755102,104.56059020408163,73.52175510204081,18012.829999999998,5613808.5,0.6787649931729608,0.7298069752023815,180.8696382662982
Hifly_Industrial_Manipulación Ligera_0057,Industrial | Manipulación Ligera,Industrial_|_Manipulación_Ligera_Community_01,KVI,-1.2799367786040896,301.51937543103446,101.15543275862068,299.6184051724138,69511.47,19934212.28,0.6645143198044411,0.7812885891837633,180.18701810687645
Hifly_Industrial_Portuario/Especial_0073,Industrial | Portuario/Especial,Industrial_|_Portuario/Especial_Community_01,Traffic Driver,-0.6373826540336226,5430.231497046414,2197.4459210970463,1.559831223628692,369.68,1947015.9,0.5953310789250383,1.5689162446947433,5645.054523544405
Hifly_SUV / 4x4_All Terrain (A/T)_0017,SUV / 4x4 | All Terrain (A/T),SUV_/_4x4_|_All_Terrain_(A/T)_Community_01,Traffic Driver,-1.2017466416567228,377.31722739130436,118.69434565217391,215.90947826086958,49659.18,17971849.9,0.685425586123372,0.8321221506568175,217.46253982706455
Hifly_SUV / 4x4_Highway Terrain (H/T)_0007,SUV / 4x4 | Highway Terrain (H/T),SUV_/_4x4_|_Highway_Terrain_(H/T)_Community_03,KVI,-1.5666728419664033,251.1329155462185,64.35471302521009,154.99785714285713,36889.49,8887988.47,0.7437424206809471,0.6382953563839492,105.43202751062334
Hifly_SUV / 4x4_Highway Terrain (H/T)_0059,SUV / 4x4 | Highway Terrain (H/T),SUV_/_4x4_|_Highway_Terrain_(H/T)_Community_01,Premium Leader,-1.6535190494538337,224.33121129032256,70.22683346774194,297.6857661290323,73826.07,15794847.22,0.6869502328106429,0.6047707768049636,112.69797009658106
Kumho_Agrícola_Implementos_0001,Agrícola | Implementos,Agrícola_|_Implementos_Community_02,Traffic Driver,-1.1067097554659053,618.218056302521,200.90401470588236,110.38,26270.44,15690298.22,0.6750272615661499,0.903579276374064,382.4367189344679
Kumho_Agrícola_Implementos_0003,Agrícola | Implementos,Agrícola_|_Implementos_Community_02,Premium Leader,-1.2026331123817773,683.6819363636363,195.30174025974026,107.40017316017315,24809.44,16212520.59,0.7143383057646512,0.8315087865987086,357.6968533237331
Kumho_Agrícola_Implementos_0005,Agrícola | Implementos,Agrícola_|_Implementos_Community_01,Premium Leader,-1.1957834480359892,739.2236966804978,180.50064481327803,75.9026141078838,18292.53,12875828.48,0.7558240548512978,0.8362718196530039,331.4482474998186
Kumho_Agrícola_Implementos_0050,Agrícola | Implementos,Agrícola_|_Implementos_Community_02,Premium Leader,-1.236466667294827,533.5649747933884,165.56685330578514,252.67611570247934,61147.62,31069241.77,0.6896969232849339,0.8087561326564713,299.47006128147325
Kumho_Agrícola_Premium Radial_0031,Agrícola | Premium Radial,Agrícola_|_Premium_Radial_Community_02,Competitive Fighter,-0.7618759652854182,1914.6988525862068,682.40055,17.95793103448276,4166.24,7782397.27,0.6435990186768674,1.3125496085512744,1578.0851247776743
Kumho_Agrícola_Premium Radial_0034,Agrícola | Premium Radial,Agrícola_|_Premium_Radial_Community_02,KVI,-0.7024279980354722,1749.5745245762712,612.1895419491526,22.462542372881355,5301.16,8928877.68,0.6500923319642993,1.42363345822884,1483.7230566457542
Kumho_Agrícola_Premium Radial_0049,Agrícola | Premium Radial,Agrícola_|_Premium_Radial_Community_01,Premium Leader,-0.8238441136962849,2036.871524680851,678.0867204255319,28.713659574468085,6747.71,13236260.06,0.6670940154010064,1.2138218667526417,1501.1632092326274
Kumho_Agrícola_Premium Radial_0058,Agrícola | Premium Radial,Agrícola_|_Premium_Radial_Community_03,Competitive Fighter,-0.7538155700397735,1885.2454275303644,594.7342271255061,43.291174089068825,10692.92,19540610.81,0.6845322001896609,1.3265844322467857,1383.6993941545263
Kumho_Agrícola_Tractor_0001,Agrícola | Tractor,Agrícola_|_Tractor_Community_01,Competitive Fighter,-0.9426201959517544,1083.6492331983807,340.10723117408907,80.38789473684211,19855.81,20712630.54,0.6861463832071696,1.0608726656766672,700.9176961256554
Kumho_Agrícola_Tractor_0005,Agrícola | Tractor,Agrícola_|_Tractor_Community_02,Premium Leader,-1.0367141018079742,1263.3503766129031,300.8203899193548,95.7625806451613,23749.12,28989295.23,0.7618868086889188,0.9645860881568538,590.9875530694846
Kumho_Agrícola_Tractor_0024,Agrícola | Tractor,Agrícola_|_Tractor_Community_02,Competitive Fighter,-0.9995966671539618,1269.2955113445378,315.9747218487395,47.185966386554625,11230.26,13773531.39,0.7510629171657323,1.0004034955890626,632.0769381040002
Kumho_Camión_Long Haul_0013,Camión | Long Haul,Camión_|_Long_Haul_Community_01,Premium Leader,-1.0451022763357949,687.3859402489627,169.13160373443984,151.77526970954355,36577.84,24234847.6,0.7539495735493477,0.9568441507046308,330.9641894670321
Kumho_Camión_Long Haul_0074,Camión | Long Haul,Camión_|_Long_Haul_Community_03,Traffic Driver,-0.776513249940466,682.8023008097166,186.3615384615385,89.27396761133603,22050.670000000002,14802410.31,0.7270636929012433,1.2878080317066944,426.35942449352376
Kumho_Camión_Obras / Mixto_0012,Camión | Obras / Mixto,Camión_|_Obras_/_Mixto_Community_01,Premium Leader,-0.8634730803204586,792.8386071713148,239.4540498007968,106.25059760956177,26668.9,20546943.75,0.6979788223796017,1.158113695482982,516.7690643139637
Kumho_Camión_Obras / Mixto_0021,Camión | Obras / Mixto,Camión_|_Obras_/_Mixto_Community_01,Competitive Fighter,-0.8125345943451184,798.2433567999999,204.9219688,162.27536,40568.840000000004,31413676.56,0.7432838406303914,1.230716829731999,457.1228845839756
Kumho_Camión_Obras / Mixto_0038,Camión | Obras / Mixto,Camión_|_Obras_/_Mixto_Community_03,Premium Leader,-0.9019956553378011,764.7432906382978,252.0486438297872,94.10021276595744,22113.55,16307156.25,0.6704140501586967,1.1086527901572827,531.48307606704
Kumho_Camión_Obras / Mixto_0065,Camión | Obras / Mixto,Camión_|_Obras_/_Mixto_Community_01,Competitive Fighter,-0.8152210413930306,806.8960310344827,257.41634568965515,108.17775862068966,25097.24,19777484.09,0.6809795366577353,1.2266611743622606,573.1789825933691
Kumho_Camión_Obras / Mixto_0074,Camión | Obras / Mixto,Camión_|_Obras_/_Mixto_Community_02,Competitive Fighter,-0.8111928877512855,839.2395541501976,260.02050158102764,94.3105533596838,23860.57,19426897.27,0.6901712981768109,1.2327524255940017,580.5614056092084
Kumho_Camión_Regional_0071,Camión | Regional,Camión_|_Regional_Community_01,KVI,-1.039718491710134,652.4514770491803,174.67132336065575,161.93934426229507,39513.2,24764018.18,0.7322845767004228,0.9617988022461686,342.66999295568763
Kumho_Coche_Budget_0012,Coche | Budget,Coche_|_Budget_Community_01,Competitive Fighter,-2.7312794591968106,98.63665661157025,27.301021487603307,202.3385123966942,48965.92,4364421.62,0.7232162724744986,0.36612877405597694,37.29671101533539
Kumho_Coche_Eco_0010,Coche | Eco,Coche_|_Eco_Community_02,Premium Leader,-1.4568517306541124,208.20339692982455,57.81455789473684,140.92026315789474,32129.82,6421461.29,0.7223169326376391,0.6864116498327593,97.49914396361474
Kumho_Coche_Eco_0022,Coche | Eco,Coche_|_Eco_Community_02,Premium Leader,-1.4739817643340831,209.70881274900398,48.864847410358564,278.80844621513944,69980.92,13688617.0,0.7669871534257178,0.6784344448465961,82.01644303571881
Kumho_Coche_Performance_0052,Coche | Performance,Coche_|_Performance_Community_01,Competitive Fighter,-1.057505890645377,331.5339383966245,93.47022658227849,202.45417721518987,47981.64,15247869.01,0.718067395952516,0.9456212101000382,181.85765535133743
Kumho_Coche_Touring_0005,Coche | Touring,Coche_|_Touring_Community_01,KVI,-1.8172381720355164,148.0680205128205,42.3319876068376,354.06047008547006,82850.15,11493295.58,0.7141044537488614,0.5502856011878094,65.62667085654112
Kumho_Furgoneta_Reforzado_0071,Furgoneta | Reforzado,Furgoneta_|_Reforzado_Community_02,Competitive Fighter,-1.1134653008167308,246.24707203389832,81.1146343220339,131.51292372881355,31037.05,7302821.87,0.6705965530795523,0.8980971380666254,153.9634552619734
Kumho_Furgoneta_Standard_0052,Furgoneta | Standard,Furgoneta_|_Standard_Community_03,Premium Leader,-1.3899116759550212,186.90932023809523,49.49156507936508,191.34809523809525,48219.72,8480241.11,0.7352108230005864,0.7194701773498599,85.09927018433801
Kumho_Furgoneta_Standard_0078,Furgoneta | Standard,Furgoneta_|_Standard_Community_02,Competitive Fighter,-1.3043705992861168,158.30265226337448,49.38424115226338,203.9335390946502,49555.85,7415503.03,0.6880390792814967,0.7666532813199722,87.2448316771429
Kumho_Industrial_Construcción Pesada_0002,Industrial | Construcción Pesada,Industrial_|_Construcción_Pesada_Community_03,KVI,-0.8627925655548073,1822.9112988188976,603.7329267716535,71.75511811023621,18225.8,32253756.95,0.668808390642581,1.1590271403845063,1303.4757744437716
Kumho_Industrial_Construcción Pesada_0062,Industrial | Construcción Pesada,Industrial_|_Construcción_Pesada_Community_03,Competitive Fighter,-0.8852902657772523,2055.267484126984,528.8116809523809,46.47027777777778,11710.51,23377755.71,0.7427042051526427,1.1295730210272183,1126.1430889602434
Kumho_Industrial_Construcción Pesada_0071,Industrial | Construcción Pesada,Industrial_|_Construcción_Pesada_Community_03,Competitive Fighter,-0.8656126164497565,1779.2493813229573,636.2645252918288,47.73505836575875,12267.91,20923446.74,0.6423972198777803,1.1552511839550388,1371.3098714438047
Kumho_Industrial_Manipulación Ligera_0008,Industrial | Manipulación Ligera,Industrial_|_Manipulación_Ligera_Community_01,Premium Leader,-1.378586994134691,292.9001132743363,89.71764690265486,261.4362831858407,59084.6,16448988.27,0.6936920033942648,0.7253804107064553,154.7970704605194
Kumho_Industrial_Manipulación Ligera_0017,Industrial | Manipulación Ligera,Industrial_|_Manipulación_Ligera_Community_01,Competitive Fighter,-1.3018125269190424,305.44956887966805,99.30677178423237,330.153112033195,79566.9,23145724.46,0.6748832478354085,0.7681597613495605,175.5902378984036
Kumho_Industrial_Manipulación Ligera_0048,Industrial | Manipulación Ligera,Industrial_|_Manipulación_Ligera_Community_03,Premium Leader,-1.330799388758222,319.2434858369099,101.49769699570815,270.1442060085837,62943.6,18917565.74,0.6820680718680044,0.7514280577879637,177.76591431914437
Kumho_Industrial_Manipulación Ligera_0062,Industrial | Manipulación Ligera,Industrial_|_Manipulación_Ligera_Community_02,Competitive Fighter,-1.2823526447205924,329.8382068669528,89.1224356223176,309.00454935622315,71998.06,22817876.64,0.7297995387833678,0.7798166940404188,158.62159873414336
Kumho_Industrial_Portuario/Especial_0010,Industrial | Portuario/Especial,Industrial_|_Portuario/Especial_Community_03,Competitive Fighter,-0.6773191312767023,5549.181815019762,2332.4890881422925,1.5781818181818181,399.28,2165931.23,0.579669730440435,1.4764089095122197,5776.196759215606
Kumho_Industrial_Portuario/Especial_0050,Industrial | Portuario/Especial,Industrial_|_Portuario/Especial_Community_03,Traffic Driver,-0.6439962232172353,5492.917927888447,2091.1171804780874,0.2811553784860558,70.57000000000001,376557.77,0.619306676718918,1.5528041375837016,5338.212590496826
Kumho_Industrial_Portuario/Especial_0065,Industrial | Portuario/Especial,Industrial_|_Portuario/Especial_Community_03,Competitive Fighter,-0.6761323239150206,5584.710692083333,2898.807368333333,0.87575,210.18,1146415.59,0.4809386684179417,1.4790004332431301,7186.144721986711
Kumho_SUV / 4x4_All Terrain (A/T)_0035,SUV / 4x4 | All Terrain (A/T),SUV_/_4x4_|_All_Terrain_(A/T)_Community_03,Premium Leader,-1.2870552556633696,345.39086746987954,109.9504935742972,136.55257028112447,34001.59,11217005.26,0.6816635761688585,0.7769674189198531,195.37844477568277
Kumho_SUV / 4x4_All Terrain (A/T)_0056,SUV / 4x4 | All Terrain (A/T),SUV_/_4x4_|_All_Terrain_(A/T)_Community_01,Competitive Fighter,-1.2603672412120746,350.30284581497796,105.93209427312776,239.38229074889867,54339.78,18269583.05,0.6975985335583638,0.7934195425757943,189.9806880554087
Kumho_SUV / 4x4_All Terrain (A/T)_0076,SUV / 4x4 | All Terrain (A/T),SUV_/_4x4_|_All_Terrain_(A/T)_Community_01,Traffic Driver,-1.1601741707036193,368.9002280851064,97.65971276595745,76.24974468085105,17918.69,6411488.1,0.7352679523325557,0.8619395477435278,181.83648142020965
Kumho_SUV / 4x4_Highway Terrain (H/T)_0009,SUV / 4x4 | Highway Terrain (H/T),SUV_/_4x4_|_Highway_Terrain_(H/T)_Community_01,Premium Leader,-1.722402584656689,231.41653115384617,71.35569961538461,197.46930769230767,51342.02,11259564.48,0.691656861073822,0.5805843586790257,112.78370271467587
Kumho_SUV / 4x4_Mud Terrain (M/T)_0014,SUV / 4x4 | Mud Terrain (M/T),SUV_/_4x4_|_Mud_Terrain_(M/T)_Community_01,Traffic Driver,-0.8795863734536175,391.0563971311475,142.9278762295082,44.09762295081967,10759.82,4075048.04,0.6345082773787872,1.1368980127256738,305.42229467793715
Kumho_SUV / 4x4_Mud Terrain (M/T)_0067,SUV / 4x4 | Mud Terrain (M/T),SUV_/_4x4_|_Mud_Terrain_(M/T)_Community_02,Premium Leader,-0.9902127886952051,419.8198034042553,129.67579191489364,374.4808510638298,88003.0,35799670.94,0.6911155908716734,1.0098839475883676,260.63329256055414
Linglong_Agrícola_Implementos_0053,Agrícola | Implementos,Agrícola_|_Implementos_Community_01,Premium Leader,-1.19283245927403,686.207425108225,163.301529004329,170.97883116883116,39496.11,25966981.91,0.7620230807345549,0.8383407009301291,300.20384729278
Linglong_Agrícola_Premium Radial_0063,Agrícola | Premium Radial,Agrícola_|_Premium_Radial_Community_03,Competitive Fighter,-0.7259985190187823,2121.135769262295,539.0994823770492,41.47684426229508,10120.35,20882404.9,0.7458439529476506,1.377413278131121,1281.662267636811
Linglong_Agrícola_Tractor_0055,Agrícola | Tractor,Agrícola_|_Tractor_Community_03,Premium Leader,-1.0235634433422447,1075.305124110672,301.8615687747035,121.50806324110673,30741.54,32010550.83,0.7192782197291608,0.9769790104409133,596.7739855263551
Linglong_Camión_Long Haul_0001,Camión | Long Haul,Camión_|_Long_Haul_Community_01,Competitive Fighter,-0.9510642758612182,662.5699336134454,181.52346008403362,48.91957983193277,11642.86,7528004.19,0.7260312445901937,1.0514536455430092,372.38696394097167
Linglong_Camión_Long Haul_0023,Camión | Long Haul,Camión_|_Long_Haul_Community_01,Competitive Fighter,-0.9652590138624922,645.821505907173,149.69719198312237,69.85548523206751,16555.75,10378137.78,0.7682065545760269,1.0359913615294731,304.78218972285623
Linglong_Camión_Long Haul_0057,Camión | Long Haul,Camión_|_Long_Haul_Community_01,Premium Leader,-1.0708299321630754,613.12914,167.61795360000002,208.47072,52117.68,30821902.52,0.7266188431363741,0.9338551061791867,324.148835456666
Linglong_Camión_Long Haul_0060,Camión | Long Haul,Camión_|_Long_Haul_Community_03,KVI,-0.8965725928581526,715.3027950413223,201.59421776859503,238.96429752066115,57829.36,40190692.79,0.7181693973991123,1.115358653572194,426.4440730669149
Linglong_Camión_Obras / Mixto_0054,Camión | Obras / Mixto,Camión_|_Obras_/_Mixto_Community_02,Competitive Fighter,-0.8221410519766739,695.4818983606557,241.3866426229508,172.0420901639344,41978.27,28241875.09,0.6529217465013373,1.2163362936271092,534.9939768420425
Linglong_Camión_Regional_0069,Camión | Regional,Camión_|_Regional_Community_01,Competitive Fighter,-1.0440029909701125,590.5618048582995,189.00885708502025,151.0752631578947,37315.59,21306659.1,0.6799507595477303,0.9578516619677269,370.0513049705275
Linglong_Coche_Budget_0055,Coche | Budget,Coche_|_Budget_Community_01,Competitive Fighter,-2.7379787669345474,97.46583080168777,31.46640506329114,224.84168776371308,53287.48,4734744.26,0.6771544980997972,0.3652329273245622,42.95897229693739
Linglong_Coche_Budget_0065,Coche | Budget,Coche_|_Budget_Community_03,Premium Leader,-2.7045694979803563,99.28328093385214,30.061190272373544,293.0728404669261,75319.72,6651654.66,0.6972180009602833,0.3697446121265334,41.176153409694216
Linglong_Coche_Eco_0009,Coche | Eco,Coche_|_Eco_Community_02,Competitive Fighter,-1.4111273022697053,159.95775934959352,60.01594430894309,443.31024390243897,109054.31999999999,16648818.72,0.6248012940855463,0.7086532862000231,102.5464404678732
Linglong_Coche_Eco_0025,Coche | Eco,Coche_|_Eco_Community_01,Competitive Fighter,-1.3674452423494996,192.5877690376569,52.65678326359833,99.18677824267782,23705.64,4349606.2,0.7265829313734753,0.731290708417569,91.16419959942554
Linglong_Coche_Eco_0059,Coche | Eco,Coche_|_Eco_Community_01,Traffic Driver,-1.2962807506671794,157.45890416666668,52.03167208333333,256.7825,61627.8,9289904.6,0.6695539553084976,0.77143782277513,92.17087191064951
Linglong_Coche_Performance_0005,Coche | Performance,Coche_|_Performance_Community_02,Competitive Fighter,-1.0957660659738733,384.2871785123967,94.16781363636363,183.19235537190085,44332.55,16381720.61,0.7549545784980545,0.9126035483780379,180.10569450391088
Linglong_Coche_Performance_0025,Coche | Performance,Coche_|_Performance_Community_01,Premium Leader,-1.1002778674883078,361.7360340336134,106.96159957983194,93.03525210084034,22142.39,7731070.68,0.704310354743667,0.9088613245332108,204.17486064814892
Linglong_Coche_Performance_0026,Coche | Performance,Coche_|_Performance_Community_02,Premium Leader,-1.1602794971633439,369.9586723577236,101.58834186991871,243.45040650406506,59888.8,21068768.93,0.7254062427500279,0.8618613036296894,189.1434026275054
Linglong_Coche_Touring_0018,Coche | Touring,Coche_|_Touring_Community_02,Traffic Driver,-1.7256150209218823,160.91232094017093,41.92245683760684,199.36982905982907,46652.54,7160342.95,0.7394701872879325,0.5795035322917889,66.21666865735006
Linglong_Furgoneta_Reforzado_0056,Furgoneta | Reforzado,Furgoneta_|_Reforzado_Community_01,Traffic Driver,-1.0439316193368193,223.5861359649123,81.62829692982456,254.77118421052631,58087.83,12441055.91,0.6349134235110419,0.9579171484769013,159.8214423598679
Linglong_Furgoneta_Standard_0016,Furgoneta | Standard,Furgoneta_|_Standard_Community_01,KVI,-1.3439607028078784,169.23424074074074,59.46539218106996,219.52666666666667,53344.98,8626179.48,0.6486207996633006,0.7440693748788515,103.71176936816444
Linglong_Industrial_Manipulación Ligera_0025,Industrial | Manipulación Ligera,Industrial_|_Manipulación_Ligera_Community_02,Premium Leader,-1.3283740440599097,345.30166336206895,102.38698620689655,185.8739224137931,43122.75,14264748.35,0.703485395320735,0.752800014778744,179.46391093659935
Linglong_Industrial_Manipulación Ligera_0063,Industrial | Manipulación Ligera,Industrial_|_Manipulación_Ligera_Community_01,Competitive Fighter,-1.2929694575968829,278.69630431034483,87.27291249999999,436.0763793103448,101169.72,26880329.97,0.6868529967917464,0.7734134740186386,154.77095894434967
Linglong_Industrial_Manipulación Ligera_0067,Industrial | Manipulación Ligera,Industrial_|_Manipulación_Ligera_Community_03,Premium Leader,-1.3405521721648683,328.5227378486056,87.56703426294821,179.7651394422311,45121.05,14142132.02,0.7334521353486891,0.7459612693664075,152.88865029638876
Linglong_Industrial_Portuario/Especial_0045,Industrial | Portuario/Especial,Industrial_|_Portuario/Especial_Community_03,Competitive Fighter,-0.6792525436035151,4589.620177685951,2021.28138553719,0.5253719008264462,127.14,564248.11,0.5595972417577474,1.4722064855213965,4997.024950388715
Linglong_SUV / 4x4_All Terrain (A/T)_0031,SUV / 4x4 | All Terrain (A/T),SUV_/_4x4_|_All_Terrain_(A/T)_Community_03,Competitive Fighter,-1.2478602141021127,361.46315269709544,97.88948796680498,285.7915352697095,68875.76,23718549.73,0.7291854308346724,0.8013718112805941,176.3353642440934
Linglong_SUV / 4x4_All Terrain (A/T)_0038,SUV / 4x4 | All Terrain (A/T),SUV_/_4x4_|_All_Terrain_(A/T)_Community_02,Premium Leader,-1.2731869566119693,380.69992530612245,115.40013183673469,213.87330612244898,52398.96,18877755.68,0.6968737733690361,0.7854306037355763,206.0389270564263
Linglong_SUV / 4x4_All Terrain (A/T)_0067,SUV / 4x4 | All Terrain (A/T),SUV_/_4x4_|_All_Terrain_(A/T)_Community_01,Competitive Fighter,-1.248714894926093,331.426898340249,92.49752946058092,225.54149377593362,54355.5,17255551.39,0.7209112177563173,0.8008233136829735,166.57170751069182
Linglong_SUV / 4x4_Highway Terrain (H/T)_0048,SUV / 4x4 | Highway Terrain (H/T),SUV_/_4x4_|_Highway_Terrain_(H/T)_Community_03,KVI,-1.5544554593968416,223.23445676855897,79.10018908296942,309.1108296943232,70786.38,14935074.5,0.6456631730245054,0.6433120961780526,129.98629753001478
Linglong_SUV / 4x4_Highway Terrain (H/T)_0058,SUV / 4x4 | Highway Terrain (H/T),SUV_/_4x4_|_Highway_Terrain_(H/T)_Community_03,Premium Leader,-1.6387016248907165,227.634898015873,72.74113531746032,148.29940476190475,37371.45,8013773.54,0.6804482267372374,0.610239219154182,117.13062893397598
Linglong_SUV / 4x4_Highway Terrain (H/T)_0076,SUV / 4x4 | Highway Terrain (H/T),SUV_/_4x4_|_Highway_Terrain_(H/T)_Community_01,Competitive Fighter,-1.6333984481358501,230.75620700389106,67.89614941634241,86.81373540856032,22311.13,4824466.11,0.705766747088205,0.6122204910512011,109.4635633525013
Linglong_SUV / 4x4_Highway Terrain (H/T)_0077,SUV / 4x4 | Highway Terrain (H/T),SUV_/_4x4_|_Highway_Terrain_(H/T)_Community_03,Traffic Driver,-1.5200704229356585,212.7335546184739,57.85284939759036,133.399437751004,33216.46,6652467.34,0.7280501916994416,0.657864257412979,95.91217120576106
Mazzini_Agrícola_Premium Radial_0040,Agrícola | Premium Radial,Agrícola_|_Premium_Radial_Community_02,Competitive Fighter,-0.730711755276827,1525.9533606060604,586.8651779220779,24.993376623376623,5773.47,8477495.03,0.6154108027987214,1.3685286883350527,1390.0070100932965
Mazzini_Agrícola_Premium Radial_0067,Agrícola | Premium Radial,Agrícola_|_Premium_Radial_Community_02,Premium Leader,-0.7867683822196838,1803.2904532188843,637.829321888412,35.41261802575107,8251.14,14391511.43,0.6462969563500528,1.2710220982428562,1448.5244849158394
Mazzini_Camión_Long Haul_0008,Camión | Long Haul,Camión_|_Long_Haul_Community_01,Premium Leader,-0.9940368740187148,645.490132421875,212.558600390625,166.002734375,42496.7,26303699.17,0.6707020143079393,1.0059988981668029,426.39231817947154
Mazzini_Camión_Long Haul_0066,Camión | Long Haul,Camión_|_Long_Haul_Community_03,KVI,-0.9051696952200784,577.4401640495868,166.45020909090908,69.10206611570248,16722.7,9476798.23,0.7117446629905442,1.104765222787165,350.3386114201975
Mazzini_Camión_Obras / Mixto_0059,Camión | Obras / Mixto,Camión_|_Obras_/_Mixto_Community_01,Traffic Driver,-0.7626925019365262,788.26304092827,238.38343670886076,72.48810126582279,17179.68,13253263.47,0.6975838973394757,1.3111443962815088,550.9385439160112
Mazzini_Camión_Regional_0019,Camión | Regional,Camión_|_Regional_Community_02,Premium Leader,-1.1311767797091556,591.0558158730158,161.8002,109.31464285714286,27547.29,15415336.7,0.7262522495256833,0.8840351198307983,304.8372591956471
Mazzini_Camión_Regional_0043,Camión | Regional,Camión_|_Regional_Community_02,Competitive Fighter,-1.0750912290470227,691.466216194332,167.12071497975708,68.62481781376519,16950.33,11333487.1,0.758309645408925,0.9301536213688724,322.56865322393327
Mazzini_Coche_Eco_0058,Coche | Eco,Coche_|_Eco_Community_02,Traffic Driver,-1.3809171398271503,199.8915539748954,57.321941004184104,270.3087029288703,64603.78,12283934.97,0.7132348022499078,0.7241564110973163,98.83199207890617
Mazzini_Coche_Performance_0006,Coche | Performance,Coche_|_Performance_Community_01,Premium Leader,-1.1699392699773916,333.6720190677966,116.70076313559322,165.98080508474575,39171.47,12583916.3,0.6502530734772772,0.854745221108207,216.45018272542237
Mazzini_Coche_Performance_0009,Coche | Performance,Coche_|_Performance_Community_02,Competitive Fighter,-1.1074487492718987,354.50951404958676,102.42810743801653,245.2726859504132,59355.99,20177509.75,0.7110709208676147,0.9029763234257642,194.91826330785585
Mazzini_Coche_Performance_0043,Coche | Performance,Coche_|_Performance_Community_01,Premium Leader,-1.1299829244421538,368.93440468085106,123.82676595744681,134.48034042553192,31602.88,11183791.15,0.6643664445863652,0.8849691250809624,233.4096306884136
Mazzini_Coche_Performance_0051,Coche | Performance,Coche_|_Performance_Community_01,Premium Leader,-1.1326856312705986,359.42623658536587,104.94327195121951,126.04589430894309,31007.29,10695586.45,0.7080255661127987,0.8828574958421981,197.59322623155995
Mazzini_Coche_Performance_0078,Coche | Performance,Coche_|_Performance_Community_02,Premium Leader,-1.1651862916808537,404.6435603112841,117.84744357976655,163.78575875486382,42092.94,16173997.17,0.7087623401466987,0.8582318614111377,218.98787444577363
Mazzini_Coche_Touring_0030,Coche | Touring,Coche_|_Touring_Community_01,Premium Leader,-1.8612284758411288,154.4024075949367,42.207443881856534,275.91886075949367,65392.77,9392380.03,0.7266399887197055,0.5372795511029771,64.88464038390451
Mazzini_Coche_Touring_0041,Coche | Touring,Coche_|_Touring_Community_01,Premium Leader,-1.8570784198109649,164.80387510548525,52.059172151898736,164.4731223628692,38980.13,6047073.53,0.6841143928285821,0.5384802221231948,80.0920067358028
Mazzini_Furgoneta_Reforzado_0016,Furgoneta | Reforzado,Furgoneta_|_Reforzado_Community_01,Premium Leader,-1.1183958968204388,278.3933376033058,65.98900041322314,232.57177685950415,56282.37,15061785.11,0.7629648719997257,0.8941377582329886,124.99225731073824
Mazzini_Furgoneta_Reforzado_0036,Furgoneta | Reforzado,Furgoneta_|_Reforzado_Community_01,KVI,-1.0718706087929208,254.74556024096387,66.98334096385543,242.81642570281124,60461.29,14843503.5,0.7370578670713794,0.9329484284732302,129.4753436499709
Mazzini_Furgoneta_Reforzado_0069,Furgoneta | Reforzado,Furgoneta_|_Reforzado_Community_03,Competitive Fighter,-1.0953681854658335,224.24213359683793,61.37663320158103,88.87818181818182,22486.18,4855680.43,0.7262930377217633,0.9129350416314349,117.40951238866371
Mazzini_Furgoneta_Standard_0035,Furgoneta | Standard,Furgoneta_|_Standard_Community_03,Competitive Fighter,-1.3296653228387942,175.35875829787233,47.670342978723404,132.6983829787234,31184.12,5236796.42,0.7281553345755997,0.7520689475942947,83.52172765419098
Mazzini_Industrial_Construcción Pesada_0075,Industrial | Construcción Pesada,Industrial_|_Construcción_Pesada_Community_01,Competitive Fighter,-0.9094153122041468,1669.2019975,611.1040366666667,40.974375,9833.85,15786876.82,0.6338944971417896,1.0996076122539693,1283.0786872644621
Mazzini_Industrial_Manipulación Ligera_0021,Industrial | Manipulación Ligera,Industrial_|_Manipulación_Ligera_Community_02,KVI,-1.2700402316170707,322.3647245833333,85.14025416666667,233.67766666666665,56082.64,16999448.56,0.7358884280011929,0.7873766319408294,152.17770073500284
Mazzini_Industrial_Manipulación Ligera_0040,Industrial | Manipulación Ligera,Industrial_|_Manipulación_Ligera_Community_03,Traffic Driver,-1.2133190773210811,288.327755982906,104.83998034188035,156.15893162393164,36541.19,10044770.92,0.6363860982287951,0.8241855079110155,191.24757278933387
Mazzini_Industrial_Manipulación Ligera_0043,Industrial | Manipulación Ligera,Industrial_|_Manipulación_Ligera_Community_01,Competitive Fighter,-1.3106090967335937,331.78460608695656,84.91586695652173,69.15878260869566,15906.52,5030610.3,0.7440632705717928,0.7630040127848045,149.70701419344837
Mazzini_Industrial_Portuario/Especial_0033,Industrial | Portuario/Especial,Industrial_|_Portuario/Especial_Community_01,Competitive Fighter,-0.6725806730350998,6136.030764135021,2240.140316877637,0.34151898734177216,80.94,483437.87,0.6349202924517242,1.4868104899407557,5570.804438950516
Mazzini_Industrial_Portuario/Especial_0034,Industrial | Portuario/Especial,Industrial_|_Portuario/Especial_Community_03,Competitive Fighter,-0.6694509784617294,5655.687477500001,2711.6810037500004,1.4970833333333333,359.3,1984928.9,0.5205391007657565,1.4937613539647208,6762.285291432014
Mazzini_Industrial_Portuario/Especial_0048,Industrial | Portuario/Especial,Industrial_|_Portuario/Especial_Community_01,Premium Leader,-0.7033310287875927,5105.839946963563,2817.4413340080973,0.808582995951417,199.72,999309.58,0.44819239081639717,1.4218056065631108,6823.29521886346
Mazzini_Industrial_Portuario/Especial_0071,Industrial | Portuario/Especial,Industrial_|_Portuario/Especial_Community_01,Premium Leader,-0.7267300961583678,4619.822817948718,2609.8790568376066,0.9341452991452992,218.59,978747.17,0.43506944753425875,1.3760266779732784,6201.142265329891
Mazzini_Industrial_Portuario/Especial_0077,Industrial | Portuario/Especial,Industrial_|_Portuario/Especial_Community_03,Premium Leader,-0.7158413793638556,4963.04652244898,2631.8873093877555,0.7269795918367348,178.11,863178.05,0.46970327650906857,1.3969575227526896,6308.522085274316
Mazzini_SUV / 4x4_All Terrain (A/T)_0037,SUV / 4x4 | All Terrain (A/T),SUV_/_4x4_|_All_Terrain_(A/T)_Community_01,Competitive Fighter,-1.2259640872254263,345.0658784552845,78.04105000000001,76.3409756097561,18779.88,6193457.71,0.7738372442115774,0.8156845787083185,141.69793099120483
Mazzini_SUV / 4x4_Highway Terrain (H/T)_0003,SUV / 4x4 | Highway Terrain (H/T),SUV_/_4x4_|_Highway_Terrain_(H/T)_Community_01,Competitive Fighter,-1.6197779081283958,245.6241615044248,62.72360088495575,149.5327876106195,33794.41,7926694.33,0.7446358676574014,0.6173685879908497,101.4471817970025
Mazzini_SUV / 4x4_Mud Terrain (M/T)_0012,SUV / 4x4 | Mud Terrain (M/T),SUV_/_4x4_|_Mud_Terrain_(M/T)_Community_01,KVI,-0.9131715920182945,442.91012751937984,138.41527596899223,235.74279069767442,60821.64,26353320.32,0.6874867667979982,1.0950844383910336,289.99169071823604
Mazzini_SUV / 4x4_Mud Terrain (M/T)_0063,SUV / 4x4 | Mud Terrain (M/T),SUV_/_4x4_|_Mud_Terrain_(M/T)_Community_02,KVI,-0.9406839074774577,442.32084476987444,149.19186025104602,49.46581589958159,11822.33,5108259.57,0.6627066935344956,1.0630563487384457,307.79121447101943
Michelin_Agrícola_Implementos_0016,Agrícola | Implementos,Agrícola_|_Implementos_Community_02,Competitive Fighter,-1.1692923266868371,652.2446217213115,207.38343852459016,159.3991393442623,38893.39,24319978.23,0.6820465334351196,0.8552181325207846,384.7415155353291
Michelin_Agrícola_Implementos_0037,Agrícola | Implementos,Agrícola_|_Implementos_Community_01,Premium Leader,-1.1787300606024844,643.3252447154471,154.61696422764228,61.253292682926826,15068.31,9073107.12,0.7596597281115064,0.8483706604452507,285.7894602854868
Michelin_Agrícola_Implementos_0038,Agrícola | Implementos,Agrícola_|_Implementos_Community_01,Competitive Fighter,-1.1645587595859295,694.4042525862069,197.69213060344828,36.36056034482758,8435.65,5585221.32,0.7153068549520356,0.8586943267298595,367.44924159176776
Michelin_Agrícola_Implementos_0051,Agrícola | Implementos,Agrícola_|_Implementos_Community_02,Traffic Driver,-1.1143825945437318,581.1825246861926,155.15174769874474,108.0636820083682,25827.22,14508897.15,0.733041271702864,0.8973578777129374,294.37839073714343
Michelin_Agrícola_Implementos_0066,Agrícola | Implementos,Agrícola_|_Implementos_Community_01,Premium Leader,-1.1716396664313582,671.663603896104,202.17760692640692,130.26774891774892,30091.85,19293297.16,0.6989897833474378,0.8535047324284032,374.7371512291448
Michelin_Agrícola_Tractor_0007,Agrícola | Tractor,Agrícola_|_Tractor_Community_01,Competitive Fighter,-0.9198581218296852,1179.467490625,334.63813794642857,84.4290625,18912.11,21601004.830000002,0.7162803209021864,1.0871241730310595,698.4313469260933
Michelin_Agrícola_Tractor_0018,Agrícola | Tractor,Agrícola_|_Tractor_Community_03,Competitive Fighter,-0.9877183924841322,1204.3463242914981,370.08888704453443,46.2334008097166,11419.65,13302988.01,0.6927055950768538,1.0124343209656947,744.7795780964174
Michelin_Agrícola_Tractor_0036,Agrícola | Tractor,Agrícola_|_Tractor_Community_01,Traffic Driver,-0.852242969626636,1148.6026491735538,357.40901900826447,89.34429752066116,21621.32,23849309.65,0.6888314516204289,1.1733743024458103,776.7835773749282
Michelin_Agrícola_Tractor_0038,Agrícola | Tractor,Agrícola_|_Tractor_Community_02,Premium Leader,-1.0226839232020801,1241.8315220408163,315.59152693877553,64.60461224489795,15828.13,18972014.61,0.7458660685145639,0.9778192238213196,624.182988854634
Michelin_Agrícola_Tractor_0045,Agrícola | Tractor,Agrícola_|_Tractor_Community_01,KVI,-0.8926308093874369,1048.2084871369295,300.9014211618257,158.9849377593361,38315.37,38288113.73,0.7129374310031528,1.1202839846926689,637.9964642606827
Michelin_Agrícola_Tractor_0047,Agrícola | Tractor,Agrícola_|_Tractor_Community_03,Premium Leader,-1.0587976277093032,1195.5201908,380.2592452,91.20375999999999,22800.94,25819698.75,0.6819298844751891,0.9444675486886845,739.4017623802534
Michelin_Agrícola_Tractor_0053,Agrícola | Tractor,Agrícola_|_Tractor_Community_03,Premium Leader,-1.0391849369393507,1176.1808105042016,367.7732478991596,105.70323529411765,25157.37,28352530.97,0.6873157216861039,0.962292624203388,721.6787317318451
Michelin_Camión_Long Haul_0006,Camión | Long Haul,Camión_|_Long_Haul_Community_01,Traffic Driver,-0.9032620561446446,666.3400857142857,171.2293542857143,88.80604081632653,21757.48,14032783.96,0.7430300863527303,1.1070984253099903,360.79710278227503
Michelin_Camión_Long Haul_0035,Camión | Long Haul,Camión_|_Long_Haul_Community_03,Competitive Fighter,-0.9593270050025089,660.1267664031622,169.7572790513834,200.1901581027668,50648.11,32372511.3,0.742841393969917,1.0423974252631247,346.7118296542192
Michelin_Camión_Long Haul_0044,Camión | Long Haul,Camión_|_Long_Haul_Community_03,Premium Leader,-1.0580529562177619,732.0895297872341,225.02999659574468,105.60506382978723,24817.19,17405871.09,0.6926195670888167,0.9451322772866827,437.71310973609525
Michelin_Camión_Obras / Mixto_0029,Camión | Obras / Mixto,Camión_|_Obras_/_Mixto_Community_01,Competitive Fighter,-0.8276384516660007,695.429035483871,223.88290927419354,121.75891129032257,30196.21,20476541.18,0.6780650535846284,1.208257057157075,494.3910143815951
Michelin_Camión_Obras / Mixto_0050,Camión | Obras / Mixto,Camión_|_Obras_/_Mixto_Community_01,Competitive Fighter,-0.8187521510266894,790.8325116,242.08853919999999,142.6946,35673.65,27391984.31,0.6938814026370638,1.2213708370060847,537.7684209522844
Michelin_Camión_Regional_0005,Camión | Regional,Camión_|_Regional_Community_03,Competitive Fighter,-1.0180382584038166,614.4548682608696,182.65301782608697,168.16013043478262,38676.83,22733617.45,0.7027397336063732,0.9822813550916065,362.069671687867
Michelin_Camión_Regional_0011,Camión | Regional,Camión_|_Regional_Community_01,Competitive Fighter,-1.0755827511760265,656.5681858921163,221.32628630705395,64.98195020746888,15660.65,9886916.89,0.6629043394688315,0.92972855775775,427.09965526919007
Michelin_Coche_Budget_0033,Coche | Budget,Coche_|_Budget_Community_02,Premium Leader,-2.5268003050751826,97.17581896551725,29.967835344827588,259.39,60178.48,5257241.64,0.691612217279469,0.39575743203428415,41.827828904522804
Michelin_Coche_Budget_0035,Coche | Budget,Coche_|_Budget_Community_01,Competitive Fighter,-2.688767806041911,99.90078262711864,23.61088220338983,128.84512711864406,30407.45,2825709.84,0.7636566843373205,0.37191757419621996,32.39218423710728
Michelin_Coche_Eco_0015,Coche | Eco,Coche_|_Eco_Community_01,Competitive Fighter,-1.4009076451809204,180.11170416666667,54.81648833333333,407.084625,97700.31,16936467.06,0.6956528250789921,0.7138229300410841,93.94575464999623
Michelin_Coche_Eco_0053,Coche | Eco,Coche_|_Eco_Community_01,Premium Leader,-1.4149799365769518,197.21088375,61.60957583333333,181.82141666666666,43637.14,8135221.6,0.6875954579087304,0.7067238016244596,105.15052948273708
Michelin_Coche_Eco_0062,Coche | Eco,Coche_|_Eco_Community_02,Premium Leader,-1.5357703747682874,173.0977569105691,56.76101056910569,504.3339430894309,124066.15,20152291.26,0.6720869664508059,0.651139009079321,93.72031874541403
Michelin_Coche_Performance_0021,Coche | Performance,Coche_|_Performance_Community_02,Traffic Driver,-1.0148314806956467,347.9067892116183,113.43353236514523,154.8657676348548,37322.65,12264424.48,0.6739542432552301,0.9853852772822144,225.2092651078749
Michelin_Coche_Performance_0031,Coche | Performance,Coche_|_Performance_Community_01,Traffic Driver,-0.9978885514543722,369.42765541666665,113.666255,48.638083333333334,11673.14,4146451.56,0.6923179590553415,1.0021159161937978,227.5730182696429
Michelin_Coche_Touring_0009,Coche | Touring,Coche_|_Touring_Community_01,Premium Leader,-1.943971583126129,168.18792892561981,45.23170165289256,235.69987603305788,57039.37,9040629.8,0.7310645184715009,0.5144108117012108,68.49937801478403
Michelin_Coche_Touring_0035,Coche | Touring,Coche_|_Touring_Community_01,Competitive Fighter,-1.822717128653743,149.34189349593495,45.033082926829266,156.7911788617886,38570.63,5356867.22,0.698456462063975,0.5486314822413497,69.73964996287323
Michelin_Coche_Touring_0036,Coche | Touring,Coche_|_Touring_Community_02,Competitive Fighter,-1.8110496160224738,167.36569120000001,42.5491296,230.97692,57744.23,9107929.88,0.7457714941758625,0.5521659876973745,66.0433117712476
Michelin_Coche_Touring_0040,Coche | Touring,Coche_|_Touring_Community_01,Traffic Driver,-1.7399028281951614,175.12079437751004,43.35188795180723,96.34413654618473,23989.69,3910839.37,0.752445801163093,0.5747447407952785,68.26815755565462
Michelin_Coche_Touring_0056,Coche | Touring,Coche_|_Touring_Community_01,Premium Leader,-1.9555360834521502,169.25439789915967,49.318904201680674,245.06436974789915,58325.32,9212797.32,0.7086107964469882,0.5113687282285675,74.53904952092067
Michelin_Coche_Touring_0072,Coche | Touring,Coche_|_Touring_Community_01,Traffic Driver,-1.788164004692214,154.66062903225807,44.05419838709677,134.76306451612902,33421.24,4865528.13,0.7151557014687414,0.5592328205779559,68.69075200941373
Michelin_Furgoneta_Reforzado_0026,Furgoneta | Reforzado,Furgoneta_|_Reforzado_Community_03,KVI,-1.0646788476451965,249.62384780701754,56.701167543859654,80.66153508771929,18390.829999999998,4436708.17,0.772853563303395,0.9392503685141769,109.95776005461391
Michelin_Furgoneta_Reforzado_0027,Furgoneta | Reforzado,Furgoneta_|_Reforzado_Community_03,Premium Leader,-1.1124181441508383,257.4815870967742,72.48095201612902,346.89665322580646,86030.37,21068614.75,0.7185004456691999,0.8989425471510514,137.6371636414412
Michelin_Furgoneta_Reforzado_0035,Furgoneta | Reforzado,Furgoneta_|_Reforzado_Community_02,Competitive Fighter,-1.1240707365004792,275.8676092050209,65.348420083682,203.49589958158995,48635.52,12861050.459999999,0.7631167346104921,0.8896237287639538,123.48392522736043
Michelin_Furgoneta_Reforzado_0039,Furgoneta | Reforzado,Furgoneta_|_Reforzado_Community_01,Competitive Fighter,-1.1081635467023296,250.92641322314051,76.27522727272726,164.02533057851238,39694.13,9460233.82,0.6960255148392919,0.9023938776688671,145.10552538143776
Michelin_Furgoneta_Reforzado_0061,Furgoneta | Reforzado,Furgoneta_|_Reforzado_Community_03,Competitive Fighter,-1.0822214527036564,258.8223278481013,76.1273641350211,194.22396624472574,46031.08,11484086.89,0.7058701821903903,0.9240252976890756,146.47097444216863
Michelin_Furgoneta_Reforzado_0079,Furgoneta | Reforzado,Furgoneta_|_Reforzado_Community_02,Premium Leader,-1.2095383759581098,250.83349919028342,68.36246315789474,245.7182995951417,60692.42,14321909.23,0.7274587988503295,0.8267616967571381,124.88192919281313
Michelin_Furgoneta_Standard_0022,Furgoneta | Standard,Furgoneta_|_Standard_Community_01,Premium Leader,-1.4042533736989349,177.18362416666665,60.00745875,273.9317916666667,65743.63,10920782.23,0.661326157921037,0.7121221986926094,102.74010221300605
Michelin_Furgoneta_Standard_0028,Furgoneta | Standard,Furgoneta_|_Standard_Community_03,KVI,-1.2942194799062525,173.47006136363638,52.58086909090909,175.44418181818182,38597.72,6311846.12,0.6968879316835744,0.7726664723609596,93.20834372505524
Michelin_Furgoneta_Standard_0055,Furgoneta | Standard,Furgoneta_|_Standard_Community_02,Premium Leader,-1.404962341797151,172.7008256,51.4094864,339.5754,84893.85,14067287.61,0.7023205521954379,0.7117628496154955,88.00084893733306
Michelin_Furgoneta_Standard_0067,Furgoneta | Standard,Furgoneta_|_Standard_Community_02,Traffic Driver,-1.2241413367912968,161.78330081632652,59.88758979591837,58.52889795918367,14339.58,2237406.36,0.6298283599497757,0.8168991357004469,108.809710139387
Michelin_Furgoneta_Standard_0069,Furgoneta | Standard,Furgoneta_|_Standard_Community_02,Competitive Fighter,-1.3013501069352122,163.26309958333334,54.179964166666664,345.4555833333333,82909.34,12878431.72,0.6681432344176956,0.7684327181983972,95.81362130315009
Michelin_Industrial_Construcción Pesada_0031,Industrial | Construcción Pesada,Industrial_|_Construcción_Pesada_Community_03,Competitive Fighter,-0.8763276751323138,1822.0028256302521,552.901144117647,58.39319327731092,13897.58,24512174.78,0.6965421039199584,1.1411256638095029,1183.8308292199308
Michelin_Industrial_Construcción Pesada_0076,Industrial | Construcción Pesada,Industrial_|_Construcción_Pesada_Community_03,Competitive Fighter,-0.8605108427616801,1846.2318841666668,638.3436208333334,55.02341666666667,13205.62,23077207.43,0.6542451539767106,1.1621004063012739,1380.1630019635766
Michelin_Industrial_Manipulación Ligera_0002,Industrial | Manipulación Ligera,Industrial_|_Manipulación_Ligera_Community_01,Traffic Driver,-1.270789898486804,309.08721072961373,81.46887296137339,127.73669527896996,29762.65,8828210.52,0.7364210807394372,0.7869121411735742,145.57771822240562
Michelin_Industrial_Manipulación Ligera_0016,Industrial | Manipulación Ligera,Industrial_|_Manipulación_Ligera_Community_01,Premium Leader,-1.3308745520712622,309.8113713114754,97.66530081967213,149.9125819672131,36578.67,10771484.72,0.6847588246801882,0.7513856196616604,171.04960339550394
Michelin_Industrial_Manipulación Ligera_0036,Industrial | Manipulación Ligera,Industrial_|_Manipulación_Ligera_Community_03,Premium Leader,-1.3084376107685287,297.6510241666667,91.25443125,222.50875,53402.1,15140931.54,0.6934180505325492,0.764270295939167,160.99748242719787
Michelin_Industrial_Manipulación Ligera_0069,Industrial | Manipulación Ligera,Industrial_|_Manipulación_Ligera_Community_02,Competitive Fighter,-1.2942636680740427,339.0318670886076,104.91623206751055,248.94443037974685,58999.83,19173952.66,0.6905416798471921,0.7726400923299283,185.97871929906006
Michelin_Industrial_Portuario/Especial_0007,Industrial | Portuario/Especial,Industrial_|_Portuario/Especial_Community_02,Traffic Driver,-0.6413939224670568,5155.139725514403,2401.1936543209877,0.6112345679012345,148.53,753459.71,0.5342136620591044,1.5591042649010474,6144.904921626171
Michelin_Industrial_Portuario/Especial_0019,Industrial | Portuario/Especial,Industrial_|_Portuario/Especial_Community_01,Competitive Fighter,-0.6848193411912232,6170.662656118143,2370.0251565400845,1.3221940928270042,313.36,1875341.28,0.6159204791092848,1.4602391314774044,5830.828632705778
Michelin_Industrial_Portuario/Especial_0036,Industrial | Portuario/Especial,Industrial_|_Portuario/Especial_Community_01,Traffic Driver,-0.6437978428911529,5648.818812653061,2512.3468620408166,0.4900408163265306,120.06,660266.09,0.5552438579879231,1.5532826197571934,6414.73157765034
Michelin_Industrial_Portuario/Especial_0037,Industrial | Portuario/Especial,Industrial_|_Portuario/Especial_Community_01,Traffic Driver,-0.6014016760972135,5527.196983261802,2374.6335999999997,0.35643776824034334,83.05,451246.45,0.5703729019987558,1.6627821965669998,6323.132073449802
Michelin_Industrial_Portuario/Especial_0061,Industrial | Portuario/Especial,Industrial_|_Portuario/Especial_Community_02,Traffic Driver,-0.6434421886502654,5152.77132952756,2646.123669685039,0.614251968503937,156.02,783408.87,0.48646592280902684,1.5541411763777537,6758.573422530365
Michelin_Industrial_Portuario/Especial_0076,Industrial | Portuario/Especial,Industrial_|_Portuario/Especial_Community_01,Traffic Driver,-0.6180189287264838,5864.92118649789,2229.7988278481016,0.2451476793248945,58.1,332331.63,0.6198075375707517,1.6180734173638383,5837.777037258161
Michelin_SUV / 4x4_All Terrain (A/T)_0005,SUV / 4x4 | All Terrain (A/T),SUV_/_4x4_|_All_Terrain_(A/T)_Community_01,Premium Leader,-1.3010572401384988,347.79747149122807,100.8496105263158,334.9121052631579,76359.96,25223130.08,0.710033514349861,0.7686056917015803,178.36319518272975
Michelin_SUV / 4x4_All Terrain (A/T)_0013,SUV / 4x4 | All Terrain (A/T),SUV_/_4x4_|_All_Terrain_(A/T)_Community_03,Premium Leader,-1.3329011985406614,368.91717302904567,95.57578215767636,141.05091286307052,33993.27,11820428.77,0.7409288882571171,0.7502431546275589,167.28085846964782
Michelin_SUV / 4x4_All Terrain (A/T)_0043,SUV / 4x4 | All Terrain (A/T),SUV_/_4x4_|_All_Terrain_(A/T)_Community_02,Competitive Fighter,-1.2630559000742325,347.08648393574293,118.143640562249,230.51108433734942,57397.26,18868550.71,0.6596132490595017,0.7917305955668532,211.68157546703463
Michelin_SUV / 4x4_Highway Terrain (H/T)_0049,SUV / 4x4 | Highway Terrain (H/T),SUV_/_4x4_|_Highway_Terrain_(H/T)_Community_01,Competitive Fighter,-1.6105538391469334,236.04237851239668,69.14558719008265,218.50582644628102,52878.41,11879687.1,0.7070628264896457,0.6209044216303088,112.078388012629
Michelin_SUV / 4x4_Highway Terrain (H/T)_0053,SUV / 4x4 | Highway Terrain (H/T),SUV_/_4x4_|_Highway_Terrain_(H/T)_Community_01,Premium Leader,-1.6390627064590284,241.24603723849373,72.35291213389122,280.79472803347284,67109.94,15523798.57,0.7000866295583386,0.6101047849233077,116.4957700299139
Michelin_SUV / 4x4_Highway Terrain (H/T)_0079,SUV / 4x4 | Highway Terrain (H/T),SUV_/_4x4_|_Highway_Terrain_(H/T)_Community_01,Competitive Fighter,-1.5963447620665425,232.96036816326531,64.1028436734694,172.3221224489796,42218.92,9300218.03,0.7248336951951232,0.6264310966920789,104.25885833692172
Michelin_SUV / 4x4_Mud Terrain (M/T)_0021,SUV / 4x4 | Mud Terrain (M/T),SUV_/_4x4_|_Mud_Terrain_(M/T)_Community_02,Competitive Fighter,-0.9872321700761802,369.8711106557377,113.43823524590164,95.21450819672131,23232.34,8172537.19,0.6933033373577377,1.0129329557026434,228.34356216322456
Michelin_SUV / 4x4_Mud Terrain (M/T)_0036,SUV / 4x4 | Mud Terrain (M/T),SUV_/_4x4_|_Mud_Terrain_(M/T)_Community_02,Premium Leader,-1.0005887961844788,402.2145871794871,123.337352991453,226.0498717948718,52895.67,20503368.82,0.6933543513268601,0.9994115502924638,246.6021281536099
Minerva_Agrícola_Implementos_0012,Agrícola | Implementos,Agrícola_|_Implementos_Community_02,Premium Leader,-1.2303609574727066,608.7173798387097,192.36125201612901,71.49157258064515,17729.91,10192458.41,0.6839892232630215,0.8127696136051873,348.70663248988825
Minerva_Agrícola_Premium Radial_0055,Agrícola | Premium Radial,Agrícola_|_Premium_Radial_Community_02,Competitive Fighter,-0.7183723116267821,1620.4397536885244,632.2568479508196,69.86495901639344,17047.05,26732645.08,0.6098239095210757,1.3920358340864518,1512.3810366449097
Minerva_Agrícola_Tractor_0023,Agrícola | Tractor,Agrícola_|_Tractor_Community_03,KVI,-0.9534584852935638,1063.350836437247,356.1503708502024,28.38226720647773,7010.42,7242148.13,0.6650678603465598,1.048813362536814,729.6856388703364
Minerva_Agrícola_Tractor_0071,Agrícola | Tractor,Agrícola_|_Tractor_Community_03,Competitive Fighter,-1.011707900687678,1117.8040729508198,343.4297676229508,59.82327868852459,14596.88,15606091.38,0.6927638967029773,0.9884275879631662,682.8852244692548
Minerva_Camión_Obras / Mixto_0006,Camión | Obras / Mixto,Camión_|_Obras_/_Mixto_Community_03,Traffic Driver,-0.7780854111081597,702.3285452755906,226.05936929133858,165.14728346456695,41947.41,28648508.57,0.6781287464221835,1.2852059500457496,516.5922157681563
Minerva_Camión_Regional_0021,Camión | Regional,Camión_|_Regional_Community_02,Premium Leader,-1.1077522819279637,543.3877679999999,175.68901422222223,168.80435555555556,37980.98,19752914.49,0.676678378556688,0.9027289009593115,334.2885649416737
Minerva_Camión_Regional_0036,Camión | Regional,Camión_|_Regional_Community_01,Traffic Driver,-1.0091568897747663,610.8522105932203,165.34966779661016,82.2564406779661,19412.52,11448434.48,0.7293131383841057,0.9909261980297137,329.19898545178125
Minerva_Coche_Budget_0007,Coche | Budget,Coche_|_Budget_Community_01,Competitive Fighter,-2.736747285744965,90.11419523809523,33.02967261904762,360.45519841269845,90834.71,7323201.01,0.6334687056597658,0.365397274789949,45.098624981251824
Minerva_Coche_Budget_0038,Coche | Budget,Coche_|_Budget_Community_03,Competitive Fighter,-2.5882494140489363,101.68644331983806,29.502062348178136,200.21862348178138,49454.0,4641615.12,0.7098722171314004,0.3863615285961359,40.900524253758746
Minerva_Coche_Budget_0052,Coche | Budget,Coche_|_Budget_Community_02,Premium Leader,-2.508047887061064,95.99537782101167,28.86509571984436,323.94287937743195,83253.32,7161585.15,0.6993074419305394,0.3987164699521755,40.37408479009235
Minerva_Coche_Performance_0000,Coche | Performance,Coche_|_Performance_Community_02,Traffic Driver,-0.9987269639810048,363.1198516129032,103.4680875,58.886008064516126,14603.73,5091812.15,0.715058025496496,1.001274658705439,207.068061498467
Minerva_Coche_Performance_0077,Coche | Performance,Coche_|_Performance_Community_01,Premium Leader,-1.137415475736654,343.7082453125,95.760466796875,358.2607421875,91714.75,30105718.82,0.7213902543716708,0.8791862088497996,179.95174855770662
Minerva_Furgoneta_Standard_0014,Furgoneta | Standard,Furgoneta_|_Standard_Community_02,Traffic Driver,-1.2669594699292135,191.3441909090909,50.03546126482213,173.1809881422925,43814.79,8062717.44,0.7385054595747077,0.7892912312781964,89.5280120941061
Minerva_Furgoneta_Standard_0074,Furgoneta | Standard,Furgoneta_|_Standard_Community_02,Premium Leader,-1.345474056589727,186.2217854771784,53.9618132780083,153.83892116182574,37075.18,6598325.65,0.7102282467127277,0.743232465243236,94.0679847896176
Minerva_Industrial_Construcción Pesada_0023,Industrial | Construcción Pesada,Industrial_|_Construcción_Pesada_Community_03,Traffic Driver,-0.8480286063866724,1852.8255637860084,602.7667131687243,66.32905349794238,16117.96,29021598.48,0.6746770311517891,1.1792055037634352,1313.55253882268
Minerva_Industrial_Construcción Pesada_0055,Industrial | Construcción Pesada,Industrial_|_Construcción_Pesada_Community_02,Competitive Fighter,-0.9352067707634015,2000.2705346938776,673.4467220408163,42.27448979591837,10357.25,20010630.67,0.6633221804950095,1.069282249938918,1393.5513481986095
Minerva_Industrial_Manipulación Ligera_0047,Industrial | Manipulación Ligera,Industrial_|_Manipulación_Ligera_Community_01,KVI,-1.2737271110345856,322.8995577235773,83.48656910569106,130.45963414634147,32093.07,9898314.58,0.7414472485058003,0.7850975231168232,149.0316677240906
Minerva_Industrial_Manipulación Ligera_0070,Industrial | Manipulación Ligera,Industrial_|_Manipulación_Ligera_Community_02,Traffic Driver,-1.232849776009395,284.6247348547718,95.37500456431536,242.42165975103737,58423.62,15925418.66,0.664909641064822,0.8111288329360733,172.73642070784115
Minerva_Industrial_Manipulación Ligera_0075,Industrial | Manipulación Ligera,Industrial_|_Manipulación_Ligera_Community_03,Premium Leader,-1.2969030203467569,348.3395,93.96757439024391,230.18731707317073,56626.08,18847885.64,0.7302414041753982,0.7710676776222073,166.42293374712128
Minerva_SUV / 4x4_Highway Terrain (H/T)_0036,SUV / 4x4 | Highway Terrain (H/T),SUV_/_4x4_|_Highway_Terrain_(H/T)_Community_01,KVI,-1.5864407413944288,226.83117450199202,56.618443824701195,146.85310756972112,36860.13,7959276.4,0.7503939044136811,0.630341855139848,92.30741874029461
Minerva_SUV / 4x4_Mud Terrain (M/T)_0000,SUV / 4x4 | Mud Terrain (M/T),SUV_/_4x4_|_Mud_Terrain_(M/T)_Community_02,Premium Leader,-1.0094230018794033,443.93073719999995,138.84895319999998,190.00035999999997,47500.09,20304015.61,0.6872283408989415,0.9906649621993366,276.4017461732954
Minerva_SUV / 4x4_Mud Terrain (M/T)_0020,SUV / 4x4 | Mud Terrain (M/T),SUV_/_4x4_|_Mud_Terrain_(M/T)_Community_01,KVI,-0.9062557107126348,471.6892871900826,140.62280041322313,116.4742561983471,28186.77,12834956.1,0.7018740848431554,1.1034413225530455,295.79180928230306
Minerva_SUV / 4x4_Mud Terrain (M/T)_0037,SUV / 4x4 | Mud Terrain (M/T),SUV_/_4x4_|_Mud_Terrain_(M/T)_Community_01,Premium Leader,-0.9945831116068707,401.0448375,111.25131893939394,159.19791666666666,42028.25,16350774.69,0.722596307103956,1.0054463908846971,223.10855604816993
Minerva_SUV / 4x4_Mud Terrain (M/T)_0069,SUV / 4x4 | Mud Terrain (M/T),SUV_/_4x4_|_Mud_Terrain_(M/T)_Community_02,Competitive Fighter,-0.9606434118857777,429.7810201754386,135.27079912280703,245.38587719298246,55947.98,23357257.42,0.6852564613774966,1.0409689876881203,276.0835059494385
Nexen_Agrícola_Implementos_0002,Agrícola | Implementos,Agrícola_|_Implementos_Community_01,Premium Leader,-1.2171607910442428,736.4344500000001,173.730131779661,149.19254237288138,35209.44,24538444.35,0.7640928778119206,0.8215841385607456,316.46405243989864
Nexen_Agrícola_Implementos_0035,Agrícola | Implementos,Agrícola_|_Implementos_Community_02,Traffic Driver,-1.1106248583707063,622.0708321568627,205.06609019607845,139.51913725490195,35577.38,21443153.79,0.6703492920813099,0.9003940371612124,389.7063750325908
Nexen_Agrícola_Implementos_0045,Agrícola | Implementos,Agrícola_|_Implementos_Community_01,Traffic Driver,-1.0891900068243219,625.7913858299595,209.32156437246962,46.760850202429154,11549.93,6960313.48,0.6655090352596406,0.9181134547090023,401.5025089835705
Nexen_Agrícola_Premium Radial_0014,Agrícola | Premium Radial,Agrícola_|_Premium_Radial_Community_02,Premium Leader,-0.7749109045635151,1822.9881810126583,621.3951008438818,33.9737552742616,8051.78,14238077.57,0.6591337742526115,1.2904709355758404,1423.2874179921296
Nexen_Agrícola_Premium Radial_0029,Agrícola | Premium Radial,Agrícola_|_Premium_Radial_Community_02,KVI,-0.7187954176228483,1751.4839883064515,640.161133467742,56.83911290322581,14096.1,23905229.11,0.6345035765432672,1.3912164372265095,1530.763824821618
Nexen_Agrícola_Premium Radial_0039,Agrícola | Premium Radial,Agrícola_|_Premium_Radial_Community_02,Traffic Driver,-0.5953311165659768,1796.3936364016736,570.4899133891213,36.3994560669456,8699.47,15325318.33,0.6824248862672102,1.6797374976269634,1528.763212926787
Nexen_Agrícola_Premium Radial_0054,Agrícola | Premium Radial,Agrícola_|_Premium_Radial_Community_02,Traffic Driver,-0.6983548574171586,1743.4202076000001,702.8553336,15.04204,3760.51,6372517.55,0.5968525943796684,1.4319367716556959,1709.2997309361713
Nexen_Agrícola_Tractor_0008,Agrícola | Tractor,Agrícola_|_Tractor_Community_03,Competitive Fighter,-1.008477646834984,1082.9574808,350.0875868,95.41680000000001,23854.2,24814085.44,0.6767300720418089,0.991593619490139,697.2322041335802
Nexen_Agrícola_Tractor_0042,Agrícola | Tractor,Agrícola_|_Tractor_Community_03,Traffic Driver,-0.9371365710475396,1125.4916360869565,400.0947239130435,20.76195652173913,4775.25,5196381.42,0.644515595598676,1.0670803284116754,827.0279333019525
Nexen_Agrícola_Tractor_0064,Agrícola | Tractor,Agrícola_|_Tractor_Community_03,Traffic Driver,-0.9418491174584389,1149.6183795833335,351.67226708333334,76.03704166666667,18248.89,20100746.98,0.6940965164363561,1.0617411870581566,725.0571973918247
Nexen_Agrícola_Tractor_0078,Agrícola | Tractor,Agrícola_|_Tractor_Community_02,Traffic Driver,-0.9369090942082342,1172.1341402489627,396.51685767634854,76.02485477178423,18321.99,20723875.22,0.6617137543727479,1.0673394101752025,819.7349266731472
Nexen_Camión_Long Haul_0003,Camión | Long Haul,Camión_|_Long_Haul_Community_03,KVI,-0.9131065590351276,680.8244506276151,177.6074481171548,201.86811715481173,48246.48,32058947.11,0.7391288636102475,1.0951624321444937,372.116452964115
Nexen_Camión_Long Haul_0045,Camión | Long Haul,Camión_|_Long_Haul_Community_01,KVI,-0.9114617062571503,624.8520124481328,211.30271244813278,160.69850622406636,38728.34,23511831.7,0.6618355894858026,1.0971387970937645,443.1311162061268
Nexen_Camión_Long Haul_0070,Camión | Long Haul,Camión_|_Long_Haul_Community_01,Premium Leader,-1.0010685478919914,697.669106640625,170.56404453125,118.21859375,30263.96,20394429.99,0.7555230081025948,0.9989325926838462,340.94602775349455
Nexen_Camión_Obras / Mixto_0001,Camión | Obras / Mixto,Camión_|_Obras_/_Mixto_Community_03,Premium Leader,-0.8479642770504184,770.1699577405857,229.8940150627615,129.32468619246862,30908.6,23119244.83,0.7015022297971845,1.1792949621397102,501.00686885234677
Nexen_Camión_Obras / Mixto_0069,Camión | Obras / Mixto,Camión_|_Obras_/_Mixto_Community_03,Premium Leader,-0.8750117532090683,737.3116427385892,282.8282813278008,35.14726141078838,8470.49,6033794.8,0.6164060555489201,1.1428417919331284,606.0562611698317
Nexen_Camión_Obras / Mixto_0076,Camión | Obras / Mixto,Camión_|_Obras_/_Mixto_Community_02,Traffic Driver,-0.7807052031749637,785.4428915254236,282.1375563559322,41.43601694915254,9778.9,7458412.16,0.6407917629657486,1.2808932179947188,643.5256388338486
Nexen_Camión_Obras / Mixto_0077,Camión | Obras / Mixto,Camión_|_Obras_/_Mixto_Community_01,Traffic Driver,-0.7653635853902976,758.1326076923076,257.3276724696356,124.09242914979758,30650.83,22514803.22,0.6605769625805707,1.3065685630837132,593.5439197299638
Nexen_Camión_Regional_0016,Camión | Regional,Camión_|_Regional_Community_02,Traffic Driver,-0.94485800015165,602.2814582608696,158.38997565217392,63.76582608695652,14666.14,8564863.26,0.7370166830147218,1.058360092034464,326.0236048607452
Nexen_Camión_Regional_0057,Camión | Regional,Camión_|_Regional_Community_03,Competitive Fighter,-1.0351875402577897,638.3710464435146,158.7387472803347,142.76255230125523,34120.25,20855382.83,0.7513378024196145,0.9660085357586249,312.08173210876924
Nexen_Coche_Budget_0004,Coche | Budget,Coche_|_Budget_Community_02,Premium Leader,-2.531836266622383,108.10967307692307,32.212486324786326,190.7092735042735,44625.97,4412242.36,0.7020388147703838,0.39497024874126563,44.9354600610618
Nexen_Coche_Budget_0047,Coche | Budget,Coche_|_Budget_Community_03,Competitive Fighter,-2.6431250135116504,98.54086582278481,32.157710548523205,451.59734177215194,107028.57,9665221.89,0.673661173158805,0.3783400311706793,44.324259759829154
Nexen_Coche_Eco_0051,Coche | Eco,Coche_|_Eco_Community_01,Competitive Fighter,-1.365531777522304,165.85284291666667,48.5729675,290.4942916666667,69718.63,11007272.03,0.7071321380700983,0.7323154367117366,84.14370140714749
Nexen_Coche_Eco_0060,Coche | Eco,Coche_|_Eco_Community_01,KVI,-1.3616158340129474,200.87240244897959,49.672066122448975,217.73469387755102,53345.0,10118084.85,0.7527183151251183,0.7344215416861046,86.15230150283207
Nexen_Coche_Eco_0067,Coche | Eco,Coche_|_Eco_Community_02,Traffic Driver,-1.368176334382994,201.42181673469386,59.416181632653064,185.36179591836733,45413.64,8751034.68,0.7050161566613506,0.7308999394810974,102.84346519215707
Nexen_Coche_Performance_0050,Coche | Performance,Coche_|_Performance_Community_01,Premium Leader,-1.1171911008480766,394.9777604255319,91.62513361702128,100.78434042553191,23684.32,9024464.55,0.7680245755651955,0.8951020100687205,173.63897489043214
Nexen_Coche_Touring_0023,Coche | Touring,Coche_|_Touring_Community_01,Premium Leader,-1.9136310174663482,180.60627936507936,47.0771376984127,195.58928571428572,49288.5,8452757.17,0.7393383116915303,0.5225667805719424,71.67808598401425
Nexen_Coche_Touring_0070,Coche | Touring,Coche_|_Touring_Community_01,Competitive Fighter,-1.842548625241709,171.76651234042555,40.039216595744676,120.41970212765958,28298.63,4665456.37,0.7668974234256407,0.542726518204543,61.769561210390734
Nexen_Furgoneta_Reforzado_0038,Furgoneta | Reforzado,Furgoneta_|_Reforzado_Community_01,Premium Leader,-1.1484608101315534,256.7338593220339,77.00834406779661,234.5856779661017,55362.22,13522253.71,0.7000460154684885,0.8707306258760823,144.06186769562984
Nexen_Furgoneta_Reforzado_0043,Furgoneta | Reforzado,Furgoneta_|_Reforzado_Community_03,Competitive Fighter,-1.0673395196758757,223.21825588235296,53.90934747899159,154.42974789915965,36754.28,7920923.75,0.7584904188687664,0.936908998088701,104.41750021314924
Nexen_Furgoneta_Reforzado_0053,Furgoneta | Reforzado,Furgoneta_|_Reforzado_Community_03,Premium Leader,-1.1717514596399232,245.28097130801686,62.603326582278484,170.28535864978903,40357.63,9494348.38,0.7447689225608007,0.8534233021628135,116.03046428050362
Nexen_Furgoneta_Standard_0047,Furgoneta | Standard,Furgoneta_|_Standard_Community_03,Premium Leader,-1.4117528752809407,181.43837848101265,57.19899282700422,245.2781434599156,58130.92,9915868.77,0.6847470016769907,0.7083392692230208,97.7152856063772
Nexen_Industrial_Construcción Pesada_0007,Industrial | Construcción Pesada,Industrial_|_Construcción_Pesada_Community_01,Premium Leader,-0.94719496184893,1939.6906680497925,610.2755804979254,61.1,14725.1,27391597.990000002,0.6853747916870118,1.0557488587650363,1254.5733281407802
Nexen_Industrial_Construcción Pesada_0059,Industrial | Construcción Pesada,Industrial_|_Construcción_Pesada_Community_01,Traffic Driver,-0.8613419172415768,1870.4535282157676,661.1461796680499,22.483195020746887,5418.45,9872794.6,0.6465316193668177,1.1609791419445505,1428.72310403898
Nexen_Industrial_Construcción Pesada_0061,Industrial | Construcción Pesada,Industrial_|_Construcción_Pesada_Community_01,KVI,-0.8789869189099153,1741.2625726495726,628.6198115384615,17.924358974358974,4194.3,7059098.2,0.6389862037969787,1.1376733583705207,1343.7838236696668
Nexen_Industrial_Manipulación Ligera_0037,Industrial | Manipulación Ligera,Industrial_|_Manipulación_Ligera_Community_02,Competitive Fighter,-1.2991334895257882,339.64226270491804,93.42490040983607,213.9115163934426,52194.409999999996,16833500.6,0.7249314626931341,0.769743839307092,165.338141938186
Nexen_SUV / 4x4_All Terrain (A/T)_0007,SUV / 4x4 | All Terrain (A/T),SUV_/_4x4_|_All_Terrain_(A/T)_Community_01,Premium Leader,-1.3235803200293272,311.0542947368421,118.86975910931174,270.27955465587047,66759.05,19904740.19,0.6178488414381873,0.7555264949677118,208.6790115668263
Nexen_SUV / 4x4_All Terrain (A/T)_0021,SUV / 4x4 | All Terrain (A/T),SUV_/_4x4_|_All_Terrain_(A/T)_Community_01,KVI,-1.2098784952523747,357.4505959349594,84.21376585365854,81.16069105691057,19965.53,6817661.76,0.7644044608923191,0.8265292787036478,153.81890900160082
Nexen_SUV / 4x4_All Terrain (A/T)_0024,SUV / 4x4 | All Terrain (A/T),SUV_/_4x4_|_All_Terrain_(A/T)_Community_01,Competitive Fighter,-1.2216234702821989,345.05742890625,106.394176953125,117.7852734375,30153.03,9907952.12,0.6916624073552937,0.8185828320480752,193.48662363683812
Nexen_SUV / 4x4_All Terrain (A/T)_0025,SUV / 4x4 | All Terrain (A/T),SUV_/_4x4_|_All_Terrain_(A/T)_Community_03,Competitive Fighter,-1.2376706027956674,365.8039431451613,94.58575887096774,172.2775,42724.82,14972842.76,0.7414304557306716,0.8079694207337447,171.00815967560519
Nexen_SUV / 4x4_All Terrain (A/T)_0040,SUV / 4x4 | All Terrain (A/T),SUV_/_4x4_|_All_Terrain_(A/T)_Community_04,Traffic Driver,-1.2165984007961157,316.3366459016394,118.57514918032787,227.9831967213115,55627.9,16817534.88,0.6251615147452844,0.8219639277395249,216.0396445328903
Nexen_SUV / 4x4_Highway Terrain (H/T)_0011,SUV / 4x4 | Highway Terrain (H/T),SUV_/_4x4_|_Highway_Terrain_(H/T)_Community_01,Competitive Fighter,-1.610688602467894,238.42634136546184,71.77786827309237,302.84574297188755,75408.59,16812287.14,0.6989516013120771,0.6208524717116654,116.3413352046361
Nexen_SUV / 4x4_Mud Terrain (M/T)_0048,SUV / 4x4 | Mud Terrain (M/T),SUV_/_4x4_|_Mud_Terrain_(M/T)_Community_01,Traffic Driver,-0.8705871006939392,441.4058922764228,107.80029552845528,70.95044715447155,17453.81,7543269.19,0.7557796635370985,1.1486501456349476,231.62512068670583
Nokian_Agrícola_Implementos_0011,Agrícola | Implementos,Agrícola_|_Implementos_Community_02,Premium Leader,-1.2198978549505957,645.4626016736402,215.42413933054394,160.92246861924687,38460.47,23885918.78,0.6662484568866361,0.819740764312188,392.0160879566593
Nokian_Agrícola_Implementos_0014,Agrícola | Implementos,Agrícola_|_Implementos_Community_01,Premium Leader,-1.230375053589026,708.6915781659388,196.5487148471616,82.367903930131,18862.25,12665145.45,0.7226597282899557,0.8127603018957367,356.2957076635597
Nokian_Agrícola_Implementos_0067,Agrícola | Implementos,Agrícola_|_Implementos_Community_01,Competitive Fighter,-1.1373577586515773,568.9217089361701,169.64340936170214,218.72374468085107,51400.08,27920522.55,0.7018158971663794,0.8792308245961015,318.79912406208547
Nokian_Agrícola_Implementos_0068,Agrícola | Implementos,Agrícola_|_Implementos_Community_02,Premium Leader,-1.2648868082945308,683.7589351239669,198.0748694214876,181.78723140495867,43992.51,28314463.169999998,0.7103147626354949,0.7905845751908169,354.6698059190509
Nokian_Agrícola_Implementos_0078,Agrícola | Implementos,Agrícola_|_Implementos_Community_01,Competitive Fighter,-1.1595168297338265,645.3737133333333,180.31697291666666,125.73741666666666,30176.98,18302470.89,0.7206006857866342,0.8624281893601798,335.82741338009606
Nokian_Agrícola_Implementos_0079,Agrícola | Implementos,Agrícola_|_Implementos_Community_02,Premium Leader,-1.2494292981933155,622.6448748953975,200.0448610878661,187.4571548117155,44802.26,26381406.78,0.6787175657368527,0.8003654159911312,360.1538495493441
Nokian_Agrícola_Premium Radial_0008,Agrícola | Premium Radial,Agrícola_|_Premium_Radial_Community_01,KVI,-0.7037811384863112,1923.8982581589958,672.7389719665272,18.626066945606695,4451.63,8318162.51,0.6503250787230921,1.42089627771326,1628.631273106411
Nokian_Agrícola_Tractor_0025,Agrícola | Tractor,Agrícola_|_Tractor_Community_03,Premium Leader,-1.0482116022308812,1214.4376690987124,386.41907854077255,62.7019313304721,14609.55,16985959.98,0.6818123413220943,0.9540058494599052,755.065139811576
Nokian_Agrícola_Tractor_0026,Agrícola | Tractor,Agrícola_|_Tractor_Community_02,Competitive Fighter,-1.004866495515303,1188.9119823045269,354.418170781893,24.448395061728394,5940.96,6901114.73,0.7018970486823535,0.9951570725693193,707.1199200825747
Nokian_Agrícola_Tractor_0032,Agrícola | Tractor,Agrícola_|_Tractor_Community_01,Premium Leader,-0.9510771719769197,1082.5581124999999,352.4262702586207,85.54038793103447,19845.37,20904657.3,0.6744504833604296,1.0514393883741198,722.9811323063171
Nokian_Camión_Long Haul_0007,Camión | Long Haul,Camión_|_Long_Haul_Community_03,KVI,-0.9067024533216558,751.8154708,221.9336488,156.96884,39242.21,28731140.6,0.7048030302384674,1.1028976444660028,466.7037472892651
Nokian_Camión_Long Haul_0058,Camión | Long Haul,Camión_|_Long_Haul_Community_03,Premium Leader,-1.0082180074213183,693.9455582978723,207.38830000000002,145.31897872340426,34149.96,22973334.08,0.7011461525761654,0.9918489777401048,413.08617335025826
Nokian_Camión_Long Haul_0078,Camión | Long Haul,Camión_|_Long_Haul_Community_03,Competitive Fighter,-0.9372658914666198,683.2765081632654,158.62090040816327,97.82689795918367,23967.59,15942606.08,0.7678525479610641,1.0669330966853119,327.85878887965737
Nokian_Camión_Obras / Mixto_0033,Camión | Obras / Mixto,Camión_|_Obras_/_Mixto_Community_02,Competitive Fighter,-0.82058396109803,736.8402992031873,228.68885657370518,124.23501992031873,31182.99,22433552.51,0.6896357910648925,1.2186443403815643,507.3792373455822
Nokian_Camión_Obras / Mixto_0071,Camión | Obras / Mixto,Camión_|_Obras_/_Mixto_Community_01,Traffic Driver,-0.7762238656864376,779.6611887966806,207.4958062240664,102.2546887966805,24643.38,18694640.79,0.7338641332854943,1.2882881398083148,474.81019244249546
Nokian_Camión_Regional_0031,Camión | Regional,Camión_|_Regional_Community_03,Premium Leader,-1.1364487766307134,631.3981333333334,181.97789610389611,162.51402597402597,37540.74,22597306.65,0.7117858186510908,0.8799340723167041,342.1064472942235
Nokian_Camión_Regional_0054,Camión | Regional,Camión_|_Regional_Community_03,Premium Leader,-1.0603210082283692,583.1205253012048,160.715078313253,111.87136546184739,27855.97,15589014.92,0.7243878900845802,0.9431106167280829,312.2871749387672
Nokian_Camión_Regional_0064,Camión | Regional,Camión_|_Regional_Community_02,Competitive Fighter,-1.0998731092146399,593.5124278969956,179.71087639484978,93.01751072961375,21673.08,12483431.33,0.6972078966709714,0.9091957896070813,343.1032485596458
Nokian_Camión_Regional_0076,Camión | Regional,Camión_|_Regional_Community_02,Traffic Driver,-1.018724847701165,626.7710911290322,166.0743879032258,143.9020564516129,35687.71,21537195.16,0.735031831790346,0.9816193275903506,329.0962168867694
Nokian_Coche_Budget_0002,Coche | Budget,Coche_|_Budget_Community_01,KVI,-2.6707593857421568,98.40954649122807,27.41694166666667,191.83008771929826,43737.26,3903343.15,0.7213995730677355,0.37442534334560346,37.682539463694724
Nokian_Coche_Budget_0058,Coche | Budget,Coche_|_Budget_Community_01,Competitive Fighter,-2.6941722561420316,93.10071687242798,31.586806172839506,423.9859259259259,103028.58,8745729.21,0.6607243506393019,0.37117151574857654,43.310928897668845
Nokian_Coche_Performance_0033,Coche | Performance,Coche_|_Performance_Community_01,Competitive Fighter,-1.0944382634133034,365.1235556962025,110.15775864978903,183.42675105485233,43472.14,15325149.23,0.6983000495825453,0.9137107440681286,210.81008627056508
Nokian_Coche_Performance_0039,Coche | Performance,Coche_|_Performance_Community_01,Premium Leader,-1.1037613929875403,346.07813781512607,118.09331344537816,223.4142857142857,53172.6,17717013.54,0.6587669068293956,0.905992913281112,225.08501853277582
Nokian_Coche_Performance_0040,Coche | Performance,Coche_|_Performance_Community_02,Premium Leader,-1.1780016728342673,349.6815086065574,121.99940081967213,265.2050819672131,64710.04,21612243.42,0.6511128046037481,0.8488952291502303,225.56411013467851
Nokian_Coche_Touring_0050,Coche | Touring,Coche_|_Touring_Community_02,Premium Leader,-1.8198745310437174,150.9939093220339,50.839488559322035,261.28775423728814,61663.91,8822093.96,0.6633010643436381,0.5494884306263077,78.77519934162802
Nokian_Coche_Touring_0063,Coche | Touring,Coche_|_Touring_Community_01,Competitive Fighter,-1.820719079883978,165.78156470588235,46.35194201680672,127.94340336134454,30450.53,4720642.4,0.720403519540662,0.5492335479143345,71.80998358341698
Nokian_Furgoneta_Reforzado_0037,Furgoneta | Reforzado,Furgoneta_|_Reforzado_Community_02,Competitive Fighter,-1.0962331725719106,235.74867357723576,75.28575325203252,265.23337398373985,65247.41,14868581.83,0.6806524842339464,0.9122146866381222,143.96252306315037
Nokian_Furgoneta_Reforzado_0046,Furgoneta | Reforzado,Furgoneta_|_Reforzado_Community_03,Competitive Fighter,-1.066980767146199,279.4452008547009,65.68543760683761,75.26205128205127,17611.32,4743722.08,0.7649434042669743,0.9372240163940825,127.24740725932087
Nokian_Furgoneta_Reforzado_0072,Furgoneta | Reforzado,Furgoneta_|_Reforzado_Community_03,Competitive Fighter,-1.0777493575371517,243.2990656779661,77.34362288135594,254.56305084745762,60076.88,14016815.32,0.6821047270944764,0.9278595185481504,149.10763957082057
Nokian_Furgoneta_Standard_0010,Furgoneta | Standard,Furgoneta_|_Standard_Community_01,Premium Leader,-1.4152372807169085,181.49001293103447,48.508141379310345,442.58603448275863,102679.96,17631944.7,0.7327228060877197,0.7065952922703082,82.78376571471357
Nokian_Furgoneta_Standard_0015,Furgoneta | Standard,Furgoneta_|_Standard_Community_03,Traffic Driver,-1.2335899399909749,171.30677362204725,58.39869960629922,264.6415354330708,67218.95,10976210.7,0.6590987129607391,0.8106421490493966,105.73914695683976
Nokian_Furgoneta_Standard_0020,Furgoneta | Standard,Furgoneta_|_Standard_Community_01,Traffic Driver,-1.3159001515724509,184.4914869747899,53.1841180672269,270.4968067226891,64378.24,11367977.14,0.7117258961954471,0.7599360778285783,93.60064815400735
Nokian_Furgoneta_Standard_0032,Furgoneta | Standard,Furgoneta_|_Standard_Community_02,Traffic Driver,-1.1710059551448808,169.83954083333336,62.49539791666667,51.17108333333333,12281.06,1996977.99,0.6320326962141606,0.8539666221221536,115.86438177374238
Nokian_Furgoneta_Standard_0042,Furgoneta | Standard,Furgoneta_|_Standard_Community_01,Competitive Fighter,-1.362535356704175,180.27792510288066,50.35284773662551,199.09226337448558,48379.42,8225008.75,0.7206932146135461,0.7339259088431227,87.30810727456776
Nokian_Furgoneta_Standard_0056,Furgoneta | Standard,Furgoneta_|_Standard_Community_03,Competitive Fighter,-1.3216204075617268,167.58364170212766,58.93518936170213,175.19782978723404,41171.49,6566583.15,0.6483237339688753,0.756646911835231,103.52831839065861
Nokian_Furgoneta_Standard_0061,Furgoneta | Standard,Furgoneta_|_Standard_Community_02,Premium Leader,-1.3705257216332276,185.49056666666667,57.781741869918704,300.9878048780488,74043.0,13059468.2,0.6884922888086562,0.7296470137082289,99.94201727216462
Nokian_Furgoneta_Standard_0063,Furgoneta | Standard,Furgoneta_|_Standard_Community_03,KVI,-1.306772836645394,185.3408740585774,45.44413598326359,237.45489539748954,56751.72,10173385.34,0.754807803653171,0.7652439444387993,80.21998585470939
Nokian_Industrial_Construcción Pesada_0018,Industrial | Construcción Pesada,Industrial_|_Construcción_Pesada_Community_02,KVI,-0.9201665272939975,1920.3425479674795,660.5770817073171,56.02654471544716,13782.53,25503247.31,0.6560108078600444,1.0867598095974809,1378.4657052480206
Nokian_Industrial_Construcción Pesada_0021,Industrial | Construcción Pesada,Industrial_|_Construcción_Pesada_Community_03,KVI,-0.8610545515159009,1839.7366878787877,769.8781575757577,26.75212121212121,6179.74,10977342.53,0.5815280726594492,1.1613666035903105,1663.988938617881
Nokian_Industrial_Construcción Pesada_0034,Industrial | Construcción Pesada,Industrial_|_Construcción_Pesada_Community_03,Premium Leader,-0.8938935476669936,1988.2929703703703,622.3777497942388,47.46296296296296,11533.5,22092360.11,0.6869788511708589,1.1187014411390905,1318.6326354219577
Nokian_Industrial_Construcción Pesada_0047,Industrial | Construcción Pesada,Industrial_|_Construcción_Pesada_Community_01,Competitive Fighter,-0.9135272176847465,2026.0105129707113,577.8052238493724,27.549456066945606,6584.32,12787468.05,0.7148064039400543,1.0946581345812674,1210.304412339638
Nokian_Industrial_Manipulación Ligera_0003,Industrial | Manipulación Ligera,Industrial_|_Manipulación_Ligera_Community_01,Traffic Driver,-1.2579385363056845,311.8054869198312,97.53985063291138,382.31029535864974,90607.54,26962808.87,0.6871772475960629,0.7949513995626537,175.07929140667648
Nokian_Industrial_Manipulación Ligera_0014,Industrial | Manipulación Ligera,Industrial_|_Manipulación_Ligera_Community_03,Premium Leader,-1.3055188767913504,343.24235234042555,78.2211714893617,84.42642553191489,19840.21,6413593.72,0.7721109561334597,0.7659789665069862,138.1369435857487
Nokian_Industrial_Manipulación Ligera_0031,Industrial | Manipulación Ligera,Industrial_|_Manipulación_Ligera_Community_02,Competitive Fighter,-1.288721718039741,371.51024145299147,91.20892051282051,214.77478632478633,50257.3,17733691.35,0.7544915043092789,0.7759627125094841,161.98364187901063
Nokian_Industrial_Manipulación Ligera_0034,Industrial | Manipulación Ligera,Industrial_|_Manipulación_Ligera_Community_02,Competitive Fighter,-1.292782150895183,292.4055112970711,81.95702635983262,256.51435146443515,61306.93,17100326.95,0.7197144951328639,0.7735255312022626,145.35287871058
Nokian_Industrial_Manipulación Ligera_0059,Industrial | Manipulación Ligera,Industrial_|_Manipulación_Ligera_Community_01,Premium Leader,-1.3828266535599958,346.5966918367347,85.76859102040817,199.89473469387755,48974.21,16017755.34,0.7525406530400189,0.7231564400538318,147.7926999711596
Nokian_Industrial_Manipulación Ligera_0064,Industrial | Manipulación Ligera,Industrial_|_Manipulación_Ligera_Community_03,Premium Leader,-1.3171967409936596,290.69831052631577,87.8296906882591,315.29093117408905,77876.86,21506210.17,0.6978665251640386,0.7591880308218995,154.50894060957506
Nokian_Industrial_Manipulación Ligera_0076,Industrial | Manipulación Ligera,Industrial_|_Manipulación_Ligera_CoherentCommunity,Premium Leader,-1.3596229858305755,338.83941952191236,82.23541434262948,124.31641434262947,31203.42,9865623.31,0.7573026938286576,0.7354980096847313,142.7193979172327
Nokian_Industrial_Portuario/Especial_0004,Industrial | Portuario/Especial,Industrial_|_Portuario/Especial_Community_01,Traffic Driver,-0.6424406954220102,4493.979220161291,2214.497440725807,0.6931048387096774,171.89000000000001,753683.76,0.5072301556734106,1.5565639087404233,5661.504232957632
Nokian_Industrial_Portuario/Especial_0017,Industrial | Portuario/Especial,Industrial_|_Portuario/Especial_Community_01,Competitive Fighter,-0.6883252687262935,5161.600002892562,2644.83787107438,1.3403719008264463,324.37,1632776.93,0.48759340716207916,1.452801524852404,6487.262363158626
Nokian_Industrial_Portuario/Especial_0072,Industrial | Portuario/Especial,Industrial_|_Portuario/Especial_Community_02,Premium Leader,-0.7196673544781901,4894.348768510638,2793.3752489361705,1.9432340425531915,456.66,2168950.64,0.4292651829578951,1.3895308628040672,6674.856368725973
Nokian_SUV / 4x4_All Terrain (A/T)_0019,SUV / 4x4 | All Terrain (A/T),SUV_/_4x4_|_All_Terrain_(A/T)_Community_02,Traffic Driver,-1.1698211691226517,391.5823131474104,114.00146175298805,126.16956175298806,31668.56,12001175.77,0.7088697371526266,0.8548315130508238,211.45350379330046
Nokian_SUV / 4x4_All Terrain (A/T)_0044,SUV / 4x4 | All Terrain (A/T),SUV_/_4x4_|_All_Terrain_(A/T)_Community_01,Premium Leader,-1.2985159076960378,336.0921595041322,110.14693801652894,246.7535950413223,59714.37,19082989.37,0.6722716228220292,0.7701099340202187,194.97218918496714
Nokian_SUV / 4x4_All Terrain (A/T)_0045,SUV / 4x4 | All Terrain (A/T),SUV_/_4x4_|_All_Terrain_(A/T)_Community_01,Competitive Fighter,-1.2671226897781023,351.1938913043478,104.55055494071146,279.2169169960475,70641.88,23503617.53,0.7022996198697915,0.7891895615689112,187.06076155615793
Nokian_SUV / 4x4_All Terrain (A/T)_0058,SUV / 4x4 | All Terrain (A/T),SUV_/_4x4_|_All_Terrain_(A/T)_Community_01,Traffic Driver,-1.1948486390218247,334.9221129707113,97.77528326359834,148.2202928870293,35424.65,11429349.61,0.708065608459395,0.8369260903361454,179.60596881691083
Nokian_SUV / 4x4_All Terrain (A/T)_0064,SUV / 4x4 | All Terrain (A/T),SUV_/_4x4_|_All_Terrain_(A/T)_Community_04,Competitive Fighter,-1.2632370669911148,344.8067662650602,108.73267349397591,217.14626506024095,54069.42,17936459.42,0.6846562070931322,0.791617049665812,194.80731168755315
Nokian_SUV / 4x4_Highway Terrain (H/T)_0002,SUV / 4x4 | Highway Terrain (H/T),SUV_/_4x4_|_Highway_Terrain_(H/T)_Community_03,Competitive Fighter,-1.6015383391191909,264.9410779116466,57.4642265060241,137.94722891566266,34348.86,8575882.35,0.7831056363211919,0.6243996634822847,93.34487019865533
Nokian_SUV / 4x4_Highway Terrain (H/T)_0069,SUV / 4x4 | Highway Terrain (H/T),SUV_/_4x4_|_Highway_Terrain_(H/T)_Community_02,Competitive Fighter,-1.6197301487670661,242.40601391304347,61.484165652173914,88.41591304347826,20335.66,4622300.47,0.7463587447371265,0.6173867917203351,99.44367742577118
Nokian_SUV / 4x4_Mud Terrain (M/T)_0050,SUV / 4x4 | Mud Terrain (M/T),SUV_/_4x4_|_Mud_Terrain_(M/T)_Community_01,Premium Leader,-0.9735663730294349,427.3642148594377,103.66025943775101,83.71341365461848,20844.64,8519512.43,0.7574428184824848,1.027151335237999,210.13503333035436
Nokian_SUV / 4x4_Mud Terrain (M/T)_0064,SUV / 4x4 | Mud Terrain (M/T),SUV_/_4x4_|_Mud_Terrain_(M/T)_Community_02,KVI,-0.943878713795384,397.84070921658986,134.31605299539171,197.08391705069124,42767.21,16463087.36,0.6623873578451012,1.059458154299242,276.6182905946486
Nokian_SUV / 4x4_Mud Terrain (M/T)_0075,SUV / 4x4 | Mud Terrain (M/T),SUV_/_4x4_|_Mud_Terrain_(M/T)_Community_02,Premium Leader,-1.0443475338941495,467.2682751072962,129.56905278969958,123.4325321888412,28759.78,12851467.66,0.7227095018168153,0.9575356550814201,253.6360406309637
Pirelli_Agrícola_Implementos_0029,Agrícola | Implementos,Agrícola_|_Implementos_Community_01,Premium Leader,-1.2347237528982564,643.9075628458498,190.8912324110672,164.81833992094863,41699.04,25535237.7,0.7035424905286193,0.8098977586303889,345.4936136829832
Pirelli_Agrícola_Implementos_0059,Agrícola | Implementos,Agrícola_|_Implementos_Community_01,Traffic Driver,-1.0810222602836237,594.490972244898,180.52066285714287,108.57073469387754,26599.829999999998,15149843.26,0.6963441477076322,0.9250503312833113,347.5113618366258
Pirelli_Agrícola_Premium Radial_0007,Agrícola | Premium Radial,Agrícola_|_Premium_Radial_Community_03,Traffic Driver,-0.68811434724007,1839.8696911392406,659.1952632911392,34.028270042194094,8064.7,14481447.15,0.641716331071812,1.453246839004098,1617.1686959554615
Pirelli_Agrícola_Premium Radial_0016,Agrícola | Premium Radial,Agrícola_|_Premium_Radial_Community_03,Premium Leader,-0.8419050768688519,1792.8920085470086,630.5683286324786,63.56867521367521,14875.07,26113908.9,0.6482954212376113,1.1877823610698757,1379.5462668314492
Pirelli_Agrícola_Premium Radial_0053,Agrícola | Premium Radial,Agrícola_|_Premium_Radial_Community_02,Premium Leader,-0.7679816394460939,1691.1914483333335,539.0582854166666,18.45266666666667,4428.64,7269013.3,0.681255315033725,1.3021144629463397,1240.9738752287642
Pirelli_Agrícola_Premium Radial_0056,Agrícola | Premium Radial,Agrícola_|_Premium_Radial_Community_02,Competitive Fighter,-0.7456429130605371,1808.31687854251,667.2586732793523,46.480445344129556,11480.67,20194525.89,0.6310056709656121,1.341124528221476,1562.1356466828115
Pirelli_Agrícola_Premium Radial_0064,Agrícola | Premium Radial,Agrícola_|_Premium_Radial_Community_03,Premium Leader,-0.7912371730244929,1888.99908220339,540.1573148305085,42.63203389830508,10061.16,18424332.88,0.7140510443231918,1.2638435529735212,1222.8316547705354
Pirelli_Agrícola_Premium Radial_0072,Agrícola | Premium Radial,Agrícola_|_Premium_Radial_Community_02,Premium Leader,-0.7982690839287359,1801.225293248945,587.8679299578059,68.66725738396624,16274.14,28280436.03,0.6736288724341395,1.2527104207498951,1324.2962118406188
Pirelli_Agrícola_Premium Radial_0078,Agrícola | Premium Radial,Agrícola_|_Premium_Radial_Community_03,Competitive Fighter,-0.7514398992865742,1805.519412236287,770.7548447257384,23.551856540084387,5581.79,9773316.77,0.5731118483123402,1.3307784174747863,1796.4587572508813
Pirelli_Agrícola_Tractor_0070,Agrícola | Tractor,Agrícola_|_Tractor_Community_01,Premium Leader,-1.041422984599086,1043.9762519148937,388.6047889361702,93.19421276595745,21900.64,21988474.62,0.62776472336092,0.9602246299422394,761.7526785861863
Pirelli_Agrícola_Tractor_0074,Agrícola | Tractor,Agrícola_|_Tractor_Community_02,Premium Leader,-1.0769098255578333,1369.8455466942148,372.10480454545456,89.89818181818183,21755.36,28470587.4,0.7283600290241203,0.9285828546340967,717.6349461733354
Pirelli_Agrícola_Tractor_0076,Agrícola | Tractor,Agrícola_|_Tractor_Community_02,Competitive Fighter,-0.9759607371374939,1376.954163948498,428.90680000000003,27.134935622317595,6322.44,8363807.19,0.6885104738925483,1.0246313831568814,868.3781677293921
Pirelli_Camión_Long Haul_0033,Camión | Long Haul,Camión_|_Long_Haul_Community_03,KVI,-0.8955996705244238,589.6610813559322,188.86847669491524,168.43711864406782,39751.16,22900207.35,0.6796999451606844,1.1165703080422573,399.75340989762867
Pirelli_Camión_Obras / Mixto_0043,Camión | Obras / Mixto,Camión_|_Obras_/_Mixto_Community_03,Premium Leader,-0.8484567837108397,762.8856835497835,233.96892207792206,136.45883116883118,31521.99,23243202.54,0.693310639951662,1.1786104126911046,509.7271298850746
Pirelli_Camión_Obras / Mixto_0044,Camión | Obras / Mixto,Camión_|_Obras_/_Mixto_Community_02,Premium Leader,-0.8550257631948838,754.2850491304348,206.08859478260868,128.01313043478262,29443.02,21343906.47,0.7267762432515472,1.1695554017733998,447.12062405449797
Pirelli_Camión_Obras / Mixto_0058,Camión | Obras / Mixto,Camión_|_Obras_/_Mixto_Community_03,Competitive Fighter,-0.811712819765377,820.0433531914894,227.74616170212767,51.36434042553192,12070.62,9642918.78,0.7222754616377625,1.2319628021755857,508.3209612574149
Pirelli_Camión_Obras / Mixto_0079,Camión | Obras / Mixto,Camión_|_Obras_/_Mixto_Community_02,KVI,-0.7812725882111714,738.5394740425533,203.75288127659576,131.46659574468086,30894.65,22120394.21,0.7241137563557559,1.27996299254481,464.5490289350147
Pirelli_Camión_Regional_0024,Camión | Regional,Camión_|_Regional_Community_01,KVI,-1.0111569516327077,602.6359974789915,182.20896974789915,168.15714285714287,40021.4,23228898.69,0.697646721221211,0.9889661524705016,362.407473505093
Pirelli_Camión_Regional_0061,Camión | Regional,Camión_|_Regional_Community_02,Traffic Driver,-1.0078789639195396,590.3386163934426,182.7489,52.52077868852459,12815.07,7238094.45,0.6904337698311719,0.9921826288655742,364.0691840242919
Pirelli_Camión_Regional_0072,Camión | Regional,Camión_|_Regional_Community_01,Premium Leader,-1.1416382775923466,647.3191104602511,192.11803305439332,150.93887029288703,36074.39,22513718.8,0.7032096998993351,0.8759341900386749,360.40078672971674
Pirelli_Coche_Budget_0010,Coche | Budget,Coche_|_Budget_Community_03,Premium Leader,-2.659937535272685,90.62263765182186,32.70092429149798,297.12769230769226,73390.54,6113967.81,0.639152808406029,0.3759486780194199,44.99479354889978
Pirelli_Coche_Budget_0025,Coche | Budget,Coche_|_Budget_Community_02,Premium Leader,-2.5224777321680785,105.279537109375,21.852705859375,140.8304296875,36052.59,3490603.16,0.7924315925071724,0.3964356106091357,30.51589665019816
Pirelli_Coche_Budget_0079,Coche | Budget,Coche_|_Budget_Community_02,Premium Leader,-2.581032307707627,100.3596905882353,28.89194274509804,154.09133333333332,39293.29,3613376.38,0.7121160639719538,0.38744187626545495,40.08589125121292
Pirelli_Coche_Eco_0006,Coche | Eco,Coche_|_Eco_Community_02,KVI,-1.3875355568464889,187.35049527559056,45.93815984251969,138.16173228346457,35093.08,6266631.5,0.7548009693011745,0.7207022516040905,79.04589507557225
Pirelli_Coche_Eco_0011,Coche | Eco,Coche_|_Eco_Community_02,Traffic Driver,-1.3535277288077867,199.2720201754386,50.897234210526314,80.7455701754386,18409.99,3495550.42,0.7445841409861931,0.738810132010239,88.50062653656131
Pirelli_Coche_Eco_0016,Coche | Eco,Coche_|_Eco_Community_02,Premium Leader,-1.46410862818791,196.67964763948498,49.15427510729614,98.50291845493562,22951.18,4184169.75,0.7500795039179843,0.6830094302754534,82.72710854393337
Pirelli_Coche_Eco_0078,Coche | Eco,Coche_|_Eco_Community_02,Competitive Fighter,-1.4147180336259855,184.2579168032787,52.22794139344263,170.7345491803279,41659.23,7153406.34,0.7165498107242615,0.7068546355042604,89.1455038702424
Pirelli_Coche_Performance_0060,Coche | Performance,Coche_|_Performance_Community_02,KVI,-1.0341371311311776,338.88224440000005,103.03227199999999,160.10211999999999,40025.53,13052012.78,0.6959643837864055,0.9669897442964482,202.6634223555621
Pirelli_Furgoneta_Reforzado_0028,Furgoneta | Reforzado,Furgoneta_|_Reforzado_Community_02,Competitive Fighter,-1.1180630366503792,244.77691074380166,65.83738099173553,224.88714876033058,54422.69,12671936.03,0.7310310813561786,0.8944039532832729,124.72259482456079
Pirelli_Furgoneta_Reforzado_0054,Furgoneta | Reforzado,Furgoneta_|_Reforzado_Community_03,Traffic Driver,-1.0001705136615753,238.0690758474576,77.37785508474576,74.72436440677967,17634.95,4026204.04,0.6749772946809542,0.9998295154083767,154.7425184374667
Pirelli_Furgoneta_Standard_0041,Furgoneta | Standard,Furgoneta_|_Standard_Community_03,Competitive Fighter,-1.3161303160068116,172.82395319148935,63.43838638297873,55.018,12929.23,2107223.58,0.632930590861506,0.7598031804586322,111.63907411992955
Pirelli_Furgoneta_Standard_0049,Furgoneta | Standard,Furgoneta_|_Standard_Community_03,Competitive Fighter,-1.3395405491091974,182.3130524590164,49.9002606557377,134.43659836065572,32802.53,5664128.14,0.7262935375021754,0.7465246204491578,87.15203380207633
Pirelli_Industrial_Construcción Pesada_0063,Industrial | Construcción Pesada,Industrial_|_Construcción_Pesada_Community_01,Traffic Driver,-0.8733528889538771,1819.6462905737706,664.0747102459017,43.065000000000005,10507.86,18306677.88,0.6350528596211379,1.1450125288963364,1424.4485736006634
Pirelli_Industrial_Portuario/Especial_0040,Industrial | Portuario/Especial,Industrial_|_Portuario/Especial_Community_02,Premium Leader,-0.7648480857107168,4549.538355144033,2497.218088888889,0.94440329218107,229.49,1013724.65,0.45110516849135784,1.3074491767483132,5762.203823367662
Pirelli_Industrial_Portuario/Especial_0056,Industrial | Portuario/Especial,Industrial_|_Portuario/Especial_Community_01,KVI,-0.6500802853412719,5404.569346694215,2368.4206512396695,0.34404958677685954,83.26,435396.9,0.5617743987893598,1.5382715374533025,6011.694727758268
Pirelli_Industrial_Portuario/Especial_0068,Industrial | Portuario/Especial,Industrial_|_Portuario/Especial_Community_02,KVI,-0.6652141933123992,4834.967166528925,2876.172194214876,1.1648760330578511,281.9,1326513.48,0.4051309770776146,1.5032752007598522,7199.8505268931485
Pirelli_SUV / 4x4_All Terrain (A/T)_0003,SUV / 4x4 | All Terrain (A/T),SUV_/_4x4_|_All_Terrain_(A/T)_Community_03,KVI,-1.2285901158103645,328.45218298755185,95.04754107883817,252.86128630705394,60939.57,19080829.71,0.7106198527459919,0.8139411078856117,172.4106419663509
Pirelli_SUV / 4x4_All Terrain (A/T)_0046,SUV / 4x4 | All Terrain (A/T),SUV_/_4x4_|_All_Terrain_(A/T)_Community_01,KVI,-1.2119720007021348,336.47353155737704,107.3404643442623,167.65446721311477,40907.69,13075762.06,0.6809839280747166,0.8251015695252591,195.90724994828324
Pirelli_SUV / 4x4_All Terrain (A/T)_0063,SUV / 4x4 | All Terrain (A/T),SUV_/_4x4_|_All_Terrain_(A/T)_Community_01,Competitive Fighter,-1.233778540203959,361.7931817073171,94.15831300813008,150.69235772357723,37070.32,12744674.21,0.7397454740197339,0.8105182311200578,170.4753423127284
Pirelli_SUV / 4x4_All Terrain (A/T)_0068,SUV / 4x4 | All Terrain (A/T),SUV_/_4x4_|_All_Terrain_(A/T)_Community_03,Premium Leader,-1.308321469896376,360.3808064102564,111.81359829059829,262.7287606837607,61478.53,20931574.66,0.6897348685009878,0.7643381408998843,197.27699613536066
Pirelli_SUV / 4x4_Highway Terrain (H/T)_0005,SUV / 4x4 | Highway Terrain (H/T),SUV_/_4x4_|_Highway_Terrain_(H/T)_Community_03,Premium Leader,-1.621736447382524,239.36457102040816,77.19631591836735,170.3038775510204,41724.45,9467615.73,0.6774948122469402,0.6166230040731933,124.7973401433343
Pirelli_SUV / 4x4_Highway Terrain (H/T)_0037,SUV / 4x4 | Highway Terrain (H/T),SUV_/_4x4_|_Highway_Terrain_(H/T)_Community_01,Competitive Fighter,-1.6210900689255898,234.4964535864979,67.93600632911392,287.7490717299578,68196.53,15009781.64,0.7102898347072246,0.6168688706252887,109.8436138281469
Pirelli_SUV / 4x4_Highway Terrain (H/T)_0061,SUV / 4x4 | Highway Terrain (H/T),SUV_/_4x4_|_Highway_Terrain_(H/T)_Community_01,Premium Leader,-1.696775146907521,230.7533598173516,74.01421232876713,247.51840182648402,54206.53,11780493.23,0.6792496872533009,0.5893532810299366,117.63473120757243
Pirelli_SUV / 4x4_Highway Terrain (H/T)_0066,SUV / 4x4 | Highway Terrain (H/T),SUV_/_4x4_|_Highway_Terrain_(H/T)_Community_01,Traffic Driver,-1.5501297998461032,265.8074392712551,72.82734048582996,175.41344129554656,43327.12,10998204.45,0.7260146642791663,0.6451072678554273,119.80878713182068
Pirelli_SUV / 4x4_Highway Terrain (H/T)_0067,SUV / 4x4 | Highway Terrain (H/T),SUV_/_4x4_|_Highway_Terrain_(H/T)_Community_03,Competitive Fighter,-1.5827026719442991,233.76273414634144,60.09839512195122,220.4268699186992,54225.01,11790930.67,0.7429085720552528,0.6318306133719559,98.07040097452382
Pirelli_SUV / 4x4_Highway Terrain (H/T)_0074,SUV / 4x4 | Highway Terrain (H/T),SUV_/_4x4_|_Highway_Terrain_(H/T)_Community_03,Traffic Driver,-1.5266263789581558,220.87385872340425,63.80990765957446,193.80463829787232,45544.09,9460749.33,0.7111024906778023,0.6550391201037995,105.60789342680681
Pirelli_SUV / 4x4_Highway Terrain (H/T)_0075,SUV / 4x4 | Highway Terrain (H/T),SUV_/_4x4_|_Highway_Terrain_(H/T)_Community_01,Competitive Fighter,-1.6081334765523034,243.4838218106996,66.03506913580247,161.1937037037037,39170.07,9076970.88,0.7287907317836398,0.6218389297783365,107.09824585504833
Pirelli_SUV / 4x4_Mud Terrain (M/T)_0017,SUV / 4x4 | Mud Terrain (M/T),SUV_/_4x4_|_Mud_Terrain_(M/T)_Community_02,Competitive Fighter,-0.9714387757245803,397.9280149797571,126.95833400809717,261.1566801619433,64505.7,24885259.669999998,0.6809515057275984,1.0294009514435085,257.6493638297152
Pirelli_SUV / 4x4_Mud Terrain (M/T)_0059,SUV / 4x4 | Mud Terrain (M/T),SUV_/_4x4_|_Mud_Terrain_(M/T)_Community_01,Competitive Fighter,-0.9573219092781373,414.5296841880342,132.23318760683762,168.17128205128205,39352.08,15649001.42,0.6810042980013574,1.0445807103214046,270.36142464525165
Roadmarch_Agrícola_Implementos_0004,Agrícola | Implementos,Agrícola_|_Implementos_Community_02,Premium Leader,-1.1889198582946718,614.9766619834711,200.32854628099173,108.84913223140497,26341.49,15486984.34,0.6742501648194642,0.8410995854963267,368.8248035210156
Roadmarch_Agrícola_Implementos_0023,Agrícola | Implementos,Agrícola_|_Implementos_Community_02,Premium Leader,-1.2197112018353933,623.4587319148936,210.41442680851063,48.79114893617021,11465.92,6776032.01,0.6625046437921515,0.8198662097185162,382.92610538609836
Roadmarch_Agrícola_Premium Radial_0011,Agrícola | Premium Radial,Agrícola_|_Premium_Radial_Community_03,Competitive Fighter,-0.7553708086820264,1800.4241434426228,614.7528922131147,43.50942622950819,10616.3,18598825.68,0.6585510728390729,1.323853117576523,1428.5954251086307
Roadmarch_Agrícola_Premium Radial_0027,Agrícola | Premium Radial,Agrícola_|_Premium_Radial_Community_02,Traffic Driver,-0.6596739994719213,1773.5913628458497,573.7675830039526,63.83608695652174,16150.53,27881160.21,0.6764939235589743,1.5159002792296115,1443.5420222925436
Roadmarch_Agrícola_Premium Radial_0061,Agrícola | Premium Radial,Agrícola_|_Premium_Radial_Community_01,Traffic Driver,-0.7005809860053921,1939.6598761702128,562.7305131914894,19.845021276595745,4663.58,8807840.48,0.7098818611938398,1.4273867261254838,1365.9645781068027
Roadmarch_Agrícola_Tractor_0012,Agrícola | Tractor,Agrícola_|_Tractor_Community_01,Premium Leader,-1.0830679834998698,1150.2286916299558,322.5159828193833,84.94929515418502,19283.49,21141713.06,0.7196070788650254,0.9233030753698023,620.2959816124342
Roadmarch_Camión_Long Haul_0014,Camión | Long Haul,Camión_|_Long_Haul_Community_03,Competitive Fighter,-0.9403460222897366,635.5074669421488,161.82297479338843,73.58504132231405,17807.58,10920274.84,0.7453641645281889,1.0634383262078424,333.9117282496433
Roadmarch_Camión_Obras / Mixto_0008,Camión | Obras / Mixto,Camión_|_Obras_/_Mixto_Community_02,Traffic Driver,-0.771537960190998,789.834418442623,220.44918852459017,83.74692622950819,20434.25,15817720.5,0.7208918940766512,1.2961125072218678,506.176138978223
Roadmarch_Camión_Obras / Mixto_0042,Camión | Obras / Mixto,Camión_|_Obras_/_Mixto_Community_01,Premium Leader,-0.8373941820515605,768.0571268722467,235.32521497797356,176.18770925110132,39994.61,29795681.25,0.69360975018058,1.1941807352304097,516.3460532186242
Roadmarch_Camión_Regional_0027,Camión | Regional,Camión_|_Regional_Community_03,Competitive Fighter,-1.0144926511303922,598.4371103004291,167.95980515021458,93.3351931330472,21747.1,12542159.78,0.7193359130654599,0.9857143852996433,333.5202012389062
Roadmarch_Camión_Regional_0050,Camión | Regional,Camión_|_Regional_Community_02,Competitive Fighter,-1.0790534282464372,617.6542478087649,190.32473745019922,211.95717131474103,53201.25,31847739.49,0.6918587735364744,0.926738170532569,366.70593644188835
Roadmarch_Camión_Regional_0079,Camión | Regional,Camión_|_Regional_Community_01,Premium Leader,-1.1027295757880524,655.939144214876,182.82013595041323,68.37322314049587,16546.32,10410989.1,0.7212849125367581,0.9068406452101931,348.6088659931012
Roadmarch_Coche_Budget_0024,Coche | Budget,Coche_|_Budget_Community_01,KVI,-2.6636500808857537,111.78045795918368,28.14734,69.4024081632653,17003.59,1728630.7,0.7481908688343546,0.3754246877906223,38.7145463316365
Roadmarch_Coche_Budget_0057,Coche | Budget,Coche_|_Budget_Community_02,Traffic Driver,-2.361584802755357,94.38317489539749,24.054393723849373,111.80146443514644,26720.55,2317478.56,0.7451410831378765,0.4234444593449532,34.2400934691154
Roadmarch_Coche_Eco_0013,Coche | Eco,Coche_|_Eco_Community_02,Premium Leader,-1.4631358039187812,173.83216583333333,55.859875833333334,525.8009166666667,126192.22,20592245.63,0.6786562741967409,0.6834635563709506,94.03806522882304
Roadmarch_Coche_Eco_0050,Coche | Eco,Coche_|_Eco_Community_01,Competitive Fighter,-1.413308411739672,159.74155508474576,46.20134618644068,316.1327118644068,74607.32,11158920.72,0.7107744058086198,0.7075596463542436,78.89155435520864
Roadmarch_Coche_Eco_0052,Coche | Eco,Coche_|_Eco_Community_02,Traffic Driver,-1.3833887688252733,211.58154472573838,63.661608016877636,254.67603375527426,60358.22,12162609.1,0.6991154965836046,0.7228625983780149,109.68020340488046
Roadmarch_Coche_Eco_0066,Coche | Eco,Coche_|_Eco_Community_01,Premium Leader,-1.4175440946642515,171.4402992,53.7969772,229.74036,57435.090000000004,9295321.64,0.6862057669577375,0.7054454275983931,91.74780878435502
Roadmarch_Coche_Eco_0076,Coche | Eco,Coche_|_Eco_Community_01,Competitive Fighter,-1.4020140859295982,200.81413359683793,56.90556245059288,263.3100395256917,66617.44,12732664.98,0.716625710395272,0.7132595956316339,97.49400091329345
Roadmarch_Coche_Performance_0003,Coche | Performance,Coche_|_Performance_Community_01,Competitive Fighter,-1.0836567299696014,375.55424444444446,122.1149128888889,276.1822666666667,62141.01,22169866.13,0.674840812757867,0.9228014484144365,234.8027313757583
Roadmarch_Coche_Performance_0017,Coche | Performance,Coche_|_Performance_Community_02,Premium Leader,-1.1654992092480652,394.61845284552845,106.04476016260162,166.78443089430894,41028.97,15215282.72,0.7312726777018905,0.8580014401255246,197.0313170998797
Roadmarch_Coche_Performance_0059,Coche | Performance,Coche_|_Performance_Community_01,Traffic Driver,-0.9979266078469161,371.59924873949575,92.51552521008404,122.24617647058824,29094.59,10492642.5,0.7510341435729309,1.0020777000400434,185.22326993060173
Roadmarch_Coche_Touring_0047,Coche | Touring,Coche_|_Touring_Community_01,Competitive Fighter,-1.8183312189966077,150.9271609375,38.316315234375,158.8442578125,40664.13,5708494.72,0.7461271053111371,0.5499548099668115,59.38855709772414
Roadmarch_Coche_Touring_0054,Coche | Touring,Coche_|_Touring_Community_02,Premium Leader,-1.8260333124060204,165.2555846808511,43.183138723404255,114.28672340425533,26857.38,4173773.75,0.7386887783138981,0.5476351352442627,66.8317427384675
Roadmarch_Furgoneta_Standard_0018,Furgoneta | Standard,Furgoneta_|_Standard_Community_03,Competitive Fighter,-1.3427643201389186,183.21262195121952,60.15894715447155,155.52252032520326,38258.54,6720031.87,0.6716440902718541,0.7447323294206558,104.96126000431528
Roadmarch_Industrial_Construcción Pesada_0006,Industrial | Construcción Pesada,Industrial_|_Construcción_Pesada_Community_02,Competitive Fighter,-0.9411189346480217,1813.7246622881355,775.8950885593221,10.072584745762713,2377.13,4174635.89,0.5722089991429691,1.0625649566534328,1600.3340197019697
Roadmarch_Industrial_Construcción Pesada_0011,Industrial | Construcción Pesada,Industrial_|_Construcción_Pesada_Community_03,Premium Leader,-0.9058526884642695,1644.618521212121,619.4541177489177,53.36722943722944,12327.83,19688191.05,0.6233448001714307,1.1039322538141851,1303.289498089958
Roadmarch_Industrial_Construcción Pesada_0035,Industrial | Construcción Pesada,Industrial_|_Construcción_Pesada_Community_03,Traffic Driver,-0.7847552421910492,1889.4735564202333,671.5886638132296,13.220505836575876,3397.67,6215235.56,0.6445630786780573,1.274282663226287,1527.382454929735
Roadmarch_Industrial_Construcción Pesada_0038,Industrial | Construcción Pesada,Industrial_|_Construcción_Pesada_Community_02,Competitive Fighter,-0.9299773189976138,1704.4148016806723,647.9809571428572,21.817857142857143,5192.65,8583743.22,0.6198220312896235,1.0752950416875338,1344.751667466514
Roadmarch_Industrial_Construcción Pesada_0050,Industrial | Construcción Pesada,Industrial_|_Construcción_Pesada_Community_01,KVI,-0.8839194195475432,1979.3053294871795,643.1541871794872,53.323461538461544,12477.69,23846441.18,0.6750606500179925,1.1313248446468973,1370.7704980743222
Roadmarch_Industrial_Construcción Pesada_0068,Industrial | Construcción Pesada,Industrial_|_Construcción_Pesada_Community_01,Premium Leader,-0.920174214999675,1782.64521125,553.3720654166666,42.255874999999996,10141.41,17451827.75,0.6895781269742176,1.0867507301325035,1154.7495615431603
Roadmarch_Industrial_Manipulación Ligera_0042,Industrial | Manipulación Ligera,Industrial_|_Manipulación_Ligera_Community_02,Premium Leader,-1.3454666934015234,371.61161807228916,92.3750108433735,313.5271485943775,78068.26,27646907.0,0.7514205521276143,0.7432365326501421,161.03149360612173
Roadmarch_Industrial_Manipulación Ligera_0065,Industrial | Manipulación Ligera,Industrial_|_Manipulación_Ligera_Community_02,Premium Leader,-1.3808036493309115,304.77143827160495,103.70161728395061,213.31444444444446,51835.41,14999182.03,0.6597397122510731,0.7242159306897578,178.80398055927998
Roadmarch_Industrial_Portuario/Especial_0002,Industrial | Portuario/Especial,Industrial_|_Portuario/Especial_Community_02,KVI,-0.6596481071633555,5177.702726271186,2286.1298305084747,1.2954237288135595,305.72,1544656.22,0.558466379518302,1.5159597808902066,5751.810707452667
Roadmarch_Industrial_Portuario/Especial_0062,Industrial | Portuario/Especial,Industrial_|_Portuario/Especial_Community_01,Premium Leader,-0.7056473340256064,5494.266376150627,2507.358451464435,0.9155648535564853,218.82,1174201.57,0.5436409012951551,1.4171384936653246,6060.632630451765
Roadmarch_SUV / 4x4_All Terrain (A/T)_0026,SUV / 4x4 | All Terrain (A/T),SUV_/_4x4_|_All_Terrain_(A/T)_Community_03,Competitive Fighter,-1.2412559519780066,367.86124008264466,116.26129876033058,145.11752066115704,35118.44,12451529.59,0.6839533876028607,0.805635613191983,209.92554147760583
Roadmarch_SUV / 4x4_All Terrain (A/T)_0042,SUV / 4x4 | All Terrain (A/T),SUV_/_4x4_|_All_Terrain_(A/T)_Community_01,Competitive Fighter,-1.2505852568767466,360.5304361445783,102.65888795180723,104.16755020080322,25937.72,8877986.91,0.7152559738101018,0.7996256108899232,184.74756394355128
Roadmarch_SUV / 4x4_All Terrain (A/T)_0054,SUV / 4x4 | All Terrain (A/T),SUV_/_4x4_|_All_Terrain_(A/T)_Community_03,Premium Leader,-1.2873224793108058,356.6687274590164,115.57978360655737,197.45090163934424,48178.02,16422338.12,0.6759464043007856,0.776806135270294,205.36286862534408
Roadmarch_SUV / 4x4_All Terrain (A/T)_0062,SUV / 4x4 | All Terrain (A/T),SUV_/_4x4_|_All_Terrain_(A/T)_Community_01,Traffic Driver,-1.0860022650716739,329.25054564315354,100.78595933609958,85.1398755186722,20518.71,6479661.74,0.6938928099899556,0.9208083925441924,193.59051654339777
Roadmarch_SUV / 4x4_All Terrain (A/T)_0066,SUV / 4x4 | All Terrain (A/T),SUV_/_4x4_|_All_Terrain_(A/T)_Community_03,Traffic Driver,-1.190539258768175,331.5856672064777,119.33165060728746,130.96546558704455,32348.47,10261262.17,0.6401181884228431,0.8399555013705959,219.56492702251236
Roadmarch_SUV / 4x4_Highway Terrain (H/T)_0015,SUV / 4x4 | Highway Terrain (H/T),SUV_/_4x4_|_Highway_Terrain_(H/T)_Community_03,Traffic Driver,-1.5434938644947338,242.36957787234041,62.411612340425535,67.2711914893617,15808.73,3693016.35,0.7424940337466832,0.6478807742636231,102.84689606658154
Roadmarch_SUV / 4x4_Highway Terrain (H/T)_0024,SUV / 4x4 | Highway Terrain (H/T),SUV_/_4x4_|_Highway_Terrain_(H/T)_Community_03,KVI,-1.5633870710384732,229.6421963562753,74.89650202429151,100.47631578947369,24817.65,5355136.29,0.6738556623622675,0.6396368618654076,122.80306554380547
Sailun_Agrícola_Premium Radial_0021,Agrícola | Premium Radial,Agrícola_|_Premium_Radial_Community_01,Traffic Driver,-0.671421763015874,1921.6403312500001,649.3642629464285,28.55785714285714,6396.96,12061718.45,0.6620781462657863,1.489376804690136,1616.5123339735455
Sailun_Agrícola_Premium Radial_0046,Agrícola | Premium Radial,Agrícola_|_Premium_Radial_Community_01,Competitive Fighter,-0.7349344461863504,1907.4610794354837,616.5813161290322,44.59217741935484,11058.86,20530227.7,0.6767528717747098,1.360665573901321,1455.5422864965738
Sailun_Agrícola_Premium Radial_0066,Agrícola | Premium Radial,Agrícola_|_Premium_Radial_Community_02,Premium Leader,-0.7665239595119693,1857.8557012711863,566.5415300847458,42.34618644067797,9993.7,18277283.81,0.695056225466216,1.304590662288861,1305.646320032149
Sailun_Camión_Obras / Mixto_0016,Camión | Obras / Mixto,Camión_|_Obras_/_Mixto_Community_01,Traffic Driver,-0.7700597125781801,736.0198794871794,203.58600641025643,107.9167094017094,25252.51,18148080.45,0.7233960493674374,1.298600593779895,467.9629152198929
Sailun_Camión_Obras / Mixto_0019,Camión | Obras / Mixto,Camión_|_Obras_/_Mixto_Community_01,Traffic Driver,-0.7742907888475576,717.611905490196,186.30512039215685,104.4555294117647,26636.16,18673268.42,0.7403817871933256,1.2915044507870026,426.9190125830358
Sailun_Camión_Obras / Mixto_0036,Camión | Obras / Mixto,Camión_|_Obras_/_Mixto_Community_02,KVI,-0.8007371350762517,783.2991721311475,222.42865655737705,78.87446721311476,19245.37,14661092.790000001,0.7160361398669577,1.2488492867322472,500.20852564786935
Sailun_Camión_Regional_0030,Camión | Regional,Camión_|_Regional_Community_03,KVI,-0.9915044802567389,591.5912429184549,161.58306137339056,56.11536480686695,13074.88,7485556.51,0.7268670499984679,1.0085683120070836,324.5506168316881
Sailun_Coche_Eco_0021,Coche | Eco,Coche_|_Eco_Community_02,Competitive Fighter,-1.3964213572836728,184.28353045267488,45.80933045267489,144.19444444444446,35039.25,6065185.73,0.7514192921084774,0.7161162315257094,78.61413554516035
Sailun_Coche_Eco_0031,Coche | Eco,Coche_|_Eco_Community_02,KVI,-1.3937063779218082,209.17885648535565,61.98102552301255,226.05405857740584,54026.92,10793499.17,0.703693640148799,0.7175112461572616,106.45310838413432
Sailun_Coche_Eco_0047,Coche | Eco,Coche_|_Eco_Community_01,Premium Leader,-1.4556191095808784,180.99206276150628,55.42206945606694,180.24205020920502,43077.85,7244885.83,0.693787293152757,0.6869929045435063,93.49663792750232
Sailun_Coche_Performance_0030,Coche | Performance,Coche_|_Performance_Community_02,Competitive Fighter,-1.0499623414290993,382.70948893442625,87.76850368852459,93.48659836065573,22810.73,8395633.4,0.7706654623774878,0.9524151110399867,171.36055287484422
Sailun_Coche_Performance_0055,Coche | Performance,Coche_|_Performance_Community_01,Traffic Driver,-0.9988321242779394,392.4246034934498,105.02508471615721,123.18851528384279,28210.17,10708746.12,0.732368756236992,1.0011692412505302,210.17296909370498
Sailun_Coche_Touring_0025,Coche | Touring,Coche_|_Touring_Community_02,Competitive Fighter,-1.8101029629555665,156.4906262295082,48.92632868852459,168.53618852459016,41122.83,6052587.3,0.6873529752716975,0.5524547611187726,75.95591191656199
Sailun_Coche_Touring_0062,Coche | Touring,Coche_|_Touring_Community_01,Competitive Fighter,-1.8452453853972632,134.2319140077821,45.15220856031128,271.3062645914397,69725.71,8555314.55,0.6636253837690672,0.5419333428029193,69.62169588033535
Sailun_Furgoneta_Reforzado_0047,Furgoneta | Reforzado,Furgoneta_|_Reforzado_Community_03,Premium Leader,-1.1184371065288665,223.27480699588477,63.02056419753087,195.56444444444446,47522.16,10037057.96,0.7177444018630709,0.8941048130131851,119.36755396534964
Sailun_Industrial_Construcción Pesada_0026,Industrial | Construcción Pesada,Industrial_|_Construcción_Pesada_Community_02,Competitive Fighter,-0.9253354025339079,1881.1289511013215,606.9871449339207,22.278149779735685,5057.14,9213140.85,0.6773282636586102,1.0806892260488825,1262.9516128141802
Sailun_Industrial_Construcción Pesada_0057,Industrial | Construcción Pesada,Industrial_|_Construcción_Pesada_Community_03,Premium Leader,-0.9264162449680381,1811.769368859649,596.3293385964912,44.71048245614035,10193.99,17875702.97,0.670858030361873,1.0794283945598349,1240.0241591866297
Sailun_Industrial_Portuario/Especial_0006,Industrial | Portuario/Especial,Industrial_|_Portuario/Especial_Community_01,KVI,-0.6667454927990633,4764.67641375,2435.359430416667,0.797,191.28,891321.78,0.4888720200623369,1.4998226621703905,6087.966694685958
Sailun_SUV / 4x4_All Terrain (A/T)_0027,SUV / 4x4 | All Terrain (A/T),SUV_/_4x4_|_All_Terrain_(A/T)_Community_03,Competitive Fighter,-1.265870787257669,379.4581838174274,103.4436070539419,196.5560995850622,47370.02,17390321.89,0.7273912871946049,0.7899700428085233,185.16095774661244
Sailun_SUV / 4x4_Highway Terrain (H/T)_0047,SUV / 4x4 | Highway Terrain (H/T),SUV_/_4x4_|_Highway_Terrain_(H/T)_Community_03,Competitive Fighter,-1.5763741869971843,234.98203846153845,62.88602793522267,191.65736842105264,47339.37,10485621.16,0.7323794263300011,0.634367149784968,102.77885823778776
Sailun_SUV / 4x4_Mud Terrain (M/T)_0008,SUV / 4x4 | Mud Terrain (M/T),SUV_/_4x4_|_Mud_Terrain_(M/T)_Community_02,Competitive Fighter,-0.9488230569388112,396.81750370370366,141.82075432098765,48.28390946502058,11732.99,4475841.98,0.6426045902781481,1.0539372886092175,291.29093559856335
Sailun_SUV / 4x4_Mud Terrain (M/T)_0022,SUV / 4x4 | Mud Terrain (M/T),SUV_/_4x4_|_Mud_Terrain_(M/T)_Community_02,KVI,-0.9417254078994265,419.2478090128755,115.1217965665236,68.28467811158798,15910.33,6464842.83,0.7254087103339207,1.061880662464612,237.36740616869997
Sailun_SUV / 4x4_Mud Terrain (M/T)_0049,SUV / 4x4 | Mud Terrain (M/T),SUV_/_4x4_|_Mud_Terrain_(M/T)_Community_01,KVI,-0.9156026493181109,484.6506683127572,121.80121728395062,147.30263374485597,35794.54,16643581.75,0.7486824526457699,1.0921768310136974,254.82968479074657
Sailun_SUV / 4x4_Mud Terrain (M/T)_0071,SUV / 4x4 | Mud Terrain (M/T),SUV_/_4x4_|_Mud_Terrain_(M/T)_Community_02,Traffic Driver,-0.9227021939994821,403.0207658436214,123.92857983539095,69.76707818930042,16953.4,6661865.93,0.6925007584262364,1.0837732981488515,258.2390655384958
Tomket_Agrícola_Premium Radial_0009,Agrícola | Premium Radial,Agrícola_|_Premium_Radial_Community_02,Premium Leader,-0.8014868098677245,1628.3008185185186,519.8544115226338,50.36074074074074,12237.66,19194388.79,0.6807381009636695,1.2476811691574035,1168.4669714828276
Tomket_Agrícola_Premium Radial_0030,Agrícola | Premium Radial,Agrícola_|_Premium_Radial_Community_03,Competitive Fighter,-0.7329228959332819,1809.0172754166667,679.9639870833333,9.405791666666666,2257.39,3935842.33,0.6241252107851105,1.3644000010760071,1607.7068517914795
Tomket_Agrícola_Premium Radial_0050,Agrícola | Premium Radial,Agrícola_|_Premium_Radial_Community_03,Competitive Fighter,-0.7552436880375625,1903.4504971193417,584.6736835390947,30.9298353909465,7515.95,13851059.51,0.6928348363017938,1.3240759450746504,1358.8260436313983
Tomket_Agrícola_Premium Radial_0077,Agrícola | Premium Radial,Agrícola_|_Premium_Radial_Community_03,KVI,-0.7139802455202201,1872.9041506726458,561.3819376681614,57.732107623318385,12874.26,23448259.17,0.7002612560463688,1.4005989749357564,1347.652904113637
Tomket_Agrícola_Tractor_0054,Agrícola | Tractor,Agrícola_|_Tractor_Community_02,Traffic Driver,-0.9513172160919144,1223.5416591666665,393.38461875,32.15525,7717.26,9150181.83,0.678486943372302,1.0511740806164303,806.9003336931763
Tomket_Camión_Long Haul_0025,Camión | Long Haul,Camión_|_Long_Haul_Community_03,KVI,-0.9104104403482244,705.9801266666667,183.74947833333331,93.41904166666667,22420.57,15399775.68,0.7397242905392833,1.0984056813073324,385.5809492719252
Tomket_Camión_Long Haul_0028,Camión | Long Haul,Camión_|_Long_Haul_Community_03,Competitive Fighter,-0.9279788570014779,667.5196310483872,216.53747338709678,172.55,42792.4,27655918.63,0.675608831088594,1.0776107585373655,449.8805843355307
Tomket_Camión_Long Haul_0031,Camión | Long Haul,Camión_|_Long_Haul_Community_03,Competitive Fighter,-0.9472130454729114,619.1927308016877,208.88629831223628,248.80042194092826,58965.7,35021540.27,0.6626473666094485,1.0557287030403322,429.4135591123094
Tomket_Camión_Long Haul_0050,Camión | Long Haul,Camión_|_Long_Haul_Community_03,Traffic Driver,-0.8833505414503506,632.8508246861925,199.78145230125523,159.8570711297071,38205.84,23478098.33,0.6843150952670094,1.132053418293179,425.94472829046686
Tomket_Camión_Long Haul_0077,Camión | Long Haul,Camión_|_Long_Haul_Community_03,Premium Leader,-0.975682832111124,675.1958707964602,187.39279646017698,67.43725663716815,15240.82,9879192.03,0.7224615780912157,1.0249232302635272,379.45602673625723
Tomket_Camión_Regional_0042,Camión | Regional,Camión_|_Regional_Community_03,Premium Leader,-1.0509921790614734,589.74846,146.94621489361703,93.14072340425531,21888.07,12487460.69,0.7508323889584773,0.9514818662998911,286.7628736863006
Tomket_Camión_Regional_0066,Camión | Regional,Camión_|_Regional_Community_03,Competitive Fighter,-1.0077069485383223,590.002097826087,197.7203247826087,153.19734782608694,35235.39,19889700.71,0.6648819970113223,0.9923519942484259,393.92848338407697
Tomket_Camión_Regional_0073,Camión | Regional,Camión_|_Regional_Community_01,Premium Leader,-1.1548298648432422,625.2537525862069,206.33934568965518,150.61271551724138,34942.15,21189728.11,0.6699910319031535,0.8659284197986523,385.01444924498617
Tomket_Coche_Eco_0002,Coche | Eco,Coche_|_Eco_Community_02,Competitive Fighter,-1.4372570400335707,178.17412489626554,51.19172489626556,362.55273858921163,87375.21,14834130.08,0.7126870979382118,0.6957697698782137,86.80937954700907
Tomket_Coche_Eco_0034,Coche | Eco,Coche_|_Eco_Community_01,Premium Leader,-1.444257875623242,191.622016796875,56.073127734375,367.622109375,94111.26,17020708.83,0.707376382569785,0.6923971244182893,94.89800013479567
Tomket_Coche_Eco_0037,Coche | Eco,Coche_|_Eco_Community_01,Competitive Fighter,-1.3951294016727704,199.1332094262295,43.820764344262294,105.57516393442623,25760.34,4837653.05,0.7799424592687235,0.7167793889233448,75.23058503309652
Tomket_Coche_Performance_0073,Coche | Performance,Coche_|_Performance_Community_02,Traffic Driver,-0.9601320988229863,420.6536481632653,94.74783714285714,99.91085714285714,24478.16,9990151.41,0.7747604530316986,1.041523349990993,193.42992188828677
Tomket_Coche_Performance_0079,Coche | Performance,Coche_|_Performance_Community_02,Competitive Fighter,-1.094658122073202,403.4759129166667,101.62711625,139.47579166666668,33474.19,12795331.14,0.7481209831948755,0.9135272281231273,194.46625406000933
Tomket_Coche_Touring_0057,Coche | Touring,Coche_|_Touring_Community_01,KVI,-1.7886850137311876,157.28056283185842,54.48752123893805,315.60482300884956,71326.69,10482528.46,0.6535648127277608,0.5590699269705431,84.94985575879706
Tomket_Coche_Touring_0058,Coche | Touring,Coche_|_Touring_Community_01,Competitive Fighter,-1.8334425389714581,154.05039121338913,38.57817949790795,175.7323012552301,42000.02,6064866.06,0.7495742841414156,0.5454220564561513,59.61956949399144
Tomket_Furgoneta_Reforzado_0010,Furgoneta | Reforzado,Furgoneta_|_Reforzado_Community_03,KVI,-1.0461981492146593,263.71086049382717,70.30391893004115,175.40913580246914,42624.42,10866152.33,0.7334052954876813,0.9558418744581623,137.50334858188637
Tomket_Furgoneta_Reforzado_0041,Furgoneta | Reforzado,Furgoneta_|_Reforzado_Community_03,Traffic Driver,-1.040982922560074,236.03275731225298,82.3682885375494,314.64893280632407,79606.18,18052037.06,0.6510302659872648,0.960630552459703,161.49378306053572
Tomket_Furgoneta_Reforzado_0042,Furgoneta | Reforzado,Furgoneta_|_Reforzado_Community_03,Competitive Fighter,-1.0888894749566091,246.78010642570283,73.29650803212851,224.90807228915662,56002.11,13299883.28,0.7029885873146926,0.9183668526503562,140.60959142385593
Tomket_Industrial_Construcción Pesada_0044,Industrial | Construcción Pesada,Industrial_|_Construcción_Pesada_Community_02,Competitive Fighter,-0.9426485067059643,1821.8306348178137,560.1102680161944,64.36093117408906,15897.15,28009838.07,0.6925563456274813,1.06084080427226,1154.2980952196451
Tomket_Industrial_Construcción Pesada_0074,Industrial | Construcción Pesada,Industrial_|_Construcción_Pesada_Community_02,Competitive Fighter,-0.9209906739759814,1987.4925125506072,728.2183307692308,27.668947368421055,6834.2300000000005,13091113.51,0.6335994595347245,1.0857873247325402,1518.90856395635
Tomket_Industrial_Manipulación Ligera_0054,Industrial | Manipulación Ligera,Industrial_|_Manipulación_Ligera_Community_01,Competitive Fighter,-1.2956946297844008,344.0868344,104.80847920000001,221.06844,55267.11,18036317.64,0.6954010769323407,0.7717867906625473,185.69827899599036
Tomket_Industrial_Portuario/Especial_0053,Industrial | Portuario/Especial,Industrial_|_Portuario/Especial_Community_03,Competitive Fighter,-0.6751969913489837,5762.317279518073,2211.952427710843,0.4669879518072289,116.28,651323.86,0.6161349123254389,1.4810492534957667,5487.962919540136
Tomket_SUV / 4x4_All Terrain (A/T)_0049,SUV / 4x4 | All Terrain (A/T),SUV_/_4x4_|_All_Terrain_(A/T)_Community_01,Premium Leader,-1.32238204843053,342.5702839506173,113.95006913580247,142.06135802469137,34520.91,11177103.84,0.6673673273066827,0.7562111125047792,200.12037768698414
Tomket_SUV / 4x4_All Terrain (A/T)_0069,SUV / 4x4 | All Terrain (A/T),SUV_/_4x4_|_All_Terrain_(A/T)_Community_03,Premium Leader,-1.3193460171626687,326.33067521008405,97.87695084033614,216.3312605042017,51486.840000000004,15966933.58,0.7000681876525239,0.7579512781268396,172.06291082892676
Tomket_SUV / 4x4_Highway Terrain (H/T)_0028,SUV / 4x4 | Highway Terrain (H/T),SUV_/_4x4_|_Highway_Terrain_(H/T)_Community_03,Competitive Fighter,-1.6113282386529768,237.30430044642858,53.2517625,201.14379464285713,45056.21,10030206.7,0.775597145100952,0.6206060168324057,86.30012671443026
Tomket_SUV / 4x4_Mud Terrain (M/T)_0011,SUV / 4x4 | Mud Terrain (M/T),SUV_/_4x4_|_Mud_Terrain_(M/T)_Community_02,Competitive Fighter,-0.9642829114552134,446.8168719665272,135.0238368200837,250.55719665271965,59883.17,25948502.83,0.6978094488110581,1.0370400513381342,275.0489634878551
Tomket_SUV / 4x4_Mud Terrain (M/T)_0029,SUV / 4x4 | Mud Terrain (M/T),SUV_/_4x4_|_Mud_Terrain_(M/T)_Community_02,Competitive Fighter,-0.9478913060416932,423.6812559670782,138.78345555555555,143.7385596707819,34928.47,14215648.19,0.6724342802497272,1.054973279769711,285.1962928407739
Tomket_SUV / 4x4_Mud Terrain (M/T)_0034,SUV / 4x4 | Mud Terrain (M/T),SUV_/_4x4_|_Mud_Terrain_(M/T)_Community_01,Competitive Fighter,-0.9249885950605817,377.2376614107884,112.3115029045643,143.03029045643154,34470.3,12487795.22,0.7022791879142097,1.0810944106121714,233.7308409421414
Tomket_SUV / 4x4_Mud Terrain (M/T)_0046,SUV / 4x4 | Mud Terrain (M/T),SUV_/_4x4_|_Mud_Terrain_(M/T)_Community_02,Premium Leader,-0.9869453493556144,430.71545085470086,115.37430854700854,93.69012820512822,21923.49,9193373.03,0.7321333415876707,1.0132273288008389,232.27471100833776
Tomket_SUV / 4x4_Mud Terrain (M/T)_0057,SUV / 4x4 | Mud Terrain (M/T),SUV_/_4x4_|_Mud_Terrain_(M/T)_Community_02,Competitive Fighter,-0.9745548318265873,428.3767864197531,138.16152674897117,61.68181069958848,14988.68,6161897.09,0.6774766254173471,1.0261095295435778,279.9303859623804
Toyo Tires_Agrícola_Implementos_0032,Agrícola | Implementos,Agrícola_|_Implementos_Community_02,Competitive Fighter,-1.1617567474778385,646.3252645833333,177.77091833333333,165.52445833333334,39725.87,24622545.87,0.7249513084593142,0.8607653901481436,330.78997220951874
Toyo Tires_Agrícola_Implementos_0033,Agrícola | Implementos,Agrícola_|_Implementos_Community_01,KVI,-1.115892263815151,652.8704962343097,197.38342761506274,141.27598326359833,33764.96,20900078.27,0.6976683297016022,0.8961438594269628,374.2673742249476
Toyo Tires_Agrícola_Implementos_0043,Agrícola | Implementos,Agrícola_|_Implementos_Community_02,KVI,-1.130329809678802,628.3870250000001,216.8089365079365,142.06313492063492,35799.91,21530809.59,0.6549754723087472,0.8846975382204272,408.6192689006968
Toyo Tires_Agrícola_Implementos_0052,Agrícola | Implementos,Agrícola_|_Implementos_Community_02,Competitive Fighter,-1.1809311325784055,700.6307488188976,177.48843661417322,111.53889763779527,28330.88,18976112.06,0.746673355525178,0.8467894294704835,327.783768592297
Toyo Tires_Agrícola_Premium Radial_0001,Agrícola | Premium Radial,Agrícola_|_Premium_Radial_Community_02,Competitive Fighter,-0.7614712166893601,1690.3699857723577,656.8870784552846,42.4919918699187,10453.03,17127307.86,0.6113944970721057,1.313247274595209,1519.5422439534966
Toyo Tires_Agrícola_Premium Radial_0045,Agrícola | Premium Radial,Agrícola_|_Premium_Radial_Community_03,Premium Leader,-0.7909431196900206,1846.7039028455283,647.2541544715447,24.27947154471545,5972.75,10614452.45,0.6495084277050528,1.2643134191393068,1465.5862675635844
Toyo Tires_Agrícola_Premium Radial_0069,Agrícola | Premium Radial,Agrícola_|_Premium_Radial_Community_02,Competitive Fighter,-0.7540111684945825,1697.8183522633747,607.8151176954733,72.31395061728395,17572.29,29053646.09,0.642002269038269,1.3262403022445217,1413.9240230967073
Toyo Tires_Agrícola_Tractor_0021,Agrícola | Tractor,Agrícola_|_Tractor_Community_01,Traffic Driver,-0.821607826088185,1060.2123833333333,412.2136821138211,28.205934959349594,6938.66,7161857.1,0.6111970690081818,1.2171256994485686,913.9295482788756
Toyo Tires_Agrícola_Tractor_0048,Agrícola | Tractor,Agrícola_|_Tractor_Community_03,Traffic Driver,-0.941316360130935,1133.0644052631578,371.34043319838054,73.03441295546558,18039.5,19496436.86,0.672268909451678,1.0623421012898386,765.8310092962272
Toyo Tires_Agrícola_Tractor_0073,Agrícola | Tractor,Agrícola_|_Tractor_Community_01,KVI,-0.8915713108688986,997.7318398373984,314.045387398374,50.09382113821138,12323.08,11817643.69,0.6852406880694973,1.1216152738533387,666.283490587579
Toyo Tires_Camión_Long Haul_0000,Camión | Long Haul,Camión_|_Long_Haul_Community_01,Premium Leader,-1.0448999575400486,672.7362089068826,219.27228542510122,107.95396761133604,26664.63,17469993.8,0.6740590404946495,0.957029419691284,429.1223134998674
Toyo Tires_Camión_Obras / Mixto_0004,Camión | Obras / Mixto,Camión_|_Obras_/_Mixto_Community_01,Premium Leader,-0.8408927622255252,744.0015268398267,238.10666623376625,155.2387878787879,35860.16,25859812.65,0.679964815065457,1.189212281187173,521.2660379514963
Toyo Tires_Camión_Obras / Mixto_0017,Camión | Obras / Mixto,Camión_|_Obras_/_Mixto_Community_02,Premium Leader,-0.8586840268630562,851.1390868525897,228.6286059760956,105.92621513944223,26587.48,22034393.02,0.7313851407981546,1.1645727284030183,494.8832454286559
Toyo Tires_Camión_Regional_0020,Camión | Regional,Camión_|_Regional_Community_03,Competitive Fighter,-0.995011139776115,533.527374893617,189.4673136170213,56.25331914893617,13219.53,6821653.18,0.644877990272195,1.0050138737391499,379.8845924222142
Toyo Tires_Camión_Regional_0022,Camión | Regional,Camión_|_Regional_Community_03,Premium Leader,-1.059905452543522,518.8130616,166.9240608,155.56448,38891.12,19282773.75,0.6782577904164315,0.9434803808209844,324.41363725176916
Toyo Tires_Camión_Regional_0034,Camión | Regional,Camión_|_Regional_Community_03,KVI,-0.9815988145361949,626.9569760162602,196.64698048780488,42.62609756097561,10486.02,6366929.98,0.6863469296771892,1.0187461366001136,396.98033213383405
Toyo Tires_Camión_Regional_0048,Camión | Regional,Camión_|_Regional_Community_03,Traffic Driver,-0.9170827056242459,600.2584425531915,180.1905523404255,78.6772340425532,18489.15,10786270.04,0.6998117151439182,1.090414194780081,376.67288837768865
Toyo Tires_Coche_Budget_0017,Coche | Budget,Coche_|_Budget_Community_02,Competitive Fighter,-2.458643484083449,106.15086,25.226476734693875,239.34673469387755,58639.95,5818862.39,0.7623525920120301,0.40672834694160115,35.48679991615668
Toyo Tires_Coche_Eco_0026,Coche | Eco,Coche_|_Eco_Community_01,Premium Leader,-1.4670259032465938,196.91383939393938,56.15999783549784,180.7912121212121,41762.77,7836411.18,0.7147991324106683,0.6816512222360597,94.44152900083941
Toyo Tires_Coche_Eco_0074,Coche | Eco,Coche_|_Eco_Community_02,Traffic Driver,-1.3442139350870175,200.45428666666666,59.243197083333335,63.54483333333334,15250.76,2946997.53,0.7044553246105022,0.7439292019653592,103.315941411414
Toyo Tires_Coche_Performance_0046,Coche | Performance,Coche_|_Performance_Community_01,Premium Leader,-1.1319627212497831,360.8561275720165,117.36256790123457,161.79242798353908,39315.56,13567019.05,0.6747663156203094,0.883421318765617,221.04316241026248
Toyo Tires_Coche_Performance_0062,Coche | Performance,Coche_|_Performance_Community_02,KVI,-1.043542512647548,384.3823347457627,102.23378813559322,89.3539406779661,21087.53,7704449.0,0.7340309923368032,0.9582743279551906,200.20180275554213
Toyo Tires_Coche_Touring_0021,Coche | Touring,Coche_|_Touring_Community_02,Competitive Fighter,-1.7901386756850652,161.35885263157894,54.780040890688255,210.6057894736842,52019.63,7835597.78,0.6605079919862578,0.5586159405317086,85.38104495520552
Toyo Tires_Coche_Touring_0029,Coche | Touring,Coche_|_Touring_Community_01,Premium Leader,-1.8995861915872045,167.5269408560311,51.689869260700384,219.60167315175096,56437.63,8905252.93,0.6914533925315242,0.5264304428136779,78.900990024592
Toyo Tires_Furgoneta_Reforzado_0001,Furgoneta | Reforzado,Furgoneta_|_Reforzado_Community_02,KVI,-1.0888538028731822,253.9252578723404,64.47991659574468,190.25536170212766,44710.01,10939182.85,0.7460673383340164,0.9183969393882615,123.69807464928697
Toyo Tires_Furgoneta_Reforzado_0062,Furgoneta | Reforzado,Furgoneta_|_Reforzado_Community_01,Competitive Fighter,-1.0924140217368719,263.81240219298246,73.99379342105264,376.4975438596491,85841.44,21928963.84,0.7195211718404158,0.9154038488173749,141.727996707282
Toyo Tires_Furgoneta_Reforzado_0063,Furgoneta | Reforzado,Furgoneta_|_Reforzado_Community_01,KVI,-1.0571706514493415,242.73718089430895,68.42038292682926,333.00967479674796,81920.38,19246274.55,0.7181297785747112,0.9459210758726959,133.14066515659744
Toyo Tires_Furgoneta_Reforzado_0070,Furgoneta | Reforzado,Furgoneta_|_Reforzado_Community_01,Premium Leader,-1.1195238046004083,227.59244058577406,79.4337309623431,152.8173640167364,36523.35,7983860.97,0.6509825600626377,0.8932369243876239,150.38687249978042
Toyo Tires_Furgoneta_Standard_0004,Furgoneta | Standard,Furgoneta_|_Standard_Community_02,Premium Leader,-1.3333927848056137,167.3822294117647,52.53616344537816,319.97075630252095,76153.04,11918977.19,0.6861305789150544,0.7499665600378835,91.93652922209642
Toyo Tires_Furgoneta_Standard_0026,Furgoneta | Standard,Furgoneta_|_Standard_Community_02,Premium Leader,-1.3445294498962639,175.33416244725737,53.55655611814346,282.20611814345995,66882.85,11112849.61,0.694545801168361,0.7437546273732824,93.38949255718953
Toyo Tires_Furgoneta_Standard_0034,Furgoneta | Standard,Furgoneta_|_Standard_Community_03,Traffic Driver,-1.272833764163307,176.45190853658536,49.92931544715447,175.73670731707318,43231.23,7192328.5200000005,0.717037260400036,0.7856485490525518,89.15620968339854
Toyo Tires_Furgoneta_Standard_0050,Furgoneta | Standard,Furgoneta_|_Standard_Community_03,KVI,-1.2961145912412042,193.60881687242798,47.326291769547325,173.88670781893003,42254.47,7800974.13,0.7555571459293023,0.771536719637085,83.84026367401144
Toyo Tires_Furgoneta_Standard_0057,Furgoneta | Standard,Furgoneta_|_Standard_Community_02,Competitive Fighter,-1.306963157825596,188.85335677966103,51.405081355932204,223.07042372881358,52644.62,9516699.59,0.7278042485847497,0.7651325089099735,90.73678022451791
Toyo Tires_Industrial_Construcción Pesada_0024,Industrial | Construcción Pesada,Industrial_|_Construcción_Pesada_Community_01,Premium Leader,-0.9146827904209865,1886.5085365461848,573.4459068273093,31.338192771084337,7803.21,14170003.76,0.6960279289924801,1.0932751883740437,1200.38008863626
Toyo Tires_Industrial_Construcción Pesada_0054,Industrial | Construcción Pesada,Industrial_|_Construcción_Pesada_Community_01,Traffic Driver,-0.8438943360845363,1892.094819047619,672.6701654761905,33.651626984126985,8480.210000000001,15632456.45,0.6444839028655143,1.184982476170839,1469.7725238084147
Toyo Tires_Industrial_Portuario/Especial_0015,Industrial | Portuario/Especial,Industrial_|_Portuario/Especial_Community_01,Premium Leader,-0.701324877036368,5525.153048101265,2391.6355459915612,0.5813080168776372,137.77,738328.46,0.5671367788058914,1.4258727057077483,5801.803393021377
Toyo Tires_Industrial_Portuario/Especial_0018,Industrial | Portuario/Especial,Industrial_|_Portuario/Especial_Community_02,Competitive Fighter,-0.6962257609133355,4515.269913502109,2503.715978902954,2.6217299578059072,621.35,2712669.67,0.44550026313686414,1.436315712719624,6099.842579588461
Toyo Tires_Industrial_Portuario/Especial_0064,Industrial | Portuario/Especial,Industrial_|_Portuario/Especial_Community_02,KVI,-0.6511774277269358,5186.658621370968,2312.810218145161,0.6733064516129031,166.98,846011.17,0.5540847418383157,1.535679766251571,5864.546073330566
Toyo Tires_SUV / 4x4_All Terrain (A/T)_0008,SUV / 4x4 | All Terrain (A/T),SUV_/_4x4_|_All_Terrain_(A/T)_Community_01,Competitive Fighter,-1.2309722145092037,319.4227636752137,97.99266923076922,404.1823931623931,94578.68,28223224.82,0.6932195185362326,0.8123660211117814,177.5985840318921
Toyo Tires_SUV / 4x4_All Terrain (A/T)_0010,SUV / 4x4 | All Terrain (A/T),SUV_/_4x4_|_All_Terrain_(A/T)_Community_01,Premium Leader,-1.2784966593048877,362.8259855967078,116.27853168724279,206.1456378600823,50093.39,17471242.08,0.6795198351187285,0.7821686452772548,207.22795329188182
Toyo Tires_SUV / 4x4_Highway Terrain (H/T)_0022,SUV / 4x4 | Highway Terrain (H/T),SUV_/_4x4_|_Highway_Terrain_(H/T)_Community_01,KVI,-1.589546708329838,230.41745546558704,67.32823481781377,619.5073684210527,153018.32,33491928.11,0.7077988962174384,0.6291101700627066,109.68511207407043
Toyo Tires_SUV / 4x4_Highway Terrain (H/T)_0030,SUV / 4x4 | Highway Terrain (H/T),SUV_/_4x4_|_Highway_Terrain_(H/T)_Community_03,Traffic Driver,-1.5245342508103534,213.78824666666665,61.80954083333334,146.89008333333334,35253.62,7066020.69,0.7108842894918108,0.6559380344970658,102.35276956071614
Toyo Tires_SUV / 4x4_Highway Terrain (H/T)_0063,SUV / 4x4 | Highway Terrain (H/T),SUV_/_4x4_|_Highway_Terrain_(H/T)_Community_01,KVI,-1.5966200141222897,230.01115084033611,68.10084075630252,183.67882352941174,43715.56,9545551.52,0.7039237423598859,0.6263231020248298,110.75397058928885
Toyo Tires_SUV / 4x4_Highway Terrain (H/T)_0064,SUV / 4x4 | Highway Terrain (H/T),SUV_/_4x4_|_Highway_Terrain_(H/T)_Community_03,Premium Leader,-1.6716416760457955,225.19714603174603,76.39936626984127,252.83416666666668,63714.21,13509436.23,0.660744518231722,0.5982143268678619,122.10256173608559
Toyo Tires_SUV / 4x4_Mud Terrain (M/T)_0005,SUV / 4x4 | Mud Terrain (M/T),SUV_/_4x4_|_Mud_Terrain_(M/T)_Community_02,Traffic Driver,-0.8841863760816532,405.4533689956332,132.75959213973798,363.8098253275109,83312.45,32793008.97,0.6725650782761954,1.1309832712324575,282.9084699454257
Tracmax_Agrícola_Implementos_0015,Agrícola | Implementos,Agrícola_|_Implementos_Community_01,KVI,-1.116153646040577,666.4554446280991,169.679444214876,105.43727272727273,25515.82,16290422.16,0.7454001680343959,0.8959339993623474,321.7010272798902
Tracmax_Agrícola_Implementos_0036,Agrícola | Implementos,Agrícola_|_Implementos_Community_02,Premium Leader,-1.2799344426117418,647.2922670682731,212.70096787148594,218.53867469879518,54416.13,33809638.44,0.6713988739045892,0.7812900151037987,378.8821102723918
Tracmax_Agrícola_Implementos_0042,Agrícola | Implementos,Agrícola_|_Implementos_Community_02,Competitive Fighter,-1.1729267946358062,673.876278111588,168.98821974248926,209.07381974248926,48714.2,31404717.89,0.7492296060397806,0.8525681266497966,313.0621896742275
Tracmax_Agrícola_Premium Radial_0060,Agrícola | Premium Radial,Agrícola_|_Premium_Radial_Community_02,Premium Leader,-0.7740139226335873,1575.2126574380165,600.5410785123967,19.071446280991736,4615.29,6996693.93,0.6187555529872781,1.2919664243215339,1376.4199883762553
Tracmax_Agrícola_Tractor_0028,Agrícola | Tractor,Agrícola_|_Tractor_Community_03,Competitive Fighter,-1.0134705384038947,1234.2641699570815,303.53184549356223,77.12828326180258,17970.89,21321816.49,0.754078703018563,0.9867085051874233,603.0292990372949
Tracmax_Camión_Long Haul_0018,Camión | Long Haul,Camión_|_Long_Haul_Community_03,Traffic Driver,-0.8838797384417045,656.6649408071748,222.6258067264574,175.84641255605382,39213.75,24799407.4,0.6609750378133405,1.1313756346118053,474.49922009256824
Tracmax_Camión_Long Haul_0034,Camión | Long Haul,Camión_|_Long_Haul_Community_03,Premium Leader,-1.03469447453298,645.9184948936171,215.5298080851064,166.80310638297874,39198.73,24352562.33,0.6663204262008255,0.9664688703893585,423.8326582403544
Tracmax_Camión_Long Haul_0063,Camión | Long Haul,Camión_|_Long_Haul_Community_03,Premium Leader,-0.989328697733145,620.9494927350427,220.02321623931624,167.87405982905983,39282.53,23634221.74,0.6456664852559925,1.0107864072793058,442.4196924998925
Tracmax_Camión_Obras / Mixto_0005,Camión | Obras / Mixto,Camión_|_Obras_/_Mixto_Community_02,KVI,-0.8051429554812809,728.8918291304348,214.36081782608696,143.71273913043478,33053.93,23398012.12,0.7059086008937449,1.242015462213467,480.60026805881114
Tracmax_Camión_Obras / Mixto_0046,Camión | Obras / Mixto,Camión_|_Obras_/_Mixto_Community_01,Competitive Fighter,-0.8127780416648005,753.8898619834711,254.57609710743802,163.62012396694215,39596.07,29022367.16,0.6623165929866032,1.2303481993087753,567.7933397706303
Tracmax_Camión_Obras / Mixto_0047,Camión | Obras / Mixto,Camión_|_Obras_/_Mixto_Community_02,Competitive Fighter,-0.8083150616531615,682.1132707112971,250.38860836820083,133.795230125523,31977.06,21049640.56,0.6329222445604973,1.2371413665790236,560.1547135006567
Tracmax_Camión_Regional_0014,Camión | Regional,Camión_|_Regional_Community_02,Competitive Fighter,-1.0731759130204548,650.2956662601625,168.22439390243903,69.49808943089431,17096.53,10788579.08,0.7413109103588308,0.9318136829827823,324.9781859522171
Tracmax_Coche_Budget_0040,Coche | Budget,Coche_|_Budget_Community_01,Traffic Driver,-2.577763296375095,95.20119147286822,31.816188759689922,72.58856589147287,18727.85,1642957.28,0.6658005192218908,0.3879332138083512,44.15874511636958
Tracmax_Coche_Budget_0056,Coche | Budget,Coche_|_Budget_Community_01,Competitive Fighter,-2.7084331812377918,106.0205484,26.6752328,194.64704,48661.76,4699497.62,0.7483956345956799,0.3692171573318955,36.524186425582535
Tracmax_Coche_Eco_0020,Coche | Eco,Coche_|_Eco_Community_01,Competitive Fighter,-1.408095797281471,176.9686212244898,62.93366530612245,186.56110204081634,45707.47,7602264.18,0.6443795240609956,0.7101789536838631,107.62782988471491
Tracmax_Coche_Eco_0028,Coche | Eco,Coche_|_Eco_Community_02,Premium Leader,-1.4471195992110737,188.89063428571427,51.02319469387755,338.07771428571425,82829.04,14956357.08,0.7298797005641883,0.6910278877745627,86.28164515069804
Tracmax_Coche_Performance_0056,Coche | Performance,Coche_|_Performance_Community_01,Competitive Fighter,-1.0455667477876847,382.7556706122449,108.81136,319.30881632653063,78230.66,28906126.23,0.7157158773743353,0.9564190924356581,212.88062217788965
Tracmax_Coche_Performance_0065,Coche | Performance,Coche_|_Performance_Community_01,KVI,-1.0257162384258867,359.6422617021277,116.46147702127661,232.9592340425532,54745.42,19029290.13,0.6761741057069223,0.9749285060892162,230.00309083057337
Tracmax_Coche_Performance_0067,Coche | Performance,Coche_|_Performance_Community_02,Competitive Fighter,-1.0946884188738732,381.8632250996016,104.4217107569721,212.60354581673306,53363.49,19330625.82,0.7265468264723953,0.9135019451733297,199.81114665179294
Tracmax_Coche_Touring_0014,Coche | Touring,Coche_|_Touring_Community_02,KVI,-1.7611325476473367,153.83950176211454,42.16006916299559,103.19753303964758,23425.84,3366439.44,0.725947700817514,0.5678164322928907,66.09924922034926
Tracmax_Coche_Touring_0044,Coche | Touring,Coche_|_Touring_Community_02,KVI,-1.7731015238695491,177.44105278969957,49.5692347639485,244.80351931330472,57039.22,9530742.91,0.7206439322545206,0.5639834981460273,77.52546518654185
Tracmax_Furgoneta_Reforzado_0067,Furgoneta | Reforzado,Furgoneta_|_Reforzado_Community_02,Traffic Driver,-1.0681494935684317,271.838710373444,70.40261452282158,230.80680497925312,55624.44,14653373.75,0.741013285318693,0.9361985433885658,136.31343968983384
Tracmax_Furgoneta_Standard_0006,Furgoneta | Standard,Furgoneta_|_Standard_Community_02,Premium Leader,-1.3555201991209829,180.94661902654866,54.466707964601774,340.0899115044247,76860.31999999999,13225930.12,0.6989901869533668,0.7377241598085165,94.64811433532346
Tracmax_Furgoneta_Standard_0044,Furgoneta | Standard,Furgoneta_|_Standard_Community_01,Competitive Fighter,-1.3524030552319777,193.11184098360656,47.067075819672134,99.85159836065574,24363.79,4482827.84,0.7562703789682803,0.739424534817004,81.86962646282986
Tracmax_Industrial_Construcción Pesada_0030,Industrial | Construcción Pesada,Industrial_|_Construcción_Pesada_Community_01,Competitive Fighter,-0.8981944314870913,1806.4759942622952,744.9339299180328,29.68762295081967,7243.78,12661604.11,0.5876314258899193,1.113344689016113,1574.302164460176
Tracmax_Industrial_Construcción Pesada_0033,Industrial | Construcción Pesada,Industrial_|_Construcción_Pesada_Community_03,Premium Leader,-0.9176873511116631,1924.904317721519,646.8559156118145,41.18274261603376,9760.31,18178487.76,0.6639542497481182,1.089695743096628,1351.7320532508804
Tracmax_Industrial_Manipulación Ligera_0011,Industrial | Manipulación Ligera,Industrial_|_Manipulación_Ligera_Community_02,Premium Leader,-1.336317446162356,329.3384464,81.9834764,150.02528,37506.32,11688477.9,0.7510661834469624,0.7483251849115685,143.33377653672324
Tracmax_Industrial_Manipulación Ligera_0052,Industrial | Manipulación Ligera,Industrial_|_Manipulación_Ligera_Community_02,Premium Leader,-1.3500581310541642,305.0622224489796,95.68984612244897,216.62028571428573,53071.97,15544522.81,0.6863267914516925,0.7407088457881227,166.56816159745122
Tracmax_Industrial_Portuario/Especial_0054,Industrial | Portuario/Especial,Industrial_|_Portuario/Especial_Community_03,Premium Leader,-0.7218793480277501,5235.619584518829,2365.837039330544,2.321046025104603,554.73,2820368.21,0.5481266350355032,1.3852730414467522,5643.1673103713465
Tracmax_Industrial_Portuario/Especial_0078,Industrial | Portuario/Especial,Industrial_|_Portuario/Especial_Community_01,KVI,-0.6443468572794435,5438.612172874494,2452.309891902834,1.6557085020242914,408.96,2152949.87,0.5490927071185693,1.5519591485588873,6258.194663742893
Tracmax_SUV / 4x4_All Terrain (A/T)_0052,SUV / 4x4 | All Terrain (A/T),SUV_/_4x4_|_All_Terrain_(A/T)_Community_01,Premium Leader,-1.2767062342086755,334.31357246963563,113.94666477732794,208.4831983805668,51495.35,16453115.35,0.6591623129878244,0.7832655415987823,203.1971608775166
Tracmax_SUV / 4x4_All Terrain (A/T)_0075,SUV / 4x4 | All Terrain (A/T),SUV_/_4x4_|_All_Terrain_(A/T)_Community_03,Competitive Fighter,-1.2511851227595334,369.1516914285714,113.95379306122449,221.3433469387755,54229.12,19438291.0,0.6913090317418366,0.7992422398649245,205.0304778685816
Tracmax_SUV / 4x4_Highway Terrain (H/T)_0012,SUV / 4x4 | Highway Terrain (H/T),SUV_/_4x4_|_Highway_Terrain_(H/T)_Community_01,KVI,-1.5796980037060844,215.92727942386833,65.47769711934157,248.80711934156378,60460.13,12251883.88,0.6967604218695873,0.633032388250114,106.92720010391596
Tracmax_SUV / 4x4_Highway Terrain (H/T)_0026,SUV / 4x4 | Highway Terrain (H/T),SUV_/_4x4_|_Highway_Terrain_(H/T)_Community_03,Premium Leader,-1.6546527024070155,251.98642310756972,65.67020637450199,214.66219123505977,53880.21,12888601.77,0.7393899021834671,0.6043564299295585,105.35841785173335
Tracmax_SUV / 4x4_Mud Terrain (M/T)_0019,SUV / 4x4 | Mud Terrain (M/T),SUV_/_4x4_|_Mud_Terrain_(M/T)_Community_02,KVI,-0.9331076787080922,415.23901023622045,112.26158858267716,144.22661417322834,36633.56,14822092.49,0.7296458525926695,1.0716876763724865,232.57094959673054
Tracmax_SUV / 4x4_Mud Terrain (M/T)_0038,SUV / 4x4 | Mud Terrain (M/T),SUV_/_4x4_|_Mud_Terrain_(M/T)_Community_01,Premium Leader,-0.9732355992941881,449.1785869198312,136.1598911392405,87.48852320675105,20734.78,9017031.72,0.6968691404616264,1.0275004333228481,276.06423828600197
Triangle_Agrícola_Implementos_0047,Agrícola | Implementos,Agrícola_|_Implementos_Community_02,Competitive Fighter,-1.1467231313898323,554.7465478991597,212.46962058823527,179.51886554621848,42725.49,22737013.8,0.6169969486193947,0.8720500813374163,397.7537705039358
Triangle_Agrícola_Implementos_0060,Agrícola | Implementos,Agrícola_|_Implementos_Community_02,Traffic Driver,-1.064859971350545,656.4238212765957,187.46933574468085,90.76234042553192,21329.15,13393214.03,0.7144080856479349,0.9390906099434987,363.5200285948557
Triangle_Agrícola_Premium Radial_0004,Agrícola | Premium Radial,Agrícola_|_Premium_Radial_Community_03,Traffic Driver,-0.6893305709723273,1707.4805428,540.607422,20.27592,5068.98,8442780.0,0.6833888243824502,1.450682795903657,1324.8573084332284
Triangle_Agrícola_Premium Radial_0037,Agrícola | Premium Radial,Agrícola_|_Premium_Radial_Community_03,Competitive Fighter,-0.7450475732066046,1802.3983415966386,588.2832407563026,27.17411764705882,6467.44,11331556.52,0.6736108621609266,1.3421961710392634,1377.874753985981
Triangle_Agrícola_Tractor_0040,Agrícola | Tractor,Agrícola_|_Tractor_Community_02,Competitive Fighter,-1.0059133006304246,1340.8224317460317,278.6710222222222,63.88746031746032,16099.64,20528882.66,0.792164110903683,0.9941214609383148,555.7038659549513
Triangle_Agrícola_Tractor_0068,Agrícola | Tractor,Agrícola_|_Tractor_Community_01,Premium Leader,-0.965890291670577,1078.7070348547718,323.78809253112036,124.31165975103735,29959.11,31178719.67,0.6998368583229714,1.035314267700556,659.0105244401371
Triangle_Camión_Long Haul_0019,Camión | Long Haul,Camión_|_Long_Haul_Community_03,Premium Leader,-0.9637778305007726,613.7508069958848,194.62592345679013,149.13860082304527,36240.68,21457792.06,0.6828909693668311,1.0375835263614712,396.56657543844426
Triangle_Camión_Long Haul_0030,Camión | Long Haul,Camión_|_Long_Haul_Community_01,Traffic Driver,-0.7629536360853177,703.6537218487395,171.95214159663865,90.82457983193277,21616.25,14939695.82,0.7556295998195512,1.3106956343126654,397.32906289806624
Triangle_Camión_Long Haul_0041,Camión | Long Haul,Camión_|_Long_Haul_Community_03,Traffic Driver,-0.8490938141686516,669.5425696428572,183.78469732142858,97.09285714285714,21748.8,14163872.58,0.725507076541135,1.177726163249818,400.23274376182377
Triangle_Camión_Regional_0055,Camión | Regional,Camión_|_Regional_Community_01,Premium Leader,-1.0984125348702396,638.5481898785424,165.53698704453438,173.09453441295545,42754.35,26471874.5,0.7407603847784441,0.9104047598274491,316.2426479773733
Triangle_Coche_Eco_0004,Coche | Eco,Coche_|_Eco_Community_01,KVI,-1.3574636496074373,213.09190362903226,60.39751774193548,166.0871370967742,41189.61,8422391.37,0.7165658726899339,0.7366679765525864,104.89043492568604
Triangle_Coche_Eco_0030,Coche | Eco,Coche_|_Eco_Community_01,Premium Leader,-1.4186220751231573,174.03078777292578,57.030661135371176,286.4293013100437,65592.31,10804728.97,0.6722955641056776,0.7049093747629617,97.23210881862401
Triangle_Coche_Eco_0072,Coche | Eco,Coche_|_Eco_Community_02,Premium Leader,-1.4889266152397511,192.62535877192983,60.65183289473684,130.81565789473686,29825.97,5359988.53,0.6851305908971769,0.6716247730174245,101.38710639575524
Triangle_Coche_Performance_0011,Coche | Performance,Coche_|_Performance_Community_02,Premium Leader,-1.1309156568301426,371.2722251046025,99.32527782426777,237.81451882845187,56837.67,19877612.72,0.73247317976376,0.8842392392045506,187.15258592137891
Triangle_Coche_Performance_0020,Coche | Performance,Coche_|_Performance_Community_01,Competitive Fighter,-1.0506467740761891,396.2639427947598,103.52845371179039,110.78650655021835,25370.11,9748827.06,0.7387386473227221,0.9517946703631944,202.06628418561516
Triangle_Coche_Performance_0048,Coche | Performance,Coche_|_Performance_Community_01,Premium Leader,-1.1571901138361307,336.86868735177865,96.27315968379447,165.8569565217391,41961.81,13544000.55,0.7142116103440026,0.8641622392408459,179.46878893493383
Triangle_Coche_Touring_0034,Coche | Touring,Coche_|_Touring_Community_02,Traffic Driver,-1.7009175806110983,170.65141570247934,45.586612809917355,96.93161157024794,23457.45,3753577.95,0.7328670692694697,0.5879179634563624,72.38780137399769
Triangle_Furgoneta_Reforzado_0015,Furgoneta | Reforzado,Furgoneta_|_Reforzado_Community_02,Competitive Fighter,-1.100815762404425,269.1155427983539,70.98081234567901,92.93679012345679,22583.64,5853759.16,0.7362440994392347,0.9084172248912742,135.46100491726904
Triangle_Furgoneta_Standard_0011,Furgoneta | Standard,Furgoneta_|_Standard_Community_02,Competitive Fighter,-1.2992251715717333,180.3717380753138,54.193664435146445,204.79,48944.81,8524702.88,0.6995445904473239,0.7696895210167868,95.90596005637877
Triangle_Furgoneta_Standard_0068,Furgoneta | Standard,Furgoneta_|_Standard_Community_03,Competitive Fighter,-1.318224609102408,179.26688240343347,53.75484163090129,127.52321888412017,29712.91,5090106.69,0.7001407013375286,0.7585960640508068,94.53305291577746
Triangle_Furgoneta_Standard_0075,Furgoneta | Standard,Furgoneta_|_Standard_Community_02,Traffic Driver,-1.236354495138806,174.20738512396693,53.25084958677686,61.26276859504132,14825.59,2458891.8,0.6943249590200595,0.8088295096041445,96.32170814405364
Triangle_Industrial_Construcción Pesada_0039,Industrial | Construcción Pesada,Industrial_|_Construcción_Pesada_Community_01,Traffic Driver,-0.8475939665459985,1954.82531875,500.479958203125,33.3376171875,8534.43,16189670.72,0.743977145475508,1.1798101915178398,1090.9513135415943
Triangle_Industrial_Construcción Pesada_0066,Industrial | Construcción Pesada,Industrial_|_Construcción_Pesada_Community_02,Premium Leader,-0.9520607526788158,2095.9753420168067,616.148094117647,51.24235294117647,12195.68,24598494.17,0.7060327563182247,1.0503531389003247,1263.32117880157
Triangle_Industrial_Construcción Pesada_0072,Industrial | Construcción Pesada,Industrial_|_Construcción_Pesada_Community_03,KVI,-0.8559079953066817,1978.3730462809917,651.0542900826446,23.384049586776857,5658.94,10840866.93,0.6709142942952458,1.1683498757850586,1411.713489030032
Triangle_Industrial_Manipulación Ligera_0079,Industrial | Manipulación Ligera,Industrial_|_Manipulación_Ligera_Community_01,KVI,-1.27494603382679,286.7053118644067,100.59730466101695,336.0473728813559,79307.18,21299535.22,0.649126470636885,0.78434692407997,179.50049114262123
Triangle_Industrial_Portuario/Especial_0035,Industrial | Portuario/Especial,Industrial_|_Portuario/Especial_Community_01,Traffic Driver,-0.6091109374736706,5940.340993675889,2490.0246976284584,0.3721343873517787,94.15,546711.42,0.5808279860904705,1.6417370604894546,6577.990525259146
Triangle_Industrial_Portuario/Especial_0079,Industrial | Portuario/Especial,Industrial_|_Portuario/Especial_Community_03,Competitive Fighter,-0.6899671012892907,5286.418151948052,2520.0286476190477,0.5732034632034632,132.41,687425.99,0.5233013024725609,1.4493444660352264,6172.41822229595
Triangle_SUV / 4x4_All Terrain (A/T)_0051,SUV / 4x4 | All Terrain (A/T),SUV_/_4x4_|_All_Terrain_(A/T)_Community_02,Competitive Fighter,-1.25372671560456,396.0141605042017,106.85890420168067,124.01478991596639,29515.52,11022022.51,0.7301639313462204,0.7976219917414695,192.0919162063361
Triangle_SUV / 4x4_All Terrain (A/T)_0057,SUV / 4x4 | All Terrain (A/T),SUV_/_4x4_|_All_Terrain_(A/T)_Community_03,KVI,-1.2274621244218098,348.3810794117647,114.35268151260505,186.85424369747898,44471.31,14891540.71,0.6717597818294624,0.8146890890593022,207.51456344559776
Triangle_SUV / 4x4_All Terrain (A/T)_0060,SUV / 4x4 | All Terrain (A/T),SUV_/_4x4_|_All_Terrain_(A/T)_Community_01,Traffic Driver,-1.1782843029890877,365.97588953974895,108.43029665271966,176.18882845188284,42109.13,14871083.88,0.7037228414443324,0.8486916081824958,200.4541794946214
Triangle_SUV / 4x4_Highway Terrain (H/T)_0042,SUV / 4x4 | Highway Terrain (H/T),SUV_/_4x4_|_Highway_Terrain_(H/T)_Community_03,Premium Leader,-1.6160142562504123,253.83408157894735,69.8775399122807,251.59324561403508,57363.26,13789204.89,0.724711750771941,0.6188064221167634,113.11821037172045
Triangle_SUV / 4x4_Mud Terrain (M/T)_0027,SUV / 4x4 | Mud Terrain (M/T),SUV_/_4x4_|_Mud_Terrain_(M/T)_Community_01,Premium Leader,-0.9876147990359521,398.50120206611575,136.0865723140496,276.3918181818182,66886.82,25369162.66,0.6585039854121411,1.012540517797159,273.8797407101579
Uniroyal_Agrícola_Implementos_0019,Agrícola | Implementos,Agrícola_|_Implementos_Community_01,Traffic Driver,-1.0770052104151704,652.7977859574468,188.811725106383,161.78080851063828,38018.49,23779168.9,0.710765371500983,0.9285006147876611,364.1235279467785
Uniroyal_Agrícola_Implementos_0055,Agrícola | Implementos,Agrícola_|_Implementos_Community_02,Premium Leader,-1.1905421830246536,611.2021881632653,207.18801591836734,105.6855918367347,25892.97,15103784.98,0.6610155854628208,0.839953438238897,381.21630225089535
Uniroyal_Agrícola_Implementos_0074,Agrícola | Implementos,Agrícola_|_Implementos_Community_01,Competitive Fighter,-1.1372272498611455,704.6109264227642,189.79957113821138,107.61491869918699,26473.27,17794535.56,0.7306320920939959,0.879331725582639,356.6963555420196
Uniroyal_Agrícola_Premium Radial_0073,Agrícola | Premium Radial,Agrícola_|_Premium_Radial_Community_03,Competitive Fighter,-0.7430183853007136,1660.2467032520326,637.5516971544715,58.86243902439024,14480.16,23165392.56,0.6159897827800785,1.3458617172646152,1495.6081191317583
Uniroyal_Agrícola_Tractor_0044,Agrícola | Tractor,Agrícola_|_Tractor_Community_02,Competitive Fighter,-0.9985238316620616,1163.4173383966245,352.3007476793249,166.39025316455695,39434.49,44168189.32,0.697184547580448,1.0014783506323341,705.1223193917534
Uniroyal_Camión_Long Haul_0062,Camión | Long Haul,Camión_|_Long_Haul_Community_03,Competitive Fighter,-0.9558039231843233,703.3282940239044,197.22027450199204,121.54486055776891,30507.76,20919464.21,0.7195900176663602,1.0462396896932946,403.5599532981825
Uniroyal_Camión_Obras / Mixto_0075,Camión | Obras / Mixto,Camión_|_Obras_/_Mixto_Community_03,Competitive Fighter,-0.8271403793878914,846.0810572,253.6893436,188.97368,47243.42,38958219.98,0.7001595279303932,1.2089846233114987,560.3958591103873
Uniroyal_Camión_Regional_0002,Camión | Regional,Camión_|_Regional_Community_01,Competitive Fighter,-1.0766087950192047,661.2955602459017,186.14442459016394,143.55266393442622,35026.85,22435229.6,0.718515538617942,0.9288424956459341,359.04327647706816
Uniroyal_Camión_Regional_0035,Camión | Regional,Camión_|_Regional_Community_03,Competitive Fighter,-1.0383302404640484,627.9418067510549,151.8162223628692,66.83282700421941,15839.38,9638094.34,0.7582320197020165,0.9630847306855689,298.02810799091355
Uniroyal_Camión_Regional_0041,Camión | Regional,Camión_|_Regional_Community_03,Premium Leader,-1.0492999130579588,591.036310460251,172.13385857740587,239.91401673640166,57339.45,32670558.8,0.7087592495910073,0.953016375542923,336.18024458706327
Uniroyal_Camión_Regional_0063,Camión | Regional,Camión_|_Regional_Community_03,Premium Leader,-1.0547850551983167,644.3801869198312,184.02562616033757,195.22286919831222,46267.82,28650082.52,0.7144145181744507,0.9480604556081654,358.4930451414851
Uniroyal_Coche_Budget_0072,Coche | Budget,Coche_|_Budget_Community_03,Traffic Driver,-2.4738103304824084,92.91390251046025,22.840904184100417,127.10334728033473,30377.7,2537836.86,0.7541712965771834,0.4042347093784647,32.073990448901604
Uniroyal_Coche_Eco_0007,Coche | Eco,Coche_|_Eco_Community_02,KVI,-1.391784521952549,185.41452094017095,49.49530769230769,161.66555555555556,37829.74,6761058.89,0.7330559254942135,0.7185020268777594,85.05778659016913
Uniroyal_Coche_Eco_0017,Coche | Eco,Coche_|_Eco_Community_01,Traffic Driver,-1.3494577738385773,192.05936182572614,63.09872780082988,368.2651452282157,88751.9,16310894.14,0.6714623687124119,0.7410383780705245,109.85730670867036
Uniroyal_Coche_Eco_0049,Coche | Eco,Coche_|_Eco_Community_02,Competitive Fighter,-1.413683966751874,197.37277615062763,57.34218912133891,267.6857322175732,63976.89,12044576.97,0.7094726525122316,0.7073716781959637,97.90442967153075
Uniroyal_Coche_Eco_0056,Coche | Eco,Coche_|_Eco_Community_01,Premium Leader,-1.433327720530152,178.2011020661157,48.82764090909091,298.5040082644628,72237.97,12093993.51,0.7259969756473503,0.6976771506450214,82.89357029126374
Uniroyal_Coche_Eco_0061,Coche | Eco,Coche_|_Eco_Community_02,Competitive Fighter,-1.4028952159885457,178.64291458333335,54.85671083333333,399.1164583333333,95787.95,16434716.49,0.6929253479698252,0.7128116117320659,93.95921129676154
Uniroyal_Coche_Performance_0042,Coche | Performance,Coche_|_Performance_Community_02,KVI,-1.0256636143751987,357.77094273127756,98.19369339207049,184.5013215859031,41881.8,14307793.97,0.7255403341522233,0.9749785270574971,193.93043594180685
Uniroyal_Coche_Performance_0058,Coche | Performance,Coche_|_Performance_Community_01,Premium Leader,-1.1856076066150236,336.1936439330544,107.5265230125523,156.54564853556485,37414.409999999996,12066966.31,0.6801649140220989,0.8434493793904175,198.219702115499
Uniroyal_Coche_Performance_0066,Coche | Performance,Coche_|_Performance_Community_01,Competitive Fighter,-1.072940013242963,348.3630512096774,96.29551169354838,68.76858870967742,17054.61,5726441.19,0.7235771378188189,0.9320185543062173,186.04471528834677
Uniroyal_Coche_Performance_0070,Coche | Performance,Coche_|_Performance_Community_01,Competitive Fighter,-1.0757158098604862,370.42439794238686,113.31104074074075,231.59670781893004,56278.0,19796250.6,0.6941048122905654,0.9296135566973716,218.64652033682154
Uniroyal_Coche_Performance_0074,Coche | Performance,Coche_|_Performance_Community_02,Competitive Fighter,-1.077068262672079,406.84995951417005,121.7040044534413,159.6140890688259,39424.68,15386512.4,0.7008626851068851,0.9284462597747689,234.69963218785068
Uniroyal_Coche_Touring_0010,Coche | Touring,Coche_|_Touring_Community_03,Traffic Driver,-1.8973081296176866,173.02889322709166,52.95490956175299,205.6635856573705,51621.56,8326390.84,0.6939533705954395,0.5270625178850117,80.86545752974361
Uniroyal_Coche_Touring_0020,Coche | Touring,Coche_|_Touring_Community_01,Competitive Fighter,-1.8466060538990492,165.6437074074074,39.01912839506173,99.98028806584362,24295.21,3753448.07,0.7644394163486536,0.541534020149307,60.14931385756149
Uniroyal_Furgoneta_Reforzado_0014,Furgoneta | Reforzado,Furgoneta_|_Reforzado_Community_02,Premium Leader,-1.1241103829762826,263.3437884,68.8540048,97.15372,24288.43,6146891.74,0.7385394764071072,0.889592352445248,130.1060009053084
Uniroyal_Furgoneta_Reforzado_0025,Furgoneta | Reforzado,Furgoneta_|_Reforzado_Community_03,Traffic Driver,-1.0437325271516207,247.43872157676347,73.35357842323651,322.26489626556014,77665.84,18547494.44,0.7035485070574136,0.9580998713617097,143.6336324744605
Uniroyal_Furgoneta_Reforzado_0049,Furgoneta | Reforzado,Furgoneta_|_Reforzado_Community_03,Premium Leader,-1.141269596939253,242.591592139738,74.7556231441048,225.64755458515285,51673.29,12025349.43,0.691845778805706,0.8762171555974846,140.25778262034981
Uniroyal_Furgoneta_Reforzado_0050,Furgoneta | Reforzado,Furgoneta_|_Reforzado_Community_03,Premium Leader,-1.1345369762708841,222.67182905982907,82.5031047008547,258.6338034188034,60520.31,12942147.02,0.6294856648494715,0.881416843095679,155.22273079187434
Uniroyal_Furgoneta_Reforzado_0064,Furgoneta | Reforzado,Furgoneta_|_Reforzado_Community_01,Premium Leader,-1.138853819932139,250.4596909090909,79.92489049586776,178.4359917355372,43181.51,10450511.28,0.6808872110088244,0.878075818422058,150.1050041303202
Uniroyal_Furgoneta_Standard_0023,Furgoneta | Standard,Furgoneta_|_Standard_Community_03,Competitive Fighter,-1.326721575944755,163.19905462184875,53.833066806722684,161.51903361344537,38441.53,5969053.19,0.6701386112103396,0.7537376478466498,94.4090759579934
Uniroyal_Furgoneta_Standard_0073,Furgoneta | Standard,Furgoneta_|_Standard_Community_02,Premium Leader,-1.332423243616122,158.4761377593361,57.70897136929461,282.04099585062244,67971.88,10176881.42,0.6358507205865138,0.7505122751281762,101.02026276697069
Uniroyal_Industrial_Construcción Pesada_0008,Industrial | Construcción Pesada,Industrial_|_Construcción_Pesada_Community_03,Traffic Driver,-0.8371244662530786,1775.4516782608696,626.9574114624506,23.479288537549408,5940.26,10155054.0,0.6468744155985242,1.194565492125613,1375.8991002278935
Uniroyal_Industrial_Construcción Pesada_0073,Industrial | Construcción Pesada,Industrial_|_Construcción_Pesada_Community_03,Premium Leader,-0.9190987366852506,1723.8457112,668.2023468000001,50.204800000000006,12551.2,20888401.58,0.6123769415913374,1.088022385501825,1395.2214581632538
Uniroyal_Industrial_Portuario/Especial_0020,Industrial | Portuario/Especial,Industrial_|_Portuario/Especial_Community_01,Premium Leader,-0.7052242691970989,5559.580487136929,2689.8854705394187,1.2904979253112032,311.01,1671982.31,0.5161711433510238,1.4179886366339953,6504.112501611203
Uniroyal_Industrial_Portuario/Especial_0041,Industrial | Portuario/Especial,Industrial_|_Portuario/Especial_Community_01,Traffic Driver,-0.6226231687936442,5677.320584033614,1985.3913945378151,0.7350420168067227,174.94,966482.46,0.6502942954954223,1.606107915864322,5174.144229393905
Uniroyal_Industrial_Portuario/Especial_0070,Industrial | Portuario/Especial,Industrial_|_Portuario/Especial_Community_03,KVI,-0.6486410685348603,5831.152314049587,2391.6752975206614,0.4677272727272727,113.19,642912.09,0.5898451680368295,1.5416846828073707,6078.884469957026
Uniroyal_SUV / 4x4_All Terrain (A/T)_0028,SUV / 4x4 | All Terrain (A/T),SUV_/_4x4_|_All_Terrain_(A/T)_Community_03,KVI,-1.222006900848389,379.5965073469388,83.20139551020408,115.15436734693877,28212.82,10279837.6,0.7808162248601495,0.8183259843342466,151.28725938907482
Uniroyal_SUV / 4x4_All Terrain (A/T)_0048,SUV / 4x4 | All Terrain (A/T),SUV_/_4x4_|_All_Terrain_(A/T)_Community_03,Traffic Driver,-1.2176590627724577,406.18580393013104,104.29258427947599,145.9750655021834,33428.29,13045574.06,0.7432392189230336,0.8212479425259849,189.94265453971352
Uniroyal_SUV / 4x4_Highway Terrain (H/T)_0000,SUV / 4x4 | Highway Terrain (H/T),SUV_/_4x4_|_Highway_Terrain_(H/T)_Community_01,Premium Leader,-1.6747991125553185,237.48486763485477,66.48547883817427,412.984356846473,99529.23,21802045.6,0.7200433042310758,0.5970865356348641,106.18306306768481
Uniroyal_SUV / 4x4_Mud Terrain (M/T)_0023,SUV / 4x4 | Mud Terrain (M/T),SUV_/_4x4_|_Mud_Terrain_(M/T)_Community_01,Traffic Driver,-0.8844805706162961,404.35005210084034,121.28819537815126,242.8690336134454,57802.83,22795257.43,0.7000415982439311,1.1306070853576933,258.41748844293727
Vredestein_Agrícola_Implementos_0030,Agrícola | Implementos,Agrícola_|_Implementos_Community_01,KVI,-1.1183680209379228,711.1696407563026,173.0833605042017,151.56617647058823,36072.75,24453536.81,0.7566215561168586,0.8941600450640094,327.84758593246886
Vredestein_Agrícola_Implementos_0044,Agrícola | Implementos,Agrícola_|_Implementos_Community_01,Traffic Driver,-1.0976751943346337,680.9990144680851,204.6005663829787,70.30863829787233,16522.53,10840230.54,0.6995582048781844,0.9110163053344388,390.9950184385335
Vredestein_Agrícola_Implementos_0056,Agrícola | Implementos,Agrícola_|_Implementos_Community_01,Competitive Fighter,-1.161952341373578,643.1397781376519,164.64644696356277,58.837651821862345,14532.9,8903070.33,0.7439958581937949,0.8606204956890664,306.3445537627877
Vredestein_Agrícola_Implementos_0062,Agrícola | Implementos,Agrícola_|_Implementos_Community_02,Competitive Fighter,-1.1642910433355975,626.7824588235294,149.9638411764706,52.85516806722689,12579.53,7520253.31,0.7607402072834765,0.8588917742895992,278.76655080381306
Vredestein_Agrícola_Premium Radial_0015,Agrícola | Premium Radial,Agrícola_|_Premium_Radial_Community_03,KVI,-0.7217692647109588,1746.4679995726494,616.1609081196581,47.76376068376068,11176.72,19031144.96,0.647195993129889,1.3854843215033021,1469.842185842681
Vredestein_Agrícola_Premium Radial_0041,Agrícola | Premium Radial,Agrícola_|_Premium_Radial_Community_03,Traffic Driver,-0.6593502042098668,1757.576746963563,577.2763514170041,59.46311740890688,14687.39,25152502.33,0.671549847018446,1.5166447111339738,1452.7994766563206
Vredestein_Agrícola_Tractor_0022,Agrícola | Tractor,Agrícola_|_Tractor_Community_01,Competitive Fighter,-0.9365697625920427,1101.0355219008263,324.5237074380165,62.49305785123967,15123.32,16005924.31,0.7052559150155671,1.06772612136485,671.0261468717513
Vredestein_Agrícola_Tractor_0046,Agrícola | Tractor,Agrícola_|_Tractor_Community_01,Competitive Fighter,-0.9493260896393181,1151.5790965665237,392.12002103004295,105.1140772532189,24491.58,27025758.11,0.6594936273164705,1.053378824108726,805.1709476921585
Vredestein_Agrícola_Tractor_0066,Agrícola | Tractor,Agrícola_|_Tractor_Community_01,Premium Leader,-0.9976552397261919,1175.352660944206,355.5567527896996,76.56768240343348,17840.27,20309765.94,0.69748930290925,1.002350271096107,711.9491603385065
Vredestein_Camión_Long Haul_0061,Camión | Long Haul,Camión_|_Long_Haul_Community_01,Traffic Driver,-0.8544035346023482,653.8771117154811,205.5950460251046,62.301966527196655,14890.17,9408661.38,0.6855754050088783,1.1704071431134875,446.2249564816332
Vredestein_Camión_Obras / Mixto_0007,Camión | Obras / Mixto,Camión_|_Obras_/_Mixto_Community_01,Traffic Driver,-0.7607965004242337,749.1799508264463,245.22203429752068,38.54727272727273,9328.44,6833224.18,0.6726793956151552,1.3144119346531984,567.5448028181178
Vredestein_Camión_Obras / Mixto_0015,Camión | Obras / Mixto,Camión_|_Obras_/_Mixto_Community_02,Traffic Driver,-0.7629022045409936,784.1923212121211,236.66903419913422,176.87445887445887,40858.0,31120211.49,0.6982002656780464,1.31078399570448,546.8910165061956
Vredestein_Camión_Obras / Mixto_0024,Camión | Obras / Mixto,Camión_|_Obras_/_Mixto_Community_03,KVI,-0.8001748187227825,707.6252871244635,232.81042060085838,75.12759656652361,17504.73,11967482.92,0.6709975959919171,1.2497269054232087,523.7598670886448
Vredestein_Camión_Obras / Mixto_0034,Camión | Obras / Mixto,Camión_|_Obras_/_Mixto_Community_02,Traffic Driver,-0.7844343580178944,768.9716834782608,219.04527478260871,101.9946956521739,23458.78,17588030.94,0.7151452004164711,1.2748039269044718,498.28505124534735
Vredestein_Camión_Obras / Mixto_0037,Camión | Obras / Mixto,Camión_|_Obras_/_Mixto_Community_01,Premium Leader,-0.8431523648494569,767.1741323529411,223.41282142857142,161.58067226890756,38456.2,28564946.86,0.7087847308623936,1.186025256750063,488.3860703246488
Vredestein_Camión_Obras / Mixto_0064,Camión | Obras / Mixto,Camión_|_Obras_/_Mixto_Community_03,KVI,-0.7942800958580691,797.1861276,200.0592596,178.4836,44620.9,34479891.28,0.7490432250717957,1.2590017113795222,451.93420981372003
Vredestein_Camión_Regional_0051,Camión | Regional,Camión_|_Regional_Community_03,Competitive Fighter,-1.0233180447126156,590.7084447698745,158.0669790794979,182.62200836820085,43646.66,24812653.69,0.732411174278917,0.97721329665484,312.5321327980457
Vredestein_Coche_Budget_0034,Coche | Budget,Coche_|_Budget_Community_02,KVI,-2.4122535471518347,99.05975864978902,27.726789029535865,56.48818565400844,13387.7,1239760.27,0.7201003777168509,0.4145501210603285,39.22093277834415
Vredestein_Coche_Budget_0070,Coche | Budget,Coche_|_Budget_Community_03,KVI,-2.5556293543714856,89.31206276150627,28.264607531380754,131.15334728033474,31345.65,2593682.46,0.6835297869353111,0.39129304814466465,39.324351966947376
Vredestein_Coche_Budget_0074,Coche | Budget,Coche_|_Budget_Community_03,Premium Leader,-2.6824940340157624,87.99515230125523,32.935571129707114,514.1244769874477,122875.75,9811716.91,0.6257115276424461,0.37278740877681443,45.213537347735084
Vredestein_Coche_Eco_0073,Coche | Eco,Coche_|_Eco_Community_01,Traffic Driver,-1.3130835639748606,195.15972490272372,56.93047120622568,114.15412451361868,29337.61,5430741.98,0.7082878076682965,0.7615661542307945,100.28679122129796
Vredestein_Coche_Performance_0045,Coche | Performance,Coche_|_Performance_Community_01,Competitive Fighter,-1.0469769050830782,381.83673466666664,95.63386177777778,130.4228,29345.13,10834589.56,0.7495425319377309,0.9551309060830233,186.9767188298053
Vredestein_Coche_Performance_0053,Coche | Performance,Coche_|_Performance_Community_01,KVI,-1.0423203665626788,419.3856072580645,111.12022338709677,299.7217741935484,74331.0,30117797.99,0.7350404461574188,0.9593979280072583,217.7287354643811
Vredestein_Coche_Touring_0015,Coche | Touring,Coche_|_Touring_Community_01,KVI,-1.8004913105653413,168.37328541666665,42.37622666666667,171.5546666666667,41173.12,6426949.89,0.748319773164728,0.5554039578708143,65.91215067696407
Vredestein_Coche_Touring_0027,Coche | Touring,Coche_|_Touring_Community_01,Traffic Driver,-1.726082396702662,161.8132474137931,41.483853448275866,90.26762931034483,20942.09,3212842.21,0.7436312903220325,0.5793466186262612,65.51738367112186
Vredestein_Coche_Touring_0052,Coche | Touring,Coche_|_Touring_Community_01,Premium Leader,-1.9032368793819305,182.6251280851064,51.71475489361702,140.98761702127658,33132.09,5673092.05,0.7168256338223233,0.5254206719264217,78.88675615833148
Vredestein_Furgoneta_Reforzado_0000,Furgoneta | Reforzado,Furgoneta_|_Reforzado_Community_01,Traffic Driver,-1.0494706351110354,224.72025506072873,57.970081781376514,115.45352226720648,28517.02,6192876.14,0.7420344607311407,0.9528613441329863,113.20753182707809
Vredestein_Furgoneta_Reforzado_0032,Furgoneta | Reforzado,Furgoneta_|_Reforzado_Community_03,Traffic Driver,-0.9985566117822842,243.10189057377048,72.37583729508198,147.12811475409836,35899.26,8434202.31,0.7022818822006685,1.0014454745987207,144.85629202453515
Vredestein_Furgoneta_Reforzado_0065,Furgoneta | Reforzado,Furgoneta_|_Reforzado_Community_01,Competitive Fighter,-1.0882974767073528,241.8799210300429,73.7564600858369,232.7902575107296,54240.13,12585750.45,0.6950699348182938,0.9188664141954118,141.52879408865687
Vredestein_Furgoneta_Standard_0051,Furgoneta | Standard,Furgoneta_|_Standard_Community_03,Traffic Driver,-1.1920650119609877,186.78515105485232,60.66042447257384,65.71729957805907,15575.0,2818675.88,0.675239578039263,0.8388804217606939,111.5472669383093
Vredestein_Furgoneta_Standard_0059,Furgoneta | Standard,Furgoneta_|_Standard_Community_01,KVI,-1.3359784695514845,182.8495382222222,52.660665333333334,176.3354666666667,39675.48,6918197.99,0.7120000091587142,0.7485150567850997,92.07796623565446
Vredestein_Industrial_Construcción Pesada_0015,Industrial | Construcción Pesada,Industrial_|_Construcción_Pesada_Community_01,Traffic Driver,-0.8715048309745026,2033.1522624472575,615.7321540084389,46.41113924050633,10999.44,21740031.21,0.6971539390427668,1.147440569987221,1322.2482077633413
Vredestein_Industrial_Construcción Pesada_0046,Industrial | Construcción Pesada,Industrial_|_Construcción_Pesada_Community_03,Premium Leader,-0.903569166804708,1719.8350828571429,649.4505297959183,61.46326530612245,15058.5,24903837.52,0.6223762753362413,1.10672213787053,1368.2118085728055
Vredestein_Industrial_Manipulación Ligera_0027,Industrial | Manipulación Ligera,Industrial_|_Manipulación_Ligera_Community_02,KVI,-1.2595450426909742,320.2477724137931,101.62551422413793,204.43267241379309,47428.38,14316732.05,0.6826659762278462,0.7939374663914637,182.30981750797966
Vredestein_Industrial_Manipulación Ligera_0035,Industrial | Manipulación Ligera,Industrial_|_Manipulación_Ligera_Community_01,KVI,-1.2701553307164428,287.314170940171,98.18426837606837,268.8644017094017,62914.27,17217340.0,0.658268619139869,0.7873052813437714,175.48526141342123
Vredestein_Industrial_Manipulación Ligera_0039,Industrial | Manipulación Ligera,Industrial_|_Manipulación_Ligera_Community_02,Competitive Fighter,-1.286294160512193,321.49695169491525,97.7995906779661,182.14483050847457,42986.18,13095526.84,0.695799322007964,0.7774271474588731,173.83164748138265
Vredestein_Industrial_Manipulación Ligera_0073,Industrial | Manipulación Ligera,Industrial_|_Manipulación_Ligera_Community_02,KVI,-1.2633320341562126,331.69211359999997,88.9197108,160.17551999999998,40043.88,12801999.64,0.7319209376583742,0.7915575422481124,159.30477853826093
Vredestein_Industrial_Portuario/Especial_0014,Industrial | Portuario/Especial,Industrial_|_Portuario/Especial_Community_03,Competitive Fighter,-0.6728254041490526,5340.233290869565,2356.8674539130434,0.5925652173913043,136.29,704798.25,0.5586583346568988,1.4862696827934692,5859.808097026633
Vredestein_Industrial_Portuario/Especial_0021,Industrial | Portuario/Especial,Industrial_|_Portuario/Especial_Community_01,Premium Leader,-0.7151762560481876,5187.563858333333,2466.2086929166667,1.24375,298.5,1500488.44,0.5245921283542496,1.3982567116051199,5914.601550006286
Vredestein_Industrial_Portuario/Especial_0027,Industrial | Portuario/Especial,Industrial_|_Portuario/Especial_Community_03,Competitive Fighter,-0.6715148217289834,5727.701150207469,2586.4823543568464,0.8402074688796681,202.49,1130775.4,0.548425749436463,1.4891704064330988,6438.195333226469
Vredestein_Industrial_Portuario/Especial_0063,Industrial | Portuario/Especial,Industrial_|_Portuario/Especial_Community_02,Premium Leader,-0.7199343677378521,5170.817947698744,2209.49130041841,1.1869874476987448,283.69,1419758.87,0.572699846955212,1.3890155058747347,5278.508976794913
Vredestein_SUV / 4x4_All Terrain (A/T)_0022,SUV / 4x4 | All Terrain (A/T),SUV_/_4x4_|_All_Terrain_(A/T)_Community_02,Premium Leader,-1.2875317664371686,388.52079079497906,96.11517949790796,269.1475732217573,64326.27,24029229.77,0.7526125196511618,0.7766798661342387,170.76590424381143
Vredestein_SUV / 4x4_All Terrain (A/T)_0029,SUV / 4x4 | All Terrain (A/T),SUV_/_4x4_|_All_Terrain_(A/T)_Community_02,KVI,-1.209521948450392,363.4259479338843,95.43867768595041,290.32028925619835,70257.51,24191717.98,0.7373916798496928,0.8267729256845433,174.34479245982777
Vredestein_SUV / 4x4_Highway Terrain (H/T)_0033,SUV / 4x4 | Highway Terrain (H/T),SUV_/_4x4_|_Highway_Terrain_(H/T)_Community_01,Premium Leader,-1.69921421161457,225.94786557377049,78.2906344262295,278.4322950819672,67937.48,14423535.19,0.6535013321439492,0.5885073189505717,124.36524579134915
Vredestein_SUV / 4x4_Highway Terrain (H/T)_0043,SUV / 4x4 | Highway Terrain (H/T),SUV_/_4x4_|_Highway_Terrain_(H/T)_Community_03,Traffic Driver,-1.488989654435603,227.10732777777778,72.82604658119658,86.01863247863248,20128.36,4351890.15,0.6793320264308859,0.6715963385111947,121.7357528133739
Vredestein_SUV / 4x4_Mud Terrain (M/T)_0047,SUV / 4x4 | Mud Terrain (M/T),SUV_/_4x4_|_Mud_Terrain_(M/T)_Community_01,Competitive Fighter,-0.9402933614795864,430.82042573839664,122.05915443037975,47.62286919831224,11286.62,4723235.91,0.7166820625526779,1.0634978837098914,251.86880685450743
Vredestein_SUV / 4x4_Mud Terrain (M/T)_0060,SUV / 4x4 | Mud Terrain (M/T),SUV_/_4x4_|_Mud_Terrain_(M/T)_Community_01,Competitive Fighter,-0.9299782028419327,425.51669959183675,139.2314975510204,202.42648979591837,49594.49,20420367.55,0.672794281200776,1.0752940197351797,288.94629422640594
Wanli_Agrícola_Implementos_0008,Agrícola | Implementos,Agrícola_|_Implementos_Community_02,Traffic Driver,-1.1166065335593158,621.9104489795918,177.1912057142857,68.20877551020409,16711.15,10002146.85,0.7150856590285392,0.895570615024418,335.87844279274674
Wanli_Agrícola_Implementos_0022,Agrícola | Implementos,Agrícola_|_Implementos_Community_01,Premium Leader,-1.1732495938988137,524.351189626556,200.13704273858923,188.6531950207469,45465.42,22691919.94,0.6183148876211624,0.8523335573268006,370.7205603288369
Wanli_Agrícola_Implementos_0025,Agrícola | Implementos,Agrícola_|_Implementos_Community_01,KVI,-1.1047073152744955,701.6272136170213,172.3840655319149,147.2847659574468,34611.92,23148745.64,0.7543081821994299,0.9052171431955458,328.42907686514866
Wanli_Agrícola_Implementos_0061,Agrícola | Implementos,Agrícola_|_Implementos_Community_01,Premium Leader,-1.2045316580378522,629.2737785123967,195.9439673553719,103.27537190082644,24992.64,15068239.48,0.6886188904635698,0.8301981880899432,358.6162940209566
Wanli_Agrícola_Implementos_0063,Agrícola | Implementos,Agrícola_|_Implementos_Community_02,Traffic Driver,-1.076194585634078,628.0892754166667,151.95550708333334,80.346875,19283.25,11664099.83,0.7580670248150186,0.9291999916639747,293.15256299846175
Wanli_Agrícola_Implementos_0065,Agrícola | Implementos,Agrícola_|_Implementos_Community_01,Premium Leader,-1.1907589449471492,618.2129020920502,215.88344351464437,215.35878661087867,51470.75,30392676.11,0.6507943415867113,0.8398005358207778,397.1824750530773
Wanli_Agrícola_Premium Radial_0006,Agrícola | Premium Radial,Agrícola_|_Premium_Radial_Community_03,Premium Leader,-0.7710399502163263,1703.4835197478992,528.2388411764706,57.20554621848739,13614.92,22376972.59,0.6899066911697243,1.296949658340577,1213.3380257625165
Wanli_Agrícola_Premium Radial_0052,Agrícola | Premium Radial,Agrícola_|_Premium_Radial_Community_01,Premium Leader,-0.8077968945231319,1984.945620614035,509.26975394736843,20.538201754385966,4682.71,9006299.84,0.7434339013328598,1.2379349398097548,1139.7125761471325
Wanli_Agrícola_Premium Radial_0071,Agrícola | Premium Radial,Agrícola_|_Premium_Radial_Community_02,Premium Leader,-0.8491526725996147,1596.09939958159,636.2448631799164,48.414267782426776,11571.01,17959564.27,0.6013751628835241,1.1776445299743072,1385.5151460279963
Wanli_Agrícola_Premium Radial_0074,Agrícola | Premium Radial,Agrícola_|_Premium_Radial_Community_01,KVI,-0.715300228203326,1937.7976282786885,611.8031159836066,39.694754098360654,9685.52,17998116.04,0.6842791491456925,1.3980143729462748,1467.1126655420053
Wanli_Agrícola_Tractor_0015,Agrícola | Tractor,Agrícola_|_Tractor_Community_02,KVI,-0.9567722450769423,1193.417872874494,322.269520242915,108.09149797570849,26698.6,30650552.93,0.7299608732466113,1.0451808203524773,659.0994417850042
Wanli_Agrícola_Tractor_0043,Agrícola | Tractor,Agrícola_|_Tractor_Community_02,Premium Leader,-1.0443699060761922,1287.9410933333334,363.65331208333333,128.93925,30945.42,38209131.97,0.7176475585990051,0.9575151430369201,711.8568652186559
Wanli_Agrícola_Tractor_0079,Agrícola | Tractor,Agrícola_|_Tractor_Community_01,Premium Leader,-1.0419400427857657,1105.9656659574468,333.794650212766,64.21663829787234,15090.91,16087053.8,0.6981871494864208,0.959748122671595,654.1534391122898
Wanli_Camión_Obras / Mixto_0002,Camión | Obras / Mixto,Camión_|_Obras_/_Mixto_Community_02,Premium Leader,-0.8349448568845019,793.6886420833333,217.44469541666666,51.973124999999996,12473.55,9618218.67,0.726032749006082,1.1976838850548548,477.8747030078696
Wanli_Camión_Obras / Mixto_0060,Camión | Obras / Mixto,Camión_|_Obras_/_Mixto_Community_03,Competitive Fighter,-0.8283146684845981,716.1028257936507,260.8488420634921,129.95134920634922,32747.74,22638420.44,0.6357382869221393,1.207270664214483,575.7639968810629
Wanli_Camión_Obras / Mixto_0070,Camión | Obras / Mixto,Camión_|_Obras_/_Mixto_Community_02,Competitive Fighter,-0.8195580315425804,812.8553887029288,238.40074937238492,42.00196652719665,10038.47,7925195.14,0.7067119776953188,1.2201698494953308,529.2901558536619
Wanli_Camión_Regional_0017,Camión | Regional,Camión_|_Regional_Community_03,KVI,-0.9789255577586399,655.0450300847458,201.270443220339,94.54411016949153,22312.41,14139832.16,0.6927380042952165,1.021528135693599,406.87386385343626
Wanli_Coche_Budget_0027,Coche | Budget,Coche_|_Budget_Community_03,KVI,-2.5465282661882798,109.49506270491804,28.35242581967213,130.14237704918034,31754.74,3186607.1,0.7410620614366873,0.3926914981771752,39.48618239175641
Wanli_Coche_Eco_0001,Coche | Eco,Coche_|_Eco_Community_01,Premium Leader,-1.4407500218550597,170.82319917695474,55.57923744855967,161.6671193415638,39285.11,6296673.01,0.6746388212119511,0.6940829323829784,94.1558375564658
Wanli_Coche_Eco_0079,Coche | Eco,Coche_|_Eco_Community_02,Premium Leader,-1.4502191958431832,180.43517603305784,63.55621652892562,275.88095041322316,66763.19,11333166.17,0.6477614957003651,0.6895509333115553,107.38146495419757
Wanli_Coche_Performance_0072,Coche | Performance,Coche_|_Performance_Community_01,Premium Leader,-1.1135048933057208,359.41145193798445,118.62917131782946,194.7736434108527,50251.6,17161615.169999998,0.6699349153229024,0.8980652047529375,225.16590234704728
Wanli_Coche_Touring_0004,Coche | Touring,Coche_|_Touring_Community_02,Competitive Fighter,-1.8022021119940164,160.72448177966103,45.0129656779661,191.55343220338983,45206.61,6817044.39,0.7199370924731002,0.5548767218420173,69.98961251374317
Wanli_Coche_Touring_0013,Coche | Touring,Coche_|_Touring_Community_03,Premium Leader,-2.028144003159835,154.85134125000002,47.121476666666666,259.788875,62349.33,8902368.17,0.6956986211014388,0.49306163588088747,70.3552690370564
Wanli_Furgoneta_Reforzado_0011,Furgoneta | Reforzado,Furgoneta_|_Reforzado_Community_03,Premium Leader,-1.1059337627469772,249.850231640625,68.319409765625,200.6969921875,51378.43,12354468.48,0.7265585494277508,0.904213284452178,130.09472766163498
Wanli_Furgoneta_Reforzado_0059,Furgoneta | Reforzado,Furgoneta_|_Reforzado_Community_02,Premium Leader,-1.1334204831929144,241.79036131687243,79.11260493827162,279.01662551440324,67801.04,15639081.89,0.6728049682898958,0.8822850961568466,148.91247719345319
Wanli_Furgoneta_Reforzado_0077,Furgoneta | Reforzado,Furgoneta_|_Reforzado_Community_02,Competitive Fighter,-1.0929634354309985,217.19164958333334,55.78901458333333,152.49883333333335,36599.72,7648762.77,0.7431346246950075,0.9149436912367162,106.83282151666732
Wanli_Furgoneta_Standard_0017,Furgoneta | Standard,Furgoneta_|_Standard_Community_01,Competitive Fighter,-1.3554442622961318,180.4719740425532,50.579297872340426,181.13621276595745,42567.01,7303356.24,0.7197387675251206,0.7377654897487214,87.89495833827412
Wanli_Furgoneta_Standard_0025,Furgoneta | Standard,Furgoneta_|_Standard_Community_02,Premium Leader,-1.408458724164796,184.805283127572,56.44714650205761,265.45539094650206,64505.659999999996,11363844.7,0.6945588051014111,0.7099959571715468,96.52439231238854
Wanli_Industrial_Construcción Pesada_0042,Industrial | Construcción Pesada,Industrial_|_Construcción_Pesada_Community_02,Premium Leader,-0.9828313437122771,2119.4660559999998,618.121979111111,22.005555555555556,4951.25,10047604.34,0.708359576053946,1.0174685681297817,1247.0416641268398
Wanli_Industrial_Manipulación Ligera_0018,Industrial | Manipulación Ligera,Industrial_|_Manipulación_Ligera_Community_01,Competitive Fighter,-1.3051668636795453,307.25409959677415,86.31491693548386,253.63411290322583,62901.26,18337135.58,0.7190764352737375,0.7661855566734093,152.44815961691666
Wanli_Industrial_Manipulación Ligera_0060,Industrial | Manipulación Ligera,Industrial_|_Manipulación_Ligera_Community_02,Competitive Fighter,-1.3113593098833474,318.351098046875,99.2956328125,148.2914453125,37962.61,11430468.77,0.6880939521751566,0.7625675072142931,175.0152560035939
Wanli_SUV / 4x4_All Terrain (A/T)_0050,SUV / 4x4 | All Terrain (A/T),SUV_/_4x4_|_All_Terrain_(A/T)_Community_01,Premium Leader,-1.3004917286669402,382.06962612244894,89.28826285714285,266.5429387755102,65303.02,23756771.52,0.7663036872014344,0.7689399155387501,157.945572157116
Wanli_SUV / 4x4_All Terrain (A/T)_0055,SUV / 4x4 | All Terrain (A/T),SUV_/_4x4_|_All_Terrain_(A/T)_Community_03,Premium Leader,-1.3162075167156202,330.1116419354839,107.78234596774193,133.07790322580644,33003.32,10328438.18,0.6734972891722291,0.7597586150361273,189.67091186553827
Wanli_SUV / 4x4_Highway Terrain (H/T)_0008,SUV / 4x4 | Highway Terrain (H/T),SUV_/_4x4_|_Highway_Terrain_(H/T)_Community_02,KVI,-1.5967245466455797,239.58515833333334,67.28149875,226.54604166666667,54371.05,12289040.52,0.7191750139364156,0.6262820986254726,109.41869698581709
Wanli_SUV / 4x4_Highway Terrain (H/T)_0010,SUV / 4x4 | Highway Terrain (H/T),SUV_/_4x4_|_Highway_Terrain_(H/T)_Community_01,Competitive Fighter,-1.6121717051227282,233.9090587755102,74.29021020408163,228.9434693877551,56091.15,12263325.42,0.682397036724515,0.6202813241433697,120.37104016035867
Wanli_SUV / 4x4_Highway Terrain (H/T)_0034,SUV / 4x4 | Highway Terrain (H/T),SUV_/_4x4_|_Highway_Terrain_(H/T)_Community_01,Traffic Driver,-1.5625512980991219,251.77343387096775,82.48000645161291,47.46560483870967,11771.47,2788431.73,0.6724038545945901,0.6399789889884077,135.2654775922735
Wanli_SUV / 4x4_Highway Terrain (H/T)_0038,SUV / 4x4 | Highway Terrain (H/T),SUV_/_4x4_|_Highway_Terrain_(H/T)_Community_03,Traffic Driver,-1.524347638116353,228.89262276422764,76.35075,248.39158536585367,61104.33,13189391.89,0.6664342036106353,0.6560183353160222,126.43824191512978
Wanli_SUV / 4x4_Highway Terrain (H/T)_0044,SUV / 4x4 | Highway Terrain (H/T),SUV_/_4x4_|_Highway_Terrain_(H/T)_Community_01,Traffic Driver,-1.5686380768020816,236.82964958677684,78.21010578512397,268.96520661157024,65089.58,14316819.48,0.6697621859358155,0.6374956816289066,128.06871048288048
Wanli_SUV / 4x4_Highway Terrain (H/T)_0057,SUV / 4x4 | Highway Terrain (H/T),SUV_/_4x4_|_Highway_Terrain_(H/T)_Community_01,Competitive Fighter,-1.6206970940989704,225.13422839506174,65.32507777777778,118.15275720164608,28711.12,5995362.49,0.7098394222705824,0.6170184444959173,105.63185565479704
Wanli_SUV / 4x4_Mud Terrain (M/T)_0033,SUV / 4x4 | Mud Terrain (M/T),SUV_/_4x4_|_Mud_Terrain_(M/T)_Community_01,Premium Leader,-0.9819109505382965,444.9244533898305,116.60691059322033,122.19177966101694,28837.26,12364276.98,0.7379175055342427,1.0184222911983891,235.3619876491335
Wanli_SUV / 4x4_Mud Terrain (M/T)_0074,SUV / 4x4 | Mud Terrain (M/T),SUV_/_4x4_|_Mud_Terrain_(M/T)_Community_01,Traffic Driver,-0.8970826877447554,445.0859004065041,136.25021707317072,80.93426829268293,19909.83,8494852.17,0.6938788288985761,1.1147244436451853,288.13166449659667
Westlake_Agrícola_Implementos_0026,Agrícola | Implementos,Agrícola_|_Implementos_Community_01,Competitive Fighter,-1.1633797516771431,704.9017156626506,190.0213465863454,47.4910843373494,11825.28,7931726.9,0.7304285939952441,0.8595645562494854,353.35696104276707
Westlake_Agrícola_Premium Radial_0024,Agrícola | Premium Radial,Agrícola_|_Premium_Radial_Community_02,Traffic Driver,-0.6901809285564304,1803.1592885106384,609.0445085106383,62.878255319148934,14776.39,26027960.8,0.6622347718300069,1.4488954397676292,1491.4863195072192
Westlake_Agrícola_Premium Radial_0043,Agrícola | Premium Radial,Agrícola_|_Premium_Radial_Community_03,Premium Leader,-0.833988028076426,1985.8220045833334,520.3462341666667,49.049625,11771.91,22557525.52,0.7379693482267329,1.1990579796528695,1144.271538426529
Westlake_Agrícola_Tractor_0011,Agrícola | Tractor,Agrícola_|_Tractor_Community_02,Competitive Fighter,-0.9720715469632375,1205.268189539749,346.08832426778247,45.53740585774059,10883.44,12595146.3,0.7128536808061434,1.02873086155439,702.1200642656934
Westlake_Agrícola_Tractor_0034,Agrícola | Tractor,Agrícola_|_Tractor_Community_03,Competitive Fighter,-0.994032590744176,1281.401735483871,348.6625346774194,93.11032258064516,23091.36,28363242.16,0.7279053672065141,1.006003233004017,699.4181717902784
Westlake_Camión_Long Haul_0039,Camión | Long Haul,Camión_|_Long_Haul_Community_01,Premium Leader,-1.0267393244492287,661.9947560165975,179.67781784232363,227.29477178423238,54778.04,34880835.83,0.7285812067100139,0.973957046533138,354.6762946355523
Westlake_Camión_Long Haul_0054,Camión | Long Haul,Camión_|_Long_Haul_Community_01,Premium Leader,-1.0265785942623344,691.9293202380952,211.67128611111113,99.68222222222224,25119.920000000002,16854998.0,0.6940853929440736,0.9741095378270254,417.8623047960577
Westlake_Camión_Obras / Mixto_0025,Camión | Obras / Mixto,Camión_|_Obras_/_Mixto_Community_01,Traffic Driver,-0.7721143853318322,711.1239785714286,240.67530084033612,86.84991596638655,20670.28,14388610.56,0.6615564822834031,1.2951448891477773,552.3846866678011
Westlake_Camión_Obras / Mixto_0035,Camión | Obras / Mixto,Camión_|_Obras_/_Mixto_Community_02,KVI,-0.7975550003736389,725.7861586206898,264.67792974137933,99.74676724137932,23141.25,16258095.61,0.6353224340288015,1.2538320235363323,596.5395939744201
Westlake_Coche_Budget_0022,Coche | Budget,Coche_|_Budget_Community_02,Premium Leader,-2.537180710654361,95.24842107438018,28.435805371900827,333.8749173553719,80797.73,6863333.9,0.7014564120732762,0.3941382637037672,39.643444328200076
Westlake_Coche_Budget_0075,Coche | Budget,Coche_|_Budget_Community_01,Competitive Fighter,-2.714889273906307,94.91363135593221,30.105537288135594,211.40334745762712,49891.19,4366637.53,0.682811237352853,0.3683391472393842,41.194585220030945
Westlake_Coche_Budget_0076,Coche | Budget,Coche_|_Budget_Community_03,Premium Leader,-2.7091918592645117,101.77083306772909,25.51600637450199,172.403187250996,43273.2,4038586.21,0.7492797729431876,0.36911376231267684,34.934315486588666
Westlake_Coche_Performance_0061,Coche | Performance,Coche_|_Performance_Community_02,Traffic Driver,-0.9489224380172208,389.68971,97.74244458333332,145.02158333333333,34805.18,13128476.28,0.7491787900087653,1.0538269092777552,200.74606286383974
Westlake_Coche_Touring_0042,Coche | Touring,Coche_|_Touring_Community_03,Premium Leader,-2.0762909553696978,153.6513468879668,41.51369419087137,331.60029045643154,79915.67,11275933.07,0.7298188721954997,0.4816280673061754,61.50785449076035
Westlake_Furgoneta_Reforzado_0002,Furgoneta | Reforzado,Furgoneta_|_Reforzado_Community_02,KVI,-1.0848081834846994,252.38410085470085,66.8156358974359,147.72094017094017,34566.7,8458796.69,0.735262103788772,0.9218219545392141,128.40775597419074
Westlake_Furgoneta_Reforzado_0078,Furgoneta | Reforzado,Furgoneta_|_Reforzado_Community_01,Competitive Fighter,-1.0819894433111603,253.36852903225807,80.88307661290322,318.1133064516129,78892.1,19191142.27,0.6807690484613996,0.9242234350639763,155.6371115186234
Westlake_Furgoneta_Standard_0007,Furgoneta | Standard,Furgoneta_|_Standard_Community_01,Premium Leader,-1.415503010907618,169.41097095435686,59.79265560165975,283.5046887966805,68324.63,10938758.71,0.6470555875760298,0.7064626442290658,102.03393318348617
Westlake_Industrial_Manipulación Ligera_0038,Industrial | Manipulación Ligera,Industrial_|_Manipulación_Ligera_Community_03,Competitive Fighter,-1.2874770340574653,321.03302480314966,95.68880787401575,253.181062992126,64307.99,19731920.6,0.7019346905736877,0.7767128838395777,170.01153778901383
Westlake_Industrial_Manipulación Ligera_0049,Industrial | Manipulación Ligera,Industrial_|_Manipulación_Ligera_Community_02,Traffic Driver,-1.2228870225612045,341.4127224489796,83.42577795918368,155.16910204081634,38016.43,12528782.209999999,0.7556453744290366,0.8177370284833085,151.64612572643483
Westlake_Industrial_Portuario/Especial_0038,Industrial | Portuario/Especial,Industrial_|_Portuario/Especial_Community_01,Competitive Fighter,-0.684655846011357,5940.82018940678,2566.172547881356,2.0932627118644067,494.01,2828025.1,0.5680440636030089,1.4605878352251915,6314.2929544057
Westlake_Industrial_Portuario/Especial_0046,Industrial | Portuario/Especial,Industrial_|_Portuario/Especial_Community_03,Competitive Fighter,-0.6751101334428766,5549.966707407408,2278.5235547325105,0.785843621399177,190.96,1030162.49,0.5894527526279717,1.4812398014236197,5653.563332483534
Westlake_SUV / 4x4_All Terrain (A/T)_0015,SUV / 4x4 | All Terrain (A/T),SUV_/_4x4_|_All_Terrain_(A/T)_Community_03,Premium Leader,-1.2898861953550462,375.44023869565217,93.11068173913043,61.48321739130434,14141.14,5054819.45,0.7519959979180337,0.7752621925880415,165.295873017576
Westlake_SUV / 4x4_Highway Terrain (H/T)_0006,SUV / 4x4 | Highway Terrain (H/T),SUV_/_4x4_|_Highway_Terrain_(H/T)_Community_03,Competitive Fighter,-1.572951460115127,230.8301305785124,76.80836818181818,128.14830578512397,31011.89,6664821.55,0.6672515499197653,0.6357475264537459,125.63909826435768
Westlake_SUV / 4x4_Highway Terrain (H/T)_0050,SUV / 4x4 | Highway Terrain (H/T),SUV_/_4x4_|_Highway_Terrain_(H/T)_Community_03,Premium Leader,-1.7574695272178782,256.03284355555553,71.88378355555555,260.4735111111111,58606.54,14140241.65,0.7192399906305076,0.5689999083984273,112.78564981399904
Westlake_SUV / 4x4_Highway Terrain (H/T)_0070,SUV / 4x4 | Highway Terrain (H/T),SUV_/_4x4_|_Highway_Terrain_(H/T)_Community_03,Competitive Fighter,-1.5972151107613568,251.03162086956522,60.14287478260869,280.6409565217391,64547.42,15503305.95,0.7604171356011814,0.6260897441192641,97.79771186584911
Westlake_SUV / 4x4_Highway Terrain (H/T)_0071,SUV / 4x4 | Highway Terrain (H/T),SUV_/_4x4_|_Highway_Terrain_(H/T)_Community_03,Competitive Fighter,-1.580381407331208,253.2705417355372,62.5405132231405,92.30256198347108,22337.22,5401607.74,0.7530683481995916,0.6327586463375959,102.11356371147339
Westlake_SUV / 4x4_Mud Terrain (M/T)_0032,SUV / 4x4 | Mud Terrain (M/T),SUV_/_4x4_|_Mud_Terrain_(M/T)_Community_01,Premium Leader,-0.9849467065393859,438.7196510460251,110.47826694560669,167.58041841004186,40051.72,17013995.82,0.7481802634502536,1.015283358338751,222.64501283358726
Westlake_SUV / 4x4_Mud Terrain (M/T)_0062,SUV / 4x4 | Mud Terrain (M/T),SUV_/_4x4_|_Mud_Terrain_(M/T)_Community_01,Premium Leader,-1.0378043995740764,401.2584264957265,125.49255555555557,193.14807692307693,45196.65,17238584.24,0.6872525353510749,0.9635727121704324,246.41375766942093
Westlake_SUV / 4x4_Mud Terrain (M/T)_0072,SUV / 4x4 | Mud Terrain (M/T),SUV_/_4x4_|_Mud_Terrain_(M/T)_Community_01,Premium Leader,-0.9730287179431257,451.52380252100835,110.55293571428571,171.96226890756301,40927.02,17909798.54,0.7551559074028176,1.0277188962252712,224.17027678103477
Yokohama_Agrícola_Implementos_0039,Agrícola | Implementos,Agrícola_|_Implementos_Community_01,Competitive Fighter,-1.1323233274977984,612.9140250996015,202.16178047808765,136.67083665338643,34304.38,20248183.55,0.6701629067058217,0.8831399792935418,380.6989311034515
Yokohama_Agrícola_Implementos_0041,Agrícola | Implementos,Agrícola_|_Implementos_Community_01,Premium Leader,-1.1756242036660058,616.67823125,217.36453458333332,118.472875,28433.49,16605615.32,0.6475235810695995,0.8506119531068275,402.257405881419
Yokohama_Agrícola_Premium Radial_0068,Agrícola | Premium Radial,Agrícola_|_Premium_Radial_Community_02,Premium Leader,-0.8239034405237782,1846.5702636363637,629.563423553719,72.29037190082644,17494.27,31439778.27,0.6590633803915215,1.2137344630631381,1393.686247404883
Yokohama_Agrícola_Tractor_0035,Agrícola | Tractor,Agrícola_|_Tractor_Community_01,Traffic Driver,-0.8624382825539896,1085.5893881355933,353.39318898305083,107.17771186440677,25293.94,26581125.32,0.67446882509604,1.1595032598027082,763.1537436009728
Yokohama_Camión_Long Haul_0002,Camión | Long Haul,Camión_|_Long_Haul_Community_01,Premium Leader,-0.9799475286935705,666.15684609375,172.523411328125,81.195078125,20785.94,13378827.53,0.7410168305861029,1.0204628010370747,348.57713489649484
Yokohama_Camión_Long Haul_0004,Camión | Long Haul,Camión_|_Long_Haul_Community_01,Premium Leader,-0.9875720409194786,644.9793875518671,187.33732406639007,140.24605809128633,33799.3,21093550.87,0.7095452541863984,1.0125843569537978,377.0321678896008
Yokohama_Camión_Long Haul_0022,Camión | Long Haul,Camión_|_Long_Haul_Community_03,Traffic Driver,-0.8828097432793716,624.5261427983538,183.89855349794237,148.93703703703702,36191.7,21874460.53,0.7055390625059561,1.1327469000118893,392.20906988940715
Yokohama_Camión_Long Haul_0042,Camión | Long Haul,Camión_|_Long_Haul_Community_01,Traffic Driver,-0.8542517729341578,662.4176119341564,199.06550823045268,192.14469135802472,46691.16,30114287.04,0.699486389485913,1.1706150712046295,432.0945923220298
Yokohama_Camión_Obras / Mixto_0051,Camión | Obras / Mixto,Camión_|_Obras_/_Mixto_Community_02,Premium Leader,-0.8492309753853099,772.5887826612902,194.0625443548387,64.495,15994.76,12002172.31,0.7488152187683038,1.1775359460319776,422.5781661110864
Yokohama_Camión_Obras / Mixto_0063,Camión | Obras / Mixto,Camión_|_Obras_/_Mixto_Community_01,KVI,-0.7965118382599845,821.2150601593625,268.31781434262945,49.81123505976096,12502.62,9958350.65,0.6732672994446052,1.2554741209930345,605.1838864512144
Yokohama_Camión_Obras / Mixto_0067,Camión | Obras / Mixto,Camión_|_Obras_/_Mixto_Community_02,KVI,-0.7952931412584576,778.068787815126,258.8929331932773,122.00084033613446,29036.2,22069772.52,0.6672621531056815,1.2573979934211654,584.4243879014241
Yokohama_Camión_Regional_0003,Camión | Regional,Camión_|_Regional_Community_03,Premium Leader,-1.0612711764179616,614.1435666666667,179.31993291139239,184.415611814346,43706.5,25729483.59,0.7080162642024056,0.9422662390353743,348.28705167988574
Yokohama_Camión_Regional_0013,Camión | Regional,Camión_|_Regional_Community_01,Premium Leader,-1.1414617166692953,584.446986,197.6019044,133.43692000000001,33359.23,18830131.96,0.6618993524931961,0.8760696792512056,370.7149414071354
Yokohama_Camión_Regional_0018,Camión | Regional,Camión_|_Regional_Community_02,Competitive Fighter,-1.10022349371554,613.0325865800866,174.2200380952381,133.7978787878788,30907.31,18333859.17,0.7158062362277409,0.9089062410610071,332.56971803788645
Yokohama_Camión_Regional_0037,Camión | Regional,Camión_|_Regional_Community_01,KVI,-1.0351319897432505,624.4476623966941,183.38385165289256,79.08190082644629,19137.82,11501940.46,0.7063263061165983,0.9660603767525681,360.543724471023
Yokohama_Camión_Regional_0058,Camión | Regional,Camión_|_Regional_Community_01,Traffic Driver,-0.9946297436981562,601.1720338912135,183.55206652719664,127.2226359832636,30406.21,17861043.2,0.6946763053179354,1.0053992516671346,368.0951768555963
Yokohama_Coche_Budget_0021,Coche | Budget,Coche_|_Budget_Community_02,Competitive Fighter,-2.45403830921862,101.30838547008547,28.892059401709403,227.80568376068376,53306.53,5015383.09,0.7148107802957663,0.4074916011879235,40.66533094892856
Yokohama_Coche_Budget_0026,Coche | Budget,Coche_|_Budget_Community_03,KVI,-2.547168629136723,103.53618493723849,28.667007949790793,98.71221757322176,23592.22,2273318.63,0.7231208782980739,0.3925927748014533,39.92146814605448
Yokohama_Coche_Budget_0031,Coche | Budget,Coche_|_Budget_Community_01,Traffic Driver,-2.6267569556497006,102.74083869565217,28.334260434782607,209.76752173913042,48246.53,4532736.74,0.7242161851655036,0.38069757380833147,39.121044637957745
Yokohama_Coche_Budget_0039,Coche | Budget,Coche_|_Budget_Community_02,Competitive Fighter,-2.4855371849847367,98.54217736625515,27.19635802469136,450.78267489711936,109540.19,9723198.69,0.7240130190790314,0.40232751537215117,38.138201175936906
Yokohama_Coche_Budget_0050,Coche | Budget,Coche_|_Budget_Community_02,Premium Leader,-2.5438957443537826,96.02662765957447,26.000823829787233,192.13540425531914,45151.82,4015265.02,0.7292331880906703,0.39309787054737444,36.221692309754026
Yokohama_Coche_Eco_0039,Coche | Eco,Coche_|_Eco_Community_02,KVI,-1.3977214600777377,189.59944435146446,47.06660836820084,108.00769874476987,25813.84,4721832.42,0.7517576671746333,0.7154501297736264,80.74041943323458
Yokohama_Coche_Performance_0027,Coche | Performance,Coche_|_Performance_Community_02,Competitive Fighter,-1.0965033449716388,362.92716530612245,105.6967587755102,241.80395918367347,59241.97,20589786.57,0.7087659208801388,0.9119899219512779,202.0911375616908
Yokohama_Coche_Performance_0029,Coche | Performance,Coche_|_Performance_Community_02,Premium Leader,-1.1478930012776853,378.3365012145749,94.850195951417,161.4987854251012,39890.2,14344643.66,0.7492967354539699,0.8711613354963659,177.48001932854544
Yokohama_Coche_Performance_0047,Coche | Performance,Coche_|_Performance_Community_01,Premium Leader,-1.1278258068291005,336.735768907563,107.38782268907563,241.01016806722689,57360.42,18494502.58,0.6810917264968233,0.8866617468273007,202.60449714255185
Yokohama_Coche_Performance_0054,Coche | Performance,Coche_|_Performance_Community_02,KVI,-1.0403160417420816,382.64850157480316,94.31479133858267,174.92385826771655,44430.66,16074803.42,0.7535210749540979,0.9612463519503462,184.97454044775336
Yokohama_Coche_Performance_0069,Coche | Performance,Coche_|_Performance_Community_01,KVI,-1.0229140512020989,386.50707269076304,118.98935903614458,237.68706827309236,59184.08,22131127.88,0.6921418327282571,0.9775992409380133,235.31326610958024
Yokohama_Furgoneta_Reforzado_0060,Furgoneta | Reforzado,Furgoneta_|_Reforzado_Community_01,Premium Leader,-1.1148810923789558,252.36306875,75.90291,229.07795833333333,54978.71,13321740.42,0.6992313083845395,0.8969566412380174,143.98452921379155
Yokohama_Furgoneta_Standard_0076,Furgoneta | Standard,Furgoneta_|_Standard_Community_03,Competitive Fighter,-1.3415779996167345,165.20040173160174,50.30370086580086,190.31056277056277,43961.74,6976825.01,0.6954989192609324,0.7453908757341597,87.79962050682938
Yokohama_Furgoneta_Standard_0077,Furgoneta | Standard,Furgoneta_|_Standard_Community_02,Traffic Driver,-1.2418502346114189,189.37824957264957,52.95232564102564,233.59235042735042,54660.61,9811352.3,0.720388556972526,0.8052500793808723,95.59219006686334
Yokohama_Industrial_Construcción Pesada_0000,Industrial | Construcción Pesada,Industrial_|_Construcción_Pesada_Community_03,Premium Leader,-0.9049847723077885,1770.5342367521368,608.8612367521367,53.85897435897436,12603.0,21482880.66,0.6561143952409358,1.104990968466701,1281.6474044127135
Yokohama_Industrial_Construcción Pesada_0027,Industrial | Construcción Pesada,Industrial_|_Construcción_Pesada_Community_01,Competitive Fighter,-0.8862812345072244,1948.763256355932,696.1896567796609,11.167288135593221,2635.48,4978829.6,0.6427530873701442,1.1283100228969687,1481.7074243613529
Yokohama_Industrial_Construcción Pesada_0052,Industrial | Construcción Pesada,Industrial_|_Construcción_Pesada_Community_01,Competitive Fighter,-0.8977082860584581,1945.30199916318,559.0200962343097,20.97991631799163,5014.2,9308748.51,0.712630688461336,1.1139476102985204,1181.739196543368
Yokohama_Industrial_Manipulación Ligera_0030,Industrial | Manipulación Ligera,Industrial_|_Manipulación_Ligera_Community_01,Premium Leader,-1.342618353436987,315.55013162393163,98.13178504273505,212.17641025641026,49649.28,14930966.55,0.6890136456679182,0.7448132951855502,171.22164322285462
Yokohama_Industrial_Manipulación Ligera_0045,Industrial | Manipulación Ligera,Industrial_|_Manipulación_Ligera_Community_01,Traffic Driver,-1.2683355194816095,333.7367180327869,91.23367295081967,74.09286885245902,18078.66,5753922.55,0.7266298012139716,0.7884349090914975,163.1654855898826
Yokohama_Industrial_Manipulación Ligera_0061,Industrial | Manipulación Ligera,Industrial_|_Manipulación_Ligera_Community_03,Traffic Driver,-1.2065328538405453,332.4748259574468,88.70444212765958,173.96510638297875,40881.8,12898434.35,0.7331995230850566,0.8288211935687243,162.2245637267542
Yokohama_Industrial_Portuario/Especial_0000,Industrial | Portuario/Especial,Industrial_|_Portuario/Especial_Community_03,Premium Leader,-0.748807200769897,5085.655141563786,2228.7757444444446,1.3227160493827161,321.42,1587279.74,0.5617524817541759,1.335457243161972,5205.210455746495
Yokohama_Industrial_Portuario/Especial_0024,Industrial | Portuario/Especial,Industrial_|_Portuario/Especial_Community_01,Premium Leader,-0.7264020164477683,4774.341436514523,2698.175544813278,0.53701244813278,129.42,603232.22,0.4348591149812981,1.3766481608767736,6412.613946303164
Yokohama_Industrial_Portuario/Especial_0049,Industrial | Portuario/Especial,Industrial_|_Portuario/Especial_Community_02,Premium Leader,-0.7385137703079165,4493.808093415638,2893.0456736625515,1.7769958847736627,431.81,1888292.41,0.35621512678713085,1.3540708923857427,6810.434610711515
Yokohama_Industrial_Portuario/Especial_0051,Industrial | Portuario/Especial,Industrial_|_Portuario/Especial_Community_02,Competitive Fighter,-0.6763185446159367,4603.824384210526,2776.702319736842,1.6046491228070177,365.86,1636078.4,0.3968704954819867,1.4785931983690812,6882.3154835953865
Yokohama_Industrial_Portuario/Especial_0066,Industrial | Portuario/Especial,Industrial_|_Portuario/Especial_Community_03,Competitive Fighter,-0.6824935685143552,5184.670007142857,2852.1827732142856,2.2786607142857145,510.42,2588577.32,0.4498815220091408,1.4652152725435779,7031.244532613552
Yokohama_Industrial_Portuario/Especial_0067,Industrial | Portuario/Especial,Industrial_|_Portuario/Especial_Community_01,Traffic Driver,-0.624940926228922,5225.639366806722,2357.1312592436975,0.9585714285714285,228.14,1163827.02,0.5489295962105225,1.600151243149165,6128.8977739882575
Yokohama_SUV / 4x4_All Terrain (A/T)_0030,SUV / 4x4 | All Terrain (A/T),SUV_/_4x4_|_All_Terrain_(A/T)_Community_03,KVI,-1.2201079620570205,371.686712,109.5330836,284.50488,71126.22,25649646.71,0.7053080455563878,0.8195996019188883,199.3063553155083
Yokohama_SUV / 4x4_All Terrain (A/T)_0036,SUV / 4x4 | All Terrain (A/T),SUV_/_4x4_|_All_Terrain_(A/T)_Community_03,Premium Leader,-1.3445066101149106,354.30282112068966,91.73542068965517,123.51387931034483,28655.22,9790419.92,0.741081879056203,0.743767261891359,159.96522335445192
Yokohama_SUV / 4x4_All Terrain (A/T)_0047,SUV / 4x4 | All Terrain (A/T),SUV_/_4x4_|_All_Terrain_(A/T)_Community_03,Competitive Fighter,-1.2705481464096275,329.79771711711714,97.16729864864864,72.75747747747748,16152.16,5140012.68,0.7053730404866849,0.787061869969938,173.64397442298144
Yokohama_SUV / 4x4_Highway Terrain (H/T)_0017,SUV / 4x4 | Highway Terrain (H/T),SUV_/_4x4_|_Highway_Terrain_(H/T)_Community_02,Traffic Driver,-1.5590686491076202,240.75003333333333,55.94866578947369,94.7942105263158,21613.08,4849291.26,0.767606820174312,0.6414085746463954,91.83461976686756
Yokohama_SUV / 4x4_Highway Terrain (H/T)_0023,SUV / 4x4 | Highway Terrain (H/T),SUV_/_4x4_|_Highway_Terrain_(H/T)_Community_01,Competitive Fighter,-1.6057785168331757,214.6376337662338,79.22722943722944,232.29844155844157,53660.94,10876585.15,0.6308791331369342,0.6227508896881636,128.56605705679232
Yokohama_SUV / 4x4_Highway Terrain (H/T)_0035,SUV / 4x4 | Highway Terrain (H/T),SUV_/_4x4_|_Highway_Terrain_(H/T)_Community_03,KVI,-1.551009495926711,229.45142337662338,60.30658268398269,162.84757575757575,37617.79,8132156.57,0.7371705880203018,0.644741378196728,99.18873191798862
Yokohama_SUV / 4x4_Highway Terrain (H/T)_0046,SUV / 4x4 | Highway Terrain (H/T),SUV_/_4x4_|_Highway_Terrain_(H/T)_Community_03,Competitive Fighter,-1.5925498788267014,224.74649139344262,62.20666803278689,390.2472131147541,95220.32,20011972.84,0.7232140637786976,0.6279238178315282,101.26771651851291
Yokohama_SUV / 4x4_Highway Terrain (H/T)_0051,SUV / 4x4 | Highway Terrain (H/T),SUV_/_4x4_|_Highway_Terrain_(H/T)_Community_03,Competitive Fighter,-1.5748611126485168,228.5998923694779,60.89508955823293,77.14305220883534,19208.62,4137588.67,0.7336171556029853,0.6349766287125178,99.56204823106653
Yokohama_SUV / 4x4_Mud Terrain (M/T)_0006,SUV / 4x4 | Mud Terrain (M/T),SUV_/_4x4_|_Mud_Terrain_(M/T)_Community_01,KVI,-0.9119317869717636,434.7320431034483,130.3471754310345,342.0142672413793,79347.31,33207336.61,0.7001666256287042,1.0965732462519846,273.28240073322087
Yokohama_SUV / 4x4_Mud Terrain (M/T)_0039,SUV / 4x4 | Mud Terrain (M/T),SUV_/_4x4_|_Mud_Terrain_(M/T)_Community_01,Premium Leader,-0.9803944730726165,451.75674556962025,141.8508270042194,216.41822784810128,51291.12,22215670.13,0.6860017511739428,1.019997590220943,286.5383287193711
Yokohama_SUV / 4x4_Mud Terrain (M/T)_0073,SUV / 4x4 | Mud Terrain (M/T),SUV_/_4x4_|_Mud_Terrain_(M/T)_Community_02,KVI,-0.9412907096955322,409.7567052419355,118.3094943548387,188.40112903225807,46723.48,18448501.22,0.7112689241168503,1.0623710504095571,243.99807614601227
