community,mes,total_revenue,n_skus,avg_core_revenue_pct,stable_core_pct,volatile_core_pct,structural_status,alert_archetype,high_risk
Camión_|_Long_Haul_Community_03,2022-10-01,3916404.1599999997,8,1.0000000000000002,0.375,0.125,Structurally Fragile,Balanced,True
Camión_|_Long_Haul_Community_03,2023-01-01,3761957.6399999997,8,1.0000000000000002,0.5,0.0,Structurally Fragile,Balanced,True
Camión_|_Long_Haul_Community_03,2024-09-01,4062806.8899999997,8,1.0000000000000002,0.5,0.0,Structurally Fragile,Balanced,True
Camión_|_Long_Haul_Community_03,2025-01-01,2735332.1399999997,8,1.0000000000000002,0.5,0.0,Structurally Fragile,Balanced,True
Camión_|_Regional_Community_01,2020-02-01,9977628.04,35,1.0000000000000002,0.0,0.6285714285714286,Structurally Fragile,Balanced,True
Camión_|_Regional_Community_02,2020-02-01,6020548.6,20,1.0000000000000002,0.0,0.6,Structurally Fragile,Balanced,True
Industrial_|_Manipulación_Ligera_Community_02,2021-02-01,4107667.01,16,1.0000000000000002,0.5,0.125,Structurally Fragile,Balanced,True
Industrial_|_Manipulación_Ligera_Community_03,2020-02-01,7456998.2299999995,31,1.0000000000000002,0.0,0.6451612903225806,Structurally Fragile,Balanced,True
SUV_/_4x4_|_Highway_Terrain_(H/T)_Community_03,2021-01-01,1830851.88,7,1.0000000000000002,0.42857142857142855,0.14285714285714285,Structurally Fragile,Balanced,True
Agrícola_|_Implementos_Community_01,2020-02-01,9886715.88,38,1.0,0.0,0.631578947368421,Structurally Fragile,Balanced,True
Agrícola_|_Implementos_Community_02,2020-02-01,11945335.37,42,1.0,0.0,0.6190476190476191,Structurally Fragile,Balanced,True
Agrícola_|_Premium_Radial_Community_01,2020-02-01,3423448.75,18,1.0,0.0,0.6111111111111112,Structurally Fragile,Balanced,True
Agrícola_|_Premium_Radial_Community_01,2020-10-01,4591161.86,18,1.0,0.5,0.05555555555555555,Structurally Fragile,Balanced,True
Agrícola_|_Premium_Radial_Community_01,2023-11-01,4119112.93,18,1.0,0.5,0.1111111111111111,Structurally Fragile,Balanced,True
Agrícola_|_Premium_Radial_Community_01,2024-10-01,4505552.7,18,1.0,0.5,0.05555555555555555,Structurally Fragile,Balanced,True
Agrícola_|_Premium_Radial_Community_02,2020-02-01,7637321.25,33,1.0,0.0,0.6060606060606061,Structurally Fragile,Balanced,True
Agrícola_|_Premium_Radial_Community_03,2020-02-01,6981073.94,29,1.0,0.0,0.6551724137931034,Structurally Fragile,Balanced,True
Agrícola_|_Tractor_Community_01,2020-02-01,12186977.9,40,1.0,0.0,0.625,Structurally Fragile,Balanced,True
Agrícola_|_Tractor_Community_02,2020-02-01,10951184.95,40,1.0,0.0,0.65,Structurally Fragile,Balanced,True
Camión_|_Long_Haul_Community_01,2020-02-01,13309759.33,39,1.0,0.0,0.6410256410256411,Structurally Fragile,Balanced,True
Camión_|_Long_Haul_Community_02,2020-02-01,1016962.8,2,1.0,0.0,0.5,Structurally Fragile,Balanced,True
Camión_|_Long_Haul_Community_02,2020-03-01,1264726.28,2,1.0,0.5,0.0,Structurally Fragile,Balanced,True
Camión_|_Long_Haul_Community_02,2020-04-01,1016748.98,2,1.0,0.5,0.0,Structurally Fragile,Balanced,True
Camión_|_Long_Haul_Community_02,2020-05-01,1335800.13,2,1.0,0.5,0.0,Structurally Fragile,Balanced,True
Camión_|_Long_Haul_Community_02,2020-06-01,1105740.44,2,1.0,0.5,0.0,Structurally Fragile,Balanced,True
Camión_|_Long_Haul_Community_02,2020-07-01,970964.83,2,1.0,0.5,0.0,Structurally Fragile,Balanced,True
Camión_|_Long_Haul_Community_02,2020-08-01,1208692.82,2,1.0,0.5,0.0,Structurally Fragile,Balanced,True
Camión_|_Long_Haul_Community_02,2020-09-01,990149.51,2,1.0,0.5,0.0,Structurally Fragile,Balanced,True
Camión_|_Long_Haul_Community_02,2020-10-01,1148417.5899999999,2,1.0,0.5,0.0,Structurally Fragile,Balanced,True
Camión_|_Long_Haul_Community_02,2020-11-01,1075782.8599999999,2,1.0,0.5,0.0,Structurally Fragile,Balanced,True
Camión_|_Long_Haul_Community_02,2020-12-01,994827.63,2,1.0,0.5,0.0,Structurally Fragile,Balanced,True
Camión_|_Long_Haul_Community_02,2021-01-01,1245133.96,2,1.0,0.5,0.0,Structurally Fragile,Balanced,True
Camión_|_Long_Haul_Community_02,2021-02-01,1039574.03,2,1.0,0.5,0.0,Structurally Fragile,Balanced,True
Camión_|_Long_Haul_Community_02,2021-03-01,1062399.03,2,1.0,0.5,0.0,Structurally Fragile,Balanced,True
Camión_|_Long_Haul_Community_02,2021-04-01,1107483.63,2,1.0,0.5,0.0,Structurally Fragile,Balanced,True
Camión_|_Long_Haul_Community_02,2021-05-01,1268318.74,2,1.0,0.5,0.0,Structurally Fragile,Balanced,True
Camión_|_Long_Haul_Community_02,2021-06-01,1343011.47,2,1.0,0.5,0.0,Structurally Fragile,Balanced,True
Camión_|_Long_Haul_Community_02,2021-07-01,1141145.27,2,1.0,0.5,0.0,Structurally Fragile,Balanced,True
Camión_|_Long_Haul_Community_02,2021-08-01,1411640.44,2,1.0,0.5,0.0,Structurally Fragile,Balanced,True
Camión_|_Long_Haul_Community_02,2021-09-01,940488.5900000001,2,1.0,0.5,0.0,Structurally Fragile,Balanced,True
Camión_|_Long_Haul_Community_02,2021-10-01,1249795.44,2,1.0,0.5,0.0,Structurally Fragile,Balanced,True
Camión_|_Long_Haul_Community_02,2021-11-01,948459.0,2,1.0,0.5,0.0,Structurally Fragile,Balanced,True
Camión_|_Long_Haul_Community_02,2021-12-01,916667.31,2,1.0,0.5,0.0,Structurally Fragile,Balanced,True
Camión_|_Long_Haul_Community_02,2022-01-01,1252835.29,2,1.0,0.5,0.0,Structurally Fragile,Balanced,True
Camión_|_Long_Haul_Community_02,2022-02-01,901904.8899999999,2,1.0,0.5,0.0,Structurally Fragile,Balanced,True
Camión_|_Long_Haul_Community_02,2022-03-01,1026726.51,2,1.0,0.5,0.0,Structurally Fragile,Balanced,True
Camión_|_Long_Haul_Community_02,2022-04-01,907834.51,2,1.0,0.5,0.0,Structurally Fragile,Balanced,True
Camión_|_Long_Haul_Community_02,2022-05-01,1374579.0999999999,2,1.0,0.5,0.0,Structurally Fragile,Balanced,True
Camión_|_Long_Haul_Community_02,2022-06-01,1066489.77,2,1.0,0.5,0.0,Structurally Fragile,Balanced,True
Camión_|_Long_Haul_Community_02,2022-07-01,1229474.48,2,1.0,0.5,0.0,Structurally Fragile,Balanced,True
Camión_|_Long_Haul_Community_02,2022-08-01,1085668.19,2,1.0,0.5,0.0,Structurally Fragile,Balanced,True
Camión_|_Long_Haul_Community_02,2022-09-01,905643.77,2,1.0,0.5,0.0,Structurally Fragile,Balanced,True
Camión_|_Long_Haul_Community_02,2022-10-01,1271270.98,2,1.0,0.5,0.0,Structurally Fragile,Balanced,True
Camión_|_Long_Haul_Community_02,2022-11-01,873226.4199999999,2,1.0,0.5,0.0,Structurally Fragile,Balanced,True
Camión_|_Long_Haul_Community_02,2022-12-01,903335.5700000001,2,1.0,0.5,0.0,Structurally Fragile,Balanced,True
Camión_|_Long_Haul_Community_02,2023-01-01,1006566.75,2,1.0,0.5,0.0,Structurally Fragile,Balanced,True
Camión_|_Long_Haul_Community_02,2023-02-01,887661.32,2,1.0,0.5,0.0,Structurally Fragile,Balanced,True
Camión_|_Long_Haul_Community_02,2023-03-01,999447.78,2,1.0,0.5,0.0,Structurally Fragile,Balanced,True
Camión_|_Long_Haul_Community_02,2023-04-01,1077518.35,2,1.0,0.5,0.0,Structurally Fragile,Balanced,True
Camión_|_Long_Haul_Community_02,2023-05-01,1004939.57,2,1.0,0.5,0.0,Structurally Fragile,Balanced,True
Camión_|_Long_Haul_Community_02,2023-06-01,1085388.42,2,1.0,0.5,0.0,Structurally Fragile,Balanced,True
Camión_|_Long_Haul_Community_02,2023-07-01,1365527.66,2,1.0,0.5,0.0,Structurally Fragile,Balanced,True
Camión_|_Long_Haul_Community_02,2023-08-01,933766.4300000002,2,1.0,0.5,0.0,Structurally Fragile,Balanced,True
Camión_|_Long_Haul_Community_02,2023-09-01,1093788.3,2,1.0,0.5,0.0,Structurally Fragile,Balanced,True
Camión_|_Long_Haul_Community_02,2023-10-01,1132145.52,2,1.0,0.5,0.0,Structurally Fragile,Balanced,True
Camión_|_Long_Haul_Community_02,2023-11-01,815732.73,2,1.0,0.5,0.0,Structurally Fragile,Balanced,True
Camión_|_Long_Haul_Community_02,2023-12-01,1095527.5,2,1.0,0.5,0.0,Structurally Fragile,Balanced,True
Camión_|_Long_Haul_Community_02,2024-01-01,936447.24,2,1.0,0.5,0.0,Structurally Fragile,Balanced,True
Camión_|_Long_Haul_Community_02,2024-02-01,932269.24,2,1.0,0.5,0.0,Structurally Fragile,Balanced,True
Camión_|_Long_Haul_Community_02,2024-03-01,1340179.2599999998,2,1.0,0.5,0.0,Structurally Fragile,Balanced,True
Camión_|_Long_Haul_Community_02,2024-04-01,981614.8999999999,2,1.0,0.5,0.0,Structurally Fragile,Balanced,True
Camión_|_Long_Haul_Community_02,2024-05-01,926273.1100000001,2,1.0,0.5,0.0,Structurally Fragile,Balanced,True
Camión_|_Long_Haul_Community_02,2024-06-01,1213542.56,2,1.0,0.5,0.0,Structurally Fragile,Balanced,True
Camión_|_Long_Haul_Community_02,2024-07-01,1027229.25,2,1.0,0.5,0.0,Structurally Fragile,Balanced,True
Camión_|_Long_Haul_Community_02,2024-08-01,1131295.48,2,1.0,0.5,0.0,Structurally Fragile,Balanced,True
Camión_|_Long_Haul_Community_02,2024-09-01,1028194.6599999999,2,1.0,0.5,0.0,Structurally Fragile,Balanced,True
Camión_|_Long_Haul_Community_02,2024-10-01,918882.8899999999,2,1.0,0.5,0.0,Structurally Fragile,Balanced,True
Camión_|_Long_Haul_Community_02,2024-11-01,855760.87,2,1.0,0.5,0.0,Structurally Fragile,Balanced,True
Camión_|_Long_Haul_Community_02,2024-12-01,1067909.4500000002,2,1.0,0.5,0.0,Structurally Fragile,Balanced,True
Camión_|_Long_Haul_Community_02,2025-01-01,946577.62,2,1.0,0.5,0.0,Structurally Fragile,Balanced,True
Camión_|_Long_Haul_Community_02,2025-02-01,1143703.49,2,1.0,0.5,0.0,Structurally Fragile,Balanced,True
Camión_|_Long_Haul_Community_02,2025-03-01,1070363.59,2,1.0,0.5,0.0,Structurally Fragile,Balanced,True
Camión_|_Long_Haul_Community_02,2025-04-01,916521.47,2,1.0,0.5,0.0,Structurally Fragile,Balanced,True
Camión_|_Long_Haul_Community_02,2025-05-01,1018893.48,2,1.0,0.5,0.0,Structurally Fragile,Balanced,True
Camión_|_Long_Haul_Community_02,2025-06-01,1208059.04,2,1.0,0.5,0.0,Structurally Fragile,Balanced,True
Camión_|_Long_Haul_Community_02,2025-07-01,851072.86,2,1.0,0.5,0.0,Structurally Fragile,Balanced,True
Camión_|_Long_Haul_Community_02,2025-08-01,1361799.53,2,1.0,0.5,0.0,Structurally Fragile,Balanced,True
Camión_|_Long_Haul_Community_02,2025-09-01,833076.6200000001,2,1.0,0.5,0.0,Structurally Fragile,Balanced,True
Camión_|_Long_Haul_Community_02,2025-10-01,1177157.09,2,1.0,0.5,0.0,Structurally Fragile,Balanced,True
Camión_|_Long_Haul_Community_02,2025-11-01,1091732.49,2,1.0,0.5,0.0,Structurally Fragile,Balanced,True
Camión_|_Long_Haul_Community_02,2025-12-01,988207.75,2,1.0,0.5,0.0,Structurally Fragile,Balanced,True
Camión_|_Long_Haul_Community_03,2020-02-01,2977631.77,8,1.0,0.0,0.5,Structurally Fragile,Balanced,True
Camión_|_Long_Haul_Community_03,2020-03-01,3801619.83,8,1.0,0.5,0.0,Structurally Fragile,Balanced,True
Camión_|_Long_Haul_Community_03,2020-04-01,3183419.51,8,1.0,0.5,0.0,Structurally Fragile,Balanced,True
Camión_|_Long_Haul_Community_03,2020-05-01,4216215.0,8,1.0,0.5,0.0,Structurally Fragile,Balanced,True
Camión_|_Long_Haul_Community_03,2020-06-01,3259368.85,8,1.0,0.375,0.125,Structurally Fragile,Balanced,True
Camión_|_Long_Haul_Community_03,2020-07-01,3618107.38,8,1.0,0.375,0.125,Structurally Fragile,Balanced,True
Camión_|_Long_Haul_Community_03,2020-08-01,4230009.9799999995,8,1.0,0.5,0.0,Structurally Fragile,Balanced,True
Camión_|_Long_Haul_Community_03,2020-09-01,3019848.24,8,1.0,0.5,0.0,Structurally Fragile,Balanced,True
Camión_|_Long_Haul_Community_03,2020-10-01,2899025.42,8,1.0,0.5,0.0,Structurally Fragile,Balanced,True
Camión_|_Long_Haul_Community_03,2020-11-01,3616503.76,8,1.0,0.5,0.0,Structurally Fragile,Balanced,True
Camión_|_Long_Haul_Community_03,2020-12-01,2598314.17,8,1.0,0.375,0.125,Structurally Fragile,Balanced,True
Camión_|_Long_Haul_Community_03,2021-01-01,3582188.46,8,1.0,0.5,0.0,Structurally Fragile,Balanced,True
Camión_|_Long_Haul_Community_03,2021-02-01,2937147.12,8,1.0,0.375,0.125,Structurally Fragile,Balanced,True
Camión_|_Long_Haul_Community_03,2021-03-01,2997671.93,8,1.0,0.5,0.0,Structurally Fragile,Balanced,True
Camión_|_Long_Haul_Community_03,2021-04-01,3015287.19,8,1.0,0.5,0.0,Structurally Fragile,Balanced,True
Camión_|_Long_Haul_Community_03,2021-05-01,4077905.82,8,1.0,0.5,0.0,Structurally Fragile,Balanced,True
Camión_|_Long_Haul_Community_03,2021-06-01,3581887.79,8,1.0,0.5,0.0,Structurally Fragile,Balanced,True
Camión_|_Long_Haul_Community_03,2021-07-01,3247288.6,8,1.0,0.5,0.0,Structurally Fragile,Balanced,True
Camión_|_Long_Haul_Community_03,2021-08-01,4185268.48,8,1.0,0.375,0.125,Structurally Fragile,Balanced,True
Camión_|_Long_Haul_Community_03,2021-09-01,3077314.63,8,1.0,0.5,0.0,Structurally Fragile,Balanced,True
Camión_|_Long_Haul_Community_03,2021-10-01,3755953.55,8,1.0,0.5,0.0,Structurally Fragile,Balanced,True
Camión_|_Long_Haul_Community_03,2021-11-01,2852879.27,8,1.0,0.375,0.125,Structurally Fragile,Balanced,True
Camión_|_Long_Haul_Community_03,2021-12-01,2783637.56,8,1.0,0.5,0.0,Structurally Fragile,Balanced,True
Camión_|_Long_Haul_Community_03,2022-01-01,3468735.0900000003,8,1.0,0.5,0.0,Structurally Fragile,Balanced,True
Camión_|_Long_Haul_Community_03,2022-02-01,2932989.13,8,1.0,0.5,0.0,Structurally Fragile,Balanced,True
Camión_|_Long_Haul_Community_03,2022-03-01,3433265.82,8,1.0,0.5,0.0,Structurally Fragile,Balanced,True
Camión_|_Long_Haul_Community_03,2022-04-01,3125903.39,8,1.0,0.5,0.0,Structurally Fragile,Balanced,True
Camión_|_Long_Haul_Community_03,2022-05-01,4094150.87,8,1.0,0.5,0.0,Structurally Fragile,Balanced,True
Camión_|_Long_Haul_Community_03,2022-06-01,3430662.1399999997,8,1.0,0.5,0.0,Structurally Fragile,Balanced,True
Camión_|_Long_Haul_Community_03,2022-07-01,4185114.52,8,1.0,0.5,0.0,Structurally Fragile,Balanced,True
Camión_|_Long_Haul_Community_03,2022-08-01,3127529.1,8,1.0,0.5,0.0,Structurally Fragile,Balanced,True
Camión_|_Long_Haul_Community_03,2022-09-01,3180362.87,8,1.0,0.375,0.125,Structurally Fragile,Balanced,True
Camión_|_Long_Haul_Community_03,2022-11-01,2745731.42,8,1.0,0.5,0.0,Structurally Fragile,Balanced,True
Camión_|_Long_Haul_Community_03,2022-12-01,2791993.88,8,1.0,0.5,0.0,Structurally Fragile,Balanced,True
Camión_|_Long_Haul_Community_03,2023-02-01,2831418.77,8,1.0,0.5,0.0,Structurally Fragile,Balanced,True
Camión_|_Long_Haul_Community_03,2023-03-01,3071203.41,8,1.0,0.375,0.125,Structurally Fragile,Balanced,True
Camión_|_Long_Haul_Community_03,2023-04-01,4310658.31,8,1.0,0.375,0.125,Structurally Fragile,Balanced,True
Camión_|_Long_Haul_Community_03,2023-05-01,3206047.7399999998,8,1.0,0.5,0.0,Structurally Fragile,Balanced,True
Camión_|_Long_Haul_Community_03,2023-06-01,3159610.71,8,1.0,0.5,0.0,Structurally Fragile,Balanced,True
Camión_|_Long_Haul_Community_03,2023-07-01,4326893.59,8,1.0,0.5,0.0,Structurally Fragile,Balanced,True
Camión_|_Long_Haul_Community_03,2023-08-01,3301817.26,8,1.0,0.5,0.0,Structurally Fragile,Balanced,True
Camión_|_Long_Haul_Community_03,2023-09-01,2971285.5300000003,8,1.0,0.5,0.0,Structurally Fragile,Balanced,True
Camión_|_Long_Haul_Community_03,2023-10-01,3682314.8200000003,8,1.0,0.5,0.0,Structurally Fragile,Balanced,True
Camión_|_Long_Haul_Community_03,2023-11-01,2888030.9299999997,8,1.0,0.5,0.0,Structurally Fragile,Balanced,True
Camión_|_Long_Haul_Community_03,2023-12-01,3552988.02,8,1.0,0.5,0.0,Structurally Fragile,Balanced,True
Camión_|_Long_Haul_Community_03,2024-01-01,2761129.21,8,1.0,0.5,0.0,Structurally Fragile,Balanced,True
Camión_|_Long_Haul_Community_03,2024-02-01,2840483.65,8,1.0,0.375,0.125,Structurally Fragile,Balanced,True
Camión_|_Long_Haul_Community_03,2024-03-01,3800626.93,8,1.0,0.375,0.125,Structurally Fragile,Balanced,True
Camión_|_Long_Haul_Community_03,2024-04-01,3227054.51,8,1.0,0.5,0.0,Structurally Fragile,Balanced,True
Camión_|_Long_Haul_Community_03,2024-05-01,3398033.76,8,1.0,0.5,0.0,Structurally Fragile,Balanced,True
Camión_|_Long_Haul_Community_03,2024-06-01,4272587.68,8,1.0,0.5,0.0,Structurally Fragile,Balanced,True
Camión_|_Long_Haul_Community_03,2024-07-01,3295109.19,8,1.0,0.375,0.125,Structurally Fragile,Balanced,True
Camión_|_Long_Haul_Community_03,2024-08-01,3123675.55,8,1.0,0.375,0.125,Structurally Fragile,Balanced,True
Camión_|_Long_Haul_Community_03,2024-10-01,2918854.07,8,1.0,0.375,0.125,Structurally Fragile,Balanced,True
Camión_|_Long_Haul_Community_03,2024-11-01,3001333.6,8,1.0,0.375,0.125,Structurally Fragile,Balanced,True
Camión_|_Long_Haul_Community_03,2024-12-01,4037643.02,8,1.0,0.5,0.0,Structurally Fragile,Balanced,True
Camión_|_Long_Haul_Community_03,2025-02-01,2843949.16,8,1.0,0.5,0.0,Structurally Fragile,Balanced,True
Camión_|_Long_Haul_Community_03,2025-03-01,4005950.51,8,1.0,0.375,0.125,Structurally Fragile,Balanced,True
Camión_|_Long_Haul_Community_03,2025-04-01,3321229.8,8,1.0,0.375,0.125,Structurally Fragile,Balanced,True
Camión_|_Long_Haul_Community_03,2025-05-01,3343314.16,8,1.0,0.5,0.0,Structurally Fragile,Balanced,True
Camión_|_Long_Haul_Community_03,2025-06-01,4181203.75,8,1.0,0.5,0.0,Structurally Fragile,Balanced,True
Camión_|_Long_Haul_Community_03,2025-07-01,3266807.81,8,1.0,0.5,0.0,Structurally Fragile,Balanced,True
Camión_|_Long_Haul_Community_03,2025-08-01,4091503.95,8,1.0,0.5,0.0,Structurally Fragile,Balanced,True
Camión_|_Long_Haul_Community_03,2025-09-01,3103896.73,8,1.0,0.375,0.125,Structurally Fragile,Balanced,True
Camión_|_Long_Haul_Community_03,2025-10-01,2861983.6,8,1.0,0.375,0.125,Structurally Fragile,Balanced,True
Camión_|_Long_Haul_Community_03,2025-11-01,3672389.6100000003,8,1.0,0.5,0.0,Structurally Fragile,Balanced,True
Camión_|_Long_Haul_Community_03,2025-12-01,2818569.84,8,1.0,0.375,0.125,Structurally Fragile,Balanced,True
Camión_|_Long_Haul_Community_04,2020-02-01,10522004.52,31,1.0,0.0,0.6451612903225806,Structurally Fragile,Balanced,True
Camión_|_Obras_/_Mixto_Community_01,2020-02-01,5866937.39,19,1.0,0.0,0.5789473684210527,Structurally Fragile,Balanced,True
Camión_|_Obras_/_Mixto_Community_01,2020-06-01,6561501.25,19,1.0,0.47368421052631576,0.10526315789473684,Structurally Fragile,Balanced,True
Camión_|_Obras_/_Mixto_Community_01,2020-07-01,6461638.58,19,1.0,0.47368421052631576,0.10526315789473684,Structurally Fragile,Balanced,True
Camión_|_Obras_/_Mixto_Community_01,2025-07-01,6452391.94,19,1.0,0.47368421052631576,0.10526315789473684,Structurally Fragile,Balanced,True
Camión_|_Obras_/_Mixto_Community_02,2020-02-01,10976465.08,31,1.0,0.0,0.6451612903225806,Structurally Fragile,Balanced,True
Camión_|_Obras_/_Mixto_Community_03,2020-02-01,10375282.58,30,1.0,0.0,0.6,Structurally Fragile,Balanced,True
Camión_|_Obras_/_Mixto_Community_03,2025-04-01,11088690.11,30,1.0,0.5,0.1,Structurally Fragile,Balanced,True
Camión_|_Regional_Community_03,2020-02-01,8536772.02,25,1.0,0.0,0.6,Structurally Fragile,Balanced,True
Coche_|_Budget_Community_01,2020-02-01,2409264.31,24,1.0,0.0,0.625,Structurally Fragile,Balanced,True
Coche_|_Budget_Community_01,2020-04-01,2058498.52,24,1.0,0.5,0.08333333333333333,Structurally Fragile,Balanced,True
Coche_|_Budget_Community_01,2020-05-01,2535143.4,24,1.0,0.4583333333333333,0.125,Structurally Fragile,Balanced,True
Coche_|_Budget_Community_01,2020-06-01,1838604.5,24,1.0,0.5,0.125,Structurally Fragile,Balanced,True
Coche_|_Budget_Community_01,2020-09-01,2365886.0100000002,24,1.0,0.5,0.08333333333333333,Structurally Fragile,Balanced,True
Coche_|_Budget_Community_01,2020-10-01,2532000.18,24,1.0,0.5,0.08333333333333333,Structurally Fragile,Balanced,True
Coche_|_Budget_Community_01,2021-07-01,1872635.47,24,1.0,0.5,0.08333333333333333,Structurally Fragile,Balanced,True
Coche_|_Budget_Community_01,2022-09-01,2440471.46,24,1.0,0.5,0.08333333333333333,Structurally Fragile,Balanced,True
Coche_|_Budget_Community_01,2022-12-01,3175069.65,24,1.0,0.5,0.041666666666666664,Structurally Fragile,Balanced,True
Coche_|_Budget_Community_01,2023-01-01,3831910.84,24,1.0,0.5,0.08333333333333333,Structurally Fragile,Balanced,True
Coche_|_Budget_Community_01,2023-07-01,2524789.68,24,1.0,0.5,0.08333333333333333,Structurally Fragile,Balanced,True
Coche_|_Budget_Community_01,2023-09-01,2290657.82,24,1.0,0.5,0.08333333333333333,Structurally Fragile,Balanced,True
Coche_|_Budget_Community_01,2023-10-01,3292748.45,24,1.0,0.4583333333333333,0.125,Structurally Fragile,Balanced,True
Coche_|_Budget_Community_01,2023-11-01,2708332.31,24,1.0,0.5,0.08333333333333333,Structurally Fragile,Balanced,True
Coche_|_Budget_Community_01,2023-12-01,3591014.1,24,1.0,0.5,0.08333333333333333,Structurally Fragile,Balanced,True
Coche_|_Budget_Community_01,2024-01-01,3001152.35,24,1.0,0.5,0.08333333333333333,Structurally Fragile,Balanced,True
Coche_|_Budget_Community_01,2024-05-01,1927315.36,24,1.0,0.5,0.08333333333333333,Structurally Fragile,Balanced,True
Coche_|_Budget_Community_01,2024-06-01,2425765.2,24,1.0,0.5,0.08333333333333333,Structurally Fragile,Balanced,True
Coche_|_Budget_Community_01,2024-08-01,2266960.6,24,1.0,0.5,0.08333333333333333,Structurally Fragile,Balanced,True
Coche_|_Budget_Community_01,2024-09-01,3626163.81,24,1.0,0.5,0.08333333333333333,Structurally Fragile,Balanced,True
Coche_|_Budget_Community_01,2025-02-01,2602666.74,24,1.0,0.5,0.08333333333333333,Structurally Fragile,Balanced,True
Coche_|_Budget_Community_01,2025-03-01,3150373.4,24,1.0,0.5,0.08333333333333333,Structurally Fragile,Balanced,True
Coche_|_Budget_Community_01,2025-06-01,2404574.66,24,1.0,0.5,0.08333333333333333,Structurally Fragile,Balanced,True
Coche_|_Budget_Community_01,2025-07-01,1932766.84,24,1.0,0.5,0.08333333333333333,Structurally Fragile,Balanced,True
Coche_|_Budget_Community_01,2025-09-01,2415469.35,24,1.0,0.5,0.125,Structurally Fragile,Balanced,True
Coche_|_Budget_Community_01,2025-11-01,3718570.58,24,1.0,0.4583333333333333,0.125,Structurally Fragile,Balanced,True
Coche_|_Budget_Community_01,2025-12-01,3174706.02,24,1.0,0.5,0.08333333333333333,Structurally Fragile,Balanced,True
Coche_|_Budget_Community_02,2020-02-01,2325799.58,25,1.0,0.0,0.64,Structurally Fragile,Balanced,True
Coche_|_Budget_Community_02,2022-08-01,2007117.1500000001,25,1.0,0.48,0.12,Structurally Fragile,Balanced,True
Coche_|_Budget_Community_03,2020-02-01,3319226.76,31,1.0,0.0,0.6129032258064516,Structurally Fragile,Balanced,True
Coche_|_Budget_Community_03,2020-10-01,3170464.0700000003,31,1.0,0.4838709677419355,0.12903225806451613,Structurally Fragile,Balanced,True
Coche_|_Budget_Community_03,2021-05-01,3247881.39,31,1.0,0.4838709677419355,0.0967741935483871,Structurally Fragile,Balanced,True
Coche_|_Budget_Community_03,2022-05-01,3250765.7800000003,31,1.0,0.4838709677419355,0.0967741935483871,Structurally Fragile,Balanced,True
Coche_|_Budget_Community_03,2022-08-01,2698303.8,31,1.0,0.4838709677419355,0.12903225806451613,Structurally Fragile,Balanced,True
Coche_|_Budget_Community_03,2022-09-01,2756000.69,31,1.0,0.4838709677419355,0.12903225806451613,Structurally Fragile,Balanced,True
Coche_|_Budget_Community_03,2022-11-01,3301392.37,31,1.0,0.4838709677419355,0.0967741935483871,Structurally Fragile,Balanced,True
Coche_|_Budget_Community_03,2023-05-01,2646755.83,31,1.0,0.45161290322580644,0.0967741935483871,Structurally Fragile,Balanced,True
Coche_|_Budget_Community_03,2023-06-01,2515556.15,31,1.0,0.4838709677419355,0.0967741935483871,Structurally Fragile,Balanced,True
Coche_|_Budget_Community_03,2023-07-01,3105202.52,31,1.0,0.4838709677419355,0.0967741935483871,Structurally Fragile,Balanced,True
Coche_|_Budget_Community_03,2024-12-01,4109397.68,31,1.0,0.4838709677419355,0.12903225806451613,Structurally Fragile,Balanced,True
Coche_|_Budget_Community_03,2025-03-01,3651803.15,31,1.0,0.45161290322580644,0.12903225806451613,Structurally Fragile,Balanced,True
Coche_|_Budget_Community_03,2025-04-01,2526073.59,31,1.0,0.4838709677419355,0.12903225806451613,Structurally Fragile,Balanced,True
Coche_|_Budget_Community_03,2025-10-01,3223380.71,31,1.0,0.4838709677419355,0.0967741935483871,Structurally Fragile,Balanced,True
Coche_|_Budget_Community_03,2025-11-01,4298594.53,31,1.0,0.4838709677419355,0.0967741935483871,Structurally Fragile,Balanced,True
Coche_|_Budget_Community_03,2025-12-01,3521518.64,31,1.0,0.4838709677419355,0.0967741935483871,Structurally Fragile,Balanced,True
Coche_|_Eco_Community_01,2020-02-01,7173411.65,41,1.0,0.0,0.6585365853658537,Structurally Fragile,Balanced,True
Coche_|_Eco_Community_02,2020-02-01,7539271.47,39,1.0,0.0,0.6153846153846154,Structurally Fragile,Balanced,True
Coche_|_Performance_Community_01,2020-02-01,10211256.75,36,1.0,0.0,0.6388888888888888,Structurally Fragile,Balanced,True
Coche_|_Performance_Community_02,2020-02-01,2338006.2,8,1.0,0.0,0.625,Structurally Fragile,Balanced,True
Coche_|_Performance_Community_02,2020-09-01,2036765.56,8,1.0,0.5,0.125,Structurally Fragile,Balanced,True
Coche_|_Performance_Community_02,2020-10-01,2400130.88,8,1.0,0.5,0.125,Structurally Fragile,Balanced,True
Coche_|_Performance_Community_02,2021-09-01,2153541.23,8,1.0,0.5,0.125,Structurally Fragile,Balanced,True
Coche_|_Performance_Community_02,2021-10-01,2992195.46,8,1.0,0.5,0.125,Structurally Fragile,Balanced,True
Coche_|_Performance_Community_02,2022-06-01,1692256.65,8,1.0,0.5,0.125,Structurally Fragile,Balanced,True
Coche_|_Performance_Community_02,2022-07-01,2347940.35,8,1.0,0.5,0.125,Structurally Fragile,Balanced,True
Coche_|_Performance_Community_02,2022-09-01,2005018.1300000001,8,1.0,0.5,0.125,Structurally Fragile,Balanced,True
Coche_|_Performance_Community_02,2022-10-01,3031864.9,8,1.0,0.5,0.125,Structurally Fragile,Balanced,True
Coche_|_Performance_Community_02,2022-11-01,2545961.22,8,1.0,0.5,0.125,Structurally Fragile,Balanced,True
Coche_|_Performance_Community_02,2023-01-01,3170189.93,8,1.0,0.5,0.125,Structurally Fragile,Balanced,True
Coche_|_Performance_Community_02,2023-02-01,2180529.88,8,1.0,0.5,0.125,Structurally Fragile,Balanced,True
Coche_|_Performance_Community_02,2023-03-01,2252487.84,8,1.0,0.5,0.125,Structurally Fragile,Balanced,True
Coche_|_Performance_Community_02,2023-05-01,1894108.65,8,1.0,0.5,0.125,Structurally Fragile,Balanced,True
Coche_|_Performance_Community_02,2023-06-01,1806324.99,8,1.0,0.5,0.125,Structurally Fragile,Balanced,True
Coche_|_Performance_Community_02,2023-08-01,1908726.92,8,1.0,0.5,0.125,Structurally Fragile,Balanced,True
Coche_|_Performance_Community_02,2023-09-01,2123833.91,8,1.0,0.5,0.125,Structurally Fragile,Balanced,True
Coche_|_Performance_Community_02,2023-10-01,3160793.18,8,1.0,0.5,0.125,Structurally Fragile,Balanced,True
Coche_|_Performance_Community_02,2023-11-01,2462282.34,8,1.0,0.5,0.125,Structurally Fragile,Balanced,True
Coche_|_Performance_Community_02,2024-10-01,2318755.02,8,1.0,0.5,0.125,Structurally Fragile,Balanced,True
Coche_|_Performance_Community_02,2024-11-01,2648194.5100000002,8,1.0,0.5,0.125,Structurally Fragile,Balanced,True
Coche_|_Performance_Community_02,2024-12-01,3336738.89,8,1.0,0.5,0.125,Structurally Fragile,Balanced,True
Coche_|_Performance_Community_02,2025-01-01,2518962.33,8,1.0,0.5,0.125,Structurally Fragile,Balanced,True
Coche_|_Performance_Community_03,2020-02-01,9583752.04,36,1.0,0.0,0.6388888888888888,Structurally Fragile,Balanced,True
Coche_|_Touring_Community_01,2020-02-01,6150385.49,41,1.0,0.0,0.6585365853658537,Structurally Fragile,Balanced,True
Coche_|_Touring_Community_02,2020-02-01,522900.11,5,1.0,0.0,0.6,Structurally Fragile,Balanced,True
Coche_|_Touring_Community_02,2020-12-01,626839.03,5,1.0,0.4,0.0,Structurally Fragile,Balanced,True
Coche_|_Touring_Community_02,2021-01-01,699857.72,5,1.0,0.4,0.2,Structurally Fragile,Balanced,True
Coche_|_Touring_Community_02,2022-10-01,693748.19,5,1.0,0.4,0.0,Structurally Fragile,Balanced,True
Coche_|_Touring_Community_02,2022-11-01,584011.88,5,1.0,0.4,0.0,Structurally Fragile,Balanced,True
Coche_|_Touring_Community_02,2022-12-01,615397.51,5,1.0,0.4,0.2,Structurally Fragile,Balanced,True
Coche_|_Touring_Community_02,2023-10-01,624280.0,5,1.0,0.4,0.0,Structurally Fragile,Balanced,True
Coche_|_Touring_Community_02,2023-11-01,567788.18,5,1.0,0.4,0.2,Structurally Fragile,Balanced,True
Coche_|_Touring_Community_03,2020-02-01,5070796.56,34,1.0,0.0,0.6764705882352942,Structurally Fragile,Balanced,True
Furgoneta_|_Reforzado_Community_01,2020-02-01,4047370.3,21,1.0,0.0,0.6666666666666666,Structurally Fragile,Balanced,True
Furgoneta_|_Reforzado_Community_02,2020-02-01,6914628.5,33,1.0,0.0,0.6363636363636364,Structurally Fragile,Balanced,True
Furgoneta_|_Reforzado_Community_03,2020-02-01,5780171.28,26,1.0,0.0,0.6538461538461539,Structurally Fragile,Balanced,True
Furgoneta_|_Standard_Community_01,2020-02-01,4065273.28,28,1.0,0.0,0.6428571428571429,Structurally Fragile,Balanced,True
Furgoneta_|_Standard_Community_02,2020-02-01,3725819.4,23,1.0,0.0,0.6086956521739131,Structurally Fragile,Balanced,True
Furgoneta_|_Standard_Community_03,2020-02-01,5368240.26,29,1.0,0.0,0.6896551724137931,Structurally Fragile,Balanced,True
Furgoneta_|_Standard_Community_03,2023-08-01,4846679.41,29,1.0,0.4827586206896552,0.1724137931034483,Structurally Fragile,Balanced,True
Industrial_|_Construcción_Pesada_Community_01,2020-02-01,8544904.73,31,1.0,0.0,0.6451612903225806,Structurally Fragile,Balanced,True
Industrial_|_Construcción_Pesada_Community_02,2020-02-01,4550654.83,19,1.0,0.0,0.5789473684210527,Structurally Fragile,Balanced,True
Industrial_|_Construcción_Pesada_Community_02,2020-11-01,5940227.74,19,1.0,0.47368421052631576,0.10526315789473684,Structurally Fragile,Balanced,True
Industrial_|_Construcción_Pesada_Community_02,2022-12-01,4728737.49,19,1.0,0.47368421052631576,0.10526315789473684,Structurally Fragile,Balanced,True
Industrial_|_Construcción_Pesada_Community_03,2020-02-01,8743716.37,30,1.0,0.0,0.6,Structurally Fragile,Balanced,True
Industrial_|_Manipulación_Ligera_CoherentCommunity,2020-02-01,144101.42,1,1.0,0.0,1.0,Structurally Fragile,Balanced,True
Industrial_|_Manipulación_Ligera_Community_01,2020-02-01,7991666.78,32,1.0,0.0,0.625,Structurally Fragile,Balanced,True
Industrial_|_Manipulación_Ligera_Community_02,2020-02-01,4314888.9,16,1.0,0.0,0.6875,Structurally Fragile,Balanced,True
Industrial_|_Manipulación_Ligera_Community_02,2020-12-01,4507069.95,16,1.0,0.5,0.125,Structurally Fragile,Balanced,True
Industrial_|_Manipulación_Ligera_Community_02,2021-03-01,4408183.99,16,1.0,0.5,0.1875,Structurally Fragile,Balanced,True
Industrial_|_Manipulación_Ligera_Community_02,2021-09-01,4642601.35,16,1.0,0.5,0.125,Structurally Fragile,Balanced,True
Industrial_|_Manipulación_Ligera_Community_02,2022-01-01,5242176.48,16,1.0,0.5,0.125,Structurally Fragile,Balanced,True
Industrial_|_Manipulación_Ligera_Community_02,2022-02-01,4237232.15,16,1.0,0.5,0.1875,Structurally Fragile,Balanced,True
Industrial_|_Manipulación_Ligera_Community_02,2022-05-01,5243743.56,16,1.0,0.5,0.125,Structurally Fragile,Balanced,True
Industrial_|_Manipulación_Ligera_Community_02,2022-06-01,4306241.71,16,1.0,0.5,0.1875,Structurally Fragile,Balanced,True
Industrial_|_Manipulación_Ligera_Community_02,2023-07-01,5671043.49,16,1.0,0.5,0.125,Structurally Fragile,Balanced,True
Industrial_|_Manipulación_Ligera_Community_02,2023-12-01,5213063.38,16,1.0,0.5,0.125,Structurally Fragile,Balanced,True
Industrial_|_Portuario/Especial_Community_01,2020-02-01,455174.28,21,1.0,0.0,0.5714285714285714,Structurally Fragile,Balanced,True
Industrial_|_Portuario/Especial_Community_01,2022-11-01,471480.42000000004,21,1.0,0.47619047619047616,0.09523809523809523,Structurally Fragile,Balanced,True
Industrial_|_Portuario/Especial_Community_02,2020-02-01,480330.88,23,1.0,0.0,0.5652173913043478,Structurally Fragile,Balanced,True
Industrial_|_Portuario/Especial_Community_02,2020-10-01,506258.61,23,1.0,0.4782608695652174,0.13043478260869565,Structurally Fragile,Balanced,True
Industrial_|_Portuario/Especial_Community_03,2024-08-01,716828.95,36,1.0,0.5,0.08333333333333333,Structurally Fragile,Balanced,True
SUV_/_4x4_|_All_Terrain_(A/T)_Community_01,2020-02-01,11056117.05,37,1.0,0.0,0.6216216216216216,Structurally Fragile,Balanced,True
SUV_/_4x4_|_All_Terrain_(A/T)_Community_02,2020-02-01,5190427.7,17,1.0,0.0,0.5882352941176471,Structurally Fragile,Balanced,True
SUV_/_4x4_|_All_Terrain_(A/T)_Community_02,2020-10-01,4517856.69,17,1.0,0.47058823529411764,0.11764705882352941,Structurally Fragile,Balanced,True
SUV_/_4x4_|_All_Terrain_(A/T)_Community_02,2021-08-01,4884858.46,17,1.0,0.47058823529411764,0.11764705882352941,Structurally Fragile,Balanced,True
SUV_/_4x4_|_All_Terrain_(A/T)_Community_02,2021-09-01,4285155.57,17,1.0,0.47058823529411764,0.11764705882352941,Structurally Fragile,Balanced,True
SUV_/_4x4_|_All_Terrain_(A/T)_Community_02,2021-12-01,5402463.68,17,1.0,0.47058823529411764,0.11764705882352941,Structurally Fragile,Balanced,True
SUV_/_4x4_|_All_Terrain_(A/T)_Community_02,2022-05-01,5506845.56,17,1.0,0.47058823529411764,0.11764705882352941,Structurally Fragile,Balanced,True
SUV_/_4x4_|_All_Terrain_(A/T)_Community_02,2024-12-01,6505664.82,17,1.0,0.47058823529411764,0.11764705882352941,Structurally Fragile,Balanced,True
SUV_/_4x4_|_All_Terrain_(A/T)_Community_02,2025-09-01,4321334.31,17,1.0,0.47058823529411764,0.11764705882352941,Structurally Fragile,Balanced,True
SUV_/_4x4_|_All_Terrain_(A/T)_Community_03,2020-02-01,7258245.74,24,1.0,0.0,0.625,Structurally Fragile,Balanced,True
SUV_/_4x4_|_All_Terrain_(A/T)_Community_03,2021-04-01,6031429.23,24,1.0,0.5,0.125,Structurally Fragile,Balanced,True
SUV_/_4x4_|_All_Terrain_(A/T)_Community_03,2021-08-01,6304249.890000001,24,1.0,0.5,0.125,Structurally Fragile,Balanced,True
SUV_/_4x4_|_All_Terrain_(A/T)_Community_03,2024-05-01,5290274.8100000005,24,1.0,0.5,0.125,Structurally Fragile,Balanced,True
SUV_/_4x4_|_All_Terrain_(A/T)_Community_03,2025-09-01,5564579.1,24,1.0,0.5,0.125,Structurally Fragile,Balanced,True
SUV_/_4x4_|_All_Terrain_(A/T)_Community_03,2025-10-01,6158514.27,24,1.0,0.5,0.125,Structurally Fragile,Balanced,True
SUV_/_4x4_|_All_Terrain_(A/T)_Community_04,2020-02-01,794273.4199999999,2,1.0,0.0,0.5,Structurally Fragile,Balanced,True
SUV_/_4x4_|_All_Terrain_(A/T)_Community_04,2020-03-01,729761.6699999999,2,1.0,0.5,0.0,Structurally Fragile,Balanced,True
SUV_/_4x4_|_All_Terrain_(A/T)_Community_04,2020-04-01,600525.53,2,1.0,0.5,0.0,Structurally Fragile,Balanced,True
SUV_/_4x4_|_All_Terrain_(A/T)_Community_04,2020-05-01,736441.3200000001,2,1.0,0.5,0.0,Structurally Fragile,Balanced,True
SUV_/_4x4_|_All_Terrain_(A/T)_Community_04,2020-06-01,557817.47,2,1.0,0.5,0.0,Structurally Fragile,Balanced,True
SUV_/_4x4_|_All_Terrain_(A/T)_Community_04,2020-07-01,529480.7,2,1.0,0.0,0.5,Structurally Fragile,Balanced,True
SUV_/_4x4_|_All_Terrain_(A/T)_Community_04,2020-08-01,594608.35,2,1.0,0.0,0.5,Structurally Fragile,Balanced,True
SUV_/_4x4_|_All_Terrain_(A/T)_Community_04,2020-09-01,497486.63,2,1.0,0.0,0.5,Structurally Fragile,Balanced,True
SUV_/_4x4_|_All_Terrain_(A/T)_Community_04,2020-10-01,591852.4299999999,2,1.0,0.0,0.5,Structurally Fragile,Balanced,True
SUV_/_4x4_|_All_Terrain_(A/T)_Community_04,2020-11-01,679136.66,2,1.0,0.5,0.0,Structurally Fragile,Balanced,True
SUV_/_4x4_|_All_Terrain_(A/T)_Community_04,2020-12-01,684751.14,2,1.0,0.5,0.0,Structurally Fragile,Balanced,True
SUV_/_4x4_|_All_Terrain_(A/T)_Community_04,2021-01-01,836917.3,2,1.0,0.0,0.5,Structurally Fragile,Balanced,True
SUV_/_4x4_|_All_Terrain_(A/T)_Community_04,2021-02-01,608153.24,2,1.0,0.0,0.5,Structurally Fragile,Balanced,True
SUV_/_4x4_|_All_Terrain_(A/T)_Community_04,2021-03-01,678284.09,2,1.0,0.5,0.0,Structurally Fragile,Balanced,True
SUV_/_4x4_|_All_Terrain_(A/T)_Community_04,2021-04-01,698906.5700000001,2,1.0,0.0,0.5,Structurally Fragile,Balanced,True
SUV_/_4x4_|_All_Terrain_(A/T)_Community_04,2021-05-01,628587.38,2,1.0,0.0,0.5,Structurally Fragile,Balanced,True
SUV_/_4x4_|_All_Terrain_(A/T)_Community_04,2021-06-01,531898.54,2,1.0,0.5,0.0,Structurally Fragile,Balanced,True
SUV_/_4x4_|_All_Terrain_(A/T)_Community_04,2021-07-01,511245.77999999997,2,1.0,0.5,0.0,Structurally Fragile,Balanced,True
SUV_/_4x4_|_All_Terrain_(A/T)_Community_04,2021-08-01,604068.6699999999,2,1.0,0.5,0.0,Structurally Fragile,Balanced,True
SUV_/_4x4_|_All_Terrain_(A/T)_Community_04,2021-09-01,597466.28,2,1.0,0.0,0.5,Structurally Fragile,Balanced,True
SUV_/_4x4_|_All_Terrain_(A/T)_Community_04,2021-10-01,720761.27,2,1.0,0.0,0.5,Structurally Fragile,Balanced,True
SUV_/_4x4_|_All_Terrain_(A/T)_Community_04,2021-11-01,709974.3,2,1.0,0.5,0.0,Structurally Fragile,Balanced,True
SUV_/_4x4_|_All_Terrain_(A/T)_Community_04,2021-12-01,776600.1599999999,2,1.0,0.5,0.0,Structurally Fragile,Balanced,True
SUV_/_4x4_|_All_Terrain_(A/T)_Community_04,2022-01-01,911496.7,2,1.0,0.0,0.5,Structurally Fragile,Balanced,True
SUV_/_4x4_|_All_Terrain_(A/T)_Community_04,2022-02-01,731541.34,2,1.0,0.0,0.5,Structurally Fragile,Balanced,True
SUV_/_4x4_|_All_Terrain_(A/T)_Community_04,2022-03-01,649263.05,2,1.0,0.5,0.0,Structurally Fragile,Balanced,True
SUV_/_4x4_|_All_Terrain_(A/T)_Community_04,2022-04-01,649712.86,2,1.0,0.0,0.5,Structurally Fragile,Balanced,True
SUV_/_4x4_|_All_Terrain_(A/T)_Community_04,2022-05-01,587418.2,2,1.0,0.5,0.0,Structurally Fragile,Balanced,True
SUV_/_4x4_|_All_Terrain_(A/T)_Community_04,2022-06-01,534170.21,2,1.0,0.0,0.5,Structurally Fragile,Balanced,True
SUV_/_4x4_|_All_Terrain_(A/T)_Community_04,2022-07-01,642495.38,2,1.0,0.5,0.0,Structurally Fragile,Balanced,True
SUV_/_4x4_|_All_Terrain_(A/T)_Community_04,2022-08-01,575793.42,2,1.0,0.5,0.0,Structurally Fragile,Balanced,True
SUV_/_4x4_|_All_Terrain_(A/T)_Community_04,2022-09-01,523296.59,2,1.0,0.0,0.5,Structurally Fragile,Balanced,True
SUV_/_4x4_|_All_Terrain_(A/T)_Community_04,2022-10-01,719727.53,2,1.0,0.5,0.0,Structurally Fragile,Balanced,True
SUV_/_4x4_|_All_Terrain_(A/T)_Community_04,2022-11-01,658469.75,2,1.0,0.5,0.0,Structurally Fragile,Balanced,True
SUV_/_4x4_|_All_Terrain_(A/T)_Community_04,2022-12-01,651136.0,2,1.0,0.5,0.0,Structurally Fragile,Balanced,True
SUV_/_4x4_|_All_Terrain_(A/T)_Community_04,2023-01-01,1043779.16,2,1.0,0.0,0.5,Structurally Fragile,Balanced,True
SUV_/_4x4_|_All_Terrain_(A/T)_Community_04,2023-02-01,634509.79,2,1.0,0.5,0.0,Structurally Fragile,Balanced,True
SUV_/_4x4_|_All_Terrain_(A/T)_Community_04,2023-03-01,702680.19,2,1.0,0.5,0.0,Structurally Fragile,Balanced,True
SUV_/_4x4_|_All_Terrain_(A/T)_Community_04,2023-04-01,705037.9199999999,2,1.0,0.5,0.0,Structurally Fragile,Balanced,True
SUV_/_4x4_|_All_Terrain_(A/T)_Community_04,2023-05-01,520199.57000000007,2,1.0,0.5,0.0,Structurally Fragile,Balanced,True
SUV_/_4x4_|_All_Terrain_(A/T)_Community_04,2023-06-01,492344.68,2,1.0,0.0,0.5,Structurally Fragile,Balanced,True
SUV_/_4x4_|_All_Terrain_(A/T)_Community_04,2023-07-01,644304.12,2,1.0,0.5,0.0,Structurally Fragile,Balanced,True
SUV_/_4x4_|_All_Terrain_(A/T)_Community_04,2023-08-01,548294.6799999999,2,1.0,0.5,0.0,Structurally Fragile,Balanced,True
SUV_/_4x4_|_All_Terrain_(A/T)_Community_04,2023-09-01,496122.36,2,1.0,0.0,0.5,Structurally Fragile,Balanced,True
SUV_/_4x4_|_All_Terrain_(A/T)_Community_04,2023-10-01,687125.3300000001,2,1.0,0.5,0.0,Structurally Fragile,Balanced,True
SUV_/_4x4_|_All_Terrain_(A/T)_Community_04,2023-11-01,689378.9299999999,2,1.0,0.5,0.0,Structurally Fragile,Balanced,True
SUV_/_4x4_|_All_Terrain_(A/T)_Community_04,2023-12-01,742537.38,2,1.0,0.5,0.0,Structurally Fragile,Balanced,True
SUV_/_4x4_|_All_Terrain_(A/T)_Community_04,2024-01-01,717273.9,2,1.0,0.5,0.0,Structurally Fragile,Balanced,True
SUV_/_4x4_|_All_Terrain_(A/T)_Community_04,2024-02-01,653996.45,2,1.0,0.0,0.5,Structurally Fragile,Balanced,True
SUV_/_4x4_|_All_Terrain_(A/T)_Community_04,2024-03-01,815794.54,2,1.0,0.5,0.0,Structurally Fragile,Balanced,True
SUV_/_4x4_|_All_Terrain_(A/T)_Community_04,2024-04-01,532058.87,2,1.0,0.0,0.5,Structurally Fragile,Balanced,True
SUV_/_4x4_|_All_Terrain_(A/T)_Community_04,2024-05-01,562657.6000000001,2,1.0,0.0,0.5,Structurally Fragile,Balanced,True
SUV_/_4x4_|_All_Terrain_(A/T)_Community_04,2024-06-01,630384.8700000001,2,1.0,0.5,0.0,Structurally Fragile,Balanced,True
SUV_/_4x4_|_All_Terrain_(A/T)_Community_04,2024-07-01,495478.38,2,1.0,0.0,0.5,Structurally Fragile,Balanced,True
SUV_/_4x4_|_All_Terrain_(A/T)_Community_04,2024-08-01,445071.29000000004,2,1.0,0.5,0.0,Structurally Fragile,Balanced,True
SUV_/_4x4_|_All_Terrain_(A/T)_Community_04,2024-09-01,681509.35,2,1.0,0.0,0.5,Structurally Fragile,Balanced,True
SUV_/_4x4_|_All_Terrain_(A/T)_Community_04,2024-10-01,581812.1900000001,2,1.0,0.5,0.0,Structurally Fragile,Balanced,True
SUV_/_4x4_|_All_Terrain_(A/T)_Community_04,2024-11-01,720202.19,2,1.0,0.0,0.5,Structurally Fragile,Balanced,True
SUV_/_4x4_|_All_Terrain_(A/T)_Community_04,2024-12-01,732094.81,2,1.0,0.0,0.5,Structurally Fragile,Balanced,True
SUV_/_4x4_|_All_Terrain_(A/T)_Community_04,2025-01-01,641765.64,2,1.0,0.5,0.0,Structurally Fragile,Balanced,True
SUV_/_4x4_|_All_Terrain_(A/T)_Community_04,2025-02-01,810562.0,2,1.0,0.0,0.5,Structurally Fragile,Balanced,True
SUV_/_4x4_|_All_Terrain_(A/T)_Community_04,2025-03-01,765885.81,2,1.0,0.0,0.5,Structurally Fragile,Balanced,True
SUV_/_4x4_|_All_Terrain_(A/T)_Community_04,2025-04-01,571936.28,2,1.0,0.0,0.5,Structurally Fragile,Balanced,True
SUV_/_4x4_|_All_Terrain_(A/T)_Community_04,2025-05-01,586711.5800000001,2,1.0,0.0,0.5,Structurally Fragile,Balanced,True
SUV_/_4x4_|_All_Terrain_(A/T)_Community_04,2025-06-01,709482.2,2,1.0,0.0,0.5,Structurally Fragile,Balanced,True
SUV_/_4x4_|_All_Terrain_(A/T)_Community_04,2025-07-01,511636.07999999996,2,1.0,0.5,0.0,Structurally Fragile,Balanced,True
SUV_/_4x4_|_All_Terrain_(A/T)_Community_04,2025-08-01,622082.14,2,1.0,0.5,0.0,Structurally Fragile,Balanced,True
SUV_/_4x4_|_All_Terrain_(A/T)_Community_04,2025-09-01,601221.12,2,1.0,0.5,0.0,Structurally Fragile,Balanced,True
SUV_/_4x4_|_All_Terrain_(A/T)_Community_04,2025-10-01,637089.06,2,1.0,0.0,0.5,Structurally Fragile,Balanced,True
SUV_/_4x4_|_All_Terrain_(A/T)_Community_04,2025-11-01,831749.8999999999,2,1.0,0.0,0.5,Structurally Fragile,Balanced,True
SUV_/_4x4_|_All_Terrain_(A/T)_Community_04,2025-12-01,599388.7,2,1.0,0.5,0.0,Structurally Fragile,Balanced,True
SUV_/_4x4_|_Highway_Terrain_(H/T)_Community_01,2020-02-01,6882188.74,32,1.0,0.0,0.65625,Structurally Fragile,Balanced,True
SUV_/_4x4_|_Highway_Terrain_(H/T)_Community_02,2020-02-01,9994430.44,41,1.0,0.0,0.6341463414634146,Structurally Fragile,Balanced,True
SUV_/_4x4_|_Highway_Terrain_(H/T)_Community_03,2020-02-01,1552970.34,7,1.0,0.0,0.5714285714285714,Structurally Fragile,Balanced,True
SUV_/_4x4_|_Highway_Terrain_(H/T)_Community_03,2020-12-01,1329439.44,7,1.0,0.42857142857142855,0.14285714285714285,Structurally Fragile,Balanced,True
SUV_/_4x4_|_Highway_Terrain_(H/T)_Community_03,2022-12-01,1440963.97,7,1.0,0.42857142857142855,0.14285714285714285,Structurally Fragile,Balanced,True
SUV_/_4x4_|_Highway_Terrain_(H/T)_Community_03,2023-01-01,1668768.69,7,1.0,0.42857142857142855,0.14285714285714285,Structurally Fragile,Balanced,True
SUV_/_4x4_|_Highway_Terrain_(H/T)_Community_03,2023-02-01,1596157.94,7,1.0,0.42857142857142855,0.14285714285714285,Structurally Fragile,Balanced,True
SUV_/_4x4_|_Highway_Terrain_(H/T)_Community_03,2024-05-01,1148875.38,7,1.0,0.42857142857142855,0.14285714285714285,Structurally Fragile,Balanced,True
SUV_/_4x4_|_Highway_Terrain_(H/T)_Community_03,2024-06-01,1332130.71,7,1.0,0.42857142857142855,0.14285714285714285,Structurally Fragile,Balanced,True
SUV_/_4x4_|_Highway_Terrain_(H/T)_Community_03,2024-10-01,1248214.4,7,1.0,0.42857142857142855,0.14285714285714285,Structurally Fragile,Balanced,True
SUV_/_4x4_|_Highway_Terrain_(H/T)_Community_03,2024-11-01,1477560.6600000001,7,1.0,0.42857142857142855,0.14285714285714285,Structurally Fragile,Balanced,True
SUV_/_4x4_|_Highway_Terrain_(H/T)_Community_03,2024-12-01,1845634.2,7,1.0,0.42857142857142855,0.14285714285714285,Structurally Fragile,Balanced,True
SUV_/_4x4_|_Highway_Terrain_(H/T)_Community_03,2025-01-01,1491568.45,7,1.0,0.42857142857142855,0.14285714285714285,Structurally Fragile,Balanced,True
SUV_/_4x4_|_Highway_Terrain_(H/T)_Community_03,2025-04-01,1218438.96,7,1.0,0.42857142857142855,0.14285714285714285,Structurally Fragile,Balanced,True
SUV_/_4x4_|_Highway_Terrain_(H/T)_Community_03,2025-06-01,1432509.38,7,1.0,0.42857142857142855,0.14285714285714285,Structurally Fragile,Balanced,True
SUV_/_4x4_|_Mud_Terrain_(M/T)_Community_01,2020-02-01,13952441.58,41,1.0,0.0,0.6097560975609756,Structurally Fragile,Balanced,True
SUV_/_4x4_|_Mud_Terrain_(M/T)_Community_02,2020-02-01,13155981.86,39,1.0,0.0,0.5897435897435898,Structurally Fragile,Balanced,True
Industrial_|_Manipulación_Ligera_Community_02,2022-11-01,4377881.890000001,16,0.9999999999999998,0.5,0.1875,Structurally Fragile,Balanced,True
Industrial_|_Portuario/Especial_Community_03,2020-02-01,653831.68,36,0.9999999999999998,0.0,0.6111111111111112,Structurally Fragile,Balanced,True
Agrícola_|_Implementos_Community_01,2021-09-01,14269243.209999999,38,1.0000000000000002,0.5789473684210527,0.05263157894736842,Watchlist,Balanced,False
Agrícola_|_Implementos_Community_02,2020-10-01,14971290.879999999,42,1.0000000000000002,0.5952380952380952,0.023809523809523808,Watchlist,Balanced,False
Agrícola_|_Implementos_Community_02,2023-02-01,12229378.54,42,1.0000000000000002,0.5714285714285714,0.047619047619047616,Watchlist,Balanced,False
Agrícola_|_Premium_Radial_Community_01,2021-08-01,7280574.109999999,18,1.0000000000000002,0.5555555555555556,0.0,Watchlist,Balanced,False
Agrícola_|_Premium_Radial_Community_01,2025-09-01,5469844.9799999995,18,1.0000000000000002,0.5555555555555556,0.0,Watchlist,Balanced,False
Agrícola_|_Premium_Radial_Community_02,2023-02-01,7580126.1,33,1.0000000000000002,0.5757575757575758,0.030303030303030304,Watchlist,Balanced,False
Agrícola_|_Premium_Radial_Community_03,2023-12-01,8293124.1,29,1.0000000000000002,0.6206896551724138,0.034482758620689655,Watchlist,Balanced,False
Agrícola_|_Tractor_Community_01,2021-03-01,13674690.29,40,1.0000000000000002,0.55,0.075,Watchlist,Balanced,False
Agrícola_|_Tractor_Community_01,2021-12-01,12091938.54,40,1.0000000000000002,0.6,0.025,Watchlist,Balanced,False
Agrícola_|_Tractor_Community_02,2023-05-01,15838609.45,40,1.0000000000000002,0.55,0.075,Watchlist,Balanced,False
Agrícola_|_Tractor_Community_02,2023-11-01,12271796.54,40,1.0000000000000002,0.625,0.0,Watchlist,Balanced,False
Camión_|_Long_Haul_Community_04,2020-07-01,11438383.629999999,31,1.0000000000000002,0.5806451612903226,0.06451612903225806,Watchlist,Balanced,False
Camión_|_Long_Haul_Community_04,2022-08-01,11692514.62,31,1.0000000000000002,0.5806451612903226,0.06451612903225806,Watchlist,Balanced,False
Camión_|_Obras_/_Mixto_Community_02,2020-04-01,12077630.78,31,1.0000000000000002,0.6129032258064516,0.03225806451612903,Watchlist,Balanced,False
Camión_|_Obras_/_Mixto_Community_02,2023-01-01,12759334.04,31,1.0000000000000002,0.5483870967741935,0.12903225806451613,Watchlist,Balanced,False
Camión_|_Obras_/_Mixto_Community_02,2023-10-01,12788485.129999999,31,1.0000000000000002,0.5806451612903226,0.06451612903225806,Watchlist,Balanced,False
Camión_|_Obras_/_Mixto_Community_02,2025-10-01,10516739.709999999,31,1.0000000000000002,0.5806451612903226,0.0967741935483871,Watchlist,Balanced,False
Camión_|_Obras_/_Mixto_Community_03,2020-05-01,14498080.87,30,1.0000000000000002,0.5333333333333333,0.06666666666666667,Watchlist,Balanced,False
Camión_|_Obras_/_Mixto_Community_03,2023-12-01,12664635.049999999,30,1.0000000000000002,0.5666666666666667,0.03333333333333333,Watchlist,Balanced,False
Camión_|_Regional_Community_01,2023-08-01,10470332.29,35,1.0000000000000002,0.6,0.02857142857142857,Watchlist,Balanced,False
Camión_|_Regional_Community_02,2020-10-01,5622456.4399999995,20,1.0000000000000002,0.6,0.0,Watchlist,Balanced,False
Camión_|_Regional_Community_02,2021-05-01,8219410.609999999,20,1.0000000000000002,0.6,0.05,Watchlist,Balanced,False
Camión_|_Regional_Community_02,2021-11-01,5645178.9399999995,20,1.0000000000000002,0.6,0.0,Watchlist,Balanced,False
Camión_|_Regional_Community_02,2025-03-01,7420363.52,20,1.0000000000000002,0.6,0.0,Watchlist,Balanced,False
Coche_|_Budget_Community_01,2020-12-01,2969608.9899999998,24,1.0000000000000002,0.5833333333333334,0.0,Watchlist,Balanced,False
Coche_|_Budget_Community_02,2020-11-01,3145974.6399999997,25,1.0000000000000002,0.56,0.08,Watchlist,Balanced,False
Coche_|_Budget_Community_02,2021-06-01,1896065.63,25,1.0000000000000002,0.56,0.04,Watchlist,Balanced,False
Coche_|_Budget_Community_02,2022-06-01,1610343.8599999999,25,1.0000000000000002,0.6,0.04,Watchlist,Balanced,False
Coche_|_Budget_Community_02,2024-07-01,1823958.3199999998,25,1.0000000000000002,0.56,0.08,Watchlist,Balanced,False
Coche_|_Eco_Community_01,2021-02-01,7056958.85,41,1.0000000000000002,0.6097560975609756,0.024390243902439025,Watchlist,Balanced,False
Coche_|_Eco_Community_01,2021-09-01,6453192.06,41,1.0000000000000002,0.5609756097560976,0.07317073170731707,Watchlist,Balanced,False
Coche_|_Eco_Community_01,2022-04-01,6042452.52,41,1.0000000000000002,0.5853658536585366,0.04878048780487805,Watchlist,Balanced,False
Coche_|_Eco_Community_02,2023-12-01,10419755.29,39,1.0000000000000002,0.5384615384615384,0.07692307692307693,Watchlist,Balanced,False
Coche_|_Eco_Community_02,2025-08-01,7965346.89,39,1.0000000000000002,0.5641025641025641,0.05128205128205128,Watchlist,Balanced,False
Coche_|_Performance_Community_03,2020-04-01,7600199.9799999995,36,1.0000000000000002,0.5833333333333334,0.05555555555555555,Watchlist,Balanced,False
Coche_|_Performance_Community_03,2023-07-01,8975802.37,36,1.0000000000000002,0.6111111111111112,0.027777777777777776,Watchlist,Balanced,False
Coche_|_Touring_Community_01,2020-04-01,4714915.4399999995,41,1.0000000000000002,0.6097560975609756,0.04878048780487805,Watchlist,Balanced,False
Coche_|_Touring_Community_01,2025-12-01,6826616.77,41,1.0000000000000002,0.6341463414634146,0.04878048780487805,Watchlist,Balanced,False
Coche_|_Touring_Community_02,2021-12-01,635752.24,5,1.0000000000000002,0.6,0.0,Watchlist,Balanced,False
Coche_|_Touring_Community_02,2024-06-01,469997.70999999996,5,1.0000000000000002,0.6,0.0,Watchlist,Balanced,False
Coche_|_Touring_Community_03,2022-06-01,3893368.7199999997,34,1.0000000000000002,0.5882352941176471,0.08823529411764706,Watchlist,Balanced,False
Coche_|_Touring_Community_03,2025-01-01,5858598.31,34,1.0000000000000002,0.6176470588235294,0.029411764705882353,Watchlist,Balanced,False
Furgoneta_|_Reforzado_Community_01,2022-03-01,3999757.53,21,1.0000000000000002,0.6190476190476191,0.0,Watchlist,Balanced,False
Furgoneta_|_Reforzado_Community_01,2023-12-01,5360191.2299999995,21,1.0000000000000002,0.6666666666666666,0.0,Watchlist,Balanced,False
Furgoneta_|_Reforzado_Community_02,2021-01-01,9449424.79,33,1.0000000000000002,0.5757575757575758,0.06060606060606061,Watchlist,Balanced,False
Furgoneta_|_Reforzado_Community_02,2022-09-01,6595475.4799999995,33,1.0000000000000002,0.5757575757575758,0.06060606060606061,Watchlist,Balanced,False
Furgoneta_|_Reforzado_Community_02,2025-05-01,5997418.609999999,33,1.0000000000000002,0.6060606060606061,0.030303030303030304,Watchlist,Balanced,False
Furgoneta_|_Reforzado_Community_03,2020-10-01,6042980.4399999995,26,1.0000000000000002,0.5769230769230769,0.038461538461538464,Watchlist,Balanced,False
Furgoneta_|_Reforzado_Community_03,2022-07-01,6396716.4399999995,26,1.0000000000000002,0.5384615384615384,0.07692307692307693,Watchlist,Balanced,False
Furgoneta_|_Reforzado_Community_03,2025-01-01,6060924.39,26,1.0000000000000002,0.6153846153846154,0.038461538461538464,Watchlist,Balanced,False
Furgoneta_|_Standard_Community_01,2022-04-01,3532300.7199999997,28,1.0000000000000002,0.5357142857142857,0.10714285714285714,Watchlist,Balanced,False
Furgoneta_|_Standard_Community_01,2024-11-01,4291617.1899999995,28,1.0000000000000002,0.6071428571428571,0.03571428571428571,Watchlist,Balanced,False
Furgoneta_|_Standard_Community_01,2025-12-01,4136801.4499999997,28,1.0000000000000002,0.5714285714285714,0.07142857142857142,Watchlist,Balanced,False
Furgoneta_|_Standard_Community_02,2024-06-01,3871612.7199999997,23,1.0000000000000002,0.5652173913043478,0.043478260869565216,Watchlist,Balanced,False
Industrial_|_Construcción_Pesada_Community_01,2020-03-01,10576101.629999999,31,1.0000000000000002,0.6129032258064516,0.03225806451612903,Watchlist,Balanced,False
Industrial_|_Construcción_Pesada_Community_01,2020-11-01,11126100.879999999,31,1.0000000000000002,0.6129032258064516,0.03225806451612903,Watchlist,Balanced,False
Industrial_|_Construcción_Pesada_Community_01,2021-05-01,10505318.37,31,1.0000000000000002,0.5806451612903226,0.06451612903225806,Watchlist,Balanced,False
Industrial_|_Construcción_Pesada_Community_01,2021-08-01,11533340.12,31,1.0000000000000002,0.6129032258064516,0.03225806451612903,Watchlist,Balanced,False
Industrial_|_Construcción_Pesada_Community_01,2022-11-01,8995339.629999999,31,1.0000000000000002,0.6129032258064516,0.03225806451612903,Watchlist,Balanced,False
Industrial_|_Construcción_Pesada_Community_02,2021-06-01,4835380.52,19,1.0000000000000002,0.5263157894736842,0.05263157894736842,Watchlist,Balanced,False
Industrial_|_Construcción_Pesada_Community_02,2021-07-01,4712775.9399999995,19,1.0000000000000002,0.5263157894736842,0.05263157894736842,Watchlist,Balanced,False
Industrial_|_Construcción_Pesada_Community_02,2023-07-01,5918206.649999999,19,1.0000000000000002,0.5263157894736842,0.05263157894736842,Watchlist,Balanced,False
Industrial_|_Construcción_Pesada_Community_03,2021-04-01,8955196.879999999,30,1.0000000000000002,0.5666666666666667,0.06666666666666667,Watchlist,Balanced,False
Industrial_|_Manipulación_Ligera_Community_01,2021-07-01,8896116.959999999,32,1.0000000000000002,0.59375,0.0,Watchlist,Balanced,False
Industrial_|_Manipulación_Ligera_Community_01,2023-05-01,8101154.02,32,1.0000000000000002,0.59375,0.03125,Watchlist,Balanced,False
Industrial_|_Manipulación_Ligera_Community_02,2020-09-01,4404549.27,16,1.0000000000000002,0.625,0.0625,Watchlist,Balanced,False
Industrial_|_Manipulación_Ligera_Community_02,2021-07-01,4490475.02,16,1.0000000000000002,0.6875,0.0,Watchlist,Balanced,False
Industrial_|_Manipulación_Ligera_Community_02,2021-10-01,5541908.609999999,16,1.0000000000000002,0.625,0.0625,Watchlist,Balanced,False
Industrial_|_Manipulación_Ligera_Community_03,2022-06-01,7864405.52,31,1.0000000000000002,0.5806451612903226,0.06451612903225806,Watchlist,Balanced,False
Industrial_|_Manipulación_Ligera_Community_03,2022-09-01,8352225.68,31,1.0000000000000002,0.5483870967741935,0.06451612903225806,Watchlist,Balanced,False
Industrial_|_Manipulación_Ligera_Community_03,2025-05-01,7615734.9399999995,31,1.0000000000000002,0.6451612903225806,0.0,Watchlist,Balanced,False
Industrial_|_Portuario/Especial_Community_01,2020-06-01,477397.89999999997,21,1.0000000000000002,0.5238095238095238,0.09523809523809523,Watchlist,Balanced,False
Industrial_|_Portuario/Especial_Community_01,2021-04-01,435344.08999999997,21,1.0000000000000002,0.5714285714285714,0.047619047619047616,Watchlist,Balanced,False
Industrial_|_Portuario/Especial_Community_01,2022-04-01,427556.85,21,1.0000000000000002,0.5714285714285714,0.0,Watchlist,Balanced,False
Industrial_|_Portuario/Especial_Community_01,2023-07-01,592368.94,21,1.0000000000000002,0.5714285714285714,0.047619047619047616,Watchlist,Balanced,False
Industrial_|_Portuario/Especial_Community_02,2020-09-01,516112.33999999997,23,1.0000000000000002,0.5217391304347826,0.043478260869565216,Watchlist,Balanced,False
Industrial_|_Portuario/Especial_Community_02,2021-04-01,476232.07999999996,23,1.0000000000000002,0.5652173913043478,0.043478260869565216,Watchlist,Balanced,False
Industrial_|_Portuario/Especial_Community_02,2022-08-01,527458.44,23,1.0000000000000002,0.5217391304347826,0.08695652173913043,Watchlist,Balanced,False
Industrial_|_Portuario/Especial_Community_02,2022-11-01,516266.82999999996,23,1.0000000000000002,0.5652173913043478,0.043478260869565216,Watchlist,Balanced,False
Industrial_|_Portuario/Especial_Community_02,2023-05-01,479815.44999999995,23,1.0000000000000002,0.5217391304347826,0.043478260869565216,Watchlist,Balanced,False
Industrial_|_Portuario/Especial_Community_03,2024-09-01,905399.4299999999,36,1.0000000000000002,0.5277777777777778,0.08333333333333333,Watchlist,Balanced,False
SUV_/_4x4_|_Highway_Terrain_(H/T)_Community_01,2020-05-01,7110492.31,32,1.0000000000000002,0.5625,0.03125,Watchlist,Balanced,False
SUV_/_4x4_|_Highway_Terrain_(H/T)_Community_02,2024-03-01,11652357.129999999,41,1.0000000000000002,0.5609756097560976,0.07317073170731707,Watchlist,Balanced,False
SUV_/_4x4_|_Mud_Terrain_(M/T)_Community_01,2020-09-01,11117344.95,41,1.0000000000000002,0.5853658536585366,0.024390243902439025,Watchlist,Balanced,False
SUV_/_4x4_|_Mud_Terrain_(M/T)_Community_01,2024-03-01,15881630.11,41,1.0000000000000002,0.5853658536585366,0.024390243902439025,Watchlist,Balanced,False
SUV_/_4x4_|_Mud_Terrain_(M/T)_Community_02,2022-08-01,9458862.299999999,39,1.0000000000000002,0.5641025641025641,0.02564102564102564,Watchlist,Balanced,False
Agrícola_|_Implementos_Community_01,2020-03-01,14064569.07,38,1.0,0.6052631578947368,0.02631578947368421,Watchlist,Balanced,False
Agrícola_|_Implementos_Community_01,2020-04-01,12527569.03,38,1.0,0.6052631578947368,0.02631578947368421,Watchlist,Balanced,False
Agrícola_|_Implementos_Community_01,2020-05-01,17318536.11,38,1.0,0.631578947368421,0.0,Watchlist,Balanced,False
Agrícola_|_Implementos_Community_01,2020-06-01,15230277.17,38,1.0,0.5789473684210527,0.05263157894736842,Watchlist,Balanced,False
Agrícola_|_Implementos_Community_01,2020-07-01,15963300.21,38,1.0,0.5526315789473685,0.07894736842105263,Watchlist,Balanced,False
Agrícola_|_Implementos_Community_01,2020-08-01,18844503.55,38,1.0,0.5789473684210527,0.05263157894736842,Watchlist,Balanced,False
Agrícola_|_Implementos_Community_01,2020-09-01,13993193.24,38,1.0,0.5789473684210527,0.05263157894736842,Watchlist,Balanced,False
Agrícola_|_Implementos_Community_01,2020-10-01,12805934.56,38,1.0,0.6052631578947368,0.02631578947368421,Watchlist,Balanced,False
Agrícola_|_Implementos_Community_01,2020-11-01,13559747.65,38,1.0,0.5789473684210527,0.05263157894736842,Watchlist,Balanced,False
Agrícola_|_Implementos_Community_01,2020-12-01,9968495.41,38,1.0,0.6052631578947368,0.02631578947368421,Watchlist,Balanced,False
Agrícola_|_Implementos_Community_01,2021-01-01,12291837.58,38,1.0,0.6052631578947368,0.02631578947368421,Watchlist,Balanced,False
Agrícola_|_Implementos_Community_01,2021-02-01,9701401.67,38,1.0,0.5789473684210527,0.05263157894736842,Watchlist,Balanced,False
Agrícola_|_Implementos_Community_01,2021-03-01,10963504.56,38,1.0,0.631578947368421,0.0,Watchlist,Balanced,False
Agrícola_|_Implementos_Community_01,2021-04-01,11933652.26,38,1.0,0.5789473684210527,0.05263157894736842,Watchlist,Balanced,False
Agrícola_|_Implementos_Community_01,2021-05-01,17656532.23,38,1.0,0.6052631578947368,0.02631578947368421,Watchlist,Balanced,False
Agrícola_|_Implementos_Community_01,2021-06-01,15625648.38,38,1.0,0.6052631578947368,0.02631578947368421,Watchlist,Balanced,False
Agrícola_|_Implementos_Community_01,2021-07-01,15925189.36,38,1.0,0.6052631578947368,0.02631578947368421,Watchlist,Balanced,False
Agrícola_|_Implementos_Community_01,2021-08-01,19282495.78,38,1.0,0.5789473684210527,0.05263157894736842,Watchlist,Balanced,False
Agrícola_|_Implementos_Community_01,2021-10-01,15864730.08,38,1.0,0.5789473684210527,0.05263157894736842,Watchlist,Balanced,False
Agrícola_|_Implementos_Community_01,2021-11-01,11231152.94,38,1.0,0.6052631578947368,0.02631578947368421,Watchlist,Balanced,False
Agrícola_|_Implementos_Community_01,2021-12-01,10111775.45,38,1.0,0.6052631578947368,0.02631578947368421,Watchlist,Balanced,False
Agrícola_|_Implementos_Community_01,2022-01-01,12130253.88,38,1.0,0.6052631578947368,0.02631578947368421,Watchlist,Balanced,False
Agrícola_|_Implementos_Community_01,2022-02-01,10006643.31,38,1.0,0.6052631578947368,0.02631578947368421,Watchlist,Balanced,False
Agrícola_|_Implementos_Community_01,2022-03-01,10954588.66,38,1.0,0.5789473684210527,0.05263157894736842,Watchlist,Balanced,False
Agrícola_|_Implementos_Community_01,2022-04-01,12230084.71,38,1.0,0.6052631578947368,0.02631578947368421,Watchlist,Balanced,False
Agrícola_|_Implementos_Community_01,2022-05-01,17367522.2,38,1.0,0.5789473684210527,0.05263157894736842,Watchlist,Balanced,False
Agrícola_|_Implementos_Community_01,2022-06-01,15631885.219999999,38,1.0,0.5789473684210527,0.05263157894736842,Watchlist,Balanced,False
Agrícola_|_Implementos_Community_01,2022-07-01,19797078.8,38,1.0,0.5789473684210527,0.05263157894736842,Watchlist,Balanced,False
Agrícola_|_Implementos_Community_01,2022-08-01,15429514.06,38,1.0,0.5526315789473685,0.07894736842105263,Watchlist,Balanced,False
Agrícola_|_Implementos_Community_01,2022-09-01,13562648.99,38,1.0,0.6052631578947368,0.02631578947368421,Watchlist,Balanced,False
Agrícola_|_Implementos_Community_01,2022-10-01,15353869.5,38,1.0,0.631578947368421,0.0,Watchlist,Balanced,False
Agrícola_|_Implementos_Community_01,2022-11-01,10764624.3,38,1.0,0.5789473684210527,0.05263157894736842,Watchlist,Balanced,False
Agrícola_|_Implementos_Community_01,2022-12-01,10235851.08,38,1.0,0.5789473684210527,0.05263157894736842,Watchlist,Balanced,False
Agrícola_|_Implementos_Community_01,2023-01-01,11783900.48,38,1.0,0.6052631578947368,0.02631578947368421,Watchlist,Balanced,False
Agrícola_|_Implementos_Community_01,2023-02-01,10170791.84,38,1.0,0.631578947368421,0.0,Watchlist,Balanced,False
Agrícola_|_Implementos_Community_01,2023-03-01,10970665.73,38,1.0,0.5789473684210527,0.05263157894736842,Watchlist,Balanced,False
Agrícola_|_Implementos_Community_01,2023-04-01,15632143.44,38,1.0,0.631578947368421,0.0,Watchlist,Balanced,False
Agrícola_|_Implementos_Community_01,2023-05-01,14254515.43,38,1.0,0.6052631578947368,0.02631578947368421,Watchlist,Balanced,False
Agrícola_|_Implementos_Community_01,2023-06-01,15574174.6,38,1.0,0.5789473684210527,0.05263157894736842,Watchlist,Balanced,False
Agrícola_|_Implementos_Community_01,2023-07-01,19293517.75,38,1.0,0.6052631578947368,0.02631578947368421,Watchlist,Balanced,False
Agrícola_|_Implementos_Community_01,2023-08-01,15172179.06,38,1.0,0.6052631578947368,0.0,Watchlist,Balanced,False
Agrícola_|_Implementos_Community_01,2023-09-01,13703669.27,38,1.0,0.5789473684210527,0.05263157894736842,Watchlist,Balanced,False
Agrícola_|_Implementos_Community_01,2023-10-01,15653068.43,38,1.0,0.5789473684210527,0.05263157894736842,Watchlist,Balanced,False
Agrícola_|_Implementos_Community_01,2023-11-01,11003450.99,38,1.0,0.5526315789473685,0.07894736842105263,Watchlist,Balanced,False
Agrícola_|_Implementos_Community_01,2023-12-01,12712005.31,38,1.0,0.5789473684210527,0.05263157894736842,Watchlist,Balanced,False
Agrícola_|_Implementos_Community_01,2024-01-01,9833288.96,38,1.0,0.5789473684210527,0.05263157894736842,Watchlist,Balanced,False
Agrícola_|_Implementos_Community_01,2024-02-01,10103664.57,38,1.0,0.5789473684210527,0.05263157894736842,Watchlist,Balanced,False
Agrícola_|_Implementos_Community_01,2024-03-01,13877461.96,38,1.0,0.6052631578947368,0.02631578947368421,Watchlist,Balanced,False
Agrícola_|_Implementos_Community_01,2024-04-01,12829125.0,38,1.0,0.6052631578947368,0.0,Watchlist,Balanced,False
Agrícola_|_Implementos_Community_01,2024-05-01,13757812.79,38,1.0,0.6052631578947368,0.02631578947368421,Watchlist,Balanced,False
Agrícola_|_Implementos_Community_01,2024-06-01,18687085.48,38,1.0,0.5789473684210527,0.05263157894736842,Watchlist,Balanced,False
Agrícola_|_Implementos_Community_01,2024-07-01,16196530.43,38,1.0,0.5789473684210527,0.05263157894736842,Watchlist,Balanced,False
Agrícola_|_Implementos_Community_01,2024-08-01,15196204.17,38,1.0,0.6052631578947368,0.02631578947368421,Watchlist,Balanced,False
Agrícola_|_Implementos_Community_01,2024-09-01,17645397.0,38,1.0,0.5789473684210527,0.02631578947368421,Watchlist,Balanced,False
Agrícola_|_Implementos_Community_01,2024-10-01,12560226.81,38,1.0,0.5526315789473685,0.07894736842105263,Watchlist,Balanced,False
Agrícola_|_Implementos_Community_01,2024-11-01,11111262.96,38,1.0,0.5789473684210527,0.05263157894736842,Watchlist,Balanced,False
Agrícola_|_Implementos_Community_01,2024-12-01,12530725.280000001,38,1.0,0.6052631578947368,0.02631578947368421,Watchlist,Balanced,False
Agrícola_|_Implementos_Community_01,2025-01-01,9502063.62,38,1.0,0.6052631578947368,0.02631578947368421,Watchlist,Balanced,False
Agrícola_|_Implementos_Community_01,2025-02-01,9762840.04,38,1.0,0.6052631578947368,0.02631578947368421,Watchlist,Balanced,False
Agrícola_|_Implementos_Community_01,2025-03-01,13413141.48,38,1.0,0.6052631578947368,0.02631578947368421,Watchlist,Balanced,False
Agrícola_|_Implementos_Community_01,2025-04-01,12457803.63,38,1.0,0.6052631578947368,0.02631578947368421,Watchlist,Balanced,False
Agrícola_|_Implementos_Community_01,2025-05-01,14453600.97,38,1.0,0.6052631578947368,0.02631578947368421,Watchlist,Balanced,False
Agrícola_|_Implementos_Community_01,2025-06-01,19452738.27,38,1.0,0.6052631578947368,0.02631578947368421,Watchlist,Balanced,False
Agrícola_|_Implementos_Community_01,2025-07-01,15816399.14,38,1.0,0.5789473684210527,0.07894736842105263,Watchlist,Balanced,False
Agrícola_|_Implementos_Community_01,2025-08-01,19314861.27,38,1.0,0.6052631578947368,0.02631578947368421,Watchlist,Balanced,False
Agrícola_|_Implementos_Community_01,2025-09-01,13840537.46,38,1.0,0.631578947368421,0.0,Watchlist,Balanced,False
Agrícola_|_Implementos_Community_01,2025-10-01,12248876.58,38,1.0,0.5789473684210527,0.02631578947368421,Watchlist,Balanced,False
Agrícola_|_Implementos_Community_01,2025-11-01,13935540.08,38,1.0,0.5789473684210527,0.05263157894736842,Watchlist,Balanced,False
Agrícola_|_Implementos_Community_01,2025-12-01,9991842.4,38,1.0,0.6052631578947368,0.02631578947368421,Watchlist,Balanced,False
Agrícola_|_Implementos_Community_02,2020-03-01,17307752.69,42,1.0,0.5714285714285714,0.047619047619047616,Watchlist,Balanced,False
Agrícola_|_Implementos_Community_02,2020-04-01,14838042.26,42,1.0,0.5476190476190477,0.09523809523809523,Watchlist,Balanced,False
Agrícola_|_Implementos_Community_02,2020-05-01,21316220.72,42,1.0,0.6190476190476191,0.023809523809523808,Watchlist,Balanced,False
Agrícola_|_Implementos_Community_02,2020-06-01,19093474.72,42,1.0,0.5714285714285714,0.047619047619047616,Watchlist,Balanced,False
Agrícola_|_Implementos_Community_02,2020-07-01,19680705.49,42,1.0,0.5952380952380952,0.023809523809523808,Watchlist,Balanced,False
Agrícola_|_Implementos_Community_02,2020-08-01,24014738.62,42,1.0,0.5952380952380952,0.023809523809523808,Watchlist,Balanced,False
Agrícola_|_Implementos_Community_02,2020-09-01,17288745.44,42,1.0,0.5714285714285714,0.047619047619047616,Watchlist,Balanced,False
Agrícola_|_Implementos_Community_02,2020-11-01,16717953.27,42,1.0,0.5714285714285714,0.047619047619047616,Watchlist,Balanced,False
Agrícola_|_Implementos_Community_02,2020-12-01,11788386.81,42,1.0,0.5476190476190477,0.07142857142857142,Watchlist,Balanced,False
Agrícola_|_Implementos_Community_02,2021-01-01,15046448.88,42,1.0,0.5476190476190477,0.07142857142857142,Watchlist,Balanced,False
Agrícola_|_Implementos_Community_02,2021-02-01,11757443.06,42,1.0,0.5952380952380952,0.047619047619047616,Watchlist,Balanced,False
Agrícola_|_Implementos_Community_02,2021-03-01,13095706.19,42,1.0,0.5714285714285714,0.047619047619047616,Watchlist,Balanced,False
Agrícola_|_Implementos_Community_02,2021-04-01,14907782.09,42,1.0,0.5714285714285714,0.047619047619047616,Watchlist,Balanced,False
Agrícola_|_Implementos_Community_02,2021-05-01,21444662.27,42,1.0,0.5952380952380952,0.047619047619047616,Watchlist,Balanced,False
Agrícola_|_Implementos_Community_02,2021-06-01,18722683.2,42,1.0,0.5952380952380952,0.023809523809523808,Watchlist,Balanced,False
Agrícola_|_Implementos_Community_02,2021-07-01,19923460.5,42,1.0,0.5714285714285714,0.047619047619047616,Watchlist,Balanced,False
Agrícola_|_Implementos_Community_02,2021-08-01,24280916.71,42,1.0,0.6190476190476191,0.023809523809523808,Watchlist,Balanced,False
Agrícola_|_Implementos_Community_02,2021-09-01,17021354.580000002,42,1.0,0.5714285714285714,0.047619047619047616,Watchlist,Balanced,False
Agrícola_|_Implementos_Community_02,2021-10-01,19228622.2,42,1.0,0.5476190476190477,0.07142857142857142,Watchlist,Balanced,False
Agrícola_|_Implementos_Community_02,2021-11-01,13248943.4,42,1.0,0.5714285714285714,0.047619047619047616,Watchlist,Balanced,False
Agrícola_|_Implementos_Community_02,2021-12-01,12429070.13,42,1.0,0.5476190476190477,0.07142857142857142,Watchlist,Balanced,False
Agrícola_|_Implementos_Community_02,2022-01-01,14739393.74,42,1.0,0.5714285714285714,0.047619047619047616,Watchlist,Balanced,False
Agrícola_|_Implementos_Community_02,2022-02-01,11927097.32,42,1.0,0.5238095238095238,0.09523809523809523,Watchlist,Balanced,False
Agrícola_|_Implementos_Community_02,2022-03-01,13297218.450000001,42,1.0,0.5714285714285714,0.07142857142857142,Watchlist,Balanced,False
Agrícola_|_Implementos_Community_02,2022-04-01,15033056.06,42,1.0,0.6190476190476191,0.023809523809523808,Watchlist,Balanced,False
Agrícola_|_Implementos_Community_02,2022-05-01,21939772.32,42,1.0,0.5952380952380952,0.023809523809523808,Watchlist,Balanced,False
Agrícola_|_Implementos_Community_02,2022-06-01,18073025.16,42,1.0,0.5952380952380952,0.047619047619047616,Watchlist,Balanced,False
Agrícola_|_Implementos_Community_02,2022-07-01,24850253.85,42,1.0,0.5952380952380952,0.023809523809523808,Watchlist,Balanced,False
Agrícola_|_Implementos_Community_02,2022-08-01,18884215.29,42,1.0,0.6190476190476191,0.0,Watchlist,Balanced,False
Agrícola_|_Implementos_Community_02,2022-09-01,17393623.27,42,1.0,0.5714285714285714,0.047619047619047616,Watchlist,Balanced,False
Agrícola_|_Implementos_Community_02,2022-10-01,18566600.3,42,1.0,0.5714285714285714,0.07142857142857142,Watchlist,Balanced,False
Agrícola_|_Implementos_Community_02,2022-11-01,13586882.7,42,1.0,0.5952380952380952,0.023809523809523808,Watchlist,Balanced,False
Agrícola_|_Implementos_Community_02,2022-12-01,12093122.7,42,1.0,0.5952380952380952,0.023809523809523808,Watchlist,Balanced,False
Agrícola_|_Implementos_Community_02,2023-01-01,14765410.030000001,42,1.0,0.5952380952380952,0.047619047619047616,Watchlist,Balanced,False
Agrícola_|_Implementos_Community_02,2023-03-01,13848262.39,42,1.0,0.5952380952380952,0.023809523809523808,Watchlist,Balanced,False
Agrícola_|_Implementos_Community_02,2023-04-01,19391965.06,42,1.0,0.5952380952380952,0.023809523809523808,Watchlist,Balanced,False
Agrícola_|_Implementos_Community_02,2023-05-01,16803414.34,42,1.0,0.5714285714285714,0.047619047619047616,Watchlist,Balanced,False
Agrícola_|_Implementos_Community_02,2023-06-01,18891103.91,42,1.0,0.5714285714285714,0.047619047619047616,Watchlist,Balanced,False
Agrícola_|_Implementos_Community_02,2023-07-01,25039104.13,42,1.0,0.5952380952380952,0.023809523809523808,Watchlist,Balanced,False
Agrícola_|_Implementos_Community_02,2023-08-01,18736919.23,42,1.0,0.5714285714285714,0.047619047619047616,Watchlist,Balanced,False
Agrícola_|_Implementos_Community_02,2023-09-01,16861392.67,42,1.0,0.5714285714285714,0.047619047619047616,Watchlist,Balanced,False
Agrícola_|_Implementos_Community_02,2023-10-01,18992527.61,42,1.0,0.5714285714285714,0.047619047619047616,Watchlist,Balanced,False
Agrícola_|_Implementos_Community_02,2023-11-01,13261209.89,42,1.0,0.5476190476190477,0.09523809523809523,Watchlist,Balanced,False
Agrícola_|_Implementos_Community_02,2023-12-01,14968919.68,42,1.0,0.5476190476190477,0.07142857142857142,Watchlist,Balanced,False
Agrícola_|_Implementos_Community_02,2024-01-01,11407184.870000001,42,1.0,0.5952380952380952,0.023809523809523808,Watchlist,Balanced,False
Agrícola_|_Implementos_Community_02,2024-02-01,12196959.57,42,1.0,0.5952380952380952,0.023809523809523808,Watchlist,Balanced,False
Agrícola_|_Implementos_Community_02,2024-03-01,16598246.15,42,1.0,0.5714285714285714,0.047619047619047616,Watchlist,Balanced,False
Agrícola_|_Implementos_Community_02,2024-04-01,15039701.29,42,1.0,0.6190476190476191,0.0,Watchlist,Balanced,False
Agrícola_|_Implementos_Community_02,2024-05-01,16850903.31,42,1.0,0.5952380952380952,0.023809523809523808,Watchlist,Balanced,False
Agrícola_|_Implementos_Community_02,2024-06-01,23060828.24,42,1.0,0.6190476190476191,0.0,Watchlist,Balanced,False
Agrícola_|_Implementos_Community_02,2024-07-01,19613372.4,42,1.0,0.5952380952380952,0.023809523809523808,Watchlist,Balanced,False
Agrícola_|_Implementos_Community_02,2024-08-01,18785664.7,42,1.0,0.5714285714285714,0.047619047619047616,Watchlist,Balanced,False
Agrícola_|_Implementos_Community_02,2024-09-01,22621518.87,42,1.0,0.5714285714285714,0.047619047619047616,Watchlist,Balanced,False
Agrícola_|_Implementos_Community_02,2024-10-01,15441122.62,42,1.0,0.5714285714285714,0.047619047619047616,Watchlist,Balanced,False
Agrícola_|_Implementos_Community_02,2024-11-01,13395166.78,42,1.0,0.5714285714285714,0.047619047619047616,Watchlist,Balanced,False
Agrícola_|_Implementos_Community_02,2024-12-01,15641152.17,42,1.0,0.5238095238095238,0.09523809523809523,Watchlist,Balanced,False
Agrícola_|_Implementos_Community_02,2025-01-01,11930055.74,42,1.0,0.5714285714285714,0.047619047619047616,Watchlist,Balanced,False
Agrícola_|_Implementos_Community_02,2025-02-01,11824451.33,42,1.0,0.5952380952380952,0.047619047619047616,Watchlist,Balanced,False
Agrícola_|_Implementos_Community_02,2025-03-01,16835138.14,42,1.0,0.5952380952380952,0.047619047619047616,Watchlist,Balanced,False
Agrícola_|_Implementos_Community_02,2025-04-01,14736027.19,42,1.0,0.5952380952380952,0.047619047619047616,Watchlist,Balanced,False
Agrícola_|_Implementos_Community_02,2025-05-01,16778412.5,42,1.0,0.5714285714285714,0.07142857142857142,Watchlist,Balanced,False
Agrícola_|_Implementos_Community_02,2025-06-01,23453983.64,42,1.0,0.5714285714285714,0.047619047619047616,Watchlist,Balanced,False
Agrícola_|_Implementos_Community_02,2025-07-01,19445314.57,42,1.0,0.5952380952380952,0.047619047619047616,Watchlist,Balanced,False
Agrícola_|_Implementos_Community_02,2025-08-01,23361432.92,42,1.0,0.6428571428571429,0.0,Watchlist,Balanced,False
Agrícola_|_Implementos_Community_02,2025-09-01,17459594.09,42,1.0,0.5952380952380952,0.023809523809523808,Watchlist,Balanced,False
Agrícola_|_Implementos_Community_02,2025-10-01,15478689.97,42,1.0,0.5476190476190477,0.07142857142857142,Watchlist,Balanced,False
Agrícola_|_Implementos_Community_02,2025-11-01,16825963.02,42,1.0,0.5714285714285714,0.047619047619047616,Watchlist,Balanced,False
Agrícola_|_Implementos_Community_02,2025-12-01,11793396.81,42,1.0,0.6190476190476191,0.0,Watchlist,Balanced,False
Agrícola_|_Premium_Radial_Community_01,2020-04-01,4538918.69,18,1.0,0.6111111111111112,0.0,Watchlist,Balanced,False
Agrícola_|_Premium_Radial_Community_01,2020-05-01,6588057.2700000005,18,1.0,0.6111111111111112,0.0,Watchlist,Balanced,False
Agrícola_|_Premium_Radial_Community_01,2020-06-01,5515338.67,18,1.0,0.6111111111111112,0.0,Watchlist,Balanced,False
Agrícola_|_Premium_Radial_Community_01,2020-07-01,5713533.0600000005,18,1.0,0.5555555555555556,0.05555555555555555,Watchlist,Balanced,False
Agrícola_|_Premium_Radial_Community_01,2020-08-01,7213590.13,18,1.0,0.5555555555555556,0.05555555555555555,Watchlist,Balanced,False
Agrícola_|_Premium_Radial_Community_01,2020-09-01,5030691.12,18,1.0,0.5555555555555556,0.0,Watchlist,Balanced,False
Agrícola_|_Premium_Radial_Community_01,2020-11-01,4947715.39,18,1.0,0.5555555555555556,0.05555555555555555,Watchlist,Balanced,False
Agrícola_|_Premium_Radial_Community_01,2020-12-01,3540470.3200000003,18,1.0,0.5555555555555556,0.05555555555555555,Watchlist,Balanced,False
Agrícola_|_Premium_Radial_Community_01,2021-01-01,4530054.18,18,1.0,0.5555555555555556,0.05555555555555555,Watchlist,Balanced,False
Agrícola_|_Premium_Radial_Community_01,2021-02-01,3578698.44,18,1.0,0.6111111111111112,0.0,Watchlist,Balanced,False
Agrícola_|_Premium_Radial_Community_01,2021-03-01,4048867.42,18,1.0,0.5555555555555556,0.0,Watchlist,Balanced,False
Agrícola_|_Premium_Radial_Community_01,2021-04-01,4383520.36,18,1.0,0.5555555555555556,0.05555555555555555,Watchlist,Balanced,False
Agrícola_|_Premium_Radial_Community_01,2021-05-01,6198584.42,18,1.0,0.6111111111111112,0.0,Watchlist,Balanced,False
Agrícola_|_Premium_Radial_Community_01,2021-06-01,5545164.1899999995,18,1.0,0.6111111111111112,0.0,Watchlist,Balanced,False
Agrícola_|_Premium_Radial_Community_01,2021-07-01,5647559.74,18,1.0,0.6111111111111112,0.0,Watchlist,Balanced,False
Agrícola_|_Premium_Radial_Community_01,2021-09-01,5007757.34,18,1.0,0.5555555555555556,0.05555555555555555,Watchlist,Balanced,False
Agrícola_|_Premium_Radial_Community_01,2021-10-01,5452074.46,18,1.0,0.6111111111111112,0.0,Watchlist,Balanced,False
Agrícola_|_Premium_Radial_Community_01,2021-11-01,4142205.86,18,1.0,0.6111111111111112,0.0,Watchlist,Balanced,False
Agrícola_|_Premium_Radial_Community_01,2021-12-01,3714687.59,18,1.0,0.5555555555555556,0.05555555555555555,Watchlist,Balanced,False
Agrícola_|_Premium_Radial_Community_01,2022-01-01,4436208.47,18,1.0,0.5555555555555556,0.05555555555555555,Watchlist,Balanced,False
Agrícola_|_Premium_Radial_Community_01,2022-02-01,3550315.21,18,1.0,0.6111111111111112,0.0,Watchlist,Balanced,False
Agrícola_|_Premium_Radial_Community_01,2022-03-01,3821724.21,18,1.0,0.6111111111111112,0.0,Watchlist,Balanced,False
Agrícola_|_Premium_Radial_Community_01,2022-04-01,4783563.96,18,1.0,0.6111111111111112,0.0,Watchlist,Balanced,False
Agrícola_|_Premium_Radial_Community_01,2022-05-01,6350814.180000001,18,1.0,0.6111111111111112,0.0,Watchlist,Balanced,False
Agrícola_|_Premium_Radial_Community_01,2022-06-01,5764015.18,18,1.0,0.6111111111111112,0.0,Watchlist,Balanced,False
Agrícola_|_Premium_Radial_Community_01,2022-07-01,7378243.5,18,1.0,0.6111111111111112,0.0,Watchlist,Balanced,False
Agrícola_|_Premium_Radial_Community_01,2022-08-01,5818945.91,18,1.0,0.5555555555555556,0.0,Watchlist,Balanced,False
Agrícola_|_Premium_Radial_Community_01,2022-09-01,4946303.61,18,1.0,0.5555555555555556,0.05555555555555555,Watchlist,Balanced,False
Agrícola_|_Premium_Radial_Community_01,2022-10-01,5389845.47,18,1.0,0.6111111111111112,0.0,Watchlist,Balanced,False
Agrícola_|_Premium_Radial_Community_01,2022-11-01,3882828.85,18,1.0,0.5555555555555556,0.05555555555555555,Watchlist,Balanced,False
Agrícola_|_Premium_Radial_Community_01,2022-12-01,3517402.2800000003,18,1.0,0.5555555555555556,0.05555555555555555,Watchlist,Balanced,False
Agrícola_|_Premium_Radial_Community_01,2023-01-01,4442021.39,18,1.0,0.5555555555555556,0.05555555555555555,Watchlist,Balanced,False
Agrícola_|_Premium_Radial_Community_01,2023-02-01,3572744.88,18,1.0,0.6111111111111112,0.0,Watchlist,Balanced,False
Agrícola_|_Premium_Radial_Community_01,2023-03-01,4226394.09,18,1.0,0.6111111111111112,0.0,Watchlist,Balanced,False
Agrícola_|_Premium_Radial_Community_01,2023-04-01,6028463.79,18,1.0,0.5555555555555556,0.05555555555555555,Watchlist,Balanced,False
Agrícola_|_Premium_Radial_Community_01,2023-05-01,5144139.18,18,1.0,0.5555555555555556,0.05555555555555555,Watchlist,Balanced,False
Agrícola_|_Premium_Radial_Community_01,2023-06-01,5534874.07,18,1.0,0.6111111111111112,0.0,Watchlist,Balanced,False
Agrícola_|_Premium_Radial_Community_01,2023-07-01,7149836.640000001,18,1.0,0.6111111111111112,0.0,Watchlist,Balanced,False
Agrícola_|_Premium_Radial_Community_01,2023-08-01,5528474.81,18,1.0,0.6111111111111112,0.0,Watchlist,Balanced,False
Agrícola_|_Premium_Radial_Community_01,2023-09-01,5356256.02,18,1.0,0.6111111111111112,0.0,Watchlist,Balanced,False
Agrícola_|_Premium_Radial_Community_01,2023-10-01,5912862.99,18,1.0,0.5555555555555556,0.0,Watchlist,Balanced,False
Agrícola_|_Premium_Radial_Community_01,2023-12-01,4604683.81,18,1.0,0.5555555555555556,0.05555555555555555,Watchlist,Balanced,False
Agrícola_|_Premium_Radial_Community_01,2024-01-01,3531776.52,18,1.0,0.6111111111111112,0.0,Watchlist,Balanced,False
Agrícola_|_Premium_Radial_Community_01,2024-02-01,3669725.27,18,1.0,0.6111111111111112,0.0,Watchlist,Balanced,False
Agrícola_|_Premium_Radial_Community_01,2024-03-01,5114148.13,18,1.0,0.6111111111111112,0.0,Watchlist,Balanced,False
Agrícola_|_Premium_Radial_Community_01,2024-04-01,4606457.07,18,1.0,0.6111111111111112,0.0,Watchlist,Balanced,False
Agrícola_|_Premium_Radial_Community_01,2024-05-01,5174627.04,18,1.0,0.5555555555555556,0.05555555555555555,Watchlist,Balanced,False
Agrícola_|_Premium_Radial_Community_01,2024-06-01,7034142.39,18,1.0,0.5555555555555556,0.05555555555555555,Watchlist,Balanced,False
Agrícola_|_Premium_Radial_Community_01,2024-07-01,6157246.41,18,1.0,0.6111111111111112,0.0,Watchlist,Balanced,False
Agrícola_|_Premium_Radial_Community_01,2024-08-01,5845803.07,18,1.0,0.6111111111111112,0.0,Watchlist,Balanced,False
Agrícola_|_Premium_Radial_Community_01,2024-09-01,6489330.09,18,1.0,0.5555555555555556,0.05555555555555555,Watchlist,Balanced,False
Agrícola_|_Premium_Radial_Community_01,2024-11-01,4094265.0500000003,18,1.0,0.5555555555555556,0.05555555555555555,Watchlist,Balanced,False
Agrícola_|_Premium_Radial_Community_01,2024-12-01,4721765.180000001,18,1.0,0.6111111111111112,0.0,Watchlist,Balanced,False
Agrícola_|_Premium_Radial_Community_01,2025-01-01,3629245.64,18,1.0,0.5555555555555556,0.0,Watchlist,Balanced,False
Agrícola_|_Premium_Radial_Community_01,2025-02-01,3764588.36,18,1.0,0.5555555555555556,0.05555555555555555,Watchlist,Balanced,False
Agrícola_|_Premium_Radial_Community_01,2025-03-01,4939981.58,18,1.0,0.6111111111111112,0.0,Watchlist,Balanced,False
Agrícola_|_Premium_Radial_Community_01,2025-04-01,4514535.67,18,1.0,0.6111111111111112,0.0,Watchlist,Balanced,False
Agrícola_|_Premium_Radial_Community_01,2025-05-01,5360679.93,18,1.0,0.5555555555555556,0.05555555555555555,Watchlist,Balanced,False
Agrícola_|_Premium_Radial_Community_01,2025-06-01,7150140.6,18,1.0,0.5555555555555556,0.05555555555555555,Watchlist,Balanced,False
Agrícola_|_Premium_Radial_Community_01,2025-07-01,6010465.04,18,1.0,0.6111111111111112,0.0,Watchlist,Balanced,False
Agrícola_|_Premium_Radial_Community_01,2025-08-01,7149121.6,18,1.0,0.6111111111111112,0.0,Watchlist,Balanced,False
Agrícola_|_Premium_Radial_Community_01,2025-10-01,4599025.59,18,1.0,0.5555555555555556,0.05555555555555555,Watchlist,Balanced,False
Agrícola_|_Premium_Radial_Community_01,2025-11-01,5121592.46,18,1.0,0.6111111111111112,0.0,Watchlist,Balanced,False
Agrícola_|_Premium_Radial_Community_01,2025-12-01,3754084.38,18,1.0,0.5555555555555556,0.05555555555555555,Watchlist,Balanced,False
Agrícola_|_Premium_Radial_Community_02,2020-03-01,10290598.67,33,1.0,0.5757575757575758,0.030303030303030304,Watchlist,Balanced,False
Agrícola_|_Premium_Radial_Community_02,2020-04-01,9591226.04,33,1.0,0.5757575757575758,0.030303030303030304,Watchlist,Balanced,False
Agrícola_|_Premium_Radial_Community_02,2020-05-01,13561023.93,33,1.0,0.5757575757575758,0.030303030303030304,Watchlist,Balanced,False
Agrícola_|_Premium_Radial_Community_02,2020-06-01,11571127.48,33,1.0,0.5757575757575758,0.030303030303030304,Watchlist,Balanced,False
Agrícola_|_Premium_Radial_Community_02,2020-07-01,12600440.47,33,1.0,0.5757575757575758,0.030303030303030304,Watchlist,Balanced,False
Agrícola_|_Premium_Radial_Community_02,2020-08-01,14453264.75,33,1.0,0.6060606060606061,0.0,Watchlist,Balanced,False
Agrícola_|_Premium_Radial_Community_02,2020-09-01,10695863.73,33,1.0,0.5454545454545454,0.06060606060606061,Watchlist,Balanced,False
Agrícola_|_Premium_Radial_Community_02,2020-10-01,9447503.57,33,1.0,0.5454545454545454,0.09090909090909091,Watchlist,Balanced,False
Agrícola_|_Premium_Radial_Community_02,2020-11-01,10463350.42,33,1.0,0.6060606060606061,0.030303030303030304,Watchlist,Balanced,False
Agrícola_|_Premium_Radial_Community_02,2020-12-01,7258025.0600000005,33,1.0,0.6060606060606061,0.030303030303030304,Watchlist,Balanced,False
Agrícola_|_Premium_Radial_Community_02,2021-01-01,9118662.39,33,1.0,0.5757575757575758,0.030303030303030304,Watchlist,Balanced,False
Agrícola_|_Premium_Radial_Community_02,2021-02-01,7527015.37,33,1.0,0.5757575757575758,0.030303030303030304,Watchlist,Balanced,False
Agrícola_|_Premium_Radial_Community_02,2021-03-01,8374201.91,33,1.0,0.5757575757575758,0.030303030303030304,Watchlist,Balanced,False
Agrícola_|_Premium_Radial_Community_02,2021-04-01,9480774.74,33,1.0,0.5757575757575758,0.030303030303030304,Watchlist,Balanced,False
Agrícola_|_Premium_Radial_Community_02,2021-05-01,13649802.9,33,1.0,0.5757575757575758,0.030303030303030304,Watchlist,Balanced,False
Agrícola_|_Premium_Radial_Community_02,2021-06-01,11567778.97,33,1.0,0.5757575757575758,0.030303030303030304,Watchlist,Balanced,False
Agrícola_|_Premium_Radial_Community_02,2021-07-01,11993672.54,33,1.0,0.5757575757575758,0.030303030303030304,Watchlist,Balanced,False
Agrícola_|_Premium_Radial_Community_02,2021-08-01,14718052.12,33,1.0,0.5757575757575758,0.030303030303030304,Watchlist,Balanced,False
Agrícola_|_Premium_Radial_Community_02,2021-09-01,10955544.96,33,1.0,0.5757575757575758,0.030303030303030304,Watchlist,Balanced,False
Agrícola_|_Premium_Radial_Community_02,2021-10-01,11575063.09,33,1.0,0.5757575757575758,0.030303030303030304,Watchlist,Balanced,False
Agrícola_|_Premium_Radial_Community_02,2021-11-01,8067251.49,33,1.0,0.5454545454545454,0.09090909090909091,Watchlist,Balanced,False
Agrícola_|_Premium_Radial_Community_02,2021-12-01,7225031.07,33,1.0,0.5757575757575758,0.030303030303030304,Watchlist,Balanced,False
Agrícola_|_Premium_Radial_Community_02,2022-01-01,9299701.26,33,1.0,0.5757575757575758,0.030303030303030304,Watchlist,Balanced,False
Agrícola_|_Premium_Radial_Community_02,2022-02-01,7471549.14,33,1.0,0.5757575757575758,0.030303030303030304,Watchlist,Balanced,False
Agrícola_|_Premium_Radial_Community_02,2022-03-01,8171189.1,33,1.0,0.6060606060606061,0.030303030303030304,Watchlist,Balanced,False
Agrícola_|_Premium_Radial_Community_02,2022-04-01,9325132.6,33,1.0,0.6060606060606061,0.0,Watchlist,Balanced,False
Agrícola_|_Premium_Radial_Community_02,2022-05-01,13430800.8,33,1.0,0.6060606060606061,0.0,Watchlist,Balanced,False
Agrícola_|_Premium_Radial_Community_02,2022-06-01,11796679.75,33,1.0,0.6060606060606061,0.0,Watchlist,Balanced,False
Agrícola_|_Premium_Radial_Community_02,2022-07-01,15036612.44,33,1.0,0.5757575757575758,0.030303030303030304,Watchlist,Balanced,False
Agrícola_|_Premium_Radial_Community_02,2022-08-01,11702203.23,33,1.0,0.5757575757575758,0.030303030303030304,Watchlist,Balanced,False
Agrícola_|_Premium_Radial_Community_02,2022-09-01,10305682.27,33,1.0,0.5757575757575758,0.06060606060606061,Watchlist,Balanced,False
Agrícola_|_Premium_Radial_Community_02,2022-10-01,11890793.7,33,1.0,0.5757575757575758,0.030303030303030304,Watchlist,Balanced,False
Agrícola_|_Premium_Radial_Community_02,2022-11-01,8345206.36,33,1.0,0.6060606060606061,0.0,Watchlist,Balanced,False
Agrícola_|_Premium_Radial_Community_02,2022-12-01,7682550.9,33,1.0,0.5757575757575758,0.030303030303030304,Watchlist,Balanced,False
Agrícola_|_Premium_Radial_Community_02,2023-01-01,9283366.52,33,1.0,0.5454545454545454,0.06060606060606061,Watchlist,Balanced,False
Agrícola_|_Premium_Radial_Community_02,2023-03-01,8364592.33,33,1.0,0.5757575757575758,0.030303030303030304,Watchlist,Balanced,False
Agrícola_|_Premium_Radial_Community_02,2023-04-01,12009189.6,33,1.0,0.5757575757575758,0.030303030303030304,Watchlist,Balanced,False
Agrícola_|_Premium_Radial_Community_02,2023-05-01,10472013.24,33,1.0,0.5757575757575758,0.06060606060606061,Watchlist,Balanced,False
Agrícola_|_Premium_Radial_Community_02,2023-06-01,11915733.07,33,1.0,0.6060606060606061,0.0,Watchlist,Balanced,False
Agrícola_|_Premium_Radial_Community_02,2023-07-01,15326691.31,33,1.0,0.5151515151515151,0.09090909090909091,Watchlist,Balanced,False
Agrícola_|_Premium_Radial_Community_02,2023-08-01,11892308.93,33,1.0,0.5454545454545454,0.06060606060606061,Watchlist,Balanced,False
Agrícola_|_Premium_Radial_Community_02,2023-10-01,11729210.530000001,33,1.0,0.6060606060606061,0.030303030303030304,Watchlist,Balanced,False
Agrícola_|_Premium_Radial_Community_02,2023-11-01,7911105.05,33,1.0,0.6060606060606061,0.0,Watchlist,Balanced,False
Agrícola_|_Premium_Radial_Community_02,2023-12-01,9272522.96,33,1.0,0.5757575757575758,0.030303030303030304,Watchlist,Balanced,False
Agrícola_|_Premium_Radial_Community_02,2024-01-01,7267350.91,33,1.0,0.5757575757575758,0.030303030303030304,Watchlist,Balanced,False
Agrícola_|_Premium_Radial_Community_02,2024-02-01,7457908.77,33,1.0,0.5757575757575758,0.030303030303030304,Watchlist,Balanced,False
Agrícola_|_Premium_Radial_Community_02,2024-03-01,10434819.32,33,1.0,0.5757575757575758,0.030303030303030304,Watchlist,Balanced,False
Agrícola_|_Premium_Radial_Community_02,2024-04-01,9684916.2,33,1.0,0.5757575757575758,0.030303030303030304,Watchlist,Balanced,False
Agrícola_|_Premium_Radial_Community_02,2024-05-01,10530809.63,33,1.0,0.5757575757575758,0.030303030303030304,Watchlist,Balanced,False
Agrícola_|_Premium_Radial_Community_02,2024-06-01,14450834.91,33,1.0,0.5454545454545454,0.06060606060606061,Watchlist,Balanced,False
Agrícola_|_Premium_Radial_Community_02,2024-07-01,12029881.94,33,1.0,0.5454545454545454,0.06060606060606061,Watchlist,Balanced,False
Agrícola_|_Premium_Radial_Community_02,2024-08-01,12096295.05,33,1.0,0.5757575757575758,0.030303030303030304,Watchlist,Balanced,False
Agrícola_|_Premium_Radial_Community_02,2024-09-01,13179119.2,33,1.0,0.5757575757575758,0.030303030303030304,Watchlist,Balanced,False
Agrícola_|_Premium_Radial_Community_02,2024-10-01,9622421.57,33,1.0,0.5757575757575758,0.030303030303030304,Watchlist,Balanced,False
Agrícola_|_Premium_Radial_Community_02,2024-11-01,8152139.47,33,1.0,0.5757575757575758,0.030303030303030304,Watchlist,Balanced,False
Agrícola_|_Premium_Radial_Community_02,2024-12-01,9529302.97,33,1.0,0.6060606060606061,0.030303030303030304,Watchlist,Balanced,False
Agrícola_|_Premium_Radial_Community_02,2025-01-01,7321777.72,33,1.0,0.5757575757575758,0.030303030303030304,Watchlist,Balanced,False
Agrícola_|_Premium_Radial_Community_02,2025-02-01,7428745.32,33,1.0,0.5454545454545454,0.06060606060606061,Watchlist,Balanced,False
Agrícola_|_Premium_Radial_Community_02,2025-03-01,10233241.5,33,1.0,0.5454545454545454,0.06060606060606061,Watchlist,Balanced,False
Agrícola_|_Premium_Radial_Community_02,2025-04-01,9365925.14,33,1.0,0.6060606060606061,0.0,Watchlist,Balanced,False
Agrícola_|_Premium_Radial_Community_02,2025-05-01,10639403.97,33,1.0,0.6060606060606061,0.0,Watchlist,Balanced,False
Agrícola_|_Premium_Radial_Community_02,2025-06-01,14085420.1,33,1.0,0.5757575757575758,0.030303030303030304,Watchlist,Balanced,False
Agrícola_|_Premium_Radial_Community_02,2025-07-01,11947895.29,33,1.0,0.5454545454545454,0.06060606060606061,Watchlist,Balanced,False
Agrícola_|_Premium_Radial_Community_02,2025-08-01,14505630.63,33,1.0,0.5454545454545454,0.06060606060606061,Watchlist,Balanced,False
Agrícola_|_Premium_Radial_Community_02,2025-09-01,10524836.16,33,1.0,0.5757575757575758,0.030303030303030304,Watchlist,Balanced,False
Agrícola_|_Premium_Radial_Community_02,2025-10-01,9067433.47,33,1.0,0.5757575757575758,0.030303030303030304,Watchlist,Balanced,False
Agrícola_|_Premium_Radial_Community_02,2025-11-01,10022209.06,33,1.0,0.5454545454545454,0.06060606060606061,Watchlist,Balanced,False
Agrícola_|_Premium_Radial_Community_02,2025-12-01,7740221.79,33,1.0,0.5757575757575758,0.030303030303030304,Watchlist,Balanced,False
Agrícola_|_Premium_Radial_Community_03,2020-03-01,9577067.5,29,1.0,0.6206896551724138,0.034482758620689655,Watchlist,Balanced,False
Agrícola_|_Premium_Radial_Community_03,2020-04-01,8455353.85,29,1.0,0.6206896551724138,0.034482758620689655,Watchlist,Balanced,False
Agrícola_|_Premium_Radial_Community_03,2020-05-01,12249121.52,29,1.0,0.6206896551724138,0.0,Watchlist,Balanced,False
Agrícola_|_Premium_Radial_Community_03,2020-06-01,10484969.629999999,29,1.0,0.5862068965517241,0.034482758620689655,Watchlist,Balanced,False
Agrícola_|_Premium_Radial_Community_03,2020-07-01,10669846.67,29,1.0,0.5862068965517241,0.06896551724137931,Watchlist,Balanced,False
Agrícola_|_Premium_Radial_Community_03,2020-08-01,13396783.63,29,1.0,0.5862068965517241,0.06896551724137931,Watchlist,Balanced,False
Agrícola_|_Premium_Radial_Community_03,2020-09-01,9218526.62,29,1.0,0.5517241379310345,0.06896551724137931,Watchlist,Balanced,False
Agrícola_|_Premium_Radial_Community_03,2020-10-01,8733858.65,29,1.0,0.5862068965517241,0.034482758620689655,Watchlist,Balanced,False
Agrícola_|_Premium_Radial_Community_03,2020-11-01,9527114.53,29,1.0,0.6206896551724138,0.034482758620689655,Watchlist,Balanced,False
Agrícola_|_Premium_Radial_Community_03,2020-12-01,7041722.95,29,1.0,0.5862068965517241,0.034482758620689655,Watchlist,Balanced,False
Agrícola_|_Premium_Radial_Community_03,2021-01-01,8240286.25,29,1.0,0.5862068965517241,0.06896551724137931,Watchlist,Balanced,False
Agrícola_|_Premium_Radial_Community_03,2021-02-01,6978450.88,29,1.0,0.5517241379310345,0.06896551724137931,Watchlist,Balanced,False
Agrícola_|_Premium_Radial_Community_03,2021-03-01,7545223.58,29,1.0,0.5517241379310345,0.06896551724137931,Watchlist,Balanced,False
Agrícola_|_Premium_Radial_Community_03,2021-04-01,8284183.11,29,1.0,0.5517241379310345,0.06896551724137931,Watchlist,Balanced,False
Agrícola_|_Premium_Radial_Community_03,2021-05-01,12103313.24,29,1.0,0.6206896551724138,0.034482758620689655,Watchlist,Balanced,False
Agrícola_|_Premium_Radial_Community_03,2021-06-01,10640562.39,29,1.0,0.6206896551724138,0.0,Watchlist,Balanced,False
Agrícola_|_Premium_Radial_Community_03,2021-07-01,10830795.66,29,1.0,0.5517241379310345,0.06896551724137931,Watchlist,Balanced,False
Agrícola_|_Premium_Radial_Community_03,2021-08-01,12931551.53,29,1.0,0.5517241379310345,0.10344827586206896,Watchlist,Balanced,False
Agrícola_|_Premium_Radial_Community_03,2021-09-01,9218906.82,29,1.0,0.5862068965517241,0.06896551724137931,Watchlist,Balanced,False
Agrícola_|_Premium_Radial_Community_03,2021-10-01,10588887.48,29,1.0,0.5862068965517241,0.034482758620689655,Watchlist,Balanced,False
Agrícola_|_Premium_Radial_Community_03,2021-11-01,7451030.1,29,1.0,0.5517241379310345,0.10344827586206896,Watchlist,Balanced,False
Agrícola_|_Premium_Radial_Community_03,2021-12-01,7058375.01,29,1.0,0.6206896551724138,0.034482758620689655,Watchlist,Balanced,False
Agrícola_|_Premium_Radial_Community_03,2022-01-01,8353132.89,29,1.0,0.6206896551724138,0.034482758620689655,Watchlist,Balanced,False
Agrícola_|_Premium_Radial_Community_03,2022-02-01,6891250.84,29,1.0,0.5862068965517241,0.034482758620689655,Watchlist,Balanced,False
Agrícola_|_Premium_Radial_Community_03,2022-03-01,7600325.73,29,1.0,0.5862068965517241,0.06896551724137931,Watchlist,Balanced,False
Agrícola_|_Premium_Radial_Community_03,2022-04-01,8231889.87,29,1.0,0.5862068965517241,0.034482758620689655,Watchlist,Balanced,False
Agrícola_|_Premium_Radial_Community_03,2022-05-01,12055223.38,29,1.0,0.5517241379310345,0.06896551724137931,Watchlist,Balanced,False
Agrícola_|_Premium_Radial_Community_03,2022-06-01,10108230.99,29,1.0,0.5517241379310345,0.10344827586206896,Watchlist,Balanced,False
Agrícola_|_Premium_Radial_Community_03,2022-07-01,13532241.41,29,1.0,0.5862068965517241,0.034482758620689655,Watchlist,Balanced,False
Agrícola_|_Premium_Radial_Community_03,2022-08-01,10366937.74,29,1.0,0.6206896551724138,0.034482758620689655,Watchlist,Balanced,False
Agrícola_|_Premium_Radial_Community_03,2022-09-01,9813232.8,29,1.0,0.5862068965517241,0.034482758620689655,Watchlist,Balanced,False
Agrícola_|_Premium_Radial_Community_03,2022-10-01,10456746.32,29,1.0,0.5862068965517241,0.034482758620689655,Watchlist,Balanced,False
Agrícola_|_Premium_Radial_Community_03,2022-11-01,7568560.75,29,1.0,0.5517241379310345,0.10344827586206896,Watchlist,Balanced,False
Agrícola_|_Premium_Radial_Community_03,2022-12-01,7116094.49,29,1.0,0.5862068965517241,0.034482758620689655,Watchlist,Balanced,False
Agrícola_|_Premium_Radial_Community_03,2023-01-01,8448596.87,29,1.0,0.5862068965517241,0.06896551724137931,Watchlist,Balanced,False
Agrícola_|_Premium_Radial_Community_03,2023-02-01,6813442.47,29,1.0,0.6551724137931034,0.0,Watchlist,Balanced,False
Agrícola_|_Premium_Radial_Community_03,2023-03-01,7292236.72,29,1.0,0.6206896551724138,0.0,Watchlist,Balanced,False
Agrícola_|_Premium_Radial_Community_03,2023-04-01,10668220.77,29,1.0,0.5862068965517241,0.034482758620689655,Watchlist,Balanced,False
Agrícola_|_Premium_Radial_Community_03,2023-05-01,9974220.3,29,1.0,0.5862068965517241,0.034482758620689655,Watchlist,Balanced,False
Agrícola_|_Premium_Radial_Community_03,2023-06-01,10374312.1,29,1.0,0.5862068965517241,0.034482758620689655,Watchlist,Balanced,False
Agrícola_|_Premium_Radial_Community_03,2023-07-01,13524553.77,29,1.0,0.5517241379310345,0.06896551724137931,Watchlist,Balanced,False
Agrícola_|_Premium_Radial_Community_03,2023-08-01,10340470.23,29,1.0,0.5862068965517241,0.034482758620689655,Watchlist,Balanced,False
Agrícola_|_Premium_Radial_Community_03,2023-09-01,9544911.83,29,1.0,0.5517241379310345,0.06896551724137931,Watchlist,Balanced,False
Agrícola_|_Premium_Radial_Community_03,2023-10-01,10403202.66,29,1.0,0.5517241379310345,0.06896551724137931,Watchlist,Balanced,False
Agrícola_|_Premium_Radial_Community_03,2023-11-01,7381613.93,29,1.0,0.6206896551724138,0.034482758620689655,Watchlist,Balanced,False
Agrícola_|_Premium_Radial_Community_03,2024-01-01,6598698.84,29,1.0,0.5862068965517241,0.06896551724137931,Watchlist,Balanced,False
Agrícola_|_Premium_Radial_Community_03,2024-02-01,7067747.28,29,1.0,0.5862068965517241,0.034482758620689655,Watchlist,Balanced,False
Agrícola_|_Premium_Radial_Community_03,2024-03-01,9416077.31,29,1.0,0.5862068965517241,0.06896551724137931,Watchlist,Balanced,False
Agrícola_|_Premium_Radial_Community_03,2024-04-01,8452388.23,29,1.0,0.6206896551724138,0.0,Watchlist,Balanced,False
Agrícola_|_Premium_Radial_Community_03,2024-05-01,9466151.790000001,29,1.0,0.5862068965517241,0.034482758620689655,Watchlist,Balanced,False
Agrícola_|_Premium_Radial_Community_03,2024-06-01,13005722.53,29,1.0,0.5862068965517241,0.034482758620689655,Watchlist,Balanced,False
Agrícola_|_Premium_Radial_Community_03,2024-07-01,10842126.24,29,1.0,0.5862068965517241,0.034482758620689655,Watchlist,Balanced,False
Agrícola_|_Premium_Radial_Community_03,2024-08-01,10479147.51,29,1.0,0.5862068965517241,0.06896551724137931,Watchlist,Balanced,False
Agrícola_|_Premium_Radial_Community_03,2024-09-01,11946581.34,29,1.0,0.6206896551724138,0.034482758620689655,Watchlist,Balanced,False
Agrícola_|_Premium_Radial_Community_03,2024-10-01,8756383.71,29,1.0,0.5862068965517241,0.034482758620689655,Watchlist,Balanced,False
Agrícola_|_Premium_Radial_Community_03,2024-11-01,7543733.36,29,1.0,0.5862068965517241,0.034482758620689655,Watchlist,Balanced,False
Agrícola_|_Premium_Radial_Community_03,2024-12-01,8635146.66,29,1.0,0.5862068965517241,0.034482758620689655,Watchlist,Balanced,False
Agrícola_|_Premium_Radial_Community_03,2025-01-01,6835145.18,29,1.0,0.5862068965517241,0.034482758620689655,Watchlist,Balanced,False
Agrícola_|_Premium_Radial_Community_03,2025-02-01,6745023.89,29,1.0,0.5517241379310345,0.06896551724137931,Watchlist,Balanced,False
Agrícola_|_Premium_Radial_Community_03,2025-03-01,9446958.76,29,1.0,0.5862068965517241,0.034482758620689655,Watchlist,Balanced,False
Agrícola_|_Premium_Radial_Community_03,2025-04-01,8508239.43,29,1.0,0.5517241379310345,0.06896551724137931,Watchlist,Balanced,False
Agrícola_|_Premium_Radial_Community_03,2025-05-01,9506129.27,29,1.0,0.5862068965517241,0.06896551724137931,Watchlist,Balanced,False
Agrícola_|_Premium_Radial_Community_03,2025-06-01,13037825.82,29,1.0,0.5862068965517241,0.034482758620689655,Watchlist,Balanced,False
Agrícola_|_Premium_Radial_Community_03,2025-07-01,10975192.7,29,1.0,0.5862068965517241,0.034482758620689655,Watchlist,Balanced,False
Agrícola_|_Premium_Radial_Community_03,2025-08-01,13131713.78,29,1.0,0.5517241379310345,0.06896551724137931,Watchlist,Balanced,False
Agrícola_|_Premium_Radial_Community_03,2025-09-01,9499747.98,29,1.0,0.5862068965517241,0.06896551724137931,Watchlist,Balanced,False
Agrícola_|_Premium_Radial_Community_03,2025-10-01,8742397.22,29,1.0,0.5517241379310345,0.06896551724137931,Watchlist,Balanced,False
Agrícola_|_Premium_Radial_Community_03,2025-11-01,9470257.72,29,1.0,0.5517241379310345,0.06896551724137931,Watchlist,Balanced,False
Agrícola_|_Premium_Radial_Community_03,2025-12-01,6879439.62,29,1.0,0.5862068965517241,0.06896551724137931,Watchlist,Balanced,False
Agrícola_|_Tractor_Community_01,2020-03-01,16558678.88,40,1.0,0.6,0.025,Watchlist,Balanced,False
Agrícola_|_Tractor_Community_01,2020-04-01,15559176.48,40,1.0,0.575,0.05,Watchlist,Balanced,False
Agrícola_|_Tractor_Community_01,2020-05-01,21463650.05,40,1.0,0.575,0.05,Watchlist,Balanced,False
Agrícola_|_Tractor_Community_01,2020-06-01,19009726.97,40,1.0,0.575,0.05,Watchlist,Balanced,False
Agrícola_|_Tractor_Community_01,2020-07-01,19950105.92,40,1.0,0.55,0.075,Watchlist,Balanced,False
Agrícola_|_Tractor_Community_01,2020-08-01,23726817.3,40,1.0,0.575,0.05,Watchlist,Balanced,False
Agrícola_|_Tractor_Community_01,2020-09-01,16996384.73,40,1.0,0.575,0.05,Watchlist,Balanced,False
Agrícola_|_Tractor_Community_01,2020-10-01,15049169.59,40,1.0,0.55,0.075,Watchlist,Balanced,False
Agrícola_|_Tractor_Community_01,2020-11-01,16567018.73,40,1.0,0.575,0.05,Watchlist,Balanced,False
Agrícola_|_Tractor_Community_01,2020-12-01,12233105.02,40,1.0,0.55,0.075,Watchlist,Balanced,False
Agrícola_|_Tractor_Community_01,2021-01-01,14758032.83,40,1.0,0.55,0.075,Watchlist,Balanced,False
Agrícola_|_Tractor_Community_01,2021-02-01,12424104.71,40,1.0,0.575,0.05,Watchlist,Balanced,False
Agrícola_|_Tractor_Community_01,2021-04-01,14924374.709999999,40,1.0,0.575,0.05,Watchlist,Balanced,False
Agrícola_|_Tractor_Community_01,2021-05-01,21166653.74,40,1.0,0.575,0.05,Watchlist,Balanced,False
Agrícola_|_Tractor_Community_01,2021-06-01,18289024.58,40,1.0,0.55,0.075,Watchlist,Balanced,False
Agrícola_|_Tractor_Community_01,2021-07-01,19983973.29,40,1.0,0.575,0.05,Watchlist,Balanced,False
Agrícola_|_Tractor_Community_01,2021-08-01,23747175.02,40,1.0,0.575,0.05,Watchlist,Balanced,False
Agrícola_|_Tractor_Community_01,2021-09-01,16866623.55,40,1.0,0.575,0.05,Watchlist,Balanced,False
Agrícola_|_Tractor_Community_01,2021-10-01,18748787.64,40,1.0,0.55,0.075,Watchlist,Balanced,False
Agrícola_|_Tractor_Community_01,2021-11-01,13118682.5,40,1.0,0.575,0.05,Watchlist,Balanced,False
Agrícola_|_Tractor_Community_01,2022-01-01,14903056.32,40,1.0,0.55,0.075,Watchlist,Balanced,False
Agrícola_|_Tractor_Community_01,2022-02-01,12262674.24,40,1.0,0.575,0.05,Watchlist,Balanced,False
Agrícola_|_Tractor_Community_01,2022-03-01,13359724.1,40,1.0,0.575,0.05,Watchlist,Balanced,False
Agrícola_|_Tractor_Community_01,2022-04-01,15264314.15,40,1.0,0.575,0.05,Watchlist,Balanced,False
Agrícola_|_Tractor_Community_01,2022-05-01,21415270.89,40,1.0,0.575,0.05,Watchlist,Balanced,False
Agrícola_|_Tractor_Community_01,2022-06-01,18954424.11,40,1.0,0.55,0.075,Watchlist,Balanced,False
Agrícola_|_Tractor_Community_01,2022-07-01,24088116.96,40,1.0,0.575,0.05,Watchlist,Balanced,False
Agrícola_|_Tractor_Community_01,2022-08-01,18638465.06,40,1.0,0.55,0.075,Watchlist,Balanced,False
Agrícola_|_Tractor_Community_01,2022-09-01,17381410.95,40,1.0,0.575,0.05,Watchlist,Balanced,False
Agrícola_|_Tractor_Community_01,2022-10-01,19030245.35,40,1.0,0.575,0.05,Watchlist,Balanced,False
Agrícola_|_Tractor_Community_01,2022-11-01,12930663.94,40,1.0,0.575,0.05,Watchlist,Balanced,False
Agrícola_|_Tractor_Community_01,2022-12-01,12004590.6,40,1.0,0.6,0.025,Watchlist,Balanced,False
Agrícola_|_Tractor_Community_01,2023-01-01,14916095.92,40,1.0,0.55,0.075,Watchlist,Balanced,False
Agrícola_|_Tractor_Community_01,2023-02-01,12251823.87,40,1.0,0.55,0.075,Watchlist,Balanced,False
Agrícola_|_Tractor_Community_01,2023-03-01,12982391.77,40,1.0,0.55,0.075,Watchlist,Balanced,False
Agrícola_|_Tractor_Community_01,2023-05-01,16942919.76,40,1.0,0.575,0.05,Watchlist,Balanced,False
Agrícola_|_Tractor_Community_01,2023-06-01,18727496.24,40,1.0,0.55,0.075,Watchlist,Balanced,False
Agrícola_|_Tractor_Community_01,2023-07-01,24439219.96,40,1.0,0.55,0.075,Watchlist,Balanced,False
Agrícola_|_Tractor_Community_01,2023-08-01,19260203.04,40,1.0,0.575,0.05,Watchlist,Balanced,False
Agrícola_|_Tractor_Community_01,2023-09-01,16881418.61,40,1.0,0.6,0.025,Watchlist,Balanced,False
Agrícola_|_Tractor_Community_01,2023-10-01,18928959.53,40,1.0,0.575,0.05,Watchlist,Balanced,False
Agrícola_|_Tractor_Community_01,2023-11-01,13202330.28,40,1.0,0.575,0.05,Watchlist,Balanced,False
Agrícola_|_Tractor_Community_01,2023-12-01,15448880.69,40,1.0,0.6,0.025,Watchlist,Balanced,False
Agrícola_|_Tractor_Community_01,2024-01-01,11580727.77,40,1.0,0.525,0.1,Watchlist,Balanced,False
Agrícola_|_Tractor_Community_01,2024-02-01,11737413.89,40,1.0,0.525,0.1,Watchlist,Balanced,False
Agrícola_|_Tractor_Community_01,2024-03-01,16528978.4,40,1.0,0.575,0.05,Watchlist,Balanced,False
Agrícola_|_Tractor_Community_01,2024-04-01,14613385.81,40,1.0,0.575,0.05,Watchlist,Balanced,False
Agrícola_|_Tractor_Community_01,2024-05-01,16603914.98,40,1.0,0.575,0.05,Watchlist,Balanced,False
Agrícola_|_Tractor_Community_01,2024-06-01,23645253.31,40,1.0,0.575,0.05,Watchlist,Balanced,False
Agrícola_|_Tractor_Community_01,2024-07-01,19141441.61,40,1.0,0.575,0.05,Watchlist,Balanced,False
Agrícola_|_Tractor_Community_01,2024-08-01,18356581.54,40,1.0,0.575,0.05,Watchlist,Balanced,False
Agrícola_|_Tractor_Community_01,2024-09-01,21616262.01,40,1.0,0.6,0.025,Watchlist,Balanced,False
Agrícola_|_Tractor_Community_01,2024-10-01,15223471.91,40,1.0,0.575,0.05,Watchlist,Balanced,False
Agrícola_|_Tractor_Community_01,2024-11-01,12874818.96,40,1.0,0.575,0.05,Watchlist,Balanced,False
Agrícola_|_Tractor_Community_01,2024-12-01,15510044.3,40,1.0,0.575,0.05,Watchlist,Balanced,False
Agrícola_|_Tractor_Community_01,2025-01-01,11712645.03,40,1.0,0.575,0.05,Watchlist,Balanced,False
Agrícola_|_Tractor_Community_01,2025-02-01,11608408.96,40,1.0,0.575,0.05,Watchlist,Balanced,False
Agrícola_|_Tractor_Community_01,2025-03-01,15887540.38,40,1.0,0.575,0.05,Watchlist,Balanced,False
Agrícola_|_Tractor_Community_01,2025-04-01,14864670.34,40,1.0,0.575,0.05,Watchlist,Balanced,False
Agrícola_|_Tractor_Community_01,2025-05-01,16817258.55,40,1.0,0.55,0.075,Watchlist,Balanced,False
Agrícola_|_Tractor_Community_01,2025-06-01,23839629.78,40,1.0,0.575,0.05,Watchlist,Balanced,False
Agrícola_|_Tractor_Community_01,2025-07-01,20064948.1,40,1.0,0.575,0.05,Watchlist,Balanced,False
Agrícola_|_Tractor_Community_01,2025-08-01,23862117.69,40,1.0,0.55,0.075,Watchlist,Balanced,False
Agrícola_|_Tractor_Community_01,2025-09-01,17169423.65,40,1.0,0.575,0.05,Watchlist,Balanced,False
Agrícola_|_Tractor_Community_01,2025-10-01,14811769.05,40,1.0,0.525,0.1,Watchlist,Balanced,False
Agrícola_|_Tractor_Community_01,2025-11-01,16416012.8,40,1.0,0.575,0.05,Watchlist,Balanced,False
Agrícola_|_Tractor_Community_01,2025-12-01,12142048.12,40,1.0,0.6,0.025,Watchlist,Balanced,False
Agrícola_|_Tractor_Community_02,2020-03-01,15056048.36,40,1.0,0.6,0.05,Watchlist,Balanced,False
Agrícola_|_Tractor_Community_02,2020-04-01,13633282.75,40,1.0,0.575,0.05,Watchlist,Balanced,False
Agrícola_|_Tractor_Community_02,2020-05-01,19267503.75,40,1.0,0.6,0.05,Watchlist,Balanced,False
Agrícola_|_Tractor_Community_02,2020-06-01,16937109.06,40,1.0,0.575,0.075,Watchlist,Balanced,False
Agrícola_|_Tractor_Community_02,2020-07-01,17250283.62,40,1.0,0.6,0.05,Watchlist,Balanced,False
Agrícola_|_Tractor_Community_02,2020-08-01,21003076.75,40,1.0,0.6,0.05,Watchlist,Balanced,False
Agrícola_|_Tractor_Community_02,2020-09-01,16087065.87,40,1.0,0.6,0.05,Watchlist,Balanced,False
Agrícola_|_Tractor_Community_02,2020-10-01,13512986.89,40,1.0,0.6,0.025,Watchlist,Balanced,False
Agrícola_|_Tractor_Community_02,2020-11-01,14951247.620000001,40,1.0,0.625,0.025,Watchlist,Balanced,False
Agrícola_|_Tractor_Community_02,2020-12-01,11222040.87,40,1.0,0.6,0.05,Watchlist,Balanced,False
Agrícola_|_Tractor_Community_02,2021-01-01,13538978.65,40,1.0,0.6,0.025,Watchlist,Balanced,False
Agrícola_|_Tractor_Community_02,2021-02-01,11403580.34,40,1.0,0.6,0.025,Watchlist,Balanced,False
Agrícola_|_Tractor_Community_02,2021-03-01,12336124.77,40,1.0,0.6,0.05,Watchlist,Balanced,False
Agrícola_|_Tractor_Community_02,2021-04-01,13599628.22,40,1.0,0.625,0.025,Watchlist,Balanced,False
Agrícola_|_Tractor_Community_02,2021-05-01,19466339.01,40,1.0,0.6,0.05,Watchlist,Balanced,False
Agrícola_|_Tractor_Community_02,2021-06-01,17183783.64,40,1.0,0.625,0.025,Watchlist,Balanced,False
Agrícola_|_Tractor_Community_02,2021-07-01,17548261.11,40,1.0,0.625,0.025,Watchlist,Balanced,False
Agrícola_|_Tractor_Community_02,2021-08-01,21556366.91,40,1.0,0.625,0.0,Watchlist,Balanced,False
Agrícola_|_Tractor_Community_02,2021-09-01,15651062.51,40,1.0,0.625,0.0,Watchlist,Balanced,False
Agrícola_|_Tractor_Community_02,2021-10-01,17126603.76,40,1.0,0.625,0.0,Watchlist,Balanced,False
Agrícola_|_Tractor_Community_02,2021-11-01,12410769.05,40,1.0,0.625,0.025,Watchlist,Balanced,False
Agrícola_|_Tractor_Community_02,2021-12-01,10896721.2,40,1.0,0.625,0.0,Watchlist,Balanced,False
Agrícola_|_Tractor_Community_02,2022-01-01,13402043.15,40,1.0,0.625,0.025,Watchlist,Balanced,False
Agrícola_|_Tractor_Community_02,2022-02-01,11243316.7,40,1.0,0.6,0.05,Watchlist,Balanced,False
Agrícola_|_Tractor_Community_02,2022-03-01,12155864.12,40,1.0,0.6,0.05,Watchlist,Balanced,False
Agrícola_|_Tractor_Community_02,2022-04-01,13468958.73,40,1.0,0.575,0.075,Watchlist,Balanced,False
Agrícola_|_Tractor_Community_02,2022-05-01,19825702.55,40,1.0,0.6,0.05,Watchlist,Balanced,False
Agrícola_|_Tractor_Community_02,2022-06-01,17522164.4,40,1.0,0.625,0.0,Watchlist,Balanced,False
Agrícola_|_Tractor_Community_02,2022-07-01,22016210.5,40,1.0,0.625,0.025,Watchlist,Balanced,False
Agrícola_|_Tractor_Community_02,2022-08-01,16809669.69,40,1.0,0.625,0.025,Watchlist,Balanced,False
Agrícola_|_Tractor_Community_02,2022-09-01,15535483.75,40,1.0,0.625,0.025,Watchlist,Balanced,False
Agrícola_|_Tractor_Community_02,2022-10-01,16966729.28,40,1.0,0.625,0.025,Watchlist,Balanced,False
Agrícola_|_Tractor_Community_02,2022-11-01,12535235.14,40,1.0,0.625,0.0,Watchlist,Balanced,False
Agrícola_|_Tractor_Community_02,2022-12-01,11281483.35,40,1.0,0.625,0.025,Watchlist,Balanced,False
Agrícola_|_Tractor_Community_02,2023-01-01,13223920.18,40,1.0,0.575,0.05,Watchlist,Balanced,False
Agrícola_|_Tractor_Community_02,2023-02-01,11335186.32,40,1.0,0.6,0.05,Watchlist,Balanced,False
Agrícola_|_Tractor_Community_02,2023-03-01,12309507.51,40,1.0,0.6,0.05,Watchlist,Balanced,False
Agrícola_|_Tractor_Community_02,2023-04-01,17055949.11,40,1.0,0.575,0.075,Watchlist,Balanced,False
Agrícola_|_Tractor_Community_02,2023-06-01,16908095.7,40,1.0,0.575,0.075,Watchlist,Balanced,False
Agrícola_|_Tractor_Community_02,2023-07-01,21835023.28,40,1.0,0.625,0.0,Watchlist,Balanced,False
Agrícola_|_Tractor_Community_02,2023-08-01,17008376.94,40,1.0,0.6,0.05,Watchlist,Balanced,False
Agrícola_|_Tractor_Community_02,2023-09-01,15365809.62,40,1.0,0.625,0.0,Watchlist,Balanced,False
Agrícola_|_Tractor_Community_02,2023-10-01,17291466.61,40,1.0,0.625,0.025,Watchlist,Balanced,False
Agrícola_|_Tractor_Community_02,2023-12-01,13763814.93,40,1.0,0.6,0.05,Watchlist,Balanced,False
Agrícola_|_Tractor_Community_02,2024-01-01,10791786.86,40,1.0,0.625,0.025,Watchlist,Balanced,False
Agrícola_|_Tractor_Community_02,2024-02-01,11270617.61,40,1.0,0.625,0.0,Watchlist,Balanced,False
Agrícola_|_Tractor_Community_02,2024-03-01,15020341.97,40,1.0,0.6,0.025,Watchlist,Balanced,False
Agrícola_|_Tractor_Community_02,2024-04-01,13662015.86,40,1.0,0.6,0.05,Watchlist,Balanced,False
Agrícola_|_Tractor_Community_02,2024-05-01,15814459.48,40,1.0,0.6,0.05,Watchlist,Balanced,False
Agrícola_|_Tractor_Community_02,2024-06-01,21176932.04,40,1.0,0.575,0.075,Watchlist,Balanced,False
Agrícola_|_Tractor_Community_02,2024-07-01,17585666.98,40,1.0,0.6,0.05,Watchlist,Balanced,False
Agrícola_|_Tractor_Community_02,2024-08-01,16717355.79,40,1.0,0.625,0.025,Watchlist,Balanced,False
Agrícola_|_Tractor_Community_02,2024-09-01,19701670.94,40,1.0,0.625,0.025,Watchlist,Balanced,False
Agrícola_|_Tractor_Community_02,2024-10-01,13906394.38,40,1.0,0.625,0.025,Watchlist,Balanced,False
Agrícola_|_Tractor_Community_02,2024-11-01,11782083.26,40,1.0,0.625,0.025,Watchlist,Balanced,False
Agrícola_|_Tractor_Community_02,2024-12-01,13679979.620000001,40,1.0,0.625,0.025,Watchlist,Balanced,False
Agrícola_|_Tractor_Community_02,2025-01-01,10755448.72,40,1.0,0.65,0.0,Watchlist,Balanced,False
Agrícola_|_Tractor_Community_02,2025-02-01,11176649.28,40,1.0,0.625,0.025,Watchlist,Balanced,False
Agrícola_|_Tractor_Community_02,2025-03-01,14980693.5,40,1.0,0.625,0.025,Watchlist,Balanced,False
Agrícola_|_Tractor_Community_02,2025-04-01,13738607.21,40,1.0,0.625,0.0,Watchlist,Balanced,False
Agrícola_|_Tractor_Community_02,2025-05-01,15386993.6,40,1.0,0.6,0.05,Watchlist,Balanced,False
Agrícola_|_Tractor_Community_02,2025-06-01,21153933.29,40,1.0,0.625,0.025,Watchlist,Balanced,False
Agrícola_|_Tractor_Community_02,2025-07-01,17654871.84,40,1.0,0.6,0.05,Watchlist,Balanced,False
Agrícola_|_Tractor_Community_02,2025-08-01,20873407.17,40,1.0,0.625,0.025,Watchlist,Balanced,False
Agrícola_|_Tractor_Community_02,2025-09-01,15799886.05,40,1.0,0.6,0.025,Watchlist,Balanced,False
Agrícola_|_Tractor_Community_02,2025-10-01,13769452.59,40,1.0,0.625,0.025,Watchlist,Balanced,False
Agrícola_|_Tractor_Community_02,2025-11-01,15043112.870000001,40,1.0,0.6,0.025,Watchlist,Balanced,False
Agrícola_|_Tractor_Community_02,2025-12-01,11088393.17,40,1.0,0.6,0.05,Watchlist,Balanced,False
Camión_|_Long_Haul_Community_01,2020-03-01,17219721.21,39,1.0,0.6153846153846154,0.02564102564102564,Watchlist,Balanced,False
Camión_|_Long_Haul_Community_01,2020-04-01,14236934.83,39,1.0,0.6410256410256411,0.0,Watchlist,Balanced,False
Camión_|_Long_Haul_Community_01,2020-05-01,18147976.91,39,1.0,0.6153846153846154,0.02564102564102564,Watchlist,Balanced,False
Camión_|_Long_Haul_Community_01,2020-06-01,15059174.41,39,1.0,0.6410256410256411,0.0,Watchlist,Balanced,False
Camión_|_Long_Haul_Community_01,2020-07-01,14564566.72,39,1.0,0.6410256410256411,0.0,Watchlist,Balanced,False
Camión_|_Long_Haul_Community_01,2020-08-01,18283842.02,39,1.0,0.6153846153846154,0.02564102564102564,Watchlist,Balanced,False
Camión_|_Long_Haul_Community_01,2020-09-01,13623394.12,39,1.0,0.6153846153846154,0.02564102564102564,Watchlist,Balanced,False
Camión_|_Long_Haul_Community_01,2020-10-01,13190257.95,39,1.0,0.5897435897435898,0.05128205128205128,Watchlist,Balanced,False
Camión_|_Long_Haul_Community_01,2020-11-01,15880294.91,39,1.0,0.5897435897435898,0.05128205128205128,Watchlist,Balanced,False
Camión_|_Long_Haul_Community_01,2020-12-01,12902698.379999999,39,1.0,0.6153846153846154,0.02564102564102564,Watchlist,Balanced,False
Camión_|_Long_Haul_Community_01,2021-01-01,16132277.42,39,1.0,0.6153846153846154,0.02564102564102564,Watchlist,Balanced,False
Camión_|_Long_Haul_Community_01,2021-02-01,13314042.46,39,1.0,0.6153846153846154,0.02564102564102564,Watchlist,Balanced,False
Camión_|_Long_Haul_Community_01,2021-03-01,13712233.7,39,1.0,0.6153846153846154,0.02564102564102564,Watchlist,Balanced,False
Camión_|_Long_Haul_Community_01,2021-04-01,14576393.99,39,1.0,0.6153846153846154,0.02564102564102564,Watchlist,Balanced,False
Camión_|_Long_Haul_Community_01,2021-05-01,18388136.34,39,1.0,0.5897435897435898,0.02564102564102564,Watchlist,Balanced,False
Camión_|_Long_Haul_Community_01,2021-06-01,14387362.5,39,1.0,0.5897435897435898,0.05128205128205128,Watchlist,Balanced,False
Camión_|_Long_Haul_Community_01,2021-07-01,14983757.870000001,39,1.0,0.6153846153846154,0.02564102564102564,Watchlist,Balanced,False
Camión_|_Long_Haul_Community_01,2021-08-01,18407604.3,39,1.0,0.6153846153846154,0.02564102564102564,Watchlist,Balanced,False
Camión_|_Long_Haul_Community_01,2021-09-01,13743808.97,39,1.0,0.6410256410256411,0.0,Watchlist,Balanced,False
Camión_|_Long_Haul_Community_01,2021-10-01,16525736.16,39,1.0,0.6153846153846154,0.02564102564102564,Watchlist,Balanced,False
Camión_|_Long_Haul_Community_01,2021-11-01,12908549.38,39,1.0,0.6153846153846154,0.02564102564102564,Watchlist,Balanced,False
Camión_|_Long_Haul_Community_01,2021-12-01,12682464.02,39,1.0,0.5897435897435898,0.05128205128205128,Watchlist,Balanced,False
Camión_|_Long_Haul_Community_01,2022-01-01,15988776.08,39,1.0,0.6153846153846154,0.02564102564102564,Watchlist,Balanced,False
Camión_|_Long_Haul_Community_01,2022-02-01,13725658.23,39,1.0,0.6153846153846154,0.02564102564102564,Watchlist,Balanced,False
Camión_|_Long_Haul_Community_01,2022-03-01,13357901.28,39,1.0,0.6153846153846154,0.02564102564102564,Watchlist,Balanced,False
Camión_|_Long_Haul_Community_01,2022-04-01,14665371.46,39,1.0,0.5897435897435898,0.02564102564102564,Watchlist,Balanced,False
Camión_|_Long_Haul_Community_01,2022-05-01,18786774.17,39,1.0,0.5641025641025641,0.07692307692307693,Watchlist,Balanced,False
Camión_|_Long_Haul_Community_01,2022-06-01,14848127.34,39,1.0,0.5897435897435898,0.05128205128205128,Watchlist,Balanced,False
Camión_|_Long_Haul_Community_01,2022-07-01,18815995.51,39,1.0,0.6153846153846154,0.02564102564102564,Watchlist,Balanced,False
Camión_|_Long_Haul_Community_01,2022-08-01,14405730.66,39,1.0,0.5897435897435898,0.05128205128205128,Watchlist,Balanced,False
Camión_|_Long_Haul_Community_01,2022-09-01,13893321.67,39,1.0,0.5897435897435898,0.05128205128205128,Watchlist,Balanced,False
Camión_|_Long_Haul_Community_01,2022-10-01,16873540.84,39,1.0,0.5897435897435898,0.05128205128205128,Watchlist,Balanced,False
Camión_|_Long_Haul_Community_01,2022-11-01,12362140.73,39,1.0,0.5897435897435898,0.05128205128205128,Watchlist,Balanced,False
Camión_|_Long_Haul_Community_01,2022-12-01,12880334.040000001,39,1.0,0.5897435897435898,0.05128205128205128,Watchlist,Balanced,False
Camión_|_Long_Haul_Community_01,2023-01-01,16256698.6,39,1.0,0.5897435897435898,0.05128205128205128,Watchlist,Balanced,False
Camión_|_Long_Haul_Community_01,2023-02-01,13022161.94,39,1.0,0.6410256410256411,0.0,Watchlist,Balanced,False
Camión_|_Long_Haul_Community_01,2023-03-01,13667629.23,39,1.0,0.6153846153846154,0.02564102564102564,Watchlist,Balanced,False
Camión_|_Long_Haul_Community_01,2023-04-01,18400467.05,39,1.0,0.6153846153846154,0.0,Watchlist,Balanced,False
Camión_|_Long_Haul_Community_01,2023-05-01,14975452.25,39,1.0,0.5641025641025641,0.07692307692307693,Watchlist,Balanced,False
Camión_|_Long_Haul_Community_01,2023-06-01,14938135.01,39,1.0,0.5641025641025641,0.05128205128205128,Watchlist,Balanced,False
Camión_|_Long_Haul_Community_01,2023-07-01,18828116.84,39,1.0,0.5641025641025641,0.07692307692307693,Watchlist,Balanced,False
Camión_|_Long_Haul_Community_01,2023-08-01,14340793.89,39,1.0,0.6153846153846154,0.02564102564102564,Watchlist,Balanced,False
Camión_|_Long_Haul_Community_01,2023-09-01,13435931.22,39,1.0,0.5897435897435898,0.05128205128205128,Watchlist,Balanced,False
Camión_|_Long_Haul_Community_01,2023-10-01,16555853.76,39,1.0,0.6153846153846154,0.02564102564102564,Watchlist,Balanced,False
Camión_|_Long_Haul_Community_01,2023-11-01,13117265.08,39,1.0,0.5897435897435898,0.05128205128205128,Watchlist,Balanced,False
Camión_|_Long_Haul_Community_01,2023-12-01,15830074.57,39,1.0,0.5897435897435898,0.05128205128205128,Watchlist,Balanced,False
Camión_|_Long_Haul_Community_01,2024-01-01,12775500.16,39,1.0,0.5897435897435898,0.02564102564102564,Watchlist,Balanced,False
Camión_|_Long_Haul_Community_01,2024-02-01,13122395.31,39,1.0,0.5897435897435898,0.05128205128205128,Watchlist,Balanced,False
Camión_|_Long_Haul_Community_01,2024-03-01,17437242.14,39,1.0,0.6153846153846154,0.02564102564102564,Watchlist,Balanced,False
Camión_|_Long_Haul_Community_01,2024-04-01,14264987.08,39,1.0,0.5897435897435898,0.05128205128205128,Watchlist,Balanced,False
Camión_|_Long_Haul_Community_01,2024-05-01,15324238.94,39,1.0,0.6153846153846154,0.0,Watchlist,Balanced,False
Camión_|_Long_Haul_Community_01,2024-06-01,18420760.99,39,1.0,0.6153846153846154,0.02564102564102564,Watchlist,Balanced,False
Camión_|_Long_Haul_Community_01,2024-07-01,14939977.51,39,1.0,0.5897435897435898,0.02564102564102564,Watchlist,Balanced,False
Camión_|_Long_Haul_Community_01,2024-08-01,14662236.47,39,1.0,0.5897435897435898,0.05128205128205128,Watchlist,Balanced,False
Camión_|_Long_Haul_Community_01,2024-09-01,17345181.7,39,1.0,0.6153846153846154,0.02564102564102564,Watchlist,Balanced,False
Camión_|_Long_Haul_Community_01,2024-10-01,13129308.94,39,1.0,0.6410256410256411,0.0,Watchlist,Balanced,False
Camión_|_Long_Haul_Community_01,2024-11-01,12954910.08,39,1.0,0.6410256410256411,0.0,Watchlist,Balanced,False
Camión_|_Long_Haul_Community_01,2024-12-01,16320647.17,39,1.0,0.6153846153846154,0.02564102564102564,Watchlist,Balanced,False
Camión_|_Long_Haul_Community_01,2025-01-01,12813241.78,39,1.0,0.6153846153846154,0.02564102564102564,Watchlist,Balanced,False
Camión_|_Long_Haul_Community_01,2025-02-01,13036149.94,39,1.0,0.6153846153846154,0.0,Watchlist,Balanced,False
Camión_|_Long_Haul_Community_01,2025-03-01,16877998.75,39,1.0,0.6153846153846154,0.02564102564102564,Watchlist,Balanced,False
Camión_|_Long_Haul_Community_01,2025-04-01,13999159.09,39,1.0,0.6153846153846154,0.02564102564102564,Watchlist,Balanced,False
Camión_|_Long_Haul_Community_01,2025-05-01,14856885.59,39,1.0,0.6153846153846154,0.02564102564102564,Watchlist,Balanced,False
Camión_|_Long_Haul_Community_01,2025-06-01,19045128.22,39,1.0,0.6153846153846154,0.02564102564102564,Watchlist,Balanced,False
Camión_|_Long_Haul_Community_01,2025-07-01,14305619.6,39,1.0,0.6153846153846154,0.02564102564102564,Watchlist,Balanced,False
Camión_|_Long_Haul_Community_01,2025-08-01,17788851.45,39,1.0,0.5897435897435898,0.05128205128205128,Watchlist,Balanced,False
Camión_|_Long_Haul_Community_01,2025-09-01,13836600.26,39,1.0,0.6153846153846154,0.02564102564102564,Watchlist,Balanced,False
Camión_|_Long_Haul_Community_01,2025-10-01,13308446.19,39,1.0,0.6153846153846154,0.02564102564102564,Watchlist,Balanced,False
Camión_|_Long_Haul_Community_01,2025-11-01,16125224.56,39,1.0,0.6153846153846154,0.02564102564102564,Watchlist,Balanced,False
Camión_|_Long_Haul_Community_01,2025-12-01,12793236.4,39,1.0,0.5897435897435898,0.02564102564102564,Watchlist,Balanced,False
Camión_|_Long_Haul_Community_04,2020-03-01,13346187.23,31,1.0,0.6129032258064516,0.03225806451612903,Watchlist,Balanced,False
Camión_|_Long_Haul_Community_04,2020-04-01,10957251.4,31,1.0,0.6129032258064516,0.03225806451612903,Watchlist,Balanced,False
Camión_|_Long_Haul_Community_04,2020-05-01,13903223.93,31,1.0,0.6129032258064516,0.03225806451612903,Watchlist,Balanced,False
Camión_|_Long_Haul_Community_04,2020-06-01,11572137.71,31,1.0,0.5806451612903226,0.06451612903225806,Watchlist,Balanced,False
Camión_|_Long_Haul_Community_04,2020-08-01,13769406.06,31,1.0,0.5806451612903226,0.06451612903225806,Watchlist,Balanced,False
Camión_|_Long_Haul_Community_04,2020-09-01,10780562.41,31,1.0,0.6129032258064516,0.03225806451612903,Watchlist,Balanced,False
Camión_|_Long_Haul_Community_04,2020-10-01,10249277.5,31,1.0,0.5806451612903226,0.06451612903225806,Watchlist,Balanced,False
Camión_|_Long_Haul_Community_04,2020-11-01,12426911.16,31,1.0,0.5806451612903226,0.06451612903225806,Watchlist,Balanced,False
Camión_|_Long_Haul_Community_04,2020-12-01,9966993.13,31,1.0,0.6129032258064516,0.03225806451612903,Watchlist,Balanced,False
Camión_|_Long_Haul_Community_04,2021-01-01,12437619.03,31,1.0,0.6129032258064516,0.03225806451612903,Watchlist,Balanced,False
Camión_|_Long_Haul_Community_04,2021-02-01,10604081.6,31,1.0,0.5483870967741935,0.0967741935483871,Watchlist,Balanced,False
Camión_|_Long_Haul_Community_04,2021-03-01,10717696.5,31,1.0,0.5483870967741935,0.0967741935483871,Watchlist,Balanced,False
Camión_|_Long_Haul_Community_04,2021-04-01,11304735.51,31,1.0,0.5806451612903226,0.06451612903225806,Watchlist,Balanced,False
Camión_|_Long_Haul_Community_04,2021-05-01,14554920.91,31,1.0,0.5806451612903226,0.06451612903225806,Watchlist,Balanced,False
Camión_|_Long_Haul_Community_04,2021-06-01,11942307.09,31,1.0,0.6129032258064516,0.03225806451612903,Watchlist,Balanced,False
Camión_|_Long_Haul_Community_04,2021-07-01,11566410.28,31,1.0,0.5806451612903226,0.0967741935483871,Watchlist,Balanced,False
Camión_|_Long_Haul_Community_04,2021-08-01,14111466.31,31,1.0,0.6129032258064516,0.03225806451612903,Watchlist,Balanced,False
Camión_|_Long_Haul_Community_04,2021-09-01,10934840.7,31,1.0,0.6129032258064516,0.03225806451612903,Watchlist,Balanced,False
Camión_|_Long_Haul_Community_04,2021-10-01,12948808.5,31,1.0,0.6451612903225806,0.0,Watchlist,Balanced,False
Camión_|_Long_Haul_Community_04,2021-11-01,9915060.89,31,1.0,0.5806451612903226,0.06451612903225806,Watchlist,Balanced,False
Camión_|_Long_Haul_Community_04,2021-12-01,10079747.38,31,1.0,0.5806451612903226,0.06451612903225806,Watchlist,Balanced,False
Camión_|_Long_Haul_Community_04,2022-01-01,12831282.959999999,31,1.0,0.6129032258064516,0.03225806451612903,Watchlist,Balanced,False
Camión_|_Long_Haul_Community_04,2022-02-01,10199154.17,31,1.0,0.5806451612903226,0.06451612903225806,Watchlist,Balanced,False
Camión_|_Long_Haul_Community_04,2022-03-01,10802099.17,31,1.0,0.5806451612903226,0.06451612903225806,Watchlist,Balanced,False
Camión_|_Long_Haul_Community_04,2022-04-01,11204743.26,31,1.0,0.6129032258064516,0.03225806451612903,Watchlist,Balanced,False
Camión_|_Long_Haul_Community_04,2022-05-01,14014397.35,31,1.0,0.6129032258064516,0.03225806451612903,Watchlist,Balanced,False
Camión_|_Long_Haul_Community_04,2022-06-01,11886763.28,31,1.0,0.6129032258064516,0.03225806451612903,Watchlist,Balanced,False
Camión_|_Long_Haul_Community_04,2022-07-01,14503450.82,31,1.0,0.6451612903225806,0.0,Watchlist,Balanced,False
Camión_|_Long_Haul_Community_04,2022-09-01,11003600.040000001,31,1.0,0.6129032258064516,0.03225806451612903,Watchlist,Balanced,False
Camión_|_Long_Haul_Community_04,2022-10-01,12883860.88,31,1.0,0.6129032258064516,0.03225806451612903,Watchlist,Balanced,False
Camión_|_Long_Haul_Community_04,2022-11-01,9905768.459999999,31,1.0,0.5806451612903226,0.06451612903225806,Watchlist,Balanced,False
Camión_|_Long_Haul_Community_04,2022-12-01,10014907.23,31,1.0,0.5806451612903226,0.06451612903225806,Watchlist,Balanced,False
Camión_|_Long_Haul_Community_04,2023-01-01,12294091.23,31,1.0,0.6129032258064516,0.03225806451612903,Watchlist,Balanced,False
Camión_|_Long_Haul_Community_04,2023-02-01,10352630.92,31,1.0,0.6129032258064516,0.03225806451612903,Watchlist,Balanced,False
Camión_|_Long_Haul_Community_04,2023-03-01,10639760.84,31,1.0,0.6129032258064516,0.03225806451612903,Watchlist,Balanced,False
Camión_|_Long_Haul_Community_04,2023-04-01,14038198.2,31,1.0,0.6129032258064516,0.03225806451612903,Watchlist,Balanced,False
Camión_|_Long_Haul_Community_04,2023-05-01,11525643.47,31,1.0,0.6129032258064516,0.03225806451612903,Watchlist,Balanced,False
Camión_|_Long_Haul_Community_04,2023-06-01,11978579.09,31,1.0,0.6129032258064516,0.03225806451612903,Watchlist,Balanced,False
Camión_|_Long_Haul_Community_04,2023-07-01,14161222.73,31,1.0,0.6129032258064516,0.03225806451612903,Watchlist,Balanced,False
Camión_|_Long_Haul_Community_04,2023-08-01,11267214.4,31,1.0,0.6129032258064516,0.03225806451612903,Watchlist,Balanced,False
Camión_|_Long_Haul_Community_04,2023-09-01,10666016.1,31,1.0,0.6129032258064516,0.03225806451612903,Watchlist,Balanced,False
Camión_|_Long_Haul_Community_04,2023-10-01,12765230.31,31,1.0,0.6129032258064516,0.03225806451612903,Watchlist,Balanced,False
Camión_|_Long_Haul_Community_04,2023-11-01,10017133.1,31,1.0,0.6129032258064516,0.03225806451612903,Watchlist,Balanced,False
Camión_|_Long_Haul_Community_04,2023-12-01,12621840.5,31,1.0,0.5806451612903226,0.06451612903225806,Watchlist,Balanced,False
Camión_|_Long_Haul_Community_04,2024-01-01,9994853.91,31,1.0,0.6129032258064516,0.03225806451612903,Watchlist,Balanced,False
Camión_|_Long_Haul_Community_04,2024-02-01,10106775.06,31,1.0,0.6451612903225806,0.0,Watchlist,Balanced,False
Camión_|_Long_Haul_Community_04,2024-03-01,13566837.75,31,1.0,0.6129032258064516,0.03225806451612903,Watchlist,Balanced,False
Camión_|_Long_Haul_Community_04,2024-04-01,11274119.2,31,1.0,0.5806451612903226,0.06451612903225806,Watchlist,Balanced,False
Camión_|_Long_Haul_Community_04,2024-05-01,11822070.85,31,1.0,0.6129032258064516,0.03225806451612903,Watchlist,Balanced,False
Camión_|_Long_Haul_Community_04,2024-06-01,14284699.19,31,1.0,0.6129032258064516,0.03225806451612903,Watchlist,Balanced,False
Camión_|_Long_Haul_Community_04,2024-07-01,11301256.33,31,1.0,0.5806451612903226,0.06451612903225806,Watchlist,Balanced,False
Camión_|_Long_Haul_Community_04,2024-08-01,11099205.87,31,1.0,0.6451612903225806,0.0,Watchlist,Balanced,False
Camión_|_Long_Haul_Community_04,2024-09-01,13142877.86,31,1.0,0.5806451612903226,0.06451612903225806,Watchlist,Balanced,False
Camión_|_Long_Haul_Community_04,2024-10-01,10540475.3,31,1.0,0.6129032258064516,0.03225806451612903,Watchlist,Balanced,False
Camión_|_Long_Haul_Community_04,2024-11-01,10203462.74,31,1.0,0.6129032258064516,0.03225806451612903,Watchlist,Balanced,False
Camión_|_Long_Haul_Community_04,2024-12-01,12533411.47,31,1.0,0.6129032258064516,0.03225806451612903,Watchlist,Balanced,False
Camión_|_Long_Haul_Community_04,2025-01-01,10202668.64,31,1.0,0.5806451612903226,0.06451612903225806,Watchlist,Balanced,False
Camión_|_Long_Haul_Community_04,2025-02-01,10235990.87,31,1.0,0.5806451612903226,0.06451612903225806,Watchlist,Balanced,False
Camión_|_Long_Haul_Community_04,2025-03-01,13038373.97,31,1.0,0.6129032258064516,0.06451612903225806,Watchlist,Balanced,False
Camión_|_Long_Haul_Community_04,2025-04-01,11211876.46,31,1.0,0.6129032258064516,0.03225806451612903,Watchlist,Balanced,False
Camión_|_Long_Haul_Community_04,2025-05-01,11271554.98,31,1.0,0.5806451612903226,0.06451612903225806,Watchlist,Balanced,False
Camión_|_Long_Haul_Community_04,2025-06-01,14331135.75,31,1.0,0.5806451612903226,0.06451612903225806,Watchlist,Balanced,False
Camión_|_Long_Haul_Community_04,2025-07-01,11462435.9,31,1.0,0.6129032258064516,0.03225806451612903,Watchlist,Balanced,False
Camión_|_Long_Haul_Community_04,2025-08-01,13837867.25,31,1.0,0.6129032258064516,0.03225806451612903,Watchlist,Balanced,False
Camión_|_Long_Haul_Community_04,2025-10-01,10448839.85,31,1.0,0.6451612903225806,0.0,Watchlist,Balanced,False
Camión_|_Long_Haul_Community_04,2025-11-01,12225250.31,31,1.0,0.6451612903225806,0.0,Watchlist,Balanced,False
Camión_|_Long_Haul_Community_04,2025-12-01,10071787.97,31,1.0,0.6451612903225806,0.0,Watchlist,Balanced,False
Camión_|_Obras_/_Mixto_Community_01,2020-03-01,7527480.97,19,1.0,0.5789473684210527,0.0,Watchlist,Balanced,False
Camión_|_Obras_/_Mixto_Community_01,2020-04-01,6160998.8,19,1.0,0.5263157894736842,0.05263157894736842,Watchlist,Balanced,False
Camión_|_Obras_/_Mixto_Community_01,2020-05-01,8251415.44,19,1.0,0.5263157894736842,0.05263157894736842,Watchlist,Balanced,False
Camión_|_Obras_/_Mixto_Community_01,2020-08-01,8302591.0,19,1.0,0.5789473684210527,0.0,Watchlist,Balanced,False
Camión_|_Obras_/_Mixto_Community_01,2020-09-01,6001646.2700000005,19,1.0,0.5263157894736842,0.05263157894736842,Watchlist,Balanced,False
Camión_|_Obras_/_Mixto_Community_01,2020-10-01,5662573.94,19,1.0,0.5263157894736842,0.05263157894736842,Watchlist,Balanced,False
Camión_|_Obras_/_Mixto_Community_01,2020-11-01,7280830.260000001,19,1.0,0.5263157894736842,0.05263157894736842,Watchlist,Balanced,False
Camión_|_Obras_/_Mixto_Community_01,2020-12-01,5609096.72,19,1.0,0.5263157894736842,0.05263157894736842,Watchlist,Balanced,False
Camión_|_Obras_/_Mixto_Community_01,2021-01-01,6923308.04,19,1.0,0.5263157894736842,0.05263157894736842,Watchlist,Balanced,False
Camión_|_Obras_/_Mixto_Community_01,2021-02-01,5590930.85,19,1.0,0.5263157894736842,0.05263157894736842,Watchlist,Balanced,False
Camión_|_Obras_/_Mixto_Community_01,2021-03-01,6282661.390000001,19,1.0,0.5263157894736842,0.05263157894736842,Watchlist,Balanced,False
Camión_|_Obras_/_Mixto_Community_01,2021-04-01,6452556.37,19,1.0,0.5789473684210527,0.0,Watchlist,Balanced,False
Camión_|_Obras_/_Mixto_Community_01,2021-05-01,7947938.97,19,1.0,0.5263157894736842,0.05263157894736842,Watchlist,Balanced,False
Camión_|_Obras_/_Mixto_Community_01,2021-06-01,6496013.83,19,1.0,0.5789473684210527,0.0,Watchlist,Balanced,False
Camión_|_Obras_/_Mixto_Community_01,2021-07-01,6549310.27,19,1.0,0.5789473684210527,0.0,Watchlist,Balanced,False
Camión_|_Obras_/_Mixto_Community_01,2021-08-01,7939391.29,19,1.0,0.5789473684210527,0.0,Watchlist,Balanced,False
Camión_|_Obras_/_Mixto_Community_01,2021-09-01,5962852.45,19,1.0,0.5263157894736842,0.05263157894736842,Watchlist,Balanced,False
Camión_|_Obras_/_Mixto_Community_01,2021-10-01,7220439.6,19,1.0,0.5263157894736842,0.05263157894736842,Watchlist,Balanced,False
Camión_|_Obras_/_Mixto_Community_01,2021-11-01,5788489.99,19,1.0,0.5263157894736842,0.05263157894736842,Watchlist,Balanced,False
Camión_|_Obras_/_Mixto_Community_01,2021-12-01,5373608.27,19,1.0,0.5789473684210527,0.0,Watchlist,Balanced,False
Camión_|_Obras_/_Mixto_Community_01,2022-01-01,7301103.19,19,1.0,0.5263157894736842,0.05263157894736842,Watchlist,Balanced,False
Camión_|_Obras_/_Mixto_Community_01,2022-02-01,5591919.06,19,1.0,0.5789473684210527,0.0,Watchlist,Balanced,False
Camión_|_Obras_/_Mixto_Community_01,2022-03-01,6026796.45,19,1.0,0.5789473684210527,0.0,Watchlist,Balanced,False
Camión_|_Obras_/_Mixto_Community_01,2022-04-01,6068642.38,19,1.0,0.5263157894736842,0.05263157894736842,Watchlist,Balanced,False
Camión_|_Obras_/_Mixto_Community_01,2022-05-01,8126725.99,19,1.0,0.5263157894736842,0.05263157894736842,Watchlist,Balanced,False
Camión_|_Obras_/_Mixto_Community_01,2022-06-01,6464616.65,19,1.0,0.5789473684210527,0.0,Watchlist,Balanced,False
Camión_|_Obras_/_Mixto_Community_01,2022-07-01,8668996.94,19,1.0,0.5789473684210527,0.0,Watchlist,Balanced,False
Camión_|_Obras_/_Mixto_Community_01,2022-08-01,6315400.99,19,1.0,0.5789473684210527,0.0,Watchlist,Balanced,False
Camión_|_Obras_/_Mixto_Community_01,2022-09-01,5799100.7,19,1.0,0.5789473684210527,0.05263157894736842,Watchlist,Balanced,False
Camión_|_Obras_/_Mixto_Community_01,2022-10-01,7489267.58,19,1.0,0.5789473684210527,0.0,Watchlist,Balanced,False
Camión_|_Obras_/_Mixto_Community_01,2022-11-01,5400767.91,19,1.0,0.5789473684210527,0.0,Watchlist,Balanced,False
Camión_|_Obras_/_Mixto_Community_01,2022-12-01,5399737.07,19,1.0,0.5263157894736842,0.05263157894736842,Watchlist,Balanced,False
Camión_|_Obras_/_Mixto_Community_01,2023-01-01,6866660.84,19,1.0,0.5263157894736842,0.05263157894736842,Watchlist,Balanced,False
Camión_|_Obras_/_Mixto_Community_01,2023-02-01,5955028.32,19,1.0,0.5263157894736842,0.05263157894736842,Watchlist,Balanced,False
Camión_|_Obras_/_Mixto_Community_01,2023-03-01,6354235.12,19,1.0,0.5263157894736842,0.05263157894736842,Watchlist,Balanced,False
Camión_|_Obras_/_Mixto_Community_01,2023-04-01,8063955.09,19,1.0,0.5263157894736842,0.05263157894736842,Watchlist,Balanced,False
Camión_|_Obras_/_Mixto_Community_01,2023-05-01,6622256.8,19,1.0,0.5263157894736842,0.05263157894736842,Watchlist,Balanced,False
Camión_|_Obras_/_Mixto_Community_01,2023-06-01,6614113.9,19,1.0,0.5789473684210527,0.0,Watchlist,Balanced,False
Camión_|_Obras_/_Mixto_Community_01,2023-07-01,7930506.58,19,1.0,0.5789473684210527,0.0,Watchlist,Balanced,False
Camión_|_Obras_/_Mixto_Community_01,2023-08-01,6534416.26,19,1.0,0.5263157894736842,0.05263157894736842,Watchlist,Balanced,False
Camión_|_Obras_/_Mixto_Community_01,2023-09-01,6319889.74,19,1.0,0.5263157894736842,0.05263157894736842,Watchlist,Balanced,False
Camión_|_Obras_/_Mixto_Community_01,2023-10-01,7365646.529999999,19,1.0,0.5789473684210527,0.0,Watchlist,Balanced,False
Camión_|_Obras_/_Mixto_Community_01,2023-11-01,5546741.18,19,1.0,0.5789473684210527,0.0,Watchlist,Balanced,False
Camión_|_Obras_/_Mixto_Community_01,2023-12-01,6788508.9,19,1.0,0.5789473684210527,0.0,Watchlist,Balanced,False
Camión_|_Obras_/_Mixto_Community_01,2024-01-01,5472881.45,19,1.0,0.5789473684210527,0.0,Watchlist,Balanced,False
Camión_|_Obras_/_Mixto_Community_01,2024-02-01,5521656.85,19,1.0,0.5789473684210527,0.0,Watchlist,Balanced,False
Camión_|_Obras_/_Mixto_Community_01,2024-03-01,7560813.01,19,1.0,0.5789473684210527,0.0,Watchlist,Balanced,False
Camión_|_Obras_/_Mixto_Community_01,2024-04-01,6625557.41,19,1.0,0.5263157894736842,0.05263157894736842,Watchlist,Balanced,False
Camión_|_Obras_/_Mixto_Community_01,2024-05-01,6459915.73,19,1.0,0.5263157894736842,0.05263157894736842,Watchlist,Balanced,False
Camión_|_Obras_/_Mixto_Community_01,2024-06-01,8362000.08,19,1.0,0.5263157894736842,0.05263157894736842,Watchlist,Balanced,False
Camión_|_Obras_/_Mixto_Community_01,2024-07-01,6482328.43,19,1.0,0.5263157894736842,0.05263157894736842,Watchlist,Balanced,False
Camión_|_Obras_/_Mixto_Community_01,2024-08-01,6293875.11,19,1.0,0.5263157894736842,0.05263157894736842,Watchlist,Balanced,False
Camión_|_Obras_/_Mixto_Community_01,2024-09-01,7525177.88,19,1.0,0.5263157894736842,0.05263157894736842,Watchlist,Balanced,False
Camión_|_Obras_/_Mixto_Community_01,2024-10-01,5737782.74,19,1.0,0.5263157894736842,0.05263157894736842,Watchlist,Balanced,False
Camión_|_Obras_/_Mixto_Community_01,2024-11-01,5532767.73,19,1.0,0.5263157894736842,0.05263157894736842,Watchlist,Balanced,False
Camión_|_Obras_/_Mixto_Community_01,2024-12-01,7059696.11,19,1.0,0.5263157894736842,0.05263157894736842,Watchlist,Balanced,False
Camión_|_Obras_/_Mixto_Community_01,2025-01-01,5368719.91,19,1.0,0.5263157894736842,0.05263157894736842,Watchlist,Balanced,False
Camión_|_Obras_/_Mixto_Community_01,2025-02-01,5632780.41,19,1.0,0.5789473684210527,0.0,Watchlist,Balanced,False
Camión_|_Obras_/_Mixto_Community_01,2025-03-01,7819293.07,19,1.0,0.5263157894736842,0.05263157894736842,Watchlist,Balanced,False
Camión_|_Obras_/_Mixto_Community_01,2025-04-01,6320220.59,19,1.0,0.5263157894736842,0.05263157894736842,Watchlist,Balanced,False
Camión_|_Obras_/_Mixto_Community_01,2025-05-01,6392901.61,19,1.0,0.5789473684210527,0.0,Watchlist,Balanced,False
Camión_|_Obras_/_Mixto_Community_01,2025-06-01,8575088.99,19,1.0,0.5263157894736842,0.05263157894736842,Watchlist,Balanced,False
Camión_|_Obras_/_Mixto_Community_01,2025-08-01,7808154.51,19,1.0,0.5263157894736842,0.05263157894736842,Watchlist,Balanced,False
Camión_|_Obras_/_Mixto_Community_01,2025-09-01,6058322.17,19,1.0,0.5789473684210527,0.0,Watchlist,Balanced,False
Camión_|_Obras_/_Mixto_Community_01,2025-10-01,5844529.24,19,1.0,0.5263157894736842,0.05263157894736842,Watchlist,Balanced,False
Camión_|_Obras_/_Mixto_Community_01,2025-11-01,7151038.41,19,1.0,0.5263157894736842,0.05263157894736842,Watchlist,Balanced,False
Camión_|_Obras_/_Mixto_Community_01,2025-12-01,5642984.7,19,1.0,0.5789473684210527,0.0,Watchlist,Balanced,False
Camión_|_Obras_/_Mixto_Community_02,2020-03-01,13666806.56,31,1.0,0.6129032258064516,0.03225806451612903,Watchlist,Balanced,False
Camión_|_Obras_/_Mixto_Community_02,2020-05-01,14950279.48,31,1.0,0.6129032258064516,0.06451612903225806,Watchlist,Balanced,False
Camión_|_Obras_/_Mixto_Community_02,2020-06-01,11594500.93,31,1.0,0.5806451612903226,0.06451612903225806,Watchlist,Balanced,False
Camión_|_Obras_/_Mixto_Community_02,2020-07-01,11815508.67,31,1.0,0.5806451612903226,0.06451612903225806,Watchlist,Balanced,False
Camión_|_Obras_/_Mixto_Community_02,2020-08-01,13973178.54,31,1.0,0.6129032258064516,0.06451612903225806,Watchlist,Balanced,False
Camión_|_Obras_/_Mixto_Community_02,2020-09-01,11319837.67,31,1.0,0.5806451612903226,0.06451612903225806,Watchlist,Balanced,False
Camión_|_Obras_/_Mixto_Community_02,2020-10-01,10928975.85,31,1.0,0.5483870967741935,0.0967741935483871,Watchlist,Balanced,False
Camión_|_Obras_/_Mixto_Community_02,2020-11-01,12766204.83,31,1.0,0.6129032258064516,0.03225806451612903,Watchlist,Balanced,False
Camión_|_Obras_/_Mixto_Community_02,2020-12-01,10157900.77,31,1.0,0.5483870967741935,0.0967741935483871,Watchlist,Balanced,False
Camión_|_Obras_/_Mixto_Community_02,2021-01-01,12761489.88,31,1.0,0.5806451612903226,0.0967741935483871,Watchlist,Balanced,False
Camión_|_Obras_/_Mixto_Community_02,2021-03-01,10999305.34,31,1.0,0.5806451612903226,0.06451612903225806,Watchlist,Balanced,False
Camión_|_Obras_/_Mixto_Community_02,2021-04-01,11138492.46,31,1.0,0.5806451612903226,0.0967741935483871,Watchlist,Balanced,False
Camión_|_Obras_/_Mixto_Community_02,2021-05-01,14873643.69,31,1.0,0.5806451612903226,0.06451612903225806,Watchlist,Balanced,False
Camión_|_Obras_/_Mixto_Community_02,2021-06-01,11931478.68,31,1.0,0.5806451612903226,0.06451612903225806,Watchlist,Balanced,False
Camión_|_Obras_/_Mixto_Community_02,2021-07-01,11638919.42,31,1.0,0.5806451612903226,0.06451612903225806,Watchlist,Balanced,False
Camión_|_Obras_/_Mixto_Community_02,2021-08-01,14605010.36,31,1.0,0.5806451612903226,0.06451612903225806,Watchlist,Balanced,False
Camión_|_Obras_/_Mixto_Community_02,2021-09-01,10787145.5,31,1.0,0.5806451612903226,0.06451612903225806,Watchlist,Balanced,False
Camión_|_Obras_/_Mixto_Community_02,2021-10-01,13181840.379999999,31,1.0,0.5483870967741935,0.0967741935483871,Watchlist,Balanced,False
Camión_|_Obras_/_Mixto_Community_02,2021-11-01,10578993.540000001,31,1.0,0.5483870967741935,0.0967741935483871,Watchlist,Balanced,False
Camión_|_Obras_/_Mixto_Community_02,2021-12-01,10429926.4,31,1.0,0.5483870967741935,0.0967741935483871,Watchlist,Balanced,False
Camión_|_Obras_/_Mixto_Community_02,2022-01-01,12607439.91,31,1.0,0.5806451612903226,0.06451612903225806,Watchlist,Balanced,False
Camión_|_Obras_/_Mixto_Community_02,2022-02-01,10390368.3,31,1.0,0.5161290322580645,0.16129032258064516,Watchlist,Balanced,False
Camión_|_Obras_/_Mixto_Community_02,2022-03-01,10934139.22,31,1.0,0.6451612903225806,0.0,Watchlist,Balanced,False
Camión_|_Obras_/_Mixto_Community_02,2022-04-01,11603369.13,31,1.0,0.5483870967741935,0.0967741935483871,Watchlist,Balanced,False
Camión_|_Obras_/_Mixto_Community_02,2022-05-01,15029571.75,31,1.0,0.5806451612903226,0.06451612903225806,Watchlist,Balanced,False
Camión_|_Obras_/_Mixto_Community_02,2022-06-01,11478804.51,31,1.0,0.6129032258064516,0.06451612903225806,Watchlist,Balanced,False
Camión_|_Obras_/_Mixto_Community_02,2022-07-01,14432909.03,31,1.0,0.5806451612903226,0.06451612903225806,Watchlist,Balanced,False
Camión_|_Obras_/_Mixto_Community_02,2022-08-01,11438345.71,31,1.0,0.6129032258064516,0.03225806451612903,Watchlist,Balanced,False
Camión_|_Obras_/_Mixto_Community_02,2022-09-01,10805225.7,31,1.0,0.5806451612903226,0.06451612903225806,Watchlist,Balanced,False
Camión_|_Obras_/_Mixto_Community_02,2022-10-01,13401131.17,31,1.0,0.5806451612903226,0.06451612903225806,Watchlist,Balanced,False
Camión_|_Obras_/_Mixto_Community_02,2022-11-01,10504432.040000001,31,1.0,0.6129032258064516,0.03225806451612903,Watchlist,Balanced,False
Camión_|_Obras_/_Mixto_Community_02,2022-12-01,10352143.51,31,1.0,0.5806451612903226,0.06451612903225806,Watchlist,Balanced,False
Camión_|_Obras_/_Mixto_Community_02,2023-02-01,10378517.21,31,1.0,0.5806451612903226,0.06451612903225806,Watchlist,Balanced,False
Camión_|_Obras_/_Mixto_Community_02,2023-03-01,11330813.65,31,1.0,0.5806451612903226,0.06451612903225806,Watchlist,Balanced,False
Camión_|_Obras_/_Mixto_Community_02,2023-04-01,14117664.54,31,1.0,0.6129032258064516,0.06451612903225806,Watchlist,Balanced,False
Camión_|_Obras_/_Mixto_Community_02,2023-05-01,11901918.28,31,1.0,0.6451612903225806,0.03225806451612903,Watchlist,Balanced,False
Camión_|_Obras_/_Mixto_Community_02,2023-06-01,12325135.88,31,1.0,0.5806451612903226,0.0967741935483871,Watchlist,Balanced,False
Camión_|_Obras_/_Mixto_Community_02,2023-07-01,14828109.22,31,1.0,0.6129032258064516,0.03225806451612903,Watchlist,Balanced,False
Camión_|_Obras_/_Mixto_Community_02,2023-08-01,11457989.4,31,1.0,0.5483870967741935,0.0967741935483871,Watchlist,Balanced,False
Camión_|_Obras_/_Mixto_Community_02,2023-09-01,11406146.88,31,1.0,0.5806451612903226,0.06451612903225806,Watchlist,Balanced,False
Camión_|_Obras_/_Mixto_Community_02,2023-11-01,10085568.42,31,1.0,0.5806451612903226,0.06451612903225806,Watchlist,Balanced,False
Camión_|_Obras_/_Mixto_Community_02,2023-12-01,12625515.25,31,1.0,0.5483870967741935,0.0967741935483871,Watchlist,Balanced,False
Camión_|_Obras_/_Mixto_Community_02,2024-01-01,10255386.16,31,1.0,0.5806451612903226,0.0967741935483871,Watchlist,Balanced,False
Camión_|_Obras_/_Mixto_Community_02,2024-02-01,10647086.75,31,1.0,0.6451612903225806,0.03225806451612903,Watchlist,Balanced,False
Camión_|_Obras_/_Mixto_Community_02,2024-03-01,13665913.86,31,1.0,0.6451612903225806,0.0,Watchlist,Balanced,False
Camión_|_Obras_/_Mixto_Community_02,2024-04-01,11738508.85,31,1.0,0.6129032258064516,0.03225806451612903,Watchlist,Balanced,False
Camión_|_Obras_/_Mixto_Community_02,2024-05-01,11776502.92,31,1.0,0.6129032258064516,0.03225806451612903,Watchlist,Balanced,False
Camión_|_Obras_/_Mixto_Community_02,2024-06-01,14508769.78,31,1.0,0.6129032258064516,0.03225806451612903,Watchlist,Balanced,False
Camión_|_Obras_/_Mixto_Community_02,2024-07-01,11668196.24,31,1.0,0.6129032258064516,0.03225806451612903,Watchlist,Balanced,False
Camión_|_Obras_/_Mixto_Community_02,2024-08-01,11480364.94,31,1.0,0.5806451612903226,0.06451612903225806,Watchlist,Balanced,False
Camión_|_Obras_/_Mixto_Community_02,2024-09-01,13764182.95,31,1.0,0.5806451612903226,0.06451612903225806,Watchlist,Balanced,False
Camión_|_Obras_/_Mixto_Community_02,2024-10-01,10844374.33,31,1.0,0.6129032258064516,0.06451612903225806,Watchlist,Balanced,False
Camión_|_Obras_/_Mixto_Community_02,2024-11-01,10171964.61,31,1.0,0.6129032258064516,0.03225806451612903,Watchlist,Balanced,False
Camión_|_Obras_/_Mixto_Community_02,2024-12-01,12673956.95,31,1.0,0.5806451612903226,0.06451612903225806,Watchlist,Balanced,False
Camión_|_Obras_/_Mixto_Community_02,2025-01-01,10216727.65,31,1.0,0.6129032258064516,0.06451612903225806,Watchlist,Balanced,False
Camión_|_Obras_/_Mixto_Community_02,2025-02-01,10578064.03,31,1.0,0.5806451612903226,0.0967741935483871,Watchlist,Balanced,False
Camión_|_Obras_/_Mixto_Community_02,2025-03-01,13490632.21,31,1.0,0.5806451612903226,0.06451612903225806,Watchlist,Balanced,False
Camión_|_Obras_/_Mixto_Community_02,2025-04-01,11515220.5,31,1.0,0.5806451612903226,0.0967741935483871,Watchlist,Balanced,False
Camión_|_Obras_/_Mixto_Community_02,2025-05-01,11841224.58,31,1.0,0.5806451612903226,0.06451612903225806,Watchlist,Balanced,False
Camión_|_Obras_/_Mixto_Community_02,2025-06-01,14680769.65,31,1.0,0.6129032258064516,0.06451612903225806,Watchlist,Balanced,False
Camión_|_Obras_/_Mixto_Community_02,2025-07-01,11677875.1,31,1.0,0.5806451612903226,0.06451612903225806,Watchlist,Balanced,False
Camión_|_Obras_/_Mixto_Community_02,2025-08-01,14344579.63,31,1.0,0.5806451612903226,0.06451612903225806,Watchlist,Balanced,False
Camión_|_Obras_/_Mixto_Community_02,2025-09-01,11115370.0,31,1.0,0.5483870967741935,0.0967741935483871,Watchlist,Balanced,False
Camión_|_Obras_/_Mixto_Community_02,2025-11-01,12560895.11,31,1.0,0.5806451612903226,0.0967741935483871,Watchlist,Balanced,False
Camión_|_Obras_/_Mixto_Community_02,2025-12-01,10698907.31,31,1.0,0.5483870967741935,0.0967741935483871,Watchlist,Balanced,False
Camión_|_Obras_/_Mixto_Community_03,2020-03-01,13183875.11,30,1.0,0.5666666666666667,0.06666666666666667,Watchlist,Balanced,False
Camión_|_Obras_/_Mixto_Community_03,2020-04-01,11388285.1,30,1.0,0.6,0.03333333333333333,Watchlist,Balanced,False
Camión_|_Obras_/_Mixto_Community_03,2020-06-01,11884790.55,30,1.0,0.5666666666666667,0.06666666666666667,Watchlist,Balanced,False
Camión_|_Obras_/_Mixto_Community_03,2020-07-01,11382303.72,30,1.0,0.6,0.0,Watchlist,Balanced,False
Camión_|_Obras_/_Mixto_Community_03,2020-08-01,13826061.07,30,1.0,0.5666666666666667,0.06666666666666667,Watchlist,Balanced,False
Camión_|_Obras_/_Mixto_Community_03,2020-09-01,10327969.33,30,1.0,0.6,0.0,Watchlist,Balanced,False
Camión_|_Obras_/_Mixto_Community_03,2020-10-01,10169658.3,30,1.0,0.5666666666666667,0.06666666666666667,Watchlist,Balanced,False
Camión_|_Obras_/_Mixto_Community_03,2020-11-01,12261383.4,30,1.0,0.5666666666666667,0.03333333333333333,Watchlist,Balanced,False
Camión_|_Obras_/_Mixto_Community_03,2020-12-01,10039952.74,30,1.0,0.5666666666666667,0.03333333333333333,Watchlist,Balanced,False
Camión_|_Obras_/_Mixto_Community_03,2021-01-01,12329561.32,30,1.0,0.5666666666666667,0.06666666666666667,Watchlist,Balanced,False
Camión_|_Obras_/_Mixto_Community_03,2021-02-01,10165426.13,30,1.0,0.5666666666666667,0.06666666666666667,Watchlist,Balanced,False
Camión_|_Obras_/_Mixto_Community_03,2021-03-01,10311526.06,30,1.0,0.6,0.0,Watchlist,Balanced,False
Camión_|_Obras_/_Mixto_Community_03,2021-04-01,11165749.41,30,1.0,0.6,0.03333333333333333,Watchlist,Balanced,False
Camión_|_Obras_/_Mixto_Community_03,2021-05-01,14558040.27,30,1.0,0.6,0.03333333333333333,Watchlist,Balanced,False
Camión_|_Obras_/_Mixto_Community_03,2021-06-01,11241107.08,30,1.0,0.5666666666666667,0.03333333333333333,Watchlist,Balanced,False
Camión_|_Obras_/_Mixto_Community_03,2021-07-01,11752490.54,30,1.0,0.5666666666666667,0.03333333333333333,Watchlist,Balanced,False
Camión_|_Obras_/_Mixto_Community_03,2021-08-01,13598727.53,30,1.0,0.6,0.03333333333333333,Watchlist,Balanced,False
Camión_|_Obras_/_Mixto_Community_03,2021-09-01,10925731.07,30,1.0,0.6,0.0,Watchlist,Balanced,False
Camión_|_Obras_/_Mixto_Community_03,2021-10-01,12971337.120000001,30,1.0,0.5666666666666667,0.06666666666666667,Watchlist,Balanced,False
Camión_|_Obras_/_Mixto_Community_03,2021-11-01,10206326.79,30,1.0,0.5666666666666667,0.03333333333333333,Watchlist,Balanced,False
Camión_|_Obras_/_Mixto_Community_03,2021-12-01,10206254.53,30,1.0,0.6,0.03333333333333333,Watchlist,Balanced,False
Camión_|_Obras_/_Mixto_Community_03,2022-01-01,12443793.81,30,1.0,0.5333333333333333,0.06666666666666667,Watchlist,Balanced,False
Camión_|_Obras_/_Mixto_Community_03,2022-02-01,10067849.46,30,1.0,0.5666666666666667,0.06666666666666667,Watchlist,Balanced,False
Camión_|_Obras_/_Mixto_Community_03,2022-03-01,10693460.6,30,1.0,0.5666666666666667,0.06666666666666667,Watchlist,Balanced,False
Camión_|_Obras_/_Mixto_Community_03,2022-04-01,11008107.27,30,1.0,0.6,0.03333333333333333,Watchlist,Balanced,False
Camión_|_Obras_/_Mixto_Community_03,2022-05-01,14343251.95,30,1.0,0.6333333333333333,0.0,Watchlist,Balanced,False
Camión_|_Obras_/_Mixto_Community_03,2022-06-01,11623126.52,30,1.0,0.6,0.03333333333333333,Watchlist,Balanced,False
Camión_|_Obras_/_Mixto_Community_03,2022-07-01,14402264.27,30,1.0,0.5666666666666667,0.06666666666666667,Watchlist,Balanced,False
Camión_|_Obras_/_Mixto_Community_03,2022-08-01,11016452.72,30,1.0,0.6,0.0,Watchlist,Balanced,False
Camión_|_Obras_/_Mixto_Community_03,2022-09-01,10953988.31,30,1.0,0.5333333333333333,0.06666666666666667,Watchlist,Balanced,False
Camión_|_Obras_/_Mixto_Community_03,2022-10-01,12924264.52,30,1.0,0.5333333333333333,0.06666666666666667,Watchlist,Balanced,False
Camión_|_Obras_/_Mixto_Community_03,2022-11-01,9730750.6,30,1.0,0.5666666666666667,0.06666666666666667,Watchlist,Balanced,False
Camión_|_Obras_/_Mixto_Community_03,2022-12-01,9848855.11,30,1.0,0.6,0.0,Watchlist,Balanced,False
Camión_|_Obras_/_Mixto_Community_03,2023-01-01,12519192.89,30,1.0,0.5666666666666667,0.03333333333333333,Watchlist,Balanced,False
Camión_|_Obras_/_Mixto_Community_03,2023-02-01,10291803.76,30,1.0,0.5333333333333333,0.1,Watchlist,Balanced,False
Camión_|_Obras_/_Mixto_Community_03,2023-03-01,10773656.540000001,30,1.0,0.5666666666666667,0.06666666666666667,Watchlist,Balanced,False
Camión_|_Obras_/_Mixto_Community_03,2023-04-01,14169675.64,30,1.0,0.6,0.0,Watchlist,Balanced,False
Camión_|_Obras_/_Mixto_Community_03,2023-05-01,11172243.67,30,1.0,0.5666666666666667,0.06666666666666667,Watchlist,Balanced,False
Camión_|_Obras_/_Mixto_Community_03,2023-06-01,11518675.86,30,1.0,0.6,0.03333333333333333,Watchlist,Balanced,False
Camión_|_Obras_/_Mixto_Community_03,2023-07-01,14388856.06,30,1.0,0.6333333333333333,0.0,Watchlist,Balanced,False
Camión_|_Obras_/_Mixto_Community_03,2023-08-01,11121157.98,30,1.0,0.6,0.03333333333333333,Watchlist,Balanced,False
Camión_|_Obras_/_Mixto_Community_03,2023-09-01,10949072.75,30,1.0,0.6,0.0,Watchlist,Balanced,False
Camión_|_Obras_/_Mixto_Community_03,2023-10-01,12972493.53,30,1.0,0.6,0.03333333333333333,Watchlist,Balanced,False
Camión_|_Obras_/_Mixto_Community_03,2023-11-01,10003198.8,30,1.0,0.5666666666666667,0.03333333333333333,Watchlist,Balanced,False
Camión_|_Obras_/_Mixto_Community_03,2024-01-01,10096524.79,30,1.0,0.5666666666666667,0.03333333333333333,Watchlist,Balanced,False
Camión_|_Obras_/_Mixto_Community_03,2024-02-01,10334892.39,30,1.0,0.5666666666666667,0.03333333333333333,Watchlist,Balanced,False
Camión_|_Obras_/_Mixto_Community_03,2024-03-01,13036273.35,30,1.0,0.5666666666666667,0.03333333333333333,Watchlist,Balanced,False
Camión_|_Obras_/_Mixto_Community_03,2024-04-01,11319637.78,30,1.0,0.6,0.03333333333333333,Watchlist,Balanced,False
Camión_|_Obras_/_Mixto_Community_03,2024-05-01,11410492.85,30,1.0,0.6,0.03333333333333333,Watchlist,Balanced,False
Camión_|_Obras_/_Mixto_Community_03,2024-06-01,14400849.14,30,1.0,0.6,0.03333333333333333,Watchlist,Balanced,False
Camión_|_Obras_/_Mixto_Community_03,2024-07-01,11118454.16,30,1.0,0.6,0.03333333333333333,Watchlist,Balanced,False
Camión_|_Obras_/_Mixto_Community_03,2024-08-01,10954405.88,30,1.0,0.6,0.0,Watchlist,Balanced,False
Camión_|_Obras_/_Mixto_Community_03,2024-09-01,13196356.13,30,1.0,0.6,0.0,Watchlist,Balanced,False
Camión_|_Obras_/_Mixto_Community_03,2024-10-01,9767065.63,30,1.0,0.6,0.0,Watchlist,Balanced,False
Camión_|_Obras_/_Mixto_Community_03,2024-11-01,9970178.58,30,1.0,0.5666666666666667,0.03333333333333333,Watchlist,Balanced,False
Camión_|_Obras_/_Mixto_Community_03,2024-12-01,12553577.9,30,1.0,0.5666666666666667,0.06666666666666667,Watchlist,Balanced,False
Camión_|_Obras_/_Mixto_Community_03,2025-01-01,9542780.46,30,1.0,0.5666666666666667,0.03333333333333333,Watchlist,Balanced,False
Camión_|_Obras_/_Mixto_Community_03,2025-02-01,10168580.14,30,1.0,0.6,0.03333333333333333,Watchlist,Balanced,False
Camión_|_Obras_/_Mixto_Community_03,2025-03-01,13306172.69,30,1.0,0.6,0.0,Watchlist,Balanced,False
Camión_|_Obras_/_Mixto_Community_03,2025-05-01,11592148.74,30,1.0,0.5333333333333333,0.06666666666666667,Watchlist,Balanced,False
Camión_|_Obras_/_Mixto_Community_03,2025-06-01,14399329.16,30,1.0,0.5666666666666667,0.03333333333333333,Watchlist,Balanced,False
Camión_|_Obras_/_Mixto_Community_03,2025-07-01,11593241.78,30,1.0,0.5666666666666667,0.03333333333333333,Watchlist,Balanced,False
Camión_|_Obras_/_Mixto_Community_03,2025-08-01,13808134.71,30,1.0,0.5666666666666667,0.06666666666666667,Watchlist,Balanced,False
Camión_|_Obras_/_Mixto_Community_03,2025-09-01,10637054.53,30,1.0,0.5666666666666667,0.03333333333333333,Watchlist,Balanced,False
Camión_|_Obras_/_Mixto_Community_03,2025-10-01,9844803.7,30,1.0,0.5666666666666667,0.06666666666666667,Watchlist,Balanced,False
Camión_|_Obras_/_Mixto_Community_03,2025-11-01,12850343.620000001,30,1.0,0.6,0.0,Watchlist,Balanced,False
Camión_|_Obras_/_Mixto_Community_03,2025-12-01,9524823.49,30,1.0,0.6,0.03333333333333333,Watchlist,Balanced,False
Camión_|_Regional_Community_01,2020-03-01,12643611.12,35,1.0,0.6,0.02857142857142857,Watchlist,Balanced,False
Camión_|_Regional_Community_01,2020-04-01,10473386.120000001,35,1.0,0.5714285714285714,0.05714285714285714,Watchlist,Balanced,False
Camión_|_Regional_Community_01,2020-05-01,13530192.24,35,1.0,0.5714285714285714,0.05714285714285714,Watchlist,Balanced,False
Camión_|_Regional_Community_01,2020-06-01,10847260.14,35,1.0,0.6,0.02857142857142857,Watchlist,Balanced,False
Camión_|_Regional_Community_01,2020-07-01,10997781.56,35,1.0,0.6,0.02857142857142857,Watchlist,Balanced,False
Camión_|_Regional_Community_01,2020-08-01,12872017.77,35,1.0,0.6,0.02857142857142857,Watchlist,Balanced,False
Camión_|_Regional_Community_01,2020-09-01,10054317.17,35,1.0,0.6,0.02857142857142857,Watchlist,Balanced,False
Camión_|_Regional_Community_01,2020-10-01,9902133.73,35,1.0,0.6285714285714286,0.0,Watchlist,Balanced,False
Camión_|_Regional_Community_01,2020-11-01,11259415.15,35,1.0,0.6,0.02857142857142857,Watchlist,Balanced,False
Camión_|_Regional_Community_01,2020-12-01,9590333.07,35,1.0,0.6,0.02857142857142857,Watchlist,Balanced,False
Camión_|_Regional_Community_01,2021-01-01,11861283.76,35,1.0,0.6,0.02857142857142857,Watchlist,Balanced,False
Camión_|_Regional_Community_01,2021-02-01,9759144.92,35,1.0,0.6,0.02857142857142857,Watchlist,Balanced,False
Camión_|_Regional_Community_01,2021-03-01,10186631.5,35,1.0,0.6,0.02857142857142857,Watchlist,Balanced,False
Camión_|_Regional_Community_01,2021-04-01,10418271.66,35,1.0,0.6,0.02857142857142857,Watchlist,Balanced,False
Camión_|_Regional_Community_01,2021-05-01,13623637.2,35,1.0,0.6,0.02857142857142857,Watchlist,Balanced,False
Camión_|_Regional_Community_01,2021-06-01,11308813.24,35,1.0,0.6285714285714286,0.0,Watchlist,Balanced,False
Camión_|_Regional_Community_01,2021-07-01,10339216.0,35,1.0,0.5714285714285714,0.08571428571428572,Watchlist,Balanced,False
Camión_|_Regional_Community_01,2021-08-01,13065182.17,35,1.0,0.6,0.02857142857142857,Watchlist,Balanced,False
Camión_|_Regional_Community_01,2021-09-01,10121443.75,35,1.0,0.6,0.02857142857142857,Watchlist,Balanced,False
Camión_|_Regional_Community_01,2021-10-01,12046148.47,35,1.0,0.5714285714285714,0.05714285714285714,Watchlist,Balanced,False
Camión_|_Regional_Community_01,2021-11-01,9615706.18,35,1.0,0.5714285714285714,0.05714285714285714,Watchlist,Balanced,False
Camión_|_Regional_Community_01,2021-12-01,9243338.25,35,1.0,0.5714285714285714,0.05714285714285714,Watchlist,Balanced,False
Camión_|_Regional_Community_01,2022-01-01,11547846.5,35,1.0,0.6,0.02857142857142857,Watchlist,Balanced,False
Camión_|_Regional_Community_01,2022-02-01,9789390.05,35,1.0,0.6,0.02857142857142857,Watchlist,Balanced,False
Camión_|_Regional_Community_01,2022-03-01,10092989.57,35,1.0,0.5714285714285714,0.05714285714285714,Watchlist,Balanced,False
Camión_|_Regional_Community_01,2022-04-01,10593197.57,35,1.0,0.6,0.02857142857142857,Watchlist,Balanced,False
Camión_|_Regional_Community_01,2022-05-01,13038757.37,35,1.0,0.6,0.02857142857142857,Watchlist,Balanced,False
Camión_|_Regional_Community_01,2022-06-01,11248916.57,35,1.0,0.6,0.02857142857142857,Watchlist,Balanced,False
Camión_|_Regional_Community_01,2022-07-01,13064201.26,35,1.0,0.6,0.02857142857142857,Watchlist,Balanced,False
Camión_|_Regional_Community_01,2022-08-01,10473251.25,35,1.0,0.6,0.02857142857142857,Watchlist,Balanced,False
Camión_|_Regional_Community_01,2022-09-01,10473440.31,35,1.0,0.6,0.02857142857142857,Watchlist,Balanced,False
Camión_|_Regional_Community_01,2022-10-01,12216409.05,35,1.0,0.6,0.02857142857142857,Watchlist,Balanced,False
Camión_|_Regional_Community_01,2022-11-01,9818451.35,35,1.0,0.5714285714285714,0.05714285714285714,Watchlist,Balanced,False
Camión_|_Regional_Community_01,2022-12-01,9479030.61,35,1.0,0.6,0.05714285714285714,Watchlist,Balanced,False
Camión_|_Regional_Community_01,2023-01-01,11834804.32,35,1.0,0.6,0.02857142857142857,Watchlist,Balanced,False
Camión_|_Regional_Community_01,2023-02-01,10071205.02,35,1.0,0.6,0.02857142857142857,Watchlist,Balanced,False
Camión_|_Regional_Community_01,2023-03-01,9743441.15,35,1.0,0.6,0.02857142857142857,Watchlist,Balanced,False
Camión_|_Regional_Community_01,2023-04-01,13103541.72,35,1.0,0.6,0.02857142857142857,Watchlist,Balanced,False
Camión_|_Regional_Community_01,2023-05-01,10794070.06,35,1.0,0.6285714285714286,0.0,Watchlist,Balanced,False
Camión_|_Regional_Community_01,2023-06-01,11025986.94,35,1.0,0.6,0.02857142857142857,Watchlist,Balanced,False
Camión_|_Regional_Community_01,2023-07-01,13126878.72,35,1.0,0.5714285714285714,0.05714285714285714,Watchlist,Balanced,False
Camión_|_Regional_Community_01,2023-09-01,10329057.32,35,1.0,0.6,0.02857142857142857,Watchlist,Balanced,False
Camión_|_Regional_Community_01,2023-10-01,12044053.1,35,1.0,0.6,0.02857142857142857,Watchlist,Balanced,False
Camión_|_Regional_Community_01,2023-11-01,9187179.05,35,1.0,0.6,0.02857142857142857,Watchlist,Balanced,False
Camión_|_Regional_Community_01,2023-12-01,11649840.78,35,1.0,0.5714285714285714,0.05714285714285714,Watchlist,Balanced,False
Camión_|_Regional_Community_01,2024-01-01,9451636.01,35,1.0,0.6,0.02857142857142857,Watchlist,Balanced,False
Camión_|_Regional_Community_01,2024-02-01,9488742.65,35,1.0,0.6,0.02857142857142857,Watchlist,Balanced,False
Camión_|_Regional_Community_01,2024-03-01,12579175.32,35,1.0,0.6,0.02857142857142857,Watchlist,Balanced,False
Camión_|_Regional_Community_01,2024-04-01,10309913.87,35,1.0,0.6,0.02857142857142857,Watchlist,Balanced,False
Camión_|_Regional_Community_01,2024-05-01,10723437.72,35,1.0,0.5714285714285714,0.05714285714285714,Watchlist,Balanced,False
Camión_|_Regional_Community_01,2024-06-01,13136412.54,35,1.0,0.5714285714285714,0.05714285714285714,Watchlist,Balanced,False
Camión_|_Regional_Community_01,2024-07-01,11091474.1,35,1.0,0.6,0.02857142857142857,Watchlist,Balanced,False
Camión_|_Regional_Community_01,2024-08-01,10664186.68,35,1.0,0.5714285714285714,0.05714285714285714,Watchlist,Balanced,False
Camión_|_Regional_Community_01,2024-09-01,12588542.620000001,35,1.0,0.5714285714285714,0.05714285714285714,Watchlist,Balanced,False
Camión_|_Regional_Community_01,2024-10-01,9629826.040000001,35,1.0,0.6285714285714286,0.0,Watchlist,Balanced,False
Camión_|_Regional_Community_01,2024-11-01,9491941.9,35,1.0,0.6,0.02857142857142857,Watchlist,Balanced,False
Camión_|_Regional_Community_01,2024-12-01,11674305.48,35,1.0,0.6,0.02857142857142857,Watchlist,Balanced,False
Camión_|_Regional_Community_01,2025-01-01,9856958.27,35,1.0,0.6285714285714286,0.0,Watchlist,Balanced,False
Camión_|_Regional_Community_01,2025-02-01,9929967.42,35,1.0,0.6,0.02857142857142857,Watchlist,Balanced,False
Camión_|_Regional_Community_01,2025-03-01,12447726.39,35,1.0,0.6,0.02857142857142857,Watchlist,Balanced,False
Camión_|_Regional_Community_01,2025-04-01,10294179.62,35,1.0,0.5714285714285714,0.05714285714285714,Watchlist,Balanced,False
Camión_|_Regional_Community_01,2025-05-01,10770480.45,35,1.0,0.5714285714285714,0.05714285714285714,Watchlist,Balanced,False
Camión_|_Regional_Community_01,2025-06-01,13342232.3,35,1.0,0.5714285714285714,0.05714285714285714,Watchlist,Balanced,False
Camión_|_Regional_Community_01,2025-07-01,10810955.06,35,1.0,0.6,0.02857142857142857,Watchlist,Balanced,False
Camión_|_Regional_Community_01,2025-08-01,12663622.030000001,35,1.0,0.6,0.02857142857142857,Watchlist,Balanced,False
Camión_|_Regional_Community_01,2025-09-01,10093815.03,35,1.0,0.6,0.02857142857142857,Watchlist,Balanced,False
Camión_|_Regional_Community_01,2025-10-01,9754812.790000001,35,1.0,0.5714285714285714,0.05714285714285714,Watchlist,Balanced,False
Camión_|_Regional_Community_01,2025-11-01,11661449.84,35,1.0,0.6,0.02857142857142857,Watchlist,Balanced,False
Camión_|_Regional_Community_01,2025-12-01,9251831.28,35,1.0,0.6,0.05714285714285714,Watchlist,Balanced,False
Camión_|_Regional_Community_02,2020-03-01,7698757.0,20,1.0,0.55,0.05,Watchlist,Balanced,False
Camión_|_Regional_Community_02,2020-04-01,6360489.0,20,1.0,0.55,0.05,Watchlist,Balanced,False
Camión_|_Regional_Community_02,2020-05-01,8177184.26,20,1.0,0.6,0.05,Watchlist,Balanced,False
Camión_|_Regional_Community_02,2020-06-01,6811770.68,20,1.0,0.6,0.0,Watchlist,Balanced,False
Camión_|_Regional_Community_02,2020-07-01,6584632.32,20,1.0,0.6,0.0,Watchlist,Balanced,False
Camión_|_Regional_Community_02,2020-08-01,7861765.34,20,1.0,0.6,0.0,Watchlist,Balanced,False
Camión_|_Regional_Community_02,2020-09-01,5914485.74,20,1.0,0.6,0.0,Watchlist,Balanced,False
Camión_|_Regional_Community_02,2020-11-01,6966989.11,20,1.0,0.6,0.0,Watchlist,Balanced,False
Camión_|_Regional_Community_02,2020-12-01,5469977.37,20,1.0,0.6,0.0,Watchlist,Balanced,False
Camión_|_Regional_Community_02,2021-01-01,7035415.88,20,1.0,0.6,0.0,Watchlist,Balanced,False
Camión_|_Regional_Community_02,2021-02-01,5646290.84,20,1.0,0.6,0.05,Watchlist,Balanced,False
Camión_|_Regional_Community_02,2021-03-01,6023880.67,20,1.0,0.6,0.05,Watchlist,Balanced,False
Camión_|_Regional_Community_02,2021-04-01,6224037.86,20,1.0,0.6,0.0,Watchlist,Balanced,False
Camión_|_Regional_Community_02,2021-06-01,6523630.97,20,1.0,0.65,0.0,Watchlist,Balanced,False
Camión_|_Regional_Community_02,2021-07-01,6161410.4,20,1.0,0.65,0.0,Watchlist,Balanced,False
Camión_|_Regional_Community_02,2021-08-01,7528241.57,20,1.0,0.6,0.0,Watchlist,Balanced,False
Camión_|_Regional_Community_02,2021-09-01,6106562.25,20,1.0,0.6,0.05,Watchlist,Balanced,False
Camión_|_Regional_Community_02,2021-10-01,7166881.54,20,1.0,0.6,0.0,Watchlist,Balanced,False
Camión_|_Regional_Community_02,2021-12-01,5390854.04,20,1.0,0.6,0.0,Watchlist,Balanced,False
Camión_|_Regional_Community_02,2022-01-01,6806773.07,20,1.0,0.6,0.05,Watchlist,Balanced,False
Camión_|_Regional_Community_02,2022-02-01,5625590.85,20,1.0,0.6,0.0,Watchlist,Balanced,False
Camión_|_Regional_Community_02,2022-03-01,6120562.21,20,1.0,0.6,0.0,Watchlist,Balanced,False
Camión_|_Regional_Community_02,2022-04-01,6397579.89,20,1.0,0.6,0.0,Watchlist,Balanced,False
Camión_|_Regional_Community_02,2022-05-01,8171604.61,20,1.0,0.6,0.0,Watchlist,Balanced,False
Camión_|_Regional_Community_02,2022-06-01,6078085.3,20,1.0,0.6,0.0,Watchlist,Balanced,False
Camión_|_Regional_Community_02,2022-07-01,8060115.66,20,1.0,0.6,0.05,Watchlist,Balanced,False
Camión_|_Regional_Community_02,2022-08-01,5948432.21,20,1.0,0.6,0.05,Watchlist,Balanced,False
Camión_|_Regional_Community_02,2022-09-01,6016271.36,20,1.0,0.6,0.05,Watchlist,Balanced,False
Camión_|_Regional_Community_02,2022-10-01,7364157.35,20,1.0,0.65,0.0,Watchlist,Balanced,False
Camión_|_Regional_Community_02,2022-11-01,5416689.32,20,1.0,0.65,0.0,Watchlist,Balanced,False
Camión_|_Regional_Community_02,2022-12-01,5475416.94,20,1.0,0.6,0.0,Watchlist,Balanced,False
Camión_|_Regional_Community_02,2023-01-01,6882802.26,20,1.0,0.6,0.0,Watchlist,Balanced,False
Camión_|_Regional_Community_02,2023-02-01,5831899.77,20,1.0,0.6,0.0,Watchlist,Balanced,False
Camión_|_Regional_Community_02,2023-03-01,6024762.75,20,1.0,0.6,0.0,Watchlist,Balanced,False
Camión_|_Regional_Community_02,2023-04-01,8126864.0200000005,20,1.0,0.6,0.05,Watchlist,Balanced,False
Camión_|_Regional_Community_02,2023-05-01,6218826.75,20,1.0,0.6,0.0,Watchlist,Balanced,False
Camión_|_Regional_Community_02,2023-06-01,6646418.54,20,1.0,0.6,0.0,Watchlist,Balanced,False
Camión_|_Regional_Community_02,2023-07-01,8544818.45,20,1.0,0.6,0.0,Watchlist,Balanced,False
Camión_|_Regional_Community_02,2023-08-01,6208204.95,20,1.0,0.6,0.0,Watchlist,Balanced,False
Camión_|_Regional_Community_02,2023-09-01,5949738.59,20,1.0,0.6,0.0,Watchlist,Balanced,False
Camión_|_Regional_Community_02,2023-10-01,7221181.68,20,1.0,0.6,0.05,Watchlist,Balanced,False
Camión_|_Regional_Community_02,2023-11-01,5512636.74,20,1.0,0.65,0.0,Watchlist,Balanced,False
Camión_|_Regional_Community_02,2023-12-01,6936961.51,20,1.0,0.6,0.0,Watchlist,Balanced,False
Camión_|_Regional_Community_02,2024-01-01,5464796.8,20,1.0,0.6,0.05,Watchlist,Balanced,False
Camión_|_Regional_Community_02,2024-02-01,5557296.49,20,1.0,0.6,0.0,Watchlist,Balanced,False
Camión_|_Regional_Community_02,2024-03-01,7419659.08,20,1.0,0.6,0.05,Watchlist,Balanced,False
Camión_|_Regional_Community_02,2024-04-01,6309125.42,20,1.0,0.6,0.0,Watchlist,Balanced,False
Camión_|_Regional_Community_02,2024-05-01,6319758.63,20,1.0,0.6,0.0,Watchlist,Balanced,False
Camión_|_Regional_Community_02,2024-06-01,8499865.78,20,1.0,0.6,0.0,Watchlist,Balanced,False
Camión_|_Regional_Community_02,2024-07-01,6447510.26,20,1.0,0.6,0.0,Watchlist,Balanced,False
Camión_|_Regional_Community_02,2024-08-01,6221290.23,20,1.0,0.6,0.05,Watchlist,Balanced,False
Camión_|_Regional_Community_02,2024-09-01,7452559.07,20,1.0,0.6,0.0,Watchlist,Balanced,False
Camión_|_Regional_Community_02,2024-10-01,5724731.89,20,1.0,0.6,0.0,Watchlist,Balanced,False
Camión_|_Regional_Community_02,2024-11-01,5459275.7,20,1.0,0.6,0.05,Watchlist,Balanced,False
Camión_|_Regional_Community_02,2024-12-01,7147831.99,20,1.0,0.6,0.0,Watchlist,Balanced,False
Camión_|_Regional_Community_02,2025-01-01,5348005.11,20,1.0,0.6,0.0,Watchlist,Balanced,False
Camión_|_Regional_Community_02,2025-02-01,5564471.43,20,1.0,0.6,0.0,Watchlist,Balanced,False
Camión_|_Regional_Community_02,2025-04-01,5931781.7,20,1.0,0.6,0.05,Watchlist,Balanced,False
Camión_|_Regional_Community_02,2025-05-01,6395797.48,20,1.0,0.65,0.0,Watchlist,Balanced,False
Camión_|_Regional_Community_02,2025-06-01,8300383.67,20,1.0,0.6,0.0,Watchlist,Balanced,False
Camión_|_Regional_Community_02,2025-07-01,6556003.52,20,1.0,0.6,0.05,Watchlist,Balanced,False
Camión_|_Regional_Community_02,2025-08-01,7880187.35,20,1.0,0.65,0.0,Watchlist,Balanced,False
Camión_|_Regional_Community_02,2025-09-01,6111402.3100000005,20,1.0,0.6,0.0,Watchlist,Balanced,False
Camión_|_Regional_Community_02,2025-10-01,5676059.61,20,1.0,0.6,0.0,Watchlist,Balanced,False
Camión_|_Regional_Community_02,2025-11-01,7228697.64,20,1.0,0.6,0.0,Watchlist,Balanced,False
Camión_|_Regional_Community_02,2025-12-01,5444647.47,20,1.0,0.55,0.05,Watchlist,Balanced,False
Camión_|_Regional_Community_03,2020-03-01,10696534.21,25,1.0,0.56,0.04,Watchlist,Balanced,False
Camión_|_Regional_Community_03,2020-04-01,8560942.37,25,1.0,0.56,0.04,Watchlist,Balanced,False
Camión_|_Regional_Community_03,2020-05-01,11069443.19,25,1.0,0.56,0.08,Watchlist,Balanced,False
Camión_|_Regional_Community_03,2020-06-01,8821500.5,25,1.0,0.6,0.0,Watchlist,Balanced,False
Camión_|_Regional_Community_03,2020-08-01,10956268.27,25,1.0,0.6,0.0,Watchlist,Balanced,False
Camión_|_Regional_Community_03,2020-09-01,8011920.43,25,1.0,0.56,0.04,Watchlist,Balanced,False
Camión_|_Regional_Community_03,2020-10-01,8057168.72,25,1.0,0.56,0.04,Watchlist,Balanced,False
Camión_|_Regional_Community_03,2020-11-01,9544012.46,25,1.0,0.6,0.04,Watchlist,Balanced,False
Camión_|_Regional_Community_03,2020-12-01,7601472.24,25,1.0,0.6,0.0,Watchlist,Balanced,False
Camión_|_Regional_Community_03,2021-01-01,9723737.08,25,1.0,0.56,0.04,Watchlist,Balanced,False
Camión_|_Regional_Community_03,2021-02-01,7732440.2,25,1.0,0.56,0.08,Watchlist,Balanced,False
Camión_|_Regional_Community_03,2021-03-01,8330842.76,25,1.0,0.6,0.0,Watchlist,Balanced,False
Camión_|_Regional_Community_03,2021-04-01,8732386.21,25,1.0,0.6,0.0,Watchlist,Balanced,False
Camión_|_Regional_Community_03,2021-05-01,11123774.08,25,1.0,0.6,0.0,Watchlist,Balanced,False
Camión_|_Regional_Community_03,2021-06-01,9187007.18,25,1.0,0.6,0.0,Watchlist,Balanced,False
Camión_|_Regional_Community_03,2021-07-01,8684767.01,25,1.0,0.56,0.04,Watchlist,Balanced,False
Camión_|_Regional_Community_03,2021-08-01,10712464.21,25,1.0,0.56,0.04,Watchlist,Balanced,False
Camión_|_Regional_Community_03,2021-09-01,8309067.7,25,1.0,0.56,0.08,Watchlist,Balanced,False
Camión_|_Regional_Community_03,2021-10-01,10040436.51,25,1.0,0.56,0.04,Watchlist,Balanced,False
Camión_|_Regional_Community_03,2021-11-01,7925492.34,25,1.0,0.6,0.04,Watchlist,Balanced,False
Camión_|_Regional_Community_03,2021-12-01,7465336.88,25,1.0,0.6,0.0,Watchlist,Balanced,False
Camión_|_Regional_Community_03,2022-01-01,10040643.5,25,1.0,0.6,0.04,Watchlist,Balanced,False
Camión_|_Regional_Community_03,2022-02-01,7913336.92,25,1.0,0.64,0.0,Watchlist,Balanced,False
Camión_|_Regional_Community_03,2022-03-01,8398267.55,25,1.0,0.6,0.0,Watchlist,Balanced,False
Camión_|_Regional_Community_03,2022-04-01,8805409.31,25,1.0,0.6,0.0,Watchlist,Balanced,False
Camión_|_Regional_Community_03,2022-05-01,11539689.07,25,1.0,0.6,0.0,Watchlist,Balanced,False
Camión_|_Regional_Community_03,2022-06-01,8963851.1,25,1.0,0.6,0.0,Watchlist,Balanced,False
Camión_|_Regional_Community_03,2022-07-01,10914617.97,25,1.0,0.56,0.08,Watchlist,Balanced,False
Camión_|_Regional_Community_03,2022-08-01,8421208.94,25,1.0,0.6,0.0,Watchlist,Balanced,False
Camión_|_Regional_Community_03,2022-09-01,8148656.5,25,1.0,0.56,0.08,Watchlist,Balanced,False
Camión_|_Regional_Community_03,2022-11-01,7991762.57,25,1.0,0.56,0.04,Watchlist,Balanced,False
Camión_|_Regional_Community_03,2022-12-01,7652265.68,25,1.0,0.56,0.08,Watchlist,Balanced,False
Camión_|_Regional_Community_03,2023-01-01,9662569.7,25,1.0,0.6,0.04,Watchlist,Balanced,False
Camión_|_Regional_Community_03,2023-02-01,7983544.29,25,1.0,0.6,0.0,Watchlist,Balanced,False
Camión_|_Regional_Community_03,2023-03-01,8269900.31,25,1.0,0.56,0.04,Watchlist,Balanced,False
Camión_|_Regional_Community_03,2023-04-01,10714994.790000001,25,1.0,0.56,0.08,Watchlist,Balanced,False
Camión_|_Regional_Community_03,2023-05-01,8850407.76,25,1.0,0.56,0.04,Watchlist,Balanced,False
Camión_|_Regional_Community_03,2023-06-01,8931157.64,25,1.0,0.56,0.08,Watchlist,Balanced,False
Camión_|_Regional_Community_03,2023-07-01,11221829.78,25,1.0,0.64,0.0,Watchlist,Balanced,False
Camión_|_Regional_Community_03,2023-08-01,8615049.05,25,1.0,0.6,0.0,Watchlist,Balanced,False
Camión_|_Regional_Community_03,2023-09-01,8251599.45,25,1.0,0.6,0.0,Watchlist,Balanced,False
Camión_|_Regional_Community_03,2023-10-01,10030948.99,25,1.0,0.6,0.04,Watchlist,Balanced,False
Camión_|_Regional_Community_03,2023-11-01,7765951.97,25,1.0,0.6,0.04,Watchlist,Balanced,False
Camión_|_Regional_Community_03,2023-12-01,9552516.91,25,1.0,0.6,0.0,Watchlist,Balanced,False
Camión_|_Regional_Community_03,2024-01-01,7642943.73,25,1.0,0.6,0.0,Watchlist,Balanced,False
Camión_|_Regional_Community_03,2024-02-01,7820190.2299999995,25,1.0,0.6,0.0,Watchlist,Balanced,False
Camión_|_Regional_Community_03,2024-03-01,10138006.15,25,1.0,0.6,0.0,Watchlist,Balanced,False
Camión_|_Regional_Community_03,2024-04-01,8825018.52,25,1.0,0.6,0.0,Watchlist,Balanced,False
Camión_|_Regional_Community_03,2024-05-01,9015821.05,25,1.0,0.6,0.0,Watchlist,Balanced,False
Camión_|_Regional_Community_03,2024-06-01,11372219.47,25,1.0,0.6,0.04,Watchlist,Balanced,False
Camión_|_Regional_Community_03,2024-07-01,8771913.92,25,1.0,0.6,0.0,Watchlist,Balanced,False
Camión_|_Regional_Community_03,2024-08-01,8780608.43,25,1.0,0.6,0.0,Watchlist,Balanced,False
Camión_|_Regional_Community_03,2024-09-01,10448570.85,25,1.0,0.6,0.0,Watchlist,Balanced,False
Camión_|_Regional_Community_03,2024-10-01,8103354.42,25,1.0,0.6,0.04,Watchlist,Balanced,False
Camión_|_Regional_Community_03,2024-11-01,7814512.72,25,1.0,0.6,0.04,Watchlist,Balanced,False
Camión_|_Regional_Community_03,2024-12-01,9384414.58,25,1.0,0.6,0.0,Watchlist,Balanced,False
Camión_|_Regional_Community_03,2025-01-01,7777594.52,25,1.0,0.56,0.08,Watchlist,Balanced,False
Camión_|_Regional_Community_03,2025-02-01,8168089.89,25,1.0,0.56,0.08,Watchlist,Balanced,False
Camión_|_Regional_Community_03,2025-03-01,10467937.05,25,1.0,0.64,0.0,Watchlist,Balanced,False
Camión_|_Regional_Community_03,2025-04-01,8500046.82,25,1.0,0.6,0.0,Watchlist,Balanced,False
Camión_|_Regional_Community_03,2025-05-01,9087263.47,25,1.0,0.56,0.04,Watchlist,Balanced,False
Camión_|_Regional_Community_03,2025-06-01,10804892.36,25,1.0,0.56,0.04,Watchlist,Balanced,False
Camión_|_Regional_Community_03,2025-07-01,9236350.35,25,1.0,0.56,0.04,Watchlist,Balanced,False
Camión_|_Regional_Community_03,2025-08-01,10701192.34,25,1.0,0.56,0.04,Watchlist,Balanced,False
Camión_|_Regional_Community_03,2025-09-01,8024730.96,25,1.0,0.56,0.08,Watchlist,Balanced,False
Camión_|_Regional_Community_03,2025-10-01,7625903.140000001,25,1.0,0.6,0.0,Watchlist,Balanced,False
Camión_|_Regional_Community_03,2025-11-01,9644776.56,25,1.0,0.56,0.04,Watchlist,Balanced,False
Camión_|_Regional_Community_03,2025-12-01,7502095.95,25,1.0,0.56,0.04,Watchlist,Balanced,False
Coche_|_Budget_Community_01,2020-03-01,2737760.77,24,1.0,0.5416666666666666,0.08333333333333333,Watchlist,Balanced,False
Coche_|_Budget_Community_01,2020-07-01,1998495.81,24,1.0,0.5416666666666666,0.041666666666666664,Watchlist,Balanced,False
Coche_|_Budget_Community_01,2020-08-01,2681074.02,24,1.0,0.5416666666666666,0.041666666666666664,Watchlist,Balanced,False
Coche_|_Budget_Community_01,2020-11-01,3477652.29,24,1.0,0.5833333333333334,0.041666666666666664,Watchlist,Balanced,False
Coche_|_Budget_Community_01,2021-01-01,3296659.31,24,1.0,0.5416666666666666,0.08333333333333333,Watchlist,Balanced,False
Coche_|_Budget_Community_01,2021-02-01,2527317.33,24,1.0,0.5416666666666666,0.08333333333333333,Watchlist,Balanced,False
Coche_|_Budget_Community_01,2021-03-01,2262799.15,24,1.0,0.5416666666666666,0.041666666666666664,Watchlist,Balanced,False
Coche_|_Budget_Community_01,2021-04-01,1837278.7,24,1.0,0.5416666666666666,0.08333333333333333,Watchlist,Balanced,False
Coche_|_Budget_Community_01,2021-05-01,2463827.33,24,1.0,0.5416666666666666,0.08333333333333333,Watchlist,Balanced,False
Coche_|_Budget_Community_01,2021-06-01,1938984.08,24,1.0,0.5416666666666666,0.041666666666666664,Watchlist,Balanced,False
Coche_|_Budget_Community_01,2021-08-01,2451138.87,24,1.0,0.5416666666666666,0.08333333333333333,Watchlist,Balanced,False
Coche_|_Budget_Community_01,2021-09-01,2266466.96,24,1.0,0.5833333333333334,0.0,Watchlist,Balanced,False
Coche_|_Budget_Community_01,2021-10-01,3350433.61,24,1.0,0.5833333333333334,0.041666666666666664,Watchlist,Balanced,False
Coche_|_Budget_Community_01,2021-11-01,2870478.64,24,1.0,0.5416666666666666,0.08333333333333333,Watchlist,Balanced,False
Coche_|_Budget_Community_01,2021-12-01,2583963.73,24,1.0,0.5833333333333334,0.041666666666666664,Watchlist,Balanced,False
Coche_|_Budget_Community_01,2022-01-01,3567955.77,24,1.0,0.5833333333333334,0.041666666666666664,Watchlist,Balanced,False
Coche_|_Budget_Community_01,2022-02-01,2633662.55,24,1.0,0.5833333333333334,0.041666666666666664,Watchlist,Balanced,False
Coche_|_Budget_Community_01,2022-03-01,2324151.11,24,1.0,0.5833333333333334,0.041666666666666664,Watchlist,Balanced,False
Coche_|_Budget_Community_01,2022-04-01,2094753.58,24,1.0,0.5416666666666666,0.041666666666666664,Watchlist,Balanced,False
Coche_|_Budget_Community_01,2022-05-01,2408760.44,24,1.0,0.5833333333333334,0.041666666666666664,Watchlist,Balanced,False
Coche_|_Budget_Community_01,2022-06-01,1898616.68,24,1.0,0.5833333333333334,0.0,Watchlist,Balanced,False
Coche_|_Budget_Community_01,2022-07-01,2376060.36,24,1.0,0.5833333333333334,0.041666666666666664,Watchlist,Balanced,False
Coche_|_Budget_Community_01,2022-08-01,2033106.08,24,1.0,0.5833333333333334,0.0,Watchlist,Balanced,False
Coche_|_Budget_Community_01,2022-10-01,3159044.81,24,1.0,0.5416666666666666,0.041666666666666664,Watchlist,Balanced,False
Coche_|_Budget_Community_01,2022-11-01,2870593.87,24,1.0,0.5416666666666666,0.041666666666666664,Watchlist,Balanced,False
Coche_|_Budget_Community_01,2023-02-01,2781607.94,24,1.0,0.5416666666666666,0.041666666666666664,Watchlist,Balanced,False
Coche_|_Budget_Community_01,2023-03-01,2154658.8,24,1.0,0.5833333333333334,0.041666666666666664,Watchlist,Balanced,False
Coche_|_Budget_Community_01,2023-04-01,2607893.89,24,1.0,0.5416666666666666,0.041666666666666664,Watchlist,Balanced,False
Coche_|_Budget_Community_01,2023-05-01,1903661.96,24,1.0,0.5416666666666666,0.041666666666666664,Watchlist,Balanced,False
Coche_|_Budget_Community_01,2023-06-01,1745912.56,24,1.0,0.5416666666666666,0.041666666666666664,Watchlist,Balanced,False
Coche_|_Budget_Community_01,2023-08-01,2019260.37,24,1.0,0.5833333333333334,0.0,Watchlist,Balanced,False
Coche_|_Budget_Community_01,2024-02-01,2530082.42,24,1.0,0.5416666666666666,0.08333333333333333,Watchlist,Balanced,False
Coche_|_Budget_Community_01,2024-03-01,2986691.8,24,1.0,0.625,0.0,Watchlist,Balanced,False
Coche_|_Budget_Community_01,2024-04-01,2102647.64,24,1.0,0.625,0.0,Watchlist,Balanced,False
Coche_|_Budget_Community_01,2024-07-01,2034915.75,24,1.0,0.5416666666666666,0.041666666666666664,Watchlist,Balanced,False
Coche_|_Budget_Community_01,2024-10-01,2599665.65,24,1.0,0.5833333333333334,0.041666666666666664,Watchlist,Balanced,False
Coche_|_Budget_Community_01,2024-11-01,2941877.6,24,1.0,0.5416666666666666,0.08333333333333333,Watchlist,Balanced,False
Coche_|_Budget_Community_01,2024-12-01,3807296.65,24,1.0,0.5416666666666666,0.041666666666666664,Watchlist,Balanced,False
Coche_|_Budget_Community_01,2025-01-01,2679898.58,24,1.0,0.5416666666666666,0.041666666666666664,Watchlist,Balanced,False
Coche_|_Budget_Community_01,2025-04-01,2048336.18,24,1.0,0.5416666666666666,0.08333333333333333,Watchlist,Balanced,False
Coche_|_Budget_Community_01,2025-05-01,1979126.11,24,1.0,0.5416666666666666,0.041666666666666664,Watchlist,Balanced,False
Coche_|_Budget_Community_01,2025-08-01,2853881.14,24,1.0,0.5416666666666666,0.041666666666666664,Watchlist,Balanced,False
Coche_|_Budget_Community_01,2025-10-01,2764588.52,24,1.0,0.5416666666666666,0.041666666666666664,Watchlist,Balanced,False
Coche_|_Budget_Community_02,2020-03-01,2712572.51,25,1.0,0.64,0.0,Watchlist,Balanced,False
Coche_|_Budget_Community_02,2020-04-01,1921687.83,25,1.0,0.56,0.08,Watchlist,Balanced,False
Coche_|_Budget_Community_02,2020-05-01,2175789.92,25,1.0,0.6,0.0,Watchlist,Balanced,False
Coche_|_Budget_Community_02,2020-06-01,1765978.9,25,1.0,0.52,0.12,Watchlist,Balanced,False
Coche_|_Budget_Community_02,2020-07-01,1715792.7,25,1.0,0.52,0.12,Watchlist,Balanced,False
Coche_|_Budget_Community_02,2020-08-01,2426022.96,25,1.0,0.6,0.0,Watchlist,Balanced,False
Coche_|_Budget_Community_02,2020-09-01,2343760.98,25,1.0,0.56,0.04,Watchlist,Balanced,False
Coche_|_Budget_Community_02,2020-10-01,2340341.39,25,1.0,0.56,0.08,Watchlist,Balanced,False
Coche_|_Budget_Community_02,2020-12-01,2640884.02,25,1.0,0.6,0.04,Watchlist,Balanced,False
Coche_|_Budget_Community_02,2021-01-01,3062107.15,25,1.0,0.56,0.08,Watchlist,Balanced,False
Coche_|_Budget_Community_02,2021-02-01,2368177.81,25,1.0,0.64,0.0,Watchlist,Balanced,False
Coche_|_Budget_Community_02,2021-03-01,2212219.26,25,1.0,0.52,0.08,Watchlist,Balanced,False
Coche_|_Budget_Community_02,2021-04-01,1825406.35,25,1.0,0.52,0.12,Watchlist,Balanced,False
Coche_|_Budget_Community_02,2021-05-01,2267135.91,25,1.0,0.52,0.12,Watchlist,Balanced,False
Coche_|_Budget_Community_02,2021-07-01,1736785.85,25,1.0,0.6,0.0,Watchlist,Balanced,False
Coche_|_Budget_Community_02,2021-08-01,2457706.65,25,1.0,0.56,0.08,Watchlist,Balanced,False
Coche_|_Budget_Community_02,2021-09-01,2243597.07,25,1.0,0.52,0.08,Watchlist,Balanced,False
Coche_|_Budget_Community_02,2021-10-01,3019147.93,25,1.0,0.52,0.08,Watchlist,Balanced,False
Coche_|_Budget_Community_02,2021-11-01,2461479.25,25,1.0,0.56,0.08,Watchlist,Balanced,False
Coche_|_Budget_Community_02,2021-12-01,2765658.02,25,1.0,0.56,0.04,Watchlist,Balanced,False
Coche_|_Budget_Community_02,2022-01-01,3232145.35,25,1.0,0.56,0.04,Watchlist,Balanced,False
Coche_|_Budget_Community_02,2022-02-01,2427007.2,25,1.0,0.56,0.08,Watchlist,Balanced,False
Coche_|_Budget_Community_02,2022-03-01,2312043.4,25,1.0,0.56,0.08,Watchlist,Balanced,False
Coche_|_Budget_Community_02,2022-04-01,1955303.4,25,1.0,0.56,0.08,Watchlist,Balanced,False
Coche_|_Budget_Community_02,2022-05-01,2097369.65,25,1.0,0.6,0.04,Watchlist,Balanced,False
Coche_|_Budget_Community_02,2022-07-01,2267332.53,25,1.0,0.56,0.04,Watchlist,Balanced,False
Coche_|_Budget_Community_02,2022-09-01,2096147.45,25,1.0,0.52,0.12,Watchlist,Balanced,False
Coche_|_Budget_Community_02,2022-10-01,3050012.52,25,1.0,0.56,0.08,Watchlist,Balanced,False
Coche_|_Budget_Community_02,2022-11-01,2559266.93,25,1.0,0.56,0.04,Watchlist,Balanced,False
Coche_|_Budget_Community_02,2022-12-01,2573933.59,25,1.0,0.56,0.04,Watchlist,Balanced,False
Coche_|_Budget_Community_02,2023-01-01,3269368.59,25,1.0,0.52,0.12,Watchlist,Balanced,False
Coche_|_Budget_Community_02,2023-02-01,2269591.06,25,1.0,0.56,0.04,Watchlist,Balanced,False
Coche_|_Budget_Community_02,2023-03-01,2146051.75,25,1.0,0.52,0.08,Watchlist,Balanced,False
Coche_|_Budget_Community_02,2023-04-01,2463817.4,25,1.0,0.52,0.12,Watchlist,Balanced,False
Coche_|_Budget_Community_02,2023-05-01,1806162.18,25,1.0,0.56,0.08,Watchlist,Balanced,False
Coche_|_Budget_Community_02,2023-06-01,1647256.54,25,1.0,0.6,0.04,Watchlist,Balanced,False
Coche_|_Budget_Community_02,2023-07-01,2319651.04,25,1.0,0.56,0.04,Watchlist,Balanced,False
Coche_|_Budget_Community_02,2023-08-01,1899094.53,25,1.0,0.56,0.08,Watchlist,Balanced,False
Coche_|_Budget_Community_02,2023-09-01,2169123.35,25,1.0,0.56,0.04,Watchlist,Balanced,False
Coche_|_Budget_Community_02,2023-10-01,3148123.59,25,1.0,0.52,0.08,Watchlist,Balanced,False
Coche_|_Budget_Community_02,2023-11-01,2497666.42,25,1.0,0.52,0.12,Watchlist,Balanced,False
Coche_|_Budget_Community_02,2023-12-01,3213374.17,25,1.0,0.56,0.08,Watchlist,Balanced,False
Coche_|_Budget_Community_02,2024-01-01,2718049.4,25,1.0,0.56,0.04,Watchlist,Balanced,False
Coche_|_Budget_Community_02,2024-02-01,2404983.94,25,1.0,0.52,0.08,Watchlist,Balanced,False
Coche_|_Budget_Community_02,2024-03-01,2653114.94,25,1.0,0.52,0.08,Watchlist,Balanced,False
Coche_|_Budget_Community_02,2024-04-01,2037086.42,25,1.0,0.6,0.0,Watchlist,Balanced,False
Coche_|_Budget_Community_02,2024-05-01,1790876.17,25,1.0,0.56,0.04,Watchlist,Balanced,False
Coche_|_Budget_Community_02,2024-06-01,2251101.0100000002,25,1.0,0.56,0.08,Watchlist,Balanced,False
Coche_|_Budget_Community_02,2024-08-01,1945127.29,25,1.0,0.52,0.08,Watchlist,Balanced,False
Coche_|_Budget_Community_02,2024-09-01,2795864.13,25,1.0,0.52,0.08,Watchlist,Balanced,False
Coche_|_Budget_Community_02,2024-10-01,2274436.57,25,1.0,0.52,0.08,Watchlist,Balanced,False
Coche_|_Budget_Community_02,2024-11-01,2527281.74,25,1.0,0.52,0.08,Watchlist,Balanced,False
Coche_|_Budget_Community_02,2024-12-01,3515667.96,25,1.0,0.56,0.04,Watchlist,Balanced,False
Coche_|_Budget_Community_02,2025-01-01,2309830.01,25,1.0,0.56,0.04,Watchlist,Balanced,False
Coche_|_Budget_Community_02,2025-02-01,2353418.42,25,1.0,0.52,0.08,Watchlist,Balanced,False
Coche_|_Budget_Community_02,2025-03-01,2781195.01,25,1.0,0.56,0.04,Watchlist,Balanced,False
Coche_|_Budget_Community_02,2025-04-01,1867613.67,25,1.0,0.56,0.08,Watchlist,Balanced,False
Coche_|_Budget_Community_02,2025-05-01,1656966.64,25,1.0,0.6,0.04,Watchlist,Balanced,False
Coche_|_Budget_Community_02,2025-06-01,2092299.75,25,1.0,0.6,0.04,Watchlist,Balanced,False
Coche_|_Budget_Community_02,2025-07-01,1793118.35,25,1.0,0.56,0.04,Watchlist,Balanced,False
Coche_|_Budget_Community_02,2025-08-01,2285730.84,25,1.0,0.56,0.08,Watchlist,Balanced,False
Coche_|_Budget_Community_02,2025-09-01,2163159.37,25,1.0,0.56,0.04,Watchlist,Balanced,False
Coche_|_Budget_Community_02,2025-10-01,2419273.8,25,1.0,0.56,0.08,Watchlist,Balanced,False
Coche_|_Budget_Community_02,2025-11-01,2958367.4499999997,25,1.0,0.56,0.08,Watchlist,Balanced,False
Coche_|_Budget_Community_02,2025-12-01,2540838.04,25,1.0,0.6,0.04,Watchlist,Balanced,False
Coche_|_Budget_Community_03,2020-03-01,3666159.63,31,1.0,0.5806451612903226,0.03225806451612903,Watchlist,Balanced,False
Coche_|_Budget_Community_03,2020-04-01,2871894.56,31,1.0,0.5161290322580645,0.0967741935483871,Watchlist,Balanced,False
Coche_|_Budget_Community_03,2020-05-01,3147163.43,31,1.0,0.5483870967741935,0.06451612903225806,Watchlist,Balanced,False
Coche_|_Budget_Community_03,2020-06-01,2587707.91,31,1.0,0.5483870967741935,0.06451612903225806,Watchlist,Balanced,False
Coche_|_Budget_Community_03,2020-07-01,2549867.79,31,1.0,0.5483870967741935,0.06451612903225806,Watchlist,Balanced,False
Coche_|_Budget_Community_03,2020-08-01,3197784.62,31,1.0,0.5806451612903226,0.03225806451612903,Watchlist,Balanced,False
Coche_|_Budget_Community_03,2020-09-01,2993918.37,31,1.0,0.5483870967741935,0.03225806451612903,Watchlist,Balanced,False
Coche_|_Budget_Community_03,2020-11-01,4221975.42,31,1.0,0.5483870967741935,0.0967741935483871,Watchlist,Balanced,False
Coche_|_Budget_Community_03,2020-12-01,3767649.09,31,1.0,0.5161290322580645,0.0967741935483871,Watchlist,Balanced,False
Coche_|_Budget_Community_03,2021-01-01,4349167.26,31,1.0,0.5483870967741935,0.06451612903225806,Watchlist,Balanced,False
Coche_|_Budget_Community_03,2021-02-01,3110064.48,31,1.0,0.5806451612903226,0.06451612903225806,Watchlist,Balanced,False
Coche_|_Budget_Community_03,2021-03-01,2988070.47,31,1.0,0.5483870967741935,0.03225806451612903,Watchlist,Balanced,False
Coche_|_Budget_Community_03,2021-04-01,2634191.95,31,1.0,0.5161290322580645,0.12903225806451613,Watchlist,Balanced,False
Coche_|_Budget_Community_03,2021-06-01,2610725.96,31,1.0,0.5161290322580645,0.0967741935483871,Watchlist,Balanced,False
Coche_|_Budget_Community_03,2021-07-01,2712869.07,31,1.0,0.5483870967741935,0.06451612903225806,Watchlist,Balanced,False
Coche_|_Budget_Community_03,2021-08-01,3203964.61,31,1.0,0.5161290322580645,0.0967741935483871,Watchlist,Balanced,False
Coche_|_Budget_Community_03,2021-09-01,2888568.23,31,1.0,0.5483870967741935,0.06451612903225806,Watchlist,Balanced,False
Coche_|_Budget_Community_03,2021-10-01,3972865.71,31,1.0,0.5483870967741935,0.06451612903225806,Watchlist,Balanced,False
Coche_|_Budget_Community_03,2021-11-01,3745889.29,31,1.0,0.5483870967741935,0.03225806451612903,Watchlist,Balanced,False
Coche_|_Budget_Community_03,2021-12-01,3187952.41,31,1.0,0.5483870967741935,0.06451612903225806,Watchlist,Balanced,False
Coche_|_Budget_Community_03,2022-01-01,4022251.55,31,1.0,0.5483870967741935,0.06451612903225806,Watchlist,Balanced,False
Coche_|_Budget_Community_03,2022-02-01,3086930.22,31,1.0,0.5806451612903226,0.03225806451612903,Watchlist,Balanced,False
Coche_|_Budget_Community_03,2022-03-01,2835164.07,31,1.0,0.5161290322580645,0.0967741935483871,Watchlist,Balanced,False
Coche_|_Budget_Community_03,2022-04-01,2748536.96,31,1.0,0.5483870967741935,0.03225806451612903,Watchlist,Balanced,False
Coche_|_Budget_Community_03,2022-06-01,2465702.58,31,1.0,0.5161290322580645,0.0967741935483871,Watchlist,Balanced,False
Coche_|_Budget_Community_03,2022-07-01,3212222.79,31,1.0,0.6129032258064516,0.0,Watchlist,Balanced,False
Coche_|_Budget_Community_03,2022-10-01,3946738.43,31,1.0,0.5161290322580645,0.06451612903225806,Watchlist,Balanced,False
Coche_|_Budget_Community_03,2022-12-01,3638505.1,31,1.0,0.5483870967741935,0.03225806451612903,Watchlist,Balanced,False
Coche_|_Budget_Community_03,2023-01-01,4091530.27,31,1.0,0.5161290322580645,0.12903225806451613,Watchlist,Balanced,False
Coche_|_Budget_Community_03,2023-02-01,3501220.14,31,1.0,0.5161290322580645,0.06451612903225806,Watchlist,Balanced,False
Coche_|_Budget_Community_03,2023-03-01,2975198.32,31,1.0,0.5161290322580645,0.0967741935483871,Watchlist,Balanced,False
Coche_|_Budget_Community_03,2023-04-01,3339790.85,31,1.0,0.5161290322580645,0.06451612903225806,Watchlist,Balanced,False
Coche_|_Budget_Community_03,2023-08-01,2576446.72,31,1.0,0.5161290322580645,0.06451612903225806,Watchlist,Balanced,False
Coche_|_Budget_Community_03,2023-09-01,3036828.15,31,1.0,0.5483870967741935,0.03225806451612903,Watchlist,Balanced,False
Coche_|_Budget_Community_03,2023-10-01,3830853.61,31,1.0,0.5483870967741935,0.06451612903225806,Watchlist,Balanced,False
Coche_|_Budget_Community_03,2023-11-01,3396392.92,31,1.0,0.5806451612903226,0.03225806451612903,Watchlist,Balanced,False
Coche_|_Budget_Community_03,2023-12-01,4280706.61,31,1.0,0.5483870967741935,0.06451612903225806,Watchlist,Balanced,False
Coche_|_Budget_Community_03,2024-01-01,3299583.87,31,1.0,0.5483870967741935,0.03225806451612903,Watchlist,Balanced,False
Coche_|_Budget_Community_03,2024-02-01,3182781.94,31,1.0,0.5161290322580645,0.0967741935483871,Watchlist,Balanced,False
Coche_|_Budget_Community_03,2024-03-01,3580669.0100000002,31,1.0,0.5806451612903226,0.03225806451612903,Watchlist,Balanced,False
Coche_|_Budget_Community_03,2024-04-01,2578155.8,31,1.0,0.5483870967741935,0.06451612903225806,Watchlist,Balanced,False
Coche_|_Budget_Community_03,2024-05-01,2327735.18,31,1.0,0.5806451612903226,0.03225806451612903,Watchlist,Balanced,False
Coche_|_Budget_Community_03,2024-06-01,3046653.67,31,1.0,0.5483870967741935,0.03225806451612903,Watchlist,Balanced,False
Coche_|_Budget_Community_03,2024-07-01,2276408.9,31,1.0,0.5161290322580645,0.06451612903225806,Watchlist,Balanced,False
Coche_|_Budget_Community_03,2024-08-01,2563712.51,31,1.0,0.5483870967741935,0.06451612903225806,Watchlist,Balanced,False
Coche_|_Budget_Community_03,2024-09-01,3550790.72,31,1.0,0.5483870967741935,0.06451612903225806,Watchlist,Balanced,False
Coche_|_Budget_Community_03,2024-10-01,3224296.54,31,1.0,0.5483870967741935,0.06451612903225806,Watchlist,Balanced,False
Coche_|_Budget_Community_03,2024-11-01,3535235.58,31,1.0,0.5161290322580645,0.06451612903225806,Watchlist,Balanced,False
Coche_|_Budget_Community_03,2025-01-01,3257108.71,31,1.0,0.5161290322580645,0.0967741935483871,Watchlist,Balanced,False
Coche_|_Budget_Community_03,2025-02-01,3411375.52,31,1.0,0.5161290322580645,0.06451612903225806,Watchlist,Balanced,False
Coche_|_Budget_Community_03,2025-05-01,2595757.96,31,1.0,0.5483870967741935,0.03225806451612903,Watchlist,Balanced,False
Coche_|_Budget_Community_03,2025-06-01,3091764.7,31,1.0,0.5161290322580645,0.06451612903225806,Watchlist,Balanced,False
Coche_|_Budget_Community_03,2025-07-01,2470512.33,31,1.0,0.5161290322580645,0.06451612903225806,Watchlist,Balanced,False
Coche_|_Budget_Community_03,2025-08-01,3090574.59,31,1.0,0.5161290322580645,0.06451612903225806,Watchlist,Balanced,False
Coche_|_Budget_Community_03,2025-09-01,2993580.96,31,1.0,0.5161290322580645,0.06451612903225806,Watchlist,Balanced,False
Coche_|_Eco_Community_01,2020-03-01,8002752.04,41,1.0,0.5853658536585366,0.07317073170731707,Watchlist,Balanced,False
Coche_|_Eco_Community_01,2020-04-01,5719363.7700000005,41,1.0,0.5853658536585366,0.04878048780487805,Watchlist,Balanced,False
Coche_|_Eco_Community_01,2020-05-01,6777882.39,41,1.0,0.6097560975609756,0.04878048780487805,Watchlist,Balanced,False
Coche_|_Eco_Community_01,2020-06-01,5366230.39,41,1.0,0.6341463414634146,0.024390243902439025,Watchlist,Balanced,False
Coche_|_Eco_Community_01,2020-07-01,5365760.12,41,1.0,0.6097560975609756,0.024390243902439025,Watchlist,Balanced,False
Coche_|_Eco_Community_01,2020-08-01,7062695.45,41,1.0,0.5609756097560976,0.0975609756097561,Watchlist,Balanced,False
Coche_|_Eco_Community_01,2020-09-01,6324826.76,41,1.0,0.5609756097560976,0.0975609756097561,Watchlist,Balanced,False
Coche_|_Eco_Community_01,2020-10-01,7091203.15,41,1.0,0.5853658536585366,0.07317073170731707,Watchlist,Balanced,False
Coche_|_Eco_Community_01,2020-11-01,9354140.32,41,1.0,0.5853658536585366,0.07317073170731707,Watchlist,Balanced,False
Coche_|_Eco_Community_01,2020-12-01,8056545.85,41,1.0,0.6341463414634146,0.024390243902439025,Watchlist,Balanced,False
Coche_|_Eco_Community_01,2021-01-01,10055425.11,41,1.0,0.6341463414634146,0.024390243902439025,Watchlist,Balanced,False
Coche_|_Eco_Community_01,2021-03-01,6523603.02,41,1.0,0.5365853658536586,0.0975609756097561,Watchlist,Balanced,False
Coche_|_Eco_Community_01,2021-04-01,6079229.94,41,1.0,0.5853658536585366,0.07317073170731707,Watchlist,Balanced,False
Coche_|_Eco_Community_01,2021-05-01,7072793.22,41,1.0,0.5853658536585366,0.04878048780487805,Watchlist,Balanced,False
Coche_|_Eco_Community_01,2021-06-01,5282371.04,41,1.0,0.6097560975609756,0.04878048780487805,Watchlist,Balanced,False
Coche_|_Eco_Community_01,2021-07-01,5393517.63,41,1.0,0.6341463414634146,0.024390243902439025,Watchlist,Balanced,False
Coche_|_Eco_Community_01,2021-08-01,7170016.83,41,1.0,0.6097560975609756,0.04878048780487805,Watchlist,Balanced,False
Coche_|_Eco_Community_01,2021-10-01,9142046.84,41,1.0,0.5853658536585366,0.07317073170731707,Watchlist,Balanced,False
Coche_|_Eco_Community_01,2021-11-01,7643218.68,41,1.0,0.5609756097560976,0.0975609756097561,Watchlist,Balanced,False
Coche_|_Eco_Community_01,2021-12-01,8159088.04,41,1.0,0.5365853658536586,0.0975609756097561,Watchlist,Balanced,False
Coche_|_Eco_Community_01,2022-01-01,9754479.08,41,1.0,0.6097560975609756,0.04878048780487805,Watchlist,Balanced,False
Coche_|_Eco_Community_01,2022-02-01,7326600.57,41,1.0,0.5853658536585366,0.04878048780487805,Watchlist,Balanced,False
Coche_|_Eco_Community_01,2022-03-01,6446071.42,41,1.0,0.6097560975609756,0.04878048780487805,Watchlist,Balanced,False
Coche_|_Eco_Community_01,2022-05-01,6808403.55,41,1.0,0.5609756097560976,0.0975609756097561,Watchlist,Balanced,False
Coche_|_Eco_Community_01,2022-06-01,5256738.04,41,1.0,0.5853658536585366,0.07317073170731707,Watchlist,Balanced,False
Coche_|_Eco_Community_01,2022-07-01,6674171.93,41,1.0,0.6097560975609756,0.04878048780487805,Watchlist,Balanced,False
Coche_|_Eco_Community_01,2022-08-01,5677988.58,41,1.0,0.6097560975609756,0.024390243902439025,Watchlist,Balanced,False
Coche_|_Eco_Community_01,2022-09-01,6452722.92,41,1.0,0.5609756097560976,0.07317073170731707,Watchlist,Balanced,False
Coche_|_Eco_Community_01,2022-10-01,9327422.94,41,1.0,0.5365853658536586,0.12195121951219512,Watchlist,Balanced,False
Coche_|_Eco_Community_01,2022-11-01,7478600.45,41,1.0,0.5853658536585366,0.07317073170731707,Watchlist,Balanced,False
Coche_|_Eco_Community_01,2022-12-01,8061782.33,41,1.0,0.5853658536585366,0.07317073170731707,Watchlist,Balanced,False
Coche_|_Eco_Community_01,2023-01-01,9555794.32,41,1.0,0.6097560975609756,0.04878048780487805,Watchlist,Balanced,False
Coche_|_Eco_Community_01,2023-02-01,7553701.26,41,1.0,0.5853658536585366,0.04878048780487805,Watchlist,Balanced,False
Coche_|_Eco_Community_01,2023-03-01,6475889.95,41,1.0,0.6097560975609756,0.04878048780487805,Watchlist,Balanced,False
Coche_|_Eco_Community_01,2023-04-01,7488945.88,41,1.0,0.6097560975609756,0.04878048780487805,Watchlist,Balanced,False
Coche_|_Eco_Community_01,2023-05-01,5629900.73,41,1.0,0.6097560975609756,0.024390243902439025,Watchlist,Balanced,False
Coche_|_Eco_Community_01,2023-06-01,5345672.2,41,1.0,0.5609756097560976,0.0975609756097561,Watchlist,Balanced,False
Coche_|_Eco_Community_01,2023-07-01,6938175.74,41,1.0,0.6097560975609756,0.04878048780487805,Watchlist,Balanced,False
Coche_|_Eco_Community_01,2023-08-01,5836194.37,41,1.0,0.6097560975609756,0.04878048780487805,Watchlist,Balanced,False
Coche_|_Eco_Community_01,2023-09-01,6636640.26,41,1.0,0.6097560975609756,0.024390243902439025,Watchlist,Balanced,False
Coche_|_Eco_Community_01,2023-10-01,9055246.36,41,1.0,0.5853658536585366,0.07317073170731707,Watchlist,Balanced,False
Coche_|_Eco_Community_01,2023-11-01,7778207.11,41,1.0,0.6341463414634146,0.024390243902439025,Watchlist,Balanced,False
Coche_|_Eco_Community_01,2023-12-01,9930370.78,41,1.0,0.6097560975609756,0.024390243902439025,Watchlist,Balanced,False
Coche_|_Eco_Community_01,2024-01-01,7477675.74,41,1.0,0.6097560975609756,0.04878048780487805,Watchlist,Balanced,False
Coche_|_Eco_Community_01,2024-02-01,7353735.4799999995,41,1.0,0.6097560975609756,0.04878048780487805,Watchlist,Balanced,False
Coche_|_Eco_Community_01,2024-03-01,8168156.87,41,1.0,0.5853658536585366,0.04878048780487805,Watchlist,Balanced,False
Coche_|_Eco_Community_01,2024-04-01,5547397.26,41,1.0,0.6097560975609756,0.04878048780487805,Watchlist,Balanced,False
Coche_|_Eco_Community_01,2024-05-01,5277155.61,41,1.0,0.5609756097560976,0.0975609756097561,Watchlist,Balanced,False
Coche_|_Eco_Community_01,2024-06-01,6660107.11,41,1.0,0.5609756097560976,0.0975609756097561,Watchlist,Balanced,False
Coche_|_Eco_Community_01,2024-07-01,5301699.84,41,1.0,0.6097560975609756,0.024390243902439025,Watchlist,Balanced,False
Coche_|_Eco_Community_01,2024-08-01,5850138.7700000005,41,1.0,0.5853658536585366,0.07317073170731707,Watchlist,Balanced,False
Coche_|_Eco_Community_01,2024-09-01,8166026.0200000005,41,1.0,0.5609756097560976,0.07317073170731707,Watchlist,Balanced,False
Coche_|_Eco_Community_01,2024-10-01,7459735.31,41,1.0,0.5853658536585366,0.04878048780487805,Watchlist,Balanced,False
Coche_|_Eco_Community_01,2024-11-01,7904072.71,41,1.0,0.6097560975609756,0.024390243902439025,Watchlist,Balanced,False
Coche_|_Eco_Community_01,2024-12-01,10365377.56,41,1.0,0.6097560975609756,0.04878048780487805,Watchlist,Balanced,False
Coche_|_Eco_Community_01,2025-01-01,7898949.78,41,1.0,0.6097560975609756,0.024390243902439025,Watchlist,Balanced,False
Coche_|_Eco_Community_01,2025-02-01,7260979.41,41,1.0,0.6097560975609756,0.024390243902439025,Watchlist,Balanced,False
Coche_|_Eco_Community_01,2025-03-01,8135478.95,41,1.0,0.6097560975609756,0.04878048780487805,Watchlist,Balanced,False
Coche_|_Eco_Community_01,2025-04-01,5844416.03,41,1.0,0.5853658536585366,0.07317073170731707,Watchlist,Balanced,False
Coche_|_Eco_Community_01,2025-05-01,5407045.03,41,1.0,0.5609756097560976,0.07317073170731707,Watchlist,Balanced,False
Coche_|_Eco_Community_01,2025-06-01,6665864.31,41,1.0,0.5609756097560976,0.07317073170731707,Watchlist,Balanced,False
Coche_|_Eco_Community_01,2025-07-01,5613298.24,41,1.0,0.6097560975609756,0.04878048780487805,Watchlist,Balanced,False
Coche_|_Eco_Community_01,2025-08-01,7700005.29,41,1.0,0.6097560975609756,0.024390243902439025,Watchlist,Balanced,False
Coche_|_Eco_Community_01,2025-09-01,6536293.13,41,1.0,0.5609756097560976,0.0975609756097561,Watchlist,Balanced,False
Coche_|_Eco_Community_01,2025-10-01,6980315.5,41,1.0,0.5853658536585366,0.07317073170731707,Watchlist,Balanced,False
Coche_|_Eco_Community_01,2025-11-01,9986006.4,41,1.0,0.5853658536585366,0.04878048780487805,Watchlist,Balanced,False
Coche_|_Eco_Community_01,2025-12-01,8145874.07,41,1.0,0.6097560975609756,0.024390243902439025,Watchlist,Balanced,False
Coche_|_Eco_Community_02,2020-03-01,8804081.39,39,1.0,0.6153846153846154,0.0,Watchlist,Balanced,False
Coche_|_Eco_Community_02,2020-04-01,6453860.3100000005,39,1.0,0.5897435897435898,0.02564102564102564,Watchlist,Balanced,False
Coche_|_Eco_Community_02,2020-05-01,7410005.28,39,1.0,0.5897435897435898,0.02564102564102564,Watchlist,Balanced,False
Coche_|_Eco_Community_02,2020-06-01,5982652.11,39,1.0,0.5897435897435898,0.0,Watchlist,Balanced,False
Coche_|_Eco_Community_02,2020-07-01,6004280.5,39,1.0,0.5897435897435898,0.02564102564102564,Watchlist,Balanced,False
Coche_|_Eco_Community_02,2020-08-01,8085740.51,39,1.0,0.5897435897435898,0.0,Watchlist,Balanced,False
Coche_|_Eco_Community_02,2020-09-01,7065187.9,39,1.0,0.5641025641025641,0.05128205128205128,Watchlist,Balanced,False
Coche_|_Eco_Community_02,2020-10-01,7840516.8,39,1.0,0.5641025641025641,0.02564102564102564,Watchlist,Balanced,False
Coche_|_Eco_Community_02,2020-11-01,10628568.51,39,1.0,0.5641025641025641,0.05128205128205128,Watchlist,Balanced,False
Coche_|_Eco_Community_02,2020-12-01,8761148.16,39,1.0,0.5641025641025641,0.02564102564102564,Watchlist,Balanced,False
Coche_|_Eco_Community_02,2021-01-01,10278748.51,39,1.0,0.5897435897435898,0.02564102564102564,Watchlist,Balanced,False
Coche_|_Eco_Community_02,2021-02-01,7357155.07,39,1.0,0.5897435897435898,0.02564102564102564,Watchlist,Balanced,False
Coche_|_Eco_Community_02,2021-03-01,6802879.74,39,1.0,0.5897435897435898,0.02564102564102564,Watchlist,Balanced,False
Coche_|_Eco_Community_02,2021-04-01,6385626.5,39,1.0,0.5897435897435898,0.0,Watchlist,Balanced,False
Coche_|_Eco_Community_02,2021-05-01,7314921.2700000005,39,1.0,0.5897435897435898,0.02564102564102564,Watchlist,Balanced,False
Coche_|_Eco_Community_02,2021-06-01,5909014.16,39,1.0,0.5641025641025641,0.05128205128205128,Watchlist,Balanced,False
Coche_|_Eco_Community_02,2021-07-01,6214804.1,39,1.0,0.5641025641025641,0.02564102564102564,Watchlist,Balanced,False
Coche_|_Eco_Community_02,2021-08-01,8145396.47,39,1.0,0.5641025641025641,0.05128205128205128,Watchlist,Balanced,False
Coche_|_Eco_Community_02,2021-09-01,7204268.89,39,1.0,0.5897435897435898,0.02564102564102564,Watchlist,Balanced,False
Coche_|_Eco_Community_02,2021-10-01,9691709.24,39,1.0,0.5641025641025641,0.05128205128205128,Watchlist,Balanced,False
Coche_|_Eco_Community_02,2021-11-01,8074435.15,39,1.0,0.5641025641025641,0.02564102564102564,Watchlist,Balanced,False
Coche_|_Eco_Community_02,2021-12-01,8722386.18,39,1.0,0.5641025641025641,0.02564102564102564,Watchlist,Balanced,False
Coche_|_Eco_Community_02,2022-01-01,10261892.59,39,1.0,0.5897435897435898,0.0,Watchlist,Balanced,False
Coche_|_Eco_Community_02,2022-02-01,7831456.25,39,1.0,0.5641025641025641,0.02564102564102564,Watchlist,Balanced,False
Coche_|_Eco_Community_02,2022-03-01,7117590.890000001,39,1.0,0.5384615384615384,0.05128205128205128,Watchlist,Balanced,False
Coche_|_Eco_Community_02,2022-04-01,6398442.68,39,1.0,0.5384615384615384,0.07692307692307693,Watchlist,Balanced,False
Coche_|_Eco_Community_02,2022-05-01,7420206.23,39,1.0,0.5641025641025641,0.02564102564102564,Watchlist,Balanced,False
Coche_|_Eco_Community_02,2022-06-01,5817029.99,39,1.0,0.5897435897435898,0.02564102564102564,Watchlist,Balanced,False
Coche_|_Eco_Community_02,2022-07-01,7531408.63,39,1.0,0.5897435897435898,0.02564102564102564,Watchlist,Balanced,False
Coche_|_Eco_Community_02,2022-08-01,6602079.86,39,1.0,0.5897435897435898,0.02564102564102564,Watchlist,Balanced,False
Coche_|_Eco_Community_02,2022-09-01,7009598.02,39,1.0,0.5897435897435898,0.0,Watchlist,Balanced,False
Coche_|_Eco_Community_02,2022-10-01,9603775.22,39,1.0,0.5897435897435898,0.02564102564102564,Watchlist,Balanced,False
Coche_|_Eco_Community_02,2022-12-01,8423447.31,39,1.0,0.5897435897435898,0.0,Watchlist,Balanced,False
Coche_|_Eco_Community_02,2023-01-01,10129585.2,39,1.0,0.5897435897435898,0.0,Watchlist,Balanced,False
Coche_|_Eco_Community_02,2023-02-01,7817032.47,39,1.0,0.5897435897435898,0.0,Watchlist,Balanced,False
Coche_|_Eco_Community_02,2023-03-01,7063868.5,39,1.0,0.5897435897435898,0.0,Watchlist,Balanced,False
Coche_|_Eco_Community_02,2023-04-01,8122774.63,39,1.0,0.5641025641025641,0.05128205128205128,Watchlist,Balanced,False
Coche_|_Eco_Community_02,2023-05-01,6130234.42,39,1.0,0.5641025641025641,0.05128205128205128,Watchlist,Balanced,False
Coche_|_Eco_Community_02,2023-06-01,5837093.59,39,1.0,0.5897435897435898,0.0,Watchlist,Balanced,False
Coche_|_Eco_Community_02,2023-07-01,7425378.67,39,1.0,0.5897435897435898,0.02564102564102564,Watchlist,Balanced,False
Coche_|_Eco_Community_02,2023-08-01,6535148.71,39,1.0,0.5897435897435898,0.0,Watchlist,Balanced,False
Coche_|_Eco_Community_02,2023-09-01,6992477.83,39,1.0,0.5641025641025641,0.05128205128205128,Watchlist,Balanced,False
Coche_|_Eco_Community_02,2023-10-01,9430590.84,39,1.0,0.5897435897435898,0.02564102564102564,Watchlist,Balanced,False
Coche_|_Eco_Community_02,2023-11-01,8590218.24,39,1.0,0.5897435897435898,0.0,Watchlist,Balanced,False
Coche_|_Eco_Community_02,2024-01-01,8108394.96,39,1.0,0.5897435897435898,0.02564102564102564,Watchlist,Balanced,False
Coche_|_Eco_Community_02,2024-02-01,7956370.51,39,1.0,0.5641025641025641,0.02564102564102564,Watchlist,Balanced,False
Coche_|_Eco_Community_02,2024-03-01,8771977.25,39,1.0,0.5641025641025641,0.02564102564102564,Watchlist,Balanced,False
Coche_|_Eco_Community_02,2024-04-01,6540799.53,39,1.0,0.5897435897435898,0.0,Watchlist,Balanced,False
Coche_|_Eco_Community_02,2024-05-01,5984558.36,39,1.0,0.5641025641025641,0.05128205128205128,Watchlist,Balanced,False
Coche_|_Eco_Community_02,2024-06-01,7141231.14,39,1.0,0.5897435897435898,0.02564102564102564,Watchlist,Balanced,False
Coche_|_Eco_Community_02,2024-07-01,6031167.92,39,1.0,0.5897435897435898,0.0,Watchlist,Balanced,False
Coche_|_Eco_Community_02,2024-08-01,6336106.32,39,1.0,0.5897435897435898,0.02564102564102564,Watchlist,Balanced,False
Coche_|_Eco_Community_02,2024-09-01,8945432.05,39,1.0,0.5641025641025641,0.02564102564102564,Watchlist,Balanced,False
Coche_|_Eco_Community_02,2024-10-01,7801228.95,39,1.0,0.5641025641025641,0.05128205128205128,Watchlist,Balanced,False
Coche_|_Eco_Community_02,2024-11-01,8393387.88,39,1.0,0.5641025641025641,0.02564102564102564,Watchlist,Balanced,False
Coche_|_Eco_Community_02,2024-12-01,10552354.61,39,1.0,0.5641025641025641,0.02564102564102564,Watchlist,Balanced,False
Coche_|_Eco_Community_02,2025-01-01,8554365.15,39,1.0,0.5641025641025641,0.05128205128205128,Watchlist,Balanced,False
Coche_|_Eco_Community_02,2025-02-01,7517063.92,39,1.0,0.5897435897435898,0.02564102564102564,Watchlist,Balanced,False
Coche_|_Eco_Community_02,2025-03-01,8916944.73,39,1.0,0.5897435897435898,0.0,Watchlist,Balanced,False
Coche_|_Eco_Community_02,2025-04-01,6497344.12,39,1.0,0.5897435897435898,0.02564102564102564,Watchlist,Balanced,False
Coche_|_Eco_Community_02,2025-05-01,5895361.25,39,1.0,0.5897435897435898,0.02564102564102564,Watchlist,Balanced,False
Coche_|_Eco_Community_02,2025-06-01,7121382.67,39,1.0,0.5897435897435898,0.02564102564102564,Watchlist,Balanced,False
Coche_|_Eco_Community_02,2025-07-01,6147800.91,39,1.0,0.5897435897435898,0.0,Watchlist,Balanced,False
Coche_|_Eco_Community_02,2025-09-01,7223089.07,39,1.0,0.5641025641025641,0.05128205128205128,Watchlist,Balanced,False
Coche_|_Eco_Community_02,2025-10-01,7674633.17,39,1.0,0.5384615384615384,0.07692307692307693,Watchlist,Balanced,False
Coche_|_Eco_Community_02,2025-11-01,10310724.35,39,1.0,0.5897435897435898,0.02564102564102564,Watchlist,Balanced,False
Coche_|_Performance_Community_01,2020-03-01,11375214.91,36,1.0,0.6111111111111112,0.027777777777777776,Watchlist,Balanced,False
Coche_|_Performance_Community_01,2020-04-01,8202181.8,36,1.0,0.5833333333333334,0.05555555555555555,Watchlist,Balanced,False
Coche_|_Performance_Community_01,2020-05-01,9416861.21,36,1.0,0.6388888888888888,0.0,Watchlist,Balanced,False
Coche_|_Performance_Community_01,2020-06-01,7548666.53,36,1.0,0.5833333333333334,0.027777777777777776,Watchlist,Balanced,False
Coche_|_Performance_Community_01,2020-07-01,7410422.04,36,1.0,0.5833333333333334,0.05555555555555555,Watchlist,Balanced,False
Coche_|_Performance_Community_01,2020-08-01,10716584.92,36,1.0,0.6111111111111112,0.0,Watchlist,Balanced,False
Coche_|_Performance_Community_01,2020-09-01,9266562.59,36,1.0,0.5555555555555556,0.08333333333333333,Watchlist,Balanced,False
Coche_|_Performance_Community_01,2020-10-01,10343799.7,36,1.0,0.5833333333333334,0.05555555555555555,Watchlist,Balanced,False
Coche_|_Performance_Community_01,2020-11-01,14117091.63,36,1.0,0.5555555555555556,0.08333333333333333,Watchlist,Balanced,False
Coche_|_Performance_Community_01,2020-12-01,11208800.35,36,1.0,0.5833333333333334,0.05555555555555555,Watchlist,Balanced,False
Coche_|_Performance_Community_01,2021-01-01,13727610.08,36,1.0,0.5833333333333334,0.05555555555555555,Watchlist,Balanced,False
Coche_|_Performance_Community_01,2021-02-01,10396540.86,36,1.0,0.5833333333333334,0.05555555555555555,Watchlist,Balanced,False
Coche_|_Performance_Community_01,2021-03-01,9123651.56,36,1.0,0.5833333333333334,0.027777777777777776,Watchlist,Balanced,False
Coche_|_Performance_Community_01,2021-04-01,8190629.9,36,1.0,0.5555555555555556,0.08333333333333333,Watchlist,Balanced,False
Coche_|_Performance_Community_01,2021-05-01,9780992.97,36,1.0,0.5833333333333334,0.05555555555555555,Watchlist,Balanced,False
Coche_|_Performance_Community_01,2021-06-01,7618460.9,36,1.0,0.6111111111111112,0.027777777777777776,Watchlist,Balanced,False
Coche_|_Performance_Community_01,2021-07-01,7625664.65,36,1.0,0.5833333333333334,0.027777777777777776,Watchlist,Balanced,False
Coche_|_Performance_Community_01,2021-08-01,10414336.02,36,1.0,0.5833333333333334,0.05555555555555555,Watchlist,Balanced,False
Coche_|_Performance_Community_01,2021-10-01,13018861.39,36,1.0,0.5555555555555556,0.05555555555555555,Watchlist,Balanced,False
Coche_|_Performance_Community_01,2021-11-01,10905099.17,36,1.0,0.5833333333333334,0.05555555555555555,Watchlist,Balanced,False
Coche_|_Performance_Community_01,2021-12-01,11423834.24,36,1.0,0.6111111111111112,0.027777777777777776,Watchlist,Balanced,False
Coche_|_Performance_Community_01,2022-01-01,14052409.41,36,1.0,0.5833333333333334,0.027777777777777776,Watchlist,Balanced,False
Coche_|_Performance_Community_01,2022-02-01,10170315.55,36,1.0,0.6111111111111112,0.027777777777777776,Watchlist,Balanced,False
Coche_|_Performance_Community_01,2022-03-01,9163336.97,36,1.0,0.5833333333333334,0.05555555555555555,Watchlist,Balanced,False
Coche_|_Performance_Community_01,2022-04-01,8487134.05,36,1.0,0.6111111111111112,0.027777777777777776,Watchlist,Balanced,False
Coche_|_Performance_Community_01,2022-05-01,9701348.89,36,1.0,0.5833333333333334,0.05555555555555555,Watchlist,Balanced,False
Coche_|_Performance_Community_01,2022-06-01,7514503.34,36,1.0,0.6111111111111112,0.027777777777777776,Watchlist,Balanced,False
Coche_|_Performance_Community_01,2022-07-01,9493065.58,36,1.0,0.5555555555555556,0.08333333333333333,Watchlist,Balanced,False
Coche_|_Performance_Community_01,2022-08-01,8298104.36,36,1.0,0.6111111111111112,0.027777777777777776,Watchlist,Balanced,False
Coche_|_Performance_Community_01,2022-09-01,9077659.05,36,1.0,0.5277777777777778,0.08333333333333333,Watchlist,Balanced,False
Coche_|_Performance_Community_01,2022-10-01,12746757.27,36,1.0,0.5555555555555556,0.08333333333333333,Watchlist,Balanced,False
Coche_|_Performance_Community_01,2022-11-01,10895756.01,36,1.0,0.5833333333333334,0.05555555555555555,Watchlist,Balanced,False
Coche_|_Performance_Community_01,2022-12-01,11458108.52,36,1.0,0.5833333333333334,0.027777777777777776,Watchlist,Balanced,False
Coche_|_Performance_Community_01,2023-01-01,14240528.99,36,1.0,0.5833333333333334,0.05555555555555555,Watchlist,Balanced,False
Coche_|_Performance_Community_01,2023-02-01,9891550.31,36,1.0,0.5833333333333334,0.05555555555555555,Watchlist,Balanced,False
Coche_|_Performance_Community_01,2023-03-01,9325576.3,36,1.0,0.6111111111111112,0.027777777777777776,Watchlist,Balanced,False
Coche_|_Performance_Community_01,2023-04-01,10519675.08,36,1.0,0.6111111111111112,0.027777777777777776,Watchlist,Balanced,False
Coche_|_Performance_Community_01,2023-05-01,7846087.57,36,1.0,0.5833333333333334,0.05555555555555555,Watchlist,Balanced,False
Coche_|_Performance_Community_01,2023-06-01,7462721.91,36,1.0,0.5555555555555556,0.05555555555555555,Watchlist,Balanced,False
Coche_|_Performance_Community_01,2023-07-01,9951141.54,36,1.0,0.5277777777777778,0.1111111111111111,Watchlist,Balanced,False
Coche_|_Performance_Community_01,2023-08-01,8243326.0,36,1.0,0.5833333333333334,0.05555555555555555,Watchlist,Balanced,False
Coche_|_Performance_Community_01,2023-09-01,9265519.47,36,1.0,0.5833333333333334,0.05555555555555555,Watchlist,Balanced,False
Coche_|_Performance_Community_01,2023-10-01,12809261.76,36,1.0,0.5555555555555556,0.05555555555555555,Watchlist,Balanced,False
Coche_|_Performance_Community_01,2023-11-01,10801150.35,36,1.0,0.5555555555555556,0.08333333333333333,Watchlist,Balanced,False
Coche_|_Performance_Community_01,2023-12-01,13872630.39,36,1.0,0.5833333333333334,0.027777777777777776,Watchlist,Balanced,False
Coche_|_Performance_Community_01,2024-01-01,11315310.21,36,1.0,0.6111111111111112,0.0,Watchlist,Balanced,False
Coche_|_Performance_Community_01,2024-02-01,10360513.06,36,1.0,0.6111111111111112,0.027777777777777776,Watchlist,Balanced,False
Coche_|_Performance_Community_01,2024-03-01,11514375.120000001,36,1.0,0.6111111111111112,0.027777777777777776,Watchlist,Balanced,False
Coche_|_Performance_Community_01,2024-04-01,8338795.57,36,1.0,0.5833333333333334,0.05555555555555555,Watchlist,Balanced,False
Coche_|_Performance_Community_01,2024-05-01,7698253.71,36,1.0,0.5833333333333334,0.05555555555555555,Watchlist,Balanced,False
Coche_|_Performance_Community_01,2024-06-01,9389248.43,36,1.0,0.5833333333333334,0.05555555555555555,Watchlist,Balanced,False
Coche_|_Performance_Community_01,2024-07-01,7748989.93,36,1.0,0.6111111111111112,0.027777777777777776,Watchlist,Balanced,False
Coche_|_Performance_Community_01,2024-08-01,8142583.82,36,1.0,0.5833333333333334,0.05555555555555555,Watchlist,Balanced,False
Coche_|_Performance_Community_01,2024-09-01,11308402.85,36,1.0,0.5833333333333334,0.05555555555555555,Watchlist,Balanced,False
Coche_|_Performance_Community_01,2024-10-01,10573574.58,36,1.0,0.6111111111111112,0.027777777777777776,Watchlist,Balanced,False
Coche_|_Performance_Community_01,2024-11-01,11078794.46,36,1.0,0.5555555555555556,0.08333333333333333,Watchlist,Balanced,False
Coche_|_Performance_Community_01,2024-12-01,13926671.53,36,1.0,0.5833333333333334,0.05555555555555555,Watchlist,Balanced,False
Coche_|_Performance_Community_01,2025-01-01,10943273.59,36,1.0,0.5833333333333334,0.05555555555555555,Watchlist,Balanced,False
Coche_|_Performance_Community_01,2025-02-01,10284253.22,36,1.0,0.5833333333333334,0.05555555555555555,Watchlist,Balanced,False
Coche_|_Performance_Community_01,2025-03-01,11461004.93,36,1.0,0.5833333333333334,0.05555555555555555,Watchlist,Balanced,False
Coche_|_Performance_Community_01,2025-04-01,8197378.54,36,1.0,0.5833333333333334,0.05555555555555555,Watchlist,Balanced,False
Coche_|_Performance_Community_01,2025-05-01,7565177.62,36,1.0,0.5833333333333334,0.05555555555555555,Watchlist,Balanced,False
Coche_|_Performance_Community_01,2025-06-01,9335741.22,36,1.0,0.5833333333333334,0.05555555555555555,Watchlist,Balanced,False
Coche_|_Performance_Community_01,2025-07-01,7510801.16,36,1.0,0.6111111111111112,0.027777777777777776,Watchlist,Balanced,False
Coche_|_Performance_Community_01,2025-08-01,10111911.08,36,1.0,0.5833333333333334,0.05555555555555555,Watchlist,Balanced,False
Coche_|_Performance_Community_01,2025-09-01,9308826.53,36,1.0,0.5555555555555556,0.08333333333333333,Watchlist,Balanced,False
Coche_|_Performance_Community_01,2025-10-01,10062034.69,36,1.0,0.5555555555555556,0.08333333333333333,Watchlist,Balanced,False
Coche_|_Performance_Community_01,2025-11-01,13615643.34,36,1.0,0.6111111111111112,0.027777777777777776,Watchlist,Balanced,False
Coche_|_Performance_Community_01,2025-12-01,11405995.78,36,1.0,0.5833333333333334,0.05555555555555555,Watchlist,Balanced,False
Coche_|_Performance_Community_02,2020-03-01,2743915.2399999998,8,1.0,0.625,0.0,Watchlist,Balanced,False
Coche_|_Performance_Community_02,2020-04-01,1913082.0,8,1.0,0.625,0.0,Watchlist,Balanced,False
Coche_|_Performance_Community_02,2020-05-01,2322545.02,8,1.0,0.625,0.0,Watchlist,Balanced,False
Coche_|_Performance_Community_02,2020-06-01,1700954.91,8,1.0,0.625,0.0,Watchlist,Balanced,False
Coche_|_Performance_Community_02,2020-07-01,1820819.3800000001,8,1.0,0.625,0.0,Watchlist,Balanced,False
Coche_|_Performance_Community_02,2020-08-01,2642159.16,8,1.0,0.625,0.0,Watchlist,Balanced,False
Coche_|_Performance_Community_02,2020-11-01,3191427.39,8,1.0,0.625,0.0,Watchlist,Balanced,False
Coche_|_Performance_Community_02,2020-12-01,2812569.2,8,1.0,0.625,0.0,Watchlist,Balanced,False
Coche_|_Performance_Community_02,2021-01-01,3090056.96,8,1.0,0.625,0.0,Watchlist,Balanced,False
Coche_|_Performance_Community_02,2021-02-01,2266828.75,8,1.0,0.625,0.0,Watchlist,Balanced,False
Coche_|_Performance_Community_02,2021-03-01,2147123.15,8,1.0,0.625,0.0,Watchlist,Balanced,False
Coche_|_Performance_Community_02,2021-04-01,1899177.89,8,1.0,0.625,0.0,Watchlist,Balanced,False
Coche_|_Performance_Community_02,2021-05-01,2256432.0,8,1.0,0.625,0.0,Watchlist,Balanced,False
Coche_|_Performance_Community_02,2021-06-01,1809507.56,8,1.0,0.625,0.0,Watchlist,Balanced,False
Coche_|_Performance_Community_02,2021-07-01,1857533.54,8,1.0,0.625,0.0,Watchlist,Balanced,False
Coche_|_Performance_Community_02,2021-11-01,2744106.43,8,1.0,0.625,0.0,Watchlist,Balanced,False
Coche_|_Performance_Community_02,2021-12-01,2443885.95,8,1.0,0.625,0.0,Watchlist,Balanced,False
Coche_|_Performance_Community_02,2022-01-01,3149471.56,8,1.0,0.625,0.0,Watchlist,Balanced,False
Coche_|_Performance_Community_02,2022-03-01,2249344.84,8,1.0,0.625,0.0,Watchlist,Balanced,False
Coche_|_Performance_Community_02,2022-04-01,1888311.5,8,1.0,0.625,0.0,Watchlist,Balanced,False
Coche_|_Performance_Community_02,2022-05-01,2256867.59,8,1.0,0.625,0.0,Watchlist,Balanced,False
Coche_|_Performance_Community_02,2022-08-01,2034387.81,8,1.0,0.625,0.0,Watchlist,Balanced,False
Coche_|_Performance_Community_02,2022-12-01,2647313.81,8,1.0,0.625,0.0,Watchlist,Balanced,False
Coche_|_Performance_Community_02,2023-04-01,2400581.93,8,1.0,0.625,0.0,Watchlist,Balanced,False
Coche_|_Performance_Community_02,2023-07-01,2294003.33,8,1.0,0.625,0.0,Watchlist,Balanced,False
Coche_|_Performance_Community_02,2023-12-01,3298453.58,8,1.0,0.625,0.0,Watchlist,Balanced,False
Coche_|_Performance_Community_02,2024-01-01,2753323.36,8,1.0,0.625,0.0,Watchlist,Balanced,False
Coche_|_Performance_Community_02,2024-02-01,2268420.9299999997,8,1.0,0.625,0.0,Watchlist,Balanced,False
Coche_|_Performance_Community_02,2024-03-01,2702061.84,8,1.0,0.625,0.0,Watchlist,Balanced,False
Coche_|_Performance_Community_02,2024-04-01,1970668.06,8,1.0,0.625,0.0,Watchlist,Balanced,False
Coche_|_Performance_Community_02,2024-05-01,1925077.36,8,1.0,0.625,0.0,Watchlist,Balanced,False
Coche_|_Performance_Community_02,2024-06-01,2242173.9,8,1.0,0.625,0.0,Watchlist,Balanced,False
Coche_|_Performance_Community_02,2024-07-01,1957908.6400000001,8,1.0,0.625,0.0,Watchlist,Balanced,False
Coche_|_Performance_Community_02,2024-08-01,1975859.0,8,1.0,0.625,0.0,Watchlist,Balanced,False
Coche_|_Performance_Community_02,2024-09-01,2815726.15,8,1.0,0.625,0.0,Watchlist,Balanced,False
Coche_|_Performance_Community_02,2025-02-01,2371208.68,8,1.0,0.625,0.0,Watchlist,Balanced,False
Coche_|_Performance_Community_02,2025-03-01,2704828.19,8,1.0,0.625,0.0,Watchlist,Balanced,False
Coche_|_Performance_Community_02,2025-04-01,2059889.23,8,1.0,0.625,0.0,Watchlist,Balanced,False
Coche_|_Performance_Community_02,2025-05-01,1751162.99,8,1.0,0.625,0.0,Watchlist,Balanced,False
Coche_|_Performance_Community_02,2025-06-01,2259720.81,8,1.0,0.625,0.0,Watchlist,Balanced,False
Coche_|_Performance_Community_02,2025-07-01,1966922.78,8,1.0,0.625,0.0,Watchlist,Balanced,False
Coche_|_Performance_Community_02,2025-08-01,2381077.38,8,1.0,0.625,0.0,Watchlist,Balanced,False
Coche_|_Performance_Community_02,2025-09-01,2251712.45,8,1.0,0.625,0.0,Watchlist,Balanced,False
Coche_|_Performance_Community_02,2025-10-01,2349743.89,8,1.0,0.625,0.0,Watchlist,Balanced,False
Coche_|_Performance_Community_02,2025-11-01,3239797.25,8,1.0,0.625,0.0,Watchlist,Balanced,False
Coche_|_Performance_Community_02,2025-12-01,2664986.32,8,1.0,0.625,0.0,Watchlist,Balanced,False
Coche_|_Performance_Community_03,2020-03-01,10936611.39,36,1.0,0.6388888888888888,0.0,Watchlist,Balanced,False
Coche_|_Performance_Community_03,2020-05-01,9133384.97,36,1.0,0.6111111111111112,0.027777777777777776,Watchlist,Balanced,False
Coche_|_Performance_Community_03,2020-06-01,7152548.8,36,1.0,0.6111111111111112,0.027777777777777776,Watchlist,Balanced,False
Coche_|_Performance_Community_03,2020-07-01,7362771.82,36,1.0,0.6111111111111112,0.027777777777777776,Watchlist,Balanced,False
Coche_|_Performance_Community_03,2020-08-01,9908393.66,36,1.0,0.6111111111111112,0.027777777777777776,Watchlist,Balanced,False
Coche_|_Performance_Community_03,2020-09-01,8762572.29,36,1.0,0.5833333333333334,0.05555555555555555,Watchlist,Balanced,False
Coche_|_Performance_Community_03,2020-10-01,9546708.120000001,36,1.0,0.5833333333333334,0.05555555555555555,Watchlist,Balanced,False
Coche_|_Performance_Community_03,2020-11-01,12707093.92,36,1.0,0.6111111111111112,0.027777777777777776,Watchlist,Balanced,False
Coche_|_Performance_Community_03,2020-12-01,10614806.17,36,1.0,0.6111111111111112,0.027777777777777776,Watchlist,Balanced,False
Coche_|_Performance_Community_03,2021-01-01,12745911.88,36,1.0,0.6111111111111112,0.027777777777777776,Watchlist,Balanced,False
Coche_|_Performance_Community_03,2021-02-01,9247010.77,36,1.0,0.6111111111111112,0.027777777777777776,Watchlist,Balanced,False
Coche_|_Performance_Community_03,2021-03-01,8720610.99,36,1.0,0.6111111111111112,0.027777777777777776,Watchlist,Balanced,False
Coche_|_Performance_Community_03,2021-04-01,8105084.86,36,1.0,0.5833333333333334,0.05555555555555555,Watchlist,Balanced,False
Coche_|_Performance_Community_03,2021-05-01,9327015.12,36,1.0,0.5833333333333334,0.05555555555555555,Watchlist,Balanced,False
Coche_|_Performance_Community_03,2021-06-01,7226240.65,36,1.0,0.5555555555555556,0.08333333333333333,Watchlist,Balanced,False
Coche_|_Performance_Community_03,2021-07-01,7353016.45,36,1.0,0.5833333333333334,0.05555555555555555,Watchlist,Balanced,False
Coche_|_Performance_Community_03,2021-08-01,9617957.57,36,1.0,0.5833333333333334,0.05555555555555555,Watchlist,Balanced,False
Coche_|_Performance_Community_03,2021-09-01,8519411.18,36,1.0,0.6111111111111112,0.027777777777777776,Watchlist,Balanced,False
Coche_|_Performance_Community_03,2021-10-01,11647402.54,36,1.0,0.6111111111111112,0.027777777777777776,Watchlist,Balanced,False
Coche_|_Performance_Community_03,2021-11-01,10292827.92,36,1.0,0.6111111111111112,0.027777777777777776,Watchlist,Balanced,False
Coche_|_Performance_Community_03,2021-12-01,10492405.96,36,1.0,0.5833333333333334,0.05555555555555555,Watchlist,Balanced,False
Coche_|_Performance_Community_03,2022-01-01,12670358.97,36,1.0,0.5833333333333334,0.05555555555555555,Watchlist,Balanced,False
Coche_|_Performance_Community_03,2022-02-01,9698179.44,36,1.0,0.5833333333333334,0.05555555555555555,Watchlist,Balanced,False
Coche_|_Performance_Community_03,2022-03-01,8935871.459999999,36,1.0,0.6111111111111112,0.027777777777777776,Watchlist,Balanced,False
Coche_|_Performance_Community_03,2022-04-01,8031322.0200000005,36,1.0,0.5833333333333334,0.05555555555555555,Watchlist,Balanced,False
Coche_|_Performance_Community_03,2022-05-01,8858330.84,36,1.0,0.5833333333333334,0.027777777777777776,Watchlist,Balanced,False
Coche_|_Performance_Community_03,2022-06-01,7283717.49,36,1.0,0.5833333333333334,0.05555555555555555,Watchlist,Balanced,False
Coche_|_Performance_Community_03,2022-07-01,9091212.59,36,1.0,0.5833333333333334,0.05555555555555555,Watchlist,Balanced,False
Coche_|_Performance_Community_03,2022-08-01,7707114.57,36,1.0,0.6111111111111112,0.027777777777777776,Watchlist,Balanced,False
Coche_|_Performance_Community_03,2022-09-01,8691453.15,36,1.0,0.5833333333333334,0.05555555555555555,Watchlist,Balanced,False
Coche_|_Performance_Community_03,2022-10-01,12187000.89,36,1.0,0.6111111111111112,0.027777777777777776,Watchlist,Balanced,False
Coche_|_Performance_Community_03,2022-11-01,10123308.84,36,1.0,0.6388888888888888,0.0,Watchlist,Balanced,False
Coche_|_Performance_Community_03,2022-12-01,10578660.31,36,1.0,0.6388888888888888,0.0,Watchlist,Balanced,False
Coche_|_Performance_Community_03,2023-01-01,12881636.5,36,1.0,0.6111111111111112,0.0,Watchlist,Balanced,False
Coche_|_Performance_Community_03,2023-02-01,9485130.92,36,1.0,0.5833333333333334,0.05555555555555555,Watchlist,Balanced,False
Coche_|_Performance_Community_03,2023-03-01,8793523.63,36,1.0,0.5833333333333334,0.05555555555555555,Watchlist,Balanced,False
Coche_|_Performance_Community_03,2023-04-01,9890512.67,36,1.0,0.6111111111111112,0.027777777777777776,Watchlist,Balanced,False
Coche_|_Performance_Community_03,2023-05-01,7284402.55,36,1.0,0.6111111111111112,0.027777777777777776,Watchlist,Balanced,False
Coche_|_Performance_Community_03,2023-06-01,7230755.34,36,1.0,0.5833333333333334,0.05555555555555555,Watchlist,Balanced,False
Coche_|_Performance_Community_03,2023-08-01,7767419.38,36,1.0,0.6388888888888888,0.0,Watchlist,Balanced,False
Coche_|_Performance_Community_03,2023-09-01,8803572.25,36,1.0,0.6111111111111112,0.027777777777777776,Watchlist,Balanced,False
Coche_|_Performance_Community_03,2023-10-01,11767343.39,36,1.0,0.6388888888888888,0.0,Watchlist,Balanced,False
Coche_|_Performance_Community_03,2023-11-01,10180887.89,36,1.0,0.5833333333333334,0.05555555555555555,Watchlist,Balanced,False
Coche_|_Performance_Community_03,2023-12-01,12890327.01,36,1.0,0.6111111111111112,0.027777777777777776,Watchlist,Balanced,False
Coche_|_Performance_Community_03,2024-01-01,10240042.47,36,1.0,0.6111111111111112,0.027777777777777776,Watchlist,Balanced,False
Coche_|_Performance_Community_03,2024-02-01,9582168.92,36,1.0,0.5833333333333334,0.05555555555555555,Watchlist,Balanced,False
Coche_|_Performance_Community_03,2024-03-01,10714226.4,36,1.0,0.5833333333333334,0.027777777777777776,Watchlist,Balanced,False
Coche_|_Performance_Community_03,2024-04-01,7908848.76,36,1.0,0.5555555555555556,0.05555555555555555,Watchlist,Balanced,False
Coche_|_Performance_Community_03,2024-05-01,7383807.93,36,1.0,0.5555555555555556,0.08333333333333333,Watchlist,Balanced,False
Coche_|_Performance_Community_03,2024-06-01,8740341.41,36,1.0,0.5833333333333334,0.05555555555555555,Watchlist,Balanced,False
Coche_|_Performance_Community_03,2024-07-01,7281512.85,36,1.0,0.6111111111111112,0.027777777777777776,Watchlist,Balanced,False
Coche_|_Performance_Community_03,2024-08-01,7905032.99,36,1.0,0.6111111111111112,0.027777777777777776,Watchlist,Balanced,False
Coche_|_Performance_Community_03,2024-09-01,11205468.49,36,1.0,0.5833333333333334,0.027777777777777776,Watchlist,Balanced,False
Coche_|_Performance_Community_03,2024-10-01,9446679.14,36,1.0,0.5833333333333334,0.05555555555555555,Watchlist,Balanced,False
Coche_|_Performance_Community_03,2024-11-01,10278717.38,36,1.0,0.5833333333333334,0.05555555555555555,Watchlist,Balanced,False
Coche_|_Performance_Community_03,2024-12-01,12944552.78,36,1.0,0.5833333333333334,0.05555555555555555,Watchlist,Balanced,False
Coche_|_Performance_Community_03,2025-01-01,10272501.73,36,1.0,0.6388888888888888,0.0,Watchlist,Balanced,False
Coche_|_Performance_Community_03,2025-02-01,9527042.81,36,1.0,0.5833333333333334,0.05555555555555555,Watchlist,Balanced,False
Coche_|_Performance_Community_03,2025-03-01,10826342.45,36,1.0,0.6111111111111112,0.027777777777777776,Watchlist,Balanced,False
Coche_|_Performance_Community_03,2025-04-01,7905202.47,36,1.0,0.6111111111111112,0.027777777777777776,Watchlist,Balanced,False
Coche_|_Performance_Community_03,2025-05-01,7425816.62,36,1.0,0.5833333333333334,0.027777777777777776,Watchlist,Balanced,False
Coche_|_Performance_Community_03,2025-06-01,8775108.81,36,1.0,0.5555555555555556,0.08333333333333333,Watchlist,Balanced,False
Coche_|_Performance_Community_03,2025-07-01,7387021.22,36,1.0,0.5833333333333334,0.05555555555555555,Watchlist,Balanced,False
Coche_|_Performance_Community_03,2025-08-01,9705703.86,36,1.0,0.5833333333333334,0.05555555555555555,Watchlist,Balanced,False
Coche_|_Performance_Community_03,2025-09-01,8881648.709999999,36,1.0,0.5833333333333334,0.027777777777777776,Watchlist,Balanced,False
Coche_|_Performance_Community_03,2025-10-01,9549636.97,36,1.0,0.6111111111111112,0.027777777777777776,Watchlist,Balanced,False
Coche_|_Performance_Community_03,2025-11-01,12595612.99,36,1.0,0.6111111111111112,0.027777777777777776,Watchlist,Balanced,False
Coche_|_Performance_Community_03,2025-12-01,10503164.99,36,1.0,0.5833333333333334,0.05555555555555555,Watchlist,Balanced,False
Coche_|_Touring_Community_01,2020-03-01,6655791.49,41,1.0,0.5853658536585366,0.0975609756097561,Watchlist,Balanced,False
Coche_|_Touring_Community_01,2020-05-01,5630479.2,41,1.0,0.5853658536585366,0.0975609756097561,Watchlist,Balanced,False
Coche_|_Touring_Community_01,2020-06-01,4477450.34,41,1.0,0.5853658536585366,0.07317073170731707,Watchlist,Balanced,False
Coche_|_Touring_Community_01,2020-07-01,4483258.29,41,1.0,0.6097560975609756,0.04878048780487805,Watchlist,Balanced,False
Coche_|_Touring_Community_01,2020-08-01,6326674.68,41,1.0,0.6097560975609756,0.07317073170731707,Watchlist,Balanced,False
Coche_|_Touring_Community_01,2020-09-01,5614429.86,41,1.0,0.6341463414634146,0.024390243902439025,Watchlist,Balanced,False
Coche_|_Touring_Community_01,2020-10-01,6241063.77,41,1.0,0.6097560975609756,0.04878048780487805,Watchlist,Balanced,False
Coche_|_Touring_Community_01,2020-11-01,8231921.39,41,1.0,0.5853658536585366,0.07317073170731707,Watchlist,Balanced,False
Coche_|_Touring_Community_01,2020-12-01,6865339.7700000005,41,1.0,0.6341463414634146,0.024390243902439025,Watchlist,Balanced,False
Coche_|_Touring_Community_01,2021-01-01,8011882.01,41,1.0,0.6341463414634146,0.04878048780487805,Watchlist,Balanced,False
Coche_|_Touring_Community_01,2021-02-01,6311261.41,41,1.0,0.6341463414634146,0.024390243902439025,Watchlist,Balanced,False
Coche_|_Touring_Community_01,2021-03-01,5180011.71,41,1.0,0.6097560975609756,0.07317073170731707,Watchlist,Balanced,False
Coche_|_Touring_Community_01,2021-04-01,4843367.86,41,1.0,0.6097560975609756,0.07317073170731707,Watchlist,Balanced,False
Coche_|_Touring_Community_01,2021-05-01,5851836.71,41,1.0,0.6097560975609756,0.04878048780487805,Watchlist,Balanced,False
Coche_|_Touring_Community_01,2021-06-01,4227579.23,41,1.0,0.5853658536585366,0.07317073170731707,Watchlist,Balanced,False
Coche_|_Touring_Community_01,2021-07-01,4684187.34,41,1.0,0.5853658536585366,0.07317073170731707,Watchlist,Balanced,False
Coche_|_Touring_Community_01,2021-08-01,6263425.86,41,1.0,0.6341463414634146,0.04878048780487805,Watchlist,Balanced,False
Coche_|_Touring_Community_01,2021-09-01,5475501.69,41,1.0,0.6341463414634146,0.024390243902439025,Watchlist,Balanced,False
Coche_|_Touring_Community_01,2021-10-01,7725384.57,41,1.0,0.5853658536585366,0.07317073170731707,Watchlist,Balanced,False
Coche_|_Touring_Community_01,2021-11-01,6677041.28,41,1.0,0.5365853658536586,0.12195121951219512,Watchlist,Balanced,False
Coche_|_Touring_Community_01,2021-12-01,6984169.79,41,1.0,0.5609756097560976,0.0975609756097561,Watchlist,Balanced,False
Coche_|_Touring_Community_01,2022-01-01,8259661.3100000005,41,1.0,0.5853658536585366,0.07317073170731707,Watchlist,Balanced,False
Coche_|_Touring_Community_01,2022-02-01,5981275.55,41,1.0,0.6341463414634146,0.04878048780487805,Watchlist,Balanced,False
Coche_|_Touring_Community_01,2022-03-01,5649044.87,41,1.0,0.6097560975609756,0.04878048780487805,Watchlist,Balanced,False
Coche_|_Touring_Community_01,2022-04-01,5051952.79,41,1.0,0.5853658536585366,0.07317073170731707,Watchlist,Balanced,False
Coche_|_Touring_Community_01,2022-05-01,5707948.68,41,1.0,0.6341463414634146,0.024390243902439025,Watchlist,Balanced,False
Coche_|_Touring_Community_01,2022-06-01,4530400.8,41,1.0,0.5853658536585366,0.07317073170731707,Watchlist,Balanced,False
Coche_|_Touring_Community_01,2022-07-01,5883716.8100000005,41,1.0,0.5609756097560976,0.0975609756097561,Watchlist,Balanced,False
Coche_|_Touring_Community_01,2022-08-01,5074551.97,41,1.0,0.5853658536585366,0.07317073170731707,Watchlist,Balanced,False
Coche_|_Touring_Community_01,2022-09-01,5553436.23,41,1.0,0.6097560975609756,0.04878048780487805,Watchlist,Balanced,False
Coche_|_Touring_Community_01,2022-10-01,7810653.27,41,1.0,0.5609756097560976,0.0975609756097561,Watchlist,Balanced,False
Coche_|_Touring_Community_01,2022-11-01,6598530.65,41,1.0,0.5853658536585366,0.07317073170731707,Watchlist,Balanced,False
Coche_|_Touring_Community_01,2022-12-01,7002072.34,41,1.0,0.6097560975609756,0.04878048780487805,Watchlist,Balanced,False
Coche_|_Touring_Community_01,2023-01-01,8295266.69,41,1.0,0.6097560975609756,0.04878048780487805,Watchlist,Balanced,False
Coche_|_Touring_Community_01,2023-02-01,6234250.32,41,1.0,0.6341463414634146,0.024390243902439025,Watchlist,Balanced,False
Coche_|_Touring_Community_01,2023-03-01,5580074.06,41,1.0,0.5853658536585366,0.07317073170731707,Watchlist,Balanced,False
Coche_|_Touring_Community_01,2023-04-01,6549724.23,41,1.0,0.6097560975609756,0.04878048780487805,Watchlist,Balanced,False
Coche_|_Touring_Community_01,2023-05-01,4736636.0200000005,41,1.0,0.6341463414634146,0.024390243902439025,Watchlist,Balanced,False
Coche_|_Touring_Community_01,2023-06-01,4411141.66,41,1.0,0.6097560975609756,0.04878048780487805,Watchlist,Balanced,False
Coche_|_Touring_Community_01,2023-07-01,5753953.18,41,1.0,0.5609756097560976,0.0975609756097561,Watchlist,Balanced,False
Coche_|_Touring_Community_01,2023-08-01,4885045.31,41,1.0,0.5853658536585366,0.07317073170731707,Watchlist,Balanced,False
Coche_|_Touring_Community_01,2023-09-01,5455566.55,41,1.0,0.6097560975609756,0.04878048780487805,Watchlist,Balanced,False
Coche_|_Touring_Community_01,2023-10-01,7944363.59,41,1.0,0.5853658536585366,0.07317073170731707,Watchlist,Balanced,False
Coche_|_Touring_Community_01,2023-11-01,6359332.84,41,1.0,0.6097560975609756,0.07317073170731707,Watchlist,Balanced,False
Coche_|_Touring_Community_01,2023-12-01,8387516.18,41,1.0,0.5853658536585366,0.0975609756097561,Watchlist,Balanced,False
Coche_|_Touring_Community_01,2024-01-01,6368216.68,41,1.0,0.5853658536585366,0.07317073170731707,Watchlist,Balanced,False
Coche_|_Touring_Community_01,2024-02-01,6288191.14,41,1.0,0.5609756097560976,0.07317073170731707,Watchlist,Balanced,False
Coche_|_Touring_Community_01,2024-03-01,6940405.41,41,1.0,0.6097560975609756,0.07317073170731707,Watchlist,Balanced,False
Coche_|_Touring_Community_01,2024-04-01,4961467.76,41,1.0,0.6097560975609756,0.04878048780487805,Watchlist,Balanced,False
Coche_|_Touring_Community_01,2024-05-01,4588204.04,41,1.0,0.5853658536585366,0.07317073170731707,Watchlist,Balanced,False
Coche_|_Touring_Community_01,2024-06-01,5767072.76,41,1.0,0.6097560975609756,0.04878048780487805,Watchlist,Balanced,False
Coche_|_Touring_Community_01,2024-07-01,4436740.9,41,1.0,0.5853658536585366,0.07317073170731707,Watchlist,Balanced,False
Coche_|_Touring_Community_01,2024-08-01,4974530.92,41,1.0,0.5853658536585366,0.07317073170731707,Watchlist,Balanced,False
Coche_|_Touring_Community_01,2024-09-01,6897571.0600000005,41,1.0,0.5853658536585366,0.07317073170731707,Watchlist,Balanced,False
Coche_|_Touring_Community_01,2024-10-01,6090997.24,41,1.0,0.6341463414634146,0.024390243902439025,Watchlist,Balanced,False
Coche_|_Touring_Community_01,2024-11-01,6549303.36,41,1.0,0.6097560975609756,0.04878048780487805,Watchlist,Balanced,False
Coche_|_Touring_Community_01,2024-12-01,8337082.27,41,1.0,0.5609756097560976,0.0975609756097561,Watchlist,Balanced,False
Coche_|_Touring_Community_01,2025-01-01,6579785.93,41,1.0,0.6097560975609756,0.04878048780487805,Watchlist,Balanced,False
Coche_|_Touring_Community_01,2025-02-01,6111460.41,41,1.0,0.5609756097560976,0.0975609756097561,Watchlist,Balanced,False
Coche_|_Touring_Community_01,2025-03-01,7224814.17,41,1.0,0.6097560975609756,0.04878048780487805,Watchlist,Balanced,False
Coche_|_Touring_Community_01,2025-04-01,5037057.97,41,1.0,0.5853658536585366,0.07317073170731707,Watchlist,Balanced,False
Coche_|_Touring_Community_01,2025-05-01,4700758.81,41,1.0,0.5609756097560976,0.0975609756097561,Watchlist,Balanced,False
Coche_|_Touring_Community_01,2025-06-01,5669256.1,41,1.0,0.6097560975609756,0.04878048780487805,Watchlist,Balanced,False
Coche_|_Touring_Community_01,2025-07-01,4626354.09,41,1.0,0.5853658536585366,0.07317073170731707,Watchlist,Balanced,False
Coche_|_Touring_Community_01,2025-08-01,6312839.26,41,1.0,0.5609756097560976,0.0975609756097561,Watchlist,Balanced,False
Coche_|_Touring_Community_01,2025-09-01,5619551.41,41,1.0,0.5853658536585366,0.07317073170731707,Watchlist,Balanced,False
Coche_|_Touring_Community_01,2025-10-01,6118520.79,41,1.0,0.5853658536585366,0.07317073170731707,Watchlist,Balanced,False
Coche_|_Touring_Community_01,2025-11-01,8319352.2700000005,41,1.0,0.5853658536585366,0.07317073170731707,Watchlist,Balanced,False
Coche_|_Touring_Community_02,2020-03-01,620852.14,5,1.0,0.6,0.0,Watchlist,Balanced,False
Coche_|_Touring_Community_02,2020-05-01,573766.75,5,1.0,0.6,0.0,Watchlist,Balanced,False
Coche_|_Touring_Community_02,2020-06-01,406645.43,5,1.0,0.6,0.0,Watchlist,Balanced,False
Coche_|_Touring_Community_02,2020-07-01,408167.19,5,1.0,0.6,0.0,Watchlist,Balanced,False
Coche_|_Touring_Community_02,2020-08-01,578147.48,5,1.0,0.6,0.0,Watchlist,Balanced,False
Coche_|_Touring_Community_02,2020-09-01,577371.74,5,1.0,0.6,0.0,Watchlist,Balanced,False
Coche_|_Touring_Community_02,2020-10-01,547912.79,5,1.0,0.6,0.0,Watchlist,Balanced,False
Coche_|_Touring_Community_02,2020-11-01,635789.89,5,1.0,0.6,0.0,Watchlist,Balanced,False
Coche_|_Touring_Community_02,2021-02-01,569486.46,5,1.0,0.6,0.0,Watchlist,Balanced,False
Coche_|_Touring_Community_02,2021-03-01,439250.49,5,1.0,0.6,0.0,Watchlist,Balanced,False
Coche_|_Touring_Community_02,2021-04-01,409972.19,5,1.0,0.6,0.0,Watchlist,Balanced,False
Coche_|_Touring_Community_02,2021-05-01,494085.67,5,1.0,0.6,0.0,Watchlist,Balanced,False
Coche_|_Touring_Community_02,2021-06-01,400902.94,5,1.0,0.6,0.0,Watchlist,Balanced,False
Coche_|_Touring_Community_02,2021-07-01,444689.44,5,1.0,0.6,0.0,Watchlist,Balanced,False
Coche_|_Touring_Community_02,2021-08-01,574567.99,5,1.0,0.6,0.0,Watchlist,Balanced,False
Coche_|_Touring_Community_02,2021-09-01,485060.32,5,1.0,0.6,0.0,Watchlist,Balanced,False
Coche_|_Touring_Community_02,2021-10-01,685865.29,5,1.0,0.6,0.0,Watchlist,Balanced,False
Coche_|_Touring_Community_02,2021-11-01,511892.45999999996,5,1.0,0.6,0.0,Watchlist,Balanced,False
Coche_|_Touring_Community_02,2022-01-01,631320.1000000001,5,1.0,0.6,0.0,Watchlist,Balanced,False
Coche_|_Touring_Community_02,2022-02-01,509299.45,5,1.0,0.6,0.0,Watchlist,Balanced,False
Coche_|_Touring_Community_02,2022-03-01,511122.7,5,1.0,0.6,0.0,Watchlist,Balanced,False
Coche_|_Touring_Community_02,2022-04-01,448745.33999999997,5,1.0,0.6,0.0,Watchlist,Balanced,False
Coche_|_Touring_Community_02,2022-05-01,549625.12,5,1.0,0.6,0.0,Watchlist,Balanced,False
Coche_|_Touring_Community_02,2022-06-01,445904.02,5,1.0,0.6,0.0,Watchlist,Balanced,False
Coche_|_Touring_Community_02,2022-07-01,574705.25,5,1.0,0.6,0.0,Watchlist,Balanced,False
Coche_|_Touring_Community_02,2022-08-01,486127.98,5,1.0,0.6,0.0,Watchlist,Balanced,False
Coche_|_Touring_Community_02,2022-09-01,455792.31,5,1.0,0.6,0.0,Watchlist,Balanced,False
Coche_|_Touring_Community_02,2023-01-01,686649.87,5,1.0,0.6,0.0,Watchlist,Balanced,False
Coche_|_Touring_Community_02,2023-02-01,525169.32,5,1.0,0.6,0.0,Watchlist,Balanced,False
Coche_|_Touring_Community_02,2023-03-01,443334.06,5,1.0,0.6,0.0,Watchlist,Balanced,False
Coche_|_Touring_Community_02,2023-04-01,520025.78,5,1.0,0.6,0.0,Watchlist,Balanced,False
Coche_|_Touring_Community_02,2023-05-01,404733.0,5,1.0,0.6,0.0,Watchlist,Balanced,False
Coche_|_Touring_Community_02,2023-06-01,383149.06,5,1.0,0.6,0.0,Watchlist,Balanced,False
Coche_|_Touring_Community_02,2023-07-01,544664.42,5,1.0,0.6,0.0,Watchlist,Balanced,False
Coche_|_Touring_Community_02,2023-08-01,469914.62,5,1.0,0.6,0.0,Watchlist,Balanced,False
Coche_|_Touring_Community_02,2023-09-01,480119.33999999997,5,1.0,0.6,0.0,Watchlist,Balanced,False
Coche_|_Touring_Community_02,2023-12-01,638761.59,5,1.0,0.6,0.0,Watchlist,Balanced,False
Coche_|_Touring_Community_02,2024-01-01,558663.3200000001,5,1.0,0.6,0.0,Watchlist,Balanced,False
Coche_|_Touring_Community_02,2024-02-01,498192.71,5,1.0,0.6,0.0,Watchlist,Balanced,False
Coche_|_Touring_Community_02,2024-03-01,570896.14,5,1.0,0.6,0.0,Watchlist,Balanced,False
Coche_|_Touring_Community_02,2024-04-01,399055.95,5,1.0,0.6,0.0,Watchlist,Balanced,False
Coche_|_Touring_Community_02,2024-05-01,433520.58999999997,5,1.0,0.6,0.0,Watchlist,Balanced,False
Coche_|_Touring_Community_02,2024-07-01,417867.0,5,1.0,0.6,0.0,Watchlist,Balanced,False
Coche_|_Touring_Community_02,2024-08-01,461722.49,5,1.0,0.6,0.0,Watchlist,Balanced,False
Coche_|_Touring_Community_02,2024-09-01,657950.71,5,1.0,0.6,0.0,Watchlist,Balanced,False
Coche_|_Touring_Community_02,2024-10-01,501864.44,5,1.0,0.6,0.0,Watchlist,Balanced,False
Coche_|_Touring_Community_02,2024-11-01,514105.03,5,1.0,0.6,0.0,Watchlist,Balanced,False
Coche_|_Touring_Community_02,2024-12-01,707686.61,5,1.0,0.6,0.0,Watchlist,Balanced,False
Coche_|_Touring_Community_02,2025-01-01,575069.27,5,1.0,0.6,0.0,Watchlist,Balanced,False
Coche_|_Touring_Community_02,2025-02-01,563024.48,5,1.0,0.6,0.0,Watchlist,Balanced,False
Coche_|_Touring_Community_02,2025-03-01,602707.02,5,1.0,0.6,0.0,Watchlist,Balanced,False
Coche_|_Touring_Community_02,2025-04-01,452731.95,5,1.0,0.6,0.0,Watchlist,Balanced,False
Coche_|_Touring_Community_02,2025-05-01,398911.99,5,1.0,0.6,0.0,Watchlist,Balanced,False
Coche_|_Touring_Community_02,2025-06-01,532138.9,5,1.0,0.6,0.0,Watchlist,Balanced,False
Coche_|_Touring_Community_02,2025-07-01,454399.78,5,1.0,0.6,0.0,Watchlist,Balanced,False
Coche_|_Touring_Community_02,2025-08-01,587827.03,5,1.0,0.6,0.0,Watchlist,Balanced,False
Coche_|_Touring_Community_02,2025-09-01,531668.5800000001,5,1.0,0.6,0.0,Watchlist,Balanced,False
Coche_|_Touring_Community_02,2025-10-01,524102.06,5,1.0,0.6,0.0,Watchlist,Balanced,False
Coche_|_Touring_Community_02,2025-11-01,683973.35,5,1.0,0.6,0.0,Watchlist,Balanced,False
Coche_|_Touring_Community_02,2025-12-01,564821.24,5,1.0,0.6,0.0,Watchlist,Balanced,False
Coche_|_Touring_Community_03,2020-03-01,5824337.98,34,1.0,0.6176470588235294,0.058823529411764705,Watchlist,Balanced,False
Coche_|_Touring_Community_03,2020-04-01,4185268.35,34,1.0,0.5882352941176471,0.08823529411764706,Watchlist,Balanced,False
Coche_|_Touring_Community_03,2020-05-01,4791475.18,34,1.0,0.5882352941176471,0.08823529411764706,Watchlist,Balanced,False
Coche_|_Touring_Community_03,2020-06-01,3856029.73,34,1.0,0.5882352941176471,0.08823529411764706,Watchlist,Balanced,False
Coche_|_Touring_Community_03,2020-07-01,4081944.29,34,1.0,0.5588235294117647,0.11764705882352941,Watchlist,Balanced,False
Coche_|_Touring_Community_03,2020-08-01,5321308.87,34,1.0,0.6470588235294118,0.058823529411764705,Watchlist,Balanced,False
Coche_|_Touring_Community_03,2020-09-01,4570548.04,34,1.0,0.6470588235294118,0.029411764705882353,Watchlist,Balanced,False
Coche_|_Touring_Community_03,2020-10-01,5031658.47,34,1.0,0.6176470588235294,0.058823529411764705,Watchlist,Balanced,False
Coche_|_Touring_Community_03,2020-11-01,6710322.54,34,1.0,0.5882352941176471,0.08823529411764706,Watchlist,Balanced,False
Coche_|_Touring_Community_03,2020-12-01,5465335.26,34,1.0,0.6176470588235294,0.058823529411764705,Watchlist,Balanced,False
Coche_|_Touring_Community_03,2021-01-01,6504901.07,34,1.0,0.5294117647058824,0.14705882352941177,Watchlist,Balanced,False
Coche_|_Touring_Community_03,2021-02-01,5135654.34,34,1.0,0.5294117647058824,0.14705882352941177,Watchlist,Balanced,False
Coche_|_Touring_Community_03,2021-03-01,4874334.02,34,1.0,0.6470588235294118,0.029411764705882353,Watchlist,Balanced,False
Coche_|_Touring_Community_03,2021-04-01,4380281.38,34,1.0,0.5882352941176471,0.08823529411764706,Watchlist,Balanced,False
Coche_|_Touring_Community_03,2021-05-01,4978884.96,34,1.0,0.5588235294117647,0.14705882352941177,Watchlist,Balanced,False
Coche_|_Touring_Community_03,2021-06-01,3920727.95,34,1.0,0.5588235294117647,0.08823529411764706,Watchlist,Balanced,False
Coche_|_Touring_Community_03,2021-07-01,4091832.33,34,1.0,0.5882352941176471,0.08823529411764706,Watchlist,Balanced,False
Coche_|_Touring_Community_03,2021-08-01,5330600.91,34,1.0,0.6176470588235294,0.058823529411764705,Watchlist,Balanced,False
Coche_|_Touring_Community_03,2021-09-01,4818499.21,34,1.0,0.6176470588235294,0.058823529411764705,Watchlist,Balanced,False
Coche_|_Touring_Community_03,2021-10-01,6363649.64,34,1.0,0.6176470588235294,0.058823529411764705,Watchlist,Balanced,False
Coche_|_Touring_Community_03,2021-11-01,5738565.58,34,1.0,0.5882352941176471,0.08823529411764706,Watchlist,Balanced,False
Coche_|_Touring_Community_03,2021-12-01,5707736.0,34,1.0,0.5588235294117647,0.11764705882352941,Watchlist,Balanced,False
Coche_|_Touring_Community_03,2022-01-01,7075805.79,34,1.0,0.5882352941176471,0.08823529411764706,Watchlist,Balanced,False
Coche_|_Touring_Community_03,2022-02-01,5153319.25,34,1.0,0.6470588235294118,0.029411764705882353,Watchlist,Balanced,False
Coche_|_Touring_Community_03,2022-03-01,4605278.33,34,1.0,0.6470588235294118,0.029411764705882353,Watchlist,Balanced,False
Coche_|_Touring_Community_03,2022-04-01,4154987.68,34,1.0,0.6176470588235294,0.058823529411764705,Watchlist,Balanced,False
Coche_|_Touring_Community_03,2022-05-01,4870605.78,34,1.0,0.6470588235294118,0.029411764705882353,Watchlist,Balanced,False
Coche_|_Touring_Community_03,2022-07-01,4992697.21,34,1.0,0.6470588235294118,0.029411764705882353,Watchlist,Balanced,False
Coche_|_Touring_Community_03,2022-08-01,4241168.17,34,1.0,0.6176470588235294,0.058823529411764705,Watchlist,Balanced,False
Coche_|_Touring_Community_03,2022-09-01,4904964.47,34,1.0,0.5588235294117647,0.08823529411764706,Watchlist,Balanced,False
Coche_|_Touring_Community_03,2022-10-01,6237108.1,34,1.0,0.6176470588235294,0.08823529411764706,Watchlist,Balanced,False
Coche_|_Touring_Community_03,2022-11-01,5706430.5600000005,34,1.0,0.5882352941176471,0.08823529411764706,Watchlist,Balanced,False
Coche_|_Touring_Community_03,2022-12-01,5932756.57,34,1.0,0.5882352941176471,0.08823529411764706,Watchlist,Balanced,False
Coche_|_Touring_Community_03,2023-01-01,6886664.93,34,1.0,0.5882352941176471,0.08823529411764706,Watchlist,Balanced,False
Coche_|_Touring_Community_03,2023-02-01,5169079.78,34,1.0,0.6176470588235294,0.058823529411764705,Watchlist,Balanced,False
Coche_|_Touring_Community_03,2023-03-01,4775815.34,34,1.0,0.6470588235294118,0.029411764705882353,Watchlist,Balanced,False
Coche_|_Touring_Community_03,2023-04-01,5368051.3,34,1.0,0.6176470588235294,0.058823529411764705,Watchlist,Balanced,False
Coche_|_Touring_Community_03,2023-05-01,4085354.91,34,1.0,0.6470588235294118,0.029411764705882353,Watchlist,Balanced,False
Coche_|_Touring_Community_03,2023-06-01,3911697.18,34,1.0,0.5882352941176471,0.08823529411764706,Watchlist,Balanced,False
Coche_|_Touring_Community_03,2023-07-01,4968004.56,34,1.0,0.6176470588235294,0.058823529411764705,Watchlist,Balanced,False
Coche_|_Touring_Community_03,2023-08-01,4196851.51,34,1.0,0.6176470588235294,0.058823529411764705,Watchlist,Balanced,False
Coche_|_Touring_Community_03,2023-09-01,4864379.149999999,34,1.0,0.5882352941176471,0.058823529411764705,Watchlist,Balanced,False
Coche_|_Touring_Community_03,2023-10-01,6450170.82,34,1.0,0.5882352941176471,0.08823529411764706,Watchlist,Balanced,False
Coche_|_Touring_Community_03,2023-11-01,5771912.45,34,1.0,0.6176470588235294,0.058823529411764705,Watchlist,Balanced,False
Coche_|_Touring_Community_03,2023-12-01,7051192.34,34,1.0,0.6176470588235294,0.058823529411764705,Watchlist,Balanced,False
Coche_|_Touring_Community_03,2024-01-01,5583064.0,34,1.0,0.5882352941176471,0.08823529411764706,Watchlist,Balanced,False
Coche_|_Touring_Community_03,2024-02-01,5173889.86,34,1.0,0.6176470588235294,0.058823529411764705,Watchlist,Balanced,False
Coche_|_Touring_Community_03,2024-03-01,5823192.87,34,1.0,0.5882352941176471,0.08823529411764706,Watchlist,Balanced,False
Coche_|_Touring_Community_03,2024-04-01,4424368.95,34,1.0,0.5588235294117647,0.08823529411764706,Watchlist,Balanced,False
Coche_|_Touring_Community_03,2024-05-01,4026768.12,34,1.0,0.6176470588235294,0.058823529411764705,Watchlist,Balanced,False
Coche_|_Touring_Community_03,2024-06-01,4910210.43,34,1.0,0.5882352941176471,0.08823529411764706,Watchlist,Balanced,False
Coche_|_Touring_Community_03,2024-07-01,4109930.86,34,1.0,0.5588235294117647,0.08823529411764706,Watchlist,Balanced,False
Coche_|_Touring_Community_03,2024-08-01,4374610.27,34,1.0,0.5588235294117647,0.11764705882352941,Watchlist,Balanced,False
Coche_|_Touring_Community_03,2024-09-01,6048592.36,34,1.0,0.6176470588235294,0.058823529411764705,Watchlist,Balanced,False
Coche_|_Touring_Community_03,2024-10-01,5192054.15,34,1.0,0.6176470588235294,0.029411764705882353,Watchlist,Balanced,False
Coche_|_Touring_Community_03,2024-11-01,5609258.6,34,1.0,0.5882352941176471,0.08823529411764706,Watchlist,Balanced,False
Coche_|_Touring_Community_03,2024-12-01,7176142.91,34,1.0,0.5882352941176471,0.058823529411764705,Watchlist,Balanced,False
Coche_|_Touring_Community_03,2025-02-01,5075582.4,34,1.0,0.6176470588235294,0.058823529411764705,Watchlist,Balanced,False
Coche_|_Touring_Community_03,2025-03-01,6013788.25,34,1.0,0.6470588235294118,0.029411764705882353,Watchlist,Balanced,False
Coche_|_Touring_Community_03,2025-04-01,4418553.23,34,1.0,0.6176470588235294,0.058823529411764705,Watchlist,Balanced,False
Coche_|_Touring_Community_03,2025-05-01,4303288.2299999995,34,1.0,0.5882352941176471,0.058823529411764705,Watchlist,Balanced,False
Coche_|_Touring_Community_03,2025-06-01,4763481.95,34,1.0,0.5882352941176471,0.08823529411764706,Watchlist,Balanced,False
Coche_|_Touring_Community_03,2025-07-01,3997806.57,34,1.0,0.5588235294117647,0.11764705882352941,Watchlist,Balanced,False
Coche_|_Touring_Community_03,2025-08-01,5376690.73,34,1.0,0.5882352941176471,0.08823529411764706,Watchlist,Balanced,False
Coche_|_Touring_Community_03,2025-10-01,5206448.82,34,1.0,0.5882352941176471,0.08823529411764706,Watchlist,Balanced,False
Coche_|_Touring_Community_03,2025-11-01,6780409.72,34,1.0,0.5588235294117647,0.08823529411764706,Watchlist,Balanced,False
Coche_|_Touring_Community_03,2025-12-01,5838200.03,34,1.0,0.6176470588235294,0.058823529411764705,Watchlist,Balanced,False
Furgoneta_|_Reforzado_Community_01,2020-03-01,4659968.11,21,1.0,0.6190476190476191,0.047619047619047616,Watchlist,Balanced,False
Furgoneta_|_Reforzado_Community_01,2020-04-01,3758856.14,21,1.0,0.6666666666666666,0.0,Watchlist,Balanced,False
Furgoneta_|_Reforzado_Community_01,2020-05-01,4374829.03,21,1.0,0.6666666666666666,0.0,Watchlist,Balanced,False
Furgoneta_|_Reforzado_Community_01,2020-06-01,3390356.74,21,1.0,0.6666666666666666,0.0,Watchlist,Balanced,False
Furgoneta_|_Reforzado_Community_01,2020-07-01,3523078.02,21,1.0,0.6190476190476191,0.047619047619047616,Watchlist,Balanced,False
Furgoneta_|_Reforzado_Community_01,2020-08-01,4484647.42,21,1.0,0.6190476190476191,0.047619047619047616,Watchlist,Balanced,False
Furgoneta_|_Reforzado_Community_01,2020-09-01,3722358.2,21,1.0,0.6190476190476191,0.047619047619047616,Watchlist,Balanced,False
Furgoneta_|_Reforzado_Community_01,2020-10-01,4229612.47,21,1.0,0.5714285714285714,0.09523809523809523,Watchlist,Balanced,False
Furgoneta_|_Reforzado_Community_01,2020-11-01,5224906.76,21,1.0,0.5714285714285714,0.09523809523809523,Watchlist,Balanced,False
Furgoneta_|_Reforzado_Community_01,2020-12-01,4242569.06,21,1.0,0.6666666666666666,0.0,Watchlist,Balanced,False
Furgoneta_|_Reforzado_Community_01,2021-01-01,5233936.68,21,1.0,0.6666666666666666,0.0,Watchlist,Balanced,False
Furgoneta_|_Reforzado_Community_01,2021-02-01,4037055.66,21,1.0,0.6190476190476191,0.047619047619047616,Watchlist,Balanced,False
Furgoneta_|_Reforzado_Community_01,2021-03-01,3827093.9,21,1.0,0.6190476190476191,0.047619047619047616,Watchlist,Balanced,False
Furgoneta_|_Reforzado_Community_01,2021-04-01,3708775.44,21,1.0,0.6190476190476191,0.047619047619047616,Watchlist,Balanced,False
Furgoneta_|_Reforzado_Community_01,2021-05-01,4317020.39,21,1.0,0.6190476190476191,0.047619047619047616,Watchlist,Balanced,False
Furgoneta_|_Reforzado_Community_01,2021-06-01,3469065.11,21,1.0,0.6666666666666666,0.0,Watchlist,Balanced,False
Furgoneta_|_Reforzado_Community_01,2021-07-01,3466977.15,21,1.0,0.6190476190476191,0.0,Watchlist,Balanced,False
Furgoneta_|_Reforzado_Community_01,2021-08-01,4585518.5200000005,21,1.0,0.6190476190476191,0.047619047619047616,Watchlist,Balanced,False
Furgoneta_|_Reforzado_Community_01,2021-09-01,3819532.06,21,1.0,0.6190476190476191,0.047619047619047616,Watchlist,Balanced,False
Furgoneta_|_Reforzado_Community_01,2021-10-01,5067579.17,21,1.0,0.6190476190476191,0.047619047619047616,Watchlist,Balanced,False
Furgoneta_|_Reforzado_Community_01,2021-11-01,4328571.1,21,1.0,0.6190476190476191,0.047619047619047616,Watchlist,Balanced,False
Furgoneta_|_Reforzado_Community_01,2021-12-01,4318025.82,21,1.0,0.6190476190476191,0.047619047619047616,Watchlist,Balanced,False
Furgoneta_|_Reforzado_Community_01,2022-01-01,5350670.63,21,1.0,0.6190476190476191,0.047619047619047616,Watchlist,Balanced,False
Furgoneta_|_Reforzado_Community_01,2022-02-01,4033529.69,21,1.0,0.6666666666666666,0.0,Watchlist,Balanced,False
Furgoneta_|_Reforzado_Community_01,2022-04-01,3591986.48,21,1.0,0.6190476190476191,0.047619047619047616,Watchlist,Balanced,False
Furgoneta_|_Reforzado_Community_01,2022-05-01,4343588.4,21,1.0,0.6190476190476191,0.047619047619047616,Watchlist,Balanced,False
Furgoneta_|_Reforzado_Community_01,2022-06-01,3424513.56,21,1.0,0.6190476190476191,0.047619047619047616,Watchlist,Balanced,False
Furgoneta_|_Reforzado_Community_01,2022-07-01,4314959.41,21,1.0,0.6190476190476191,0.047619047619047616,Watchlist,Balanced,False
Furgoneta_|_Reforzado_Community_01,2022-08-01,3573317.8000000003,21,1.0,0.6666666666666666,0.0,Watchlist,Balanced,False
Furgoneta_|_Reforzado_Community_01,2022-09-01,3978171.32,21,1.0,0.6190476190476191,0.047619047619047616,Watchlist,Balanced,False
Furgoneta_|_Reforzado_Community_01,2022-10-01,4925814.63,21,1.0,0.5714285714285714,0.09523809523809523,Watchlist,Balanced,False
Furgoneta_|_Reforzado_Community_01,2022-11-01,4270583.16,21,1.0,0.5238095238095238,0.14285714285714285,Watchlist,Balanced,False
Furgoneta_|_Reforzado_Community_01,2022-12-01,4175665.73,21,1.0,0.5714285714285714,0.09523809523809523,Watchlist,Balanced,False
Furgoneta_|_Reforzado_Community_01,2023-01-01,5204369.47,21,1.0,0.6666666666666666,0.0,Watchlist,Balanced,False
Furgoneta_|_Reforzado_Community_01,2023-02-01,4199623.64,21,1.0,0.6190476190476191,0.047619047619047616,Watchlist,Balanced,False
Furgoneta_|_Reforzado_Community_01,2023-03-01,3829447.6,21,1.0,0.5714285714285714,0.09523809523809523,Watchlist,Balanced,False
Furgoneta_|_Reforzado_Community_01,2023-04-01,4528121.56,21,1.0,0.5714285714285714,0.09523809523809523,Watchlist,Balanced,False
Furgoneta_|_Reforzado_Community_01,2023-05-01,3490241.38,21,1.0,0.6190476190476191,0.047619047619047616,Watchlist,Balanced,False
Furgoneta_|_Reforzado_Community_01,2023-06-01,3480433.15,21,1.0,0.6190476190476191,0.047619047619047616,Watchlist,Balanced,False
Furgoneta_|_Reforzado_Community_01,2023-07-01,4391381.96,21,1.0,0.6190476190476191,0.047619047619047616,Watchlist,Balanced,False
Furgoneta_|_Reforzado_Community_01,2023-08-01,3476246.32,21,1.0,0.6190476190476191,0.047619047619047616,Watchlist,Balanced,False
Furgoneta_|_Reforzado_Community_01,2023-09-01,3909730.29,21,1.0,0.5714285714285714,0.09523809523809523,Watchlist,Balanced,False
Furgoneta_|_Reforzado_Community_01,2023-10-01,5206443.9,21,1.0,0.6190476190476191,0.047619047619047616,Watchlist,Balanced,False
Furgoneta_|_Reforzado_Community_01,2023-11-01,4298604.25,21,1.0,0.6666666666666666,0.0,Watchlist,Balanced,False
Furgoneta_|_Reforzado_Community_01,2024-01-01,4153800.48,21,1.0,0.6666666666666666,0.0,Watchlist,Balanced,False
Furgoneta_|_Reforzado_Community_01,2024-02-01,4087228.11,21,1.0,0.6190476190476191,0.047619047619047616,Watchlist,Balanced,False
Furgoneta_|_Reforzado_Community_01,2024-03-01,4588462.3100000005,21,1.0,0.6190476190476191,0.047619047619047616,Watchlist,Balanced,False
Furgoneta_|_Reforzado_Community_01,2024-04-01,3610002.54,21,1.0,0.6666666666666666,0.0,Watchlist,Balanced,False
Furgoneta_|_Reforzado_Community_01,2024-05-01,3325302.62,21,1.0,0.6190476190476191,0.047619047619047616,Watchlist,Balanced,False
Furgoneta_|_Reforzado_Community_01,2024-06-01,4281527.17,21,1.0,0.5714285714285714,0.09523809523809523,Watchlist,Balanced,False
Furgoneta_|_Reforzado_Community_01,2024-07-01,3360937.8600000003,21,1.0,0.6666666666666666,0.0,Watchlist,Balanced,False
Furgoneta_|_Reforzado_Community_01,2024-08-01,3684304.86,21,1.0,0.6190476190476191,0.047619047619047616,Watchlist,Balanced,False
Furgoneta_|_Reforzado_Community_01,2024-09-01,4900769.38,21,1.0,0.6666666666666666,0.0,Watchlist,Balanced,False
Furgoneta_|_Reforzado_Community_01,2024-10-01,4179488.7,21,1.0,0.6190476190476191,0.0,Watchlist,Balanced,False
Furgoneta_|_Reforzado_Community_01,2024-11-01,4273839.46,21,1.0,0.5714285714285714,0.09523809523809523,Watchlist,Balanced,False
Furgoneta_|_Reforzado_Community_01,2024-12-01,5165681.86,21,1.0,0.6190476190476191,0.047619047619047616,Watchlist,Balanced,False
Furgoneta_|_Reforzado_Community_01,2025-01-01,4274479.04,21,1.0,0.6190476190476191,0.047619047619047616,Watchlist,Balanced,False
Furgoneta_|_Reforzado_Community_01,2025-02-01,4134585.88,21,1.0,0.6190476190476191,0.047619047619047616,Watchlist,Balanced,False
Furgoneta_|_Reforzado_Community_01,2025-03-01,4778886.19,21,1.0,0.5714285714285714,0.09523809523809523,Watchlist,Balanced,False
Furgoneta_|_Reforzado_Community_01,2025-04-01,3588402.6,21,1.0,0.6190476190476191,0.047619047619047616,Watchlist,Balanced,False
Furgoneta_|_Reforzado_Community_01,2025-05-01,3571522.18,21,1.0,0.6190476190476191,0.047619047619047616,Watchlist,Balanced,False
Furgoneta_|_Reforzado_Community_01,2025-06-01,4365590.81,21,1.0,0.5714285714285714,0.09523809523809523,Watchlist,Balanced,False
Furgoneta_|_Reforzado_Community_01,2025-07-01,3408922.3,21,1.0,0.5714285714285714,0.09523809523809523,Watchlist,Balanced,False
Furgoneta_|_Reforzado_Community_01,2025-08-01,4570897.63,21,1.0,0.6190476190476191,0.047619047619047616,Watchlist,Balanced,False
Furgoneta_|_Reforzado_Community_01,2025-09-01,3848011.73,21,1.0,0.6190476190476191,0.047619047619047616,Watchlist,Balanced,False
Furgoneta_|_Reforzado_Community_01,2025-10-01,4242100.53,21,1.0,0.5714285714285714,0.09523809523809523,Watchlist,Balanced,False
Furgoneta_|_Reforzado_Community_01,2025-11-01,5176491.59,21,1.0,0.6190476190476191,0.047619047619047616,Watchlist,Balanced,False
Furgoneta_|_Reforzado_Community_01,2025-12-01,4252410.63,21,1.0,0.6190476190476191,0.047619047619047616,Watchlist,Balanced,False
Furgoneta_|_Reforzado_Community_02,2020-03-01,8186715.8,33,1.0,0.6060606060606061,0.030303030303030304,Watchlist,Balanced,False
Furgoneta_|_Reforzado_Community_02,2020-04-01,6042082.97,33,1.0,0.6060606060606061,0.030303030303030304,Watchlist,Balanced,False
Furgoneta_|_Reforzado_Community_02,2020-05-01,7501669.44,33,1.0,0.5757575757575758,0.06060606060606061,Watchlist,Balanced,False
Furgoneta_|_Reforzado_Community_02,2020-06-01,5631873.89,33,1.0,0.5757575757575758,0.06060606060606061,Watchlist,Balanced,False
Furgoneta_|_Reforzado_Community_02,2020-07-01,5859313.23,33,1.0,0.6060606060606061,0.030303030303030304,Watchlist,Balanced,False
Furgoneta_|_Reforzado_Community_02,2020-08-01,7545232.32,33,1.0,0.6060606060606061,0.030303030303030304,Watchlist,Balanced,False
Furgoneta_|_Reforzado_Community_02,2020-09-01,6532015.25,33,1.0,0.5757575757575758,0.06060606060606061,Watchlist,Balanced,False
Furgoneta_|_Reforzado_Community_02,2020-10-01,6841305.8,33,1.0,0.5757575757575758,0.06060606060606061,Watchlist,Balanced,False
Furgoneta_|_Reforzado_Community_02,2020-11-01,8972522.8,33,1.0,0.5757575757575758,0.06060606060606061,Watchlist,Balanced,False
Furgoneta_|_Reforzado_Community_02,2020-12-01,7078702.65,33,1.0,0.5757575757575758,0.06060606060606061,Watchlist,Balanced,False
Furgoneta_|_Reforzado_Community_02,2021-02-01,6986467.28,33,1.0,0.6060606060606061,0.030303030303030304,Watchlist,Balanced,False
Furgoneta_|_Reforzado_Community_02,2021-03-01,6499130.42,33,1.0,0.6060606060606061,0.030303030303030304,Watchlist,Balanced,False
Furgoneta_|_Reforzado_Community_02,2021-04-01,6273245.64,33,1.0,0.5757575757575758,0.06060606060606061,Watchlist,Balanced,False
Furgoneta_|_Reforzado_Community_02,2021-05-01,7159898.39,33,1.0,0.6060606060606061,0.030303030303030304,Watchlist,Balanced,False
Furgoneta_|_Reforzado_Community_02,2021-06-01,5812944.21,33,1.0,0.5757575757575758,0.06060606060606061,Watchlist,Balanced,False
Furgoneta_|_Reforzado_Community_02,2021-07-01,5977262.98,33,1.0,0.6060606060606061,0.030303030303030304,Watchlist,Balanced,False
Furgoneta_|_Reforzado_Community_02,2021-08-01,7602894.08,33,1.0,0.5757575757575758,0.06060606060606061,Watchlist,Balanced,False
Furgoneta_|_Reforzado_Community_02,2021-09-01,6223288.59,33,1.0,0.5757575757575758,0.06060606060606061,Watchlist,Balanced,False
Furgoneta_|_Reforzado_Community_02,2021-10-01,8836952.31,33,1.0,0.5757575757575758,0.06060606060606061,Watchlist,Balanced,False
Furgoneta_|_Reforzado_Community_02,2021-11-01,7420120.85,33,1.0,0.6060606060606061,0.030303030303030304,Watchlist,Balanced,False
Furgoneta_|_Reforzado_Community_02,2021-12-01,7410550.85,33,1.0,0.6060606060606061,0.030303030303030304,Watchlist,Balanced,False
Furgoneta_|_Reforzado_Community_02,2022-01-01,9069270.56,33,1.0,0.6363636363636364,0.0,Watchlist,Balanced,False
Furgoneta_|_Reforzado_Community_02,2022-02-01,6721446.62,33,1.0,0.5757575757575758,0.06060606060606061,Watchlist,Balanced,False
Furgoneta_|_Reforzado_Community_02,2022-03-01,6346813.600000001,33,1.0,0.5757575757575758,0.06060606060606061,Watchlist,Balanced,False
Furgoneta_|_Reforzado_Community_02,2022-04-01,5985419.85,33,1.0,0.6060606060606061,0.030303030303030304,Watchlist,Balanced,False
Furgoneta_|_Reforzado_Community_02,2022-05-01,7280035.8100000005,33,1.0,0.6060606060606061,0.030303030303030304,Watchlist,Balanced,False
Furgoneta_|_Reforzado_Community_02,2022-06-01,6060648.45,33,1.0,0.6060606060606061,0.030303030303030304,Watchlist,Balanced,False
Furgoneta_|_Reforzado_Community_02,2022-07-01,7502296.4,33,1.0,0.6060606060606061,0.030303030303030304,Watchlist,Balanced,False
Furgoneta_|_Reforzado_Community_02,2022-08-01,6270503.51,33,1.0,0.5757575757575758,0.06060606060606061,Watchlist,Balanced,False
Furgoneta_|_Reforzado_Community_02,2022-10-01,8317497.88,33,1.0,0.5757575757575758,0.06060606060606061,Watchlist,Balanced,False
Furgoneta_|_Reforzado_Community_02,2022-11-01,7392098.08,33,1.0,0.6060606060606061,0.030303030303030304,Watchlist,Balanced,False
Furgoneta_|_Reforzado_Community_02,2022-12-01,7647873.29,33,1.0,0.6060606060606061,0.030303030303030304,Watchlist,Balanced,False
Furgoneta_|_Reforzado_Community_02,2023-01-01,8988306.99,33,1.0,0.6363636363636364,0.0,Watchlist,Balanced,False
Furgoneta_|_Reforzado_Community_02,2023-02-01,6659846.17,33,1.0,0.5757575757575758,0.06060606060606061,Watchlist,Balanced,False
Furgoneta_|_Reforzado_Community_02,2023-03-01,6651072.58,33,1.0,0.5454545454545454,0.09090909090909091,Watchlist,Balanced,False
Furgoneta_|_Reforzado_Community_02,2023-04-01,7439020.11,33,1.0,0.6060606060606061,0.030303030303030304,Watchlist,Balanced,False
Furgoneta_|_Reforzado_Community_02,2023-05-01,5794687.58,33,1.0,0.6060606060606061,0.030303030303030304,Watchlist,Balanced,False
Furgoneta_|_Reforzado_Community_02,2023-06-01,5641968.22,33,1.0,0.6060606060606061,0.030303030303030304,Watchlist,Balanced,False
Furgoneta_|_Reforzado_Community_02,2023-07-01,7352490.69,33,1.0,0.6060606060606061,0.06060606060606061,Watchlist,Balanced,False
Furgoneta_|_Reforzado_Community_02,2023-08-01,6180906.8,33,1.0,0.5757575757575758,0.06060606060606061,Watchlist,Balanced,False
Furgoneta_|_Reforzado_Community_02,2023-09-01,6618684.96,33,1.0,0.5757575757575758,0.06060606060606061,Watchlist,Balanced,False
Furgoneta_|_Reforzado_Community_02,2023-10-01,8662859.28,33,1.0,0.5757575757575758,0.06060606060606061,Watchlist,Balanced,False
Furgoneta_|_Reforzado_Community_02,2023-11-01,7350824.55,33,1.0,0.6060606060606061,0.030303030303030304,Watchlist,Balanced,False
Furgoneta_|_Reforzado_Community_02,2023-12-01,9208572.09,33,1.0,0.6060606060606061,0.030303030303030304,Watchlist,Balanced,False
Furgoneta_|_Reforzado_Community_02,2024-01-01,7275373.03,33,1.0,0.5757575757575758,0.06060606060606061,Watchlist,Balanced,False
Furgoneta_|_Reforzado_Community_02,2024-02-01,7038045.63,33,1.0,0.5757575757575758,0.06060606060606061,Watchlist,Balanced,False
Furgoneta_|_Reforzado_Community_02,2024-03-01,8079807.28,33,1.0,0.6060606060606061,0.030303030303030304,Watchlist,Balanced,False
Furgoneta_|_Reforzado_Community_02,2024-04-01,6258329.66,33,1.0,0.6363636363636364,0.0,Watchlist,Balanced,False
Furgoneta_|_Reforzado_Community_02,2024-05-01,5802948.36,33,1.0,0.6060606060606061,0.030303030303030304,Watchlist,Balanced,False
Furgoneta_|_Reforzado_Community_02,2024-06-01,7170622.78,33,1.0,0.6060606060606061,0.030303030303030304,Watchlist,Balanced,False
Furgoneta_|_Reforzado_Community_02,2024-07-01,5924002.31,33,1.0,0.6060606060606061,0.030303030303030304,Watchlist,Balanced,False
Furgoneta_|_Reforzado_Community_02,2024-08-01,6160694.35,33,1.0,0.5757575757575758,0.06060606060606061,Watchlist,Balanced,False
Furgoneta_|_Reforzado_Community_02,2024-09-01,7963067.5600000005,33,1.0,0.6060606060606061,0.030303030303030304,Watchlist,Balanced,False
Furgoneta_|_Reforzado_Community_02,2024-10-01,6940410.94,33,1.0,0.6060606060606061,0.030303030303030304,Watchlist,Balanced,False
Furgoneta_|_Reforzado_Community_02,2024-11-01,7098540.11,33,1.0,0.6060606060606061,0.030303030303030304,Watchlist,Balanced,False
Furgoneta_|_Reforzado_Community_02,2024-12-01,9336256.55,33,1.0,0.6060606060606061,0.030303030303030304,Watchlist,Balanced,False
Furgoneta_|_Reforzado_Community_02,2025-01-01,7201990.86,33,1.0,0.6060606060606061,0.030303030303030304,Watchlist,Balanced,False
Furgoneta_|_Reforzado_Community_02,2025-02-01,6946236.85,33,1.0,0.6060606060606061,0.030303030303030304,Watchlist,Balanced,False
Furgoneta_|_Reforzado_Community_02,2025-03-01,7957631.57,33,1.0,0.6060606060606061,0.030303030303030304,Watchlist,Balanced,False
Furgoneta_|_Reforzado_Community_02,2025-04-01,6173502.08,33,1.0,0.6060606060606061,0.030303030303030304,Watchlist,Balanced,False
Furgoneta_|_Reforzado_Community_02,2025-06-01,7401065.22,33,1.0,0.6060606060606061,0.030303030303030304,Watchlist,Balanced,False
Furgoneta_|_Reforzado_Community_02,2025-07-01,5815985.07,33,1.0,0.6060606060606061,0.030303030303030304,Watchlist,Balanced,False
Furgoneta_|_Reforzado_Community_02,2025-08-01,7654335.35,33,1.0,0.5757575757575758,0.06060606060606061,Watchlist,Balanced,False
Furgoneta_|_Reforzado_Community_02,2025-09-01,6750479.92,33,1.0,0.5757575757575758,0.06060606060606061,Watchlist,Balanced,False
Furgoneta_|_Reforzado_Community_02,2025-10-01,6974141.0,33,1.0,0.5757575757575758,0.06060606060606061,Watchlist,Balanced,False
Furgoneta_|_Reforzado_Community_02,2025-11-01,9000785.51,33,1.0,0.6060606060606061,0.030303030303030304,Watchlist,Balanced,False
Furgoneta_|_Reforzado_Community_02,2025-12-01,7269908.21,33,1.0,0.5757575757575758,0.06060606060606061,Watchlist,Balanced,False
Furgoneta_|_Reforzado_Community_03,2020-03-01,7183035.03,26,1.0,0.6153846153846154,0.0,Watchlist,Balanced,False
Furgoneta_|_Reforzado_Community_03,2020-04-01,5363939.54,26,1.0,0.5769230769230769,0.038461538461538464,Watchlist,Balanced,False
Furgoneta_|_Reforzado_Community_03,2020-05-01,6295071.07,26,1.0,0.6153846153846154,0.0,Watchlist,Balanced,False
Furgoneta_|_Reforzado_Community_03,2020-06-01,4910521.0,26,1.0,0.5769230769230769,0.038461538461538464,Watchlist,Balanced,False
Furgoneta_|_Reforzado_Community_03,2020-07-01,5062511.44,26,1.0,0.6153846153846154,0.038461538461538464,Watchlist,Balanced,False
Furgoneta_|_Reforzado_Community_03,2020-08-01,6564632.72,26,1.0,0.6538461538461539,0.0,Watchlist,Balanced,False
Furgoneta_|_Reforzado_Community_03,2020-09-01,5684106.2,26,1.0,0.5769230769230769,0.038461538461538464,Watchlist,Balanced,False
Furgoneta_|_Reforzado_Community_03,2020-11-01,7866864.81,26,1.0,0.5769230769230769,0.038461538461538464,Watchlist,Balanced,False
Furgoneta_|_Reforzado_Community_03,2020-12-01,6058416.33,26,1.0,0.6153846153846154,0.0,Watchlist,Balanced,False
Furgoneta_|_Reforzado_Community_03,2021-01-01,7847444.22,26,1.0,0.5769230769230769,0.038461538461538464,Watchlist,Balanced,False
Furgoneta_|_Reforzado_Community_03,2021-02-01,5815626.41,26,1.0,0.5769230769230769,0.038461538461538464,Watchlist,Balanced,False
Furgoneta_|_Reforzado_Community_03,2021-03-01,5488381.47,26,1.0,0.5769230769230769,0.07692307692307693,Watchlist,Balanced,False
Furgoneta_|_Reforzado_Community_03,2021-04-01,5291336.41,26,1.0,0.5769230769230769,0.038461538461538464,Watchlist,Balanced,False
Furgoneta_|_Reforzado_Community_03,2021-05-01,6247985.56,26,1.0,0.6153846153846154,0.038461538461538464,Watchlist,Balanced,False
Furgoneta_|_Reforzado_Community_03,2021-07-01,4944059.63,26,1.0,0.6153846153846154,0.0,Watchlist,Balanced,False
Furgoneta_|_Reforzado_Community_03,2021-08-01,6369040.51,26,1.0,0.6153846153846154,0.0,Watchlist,Balanced,False
Furgoneta_|_Reforzado_Community_03,2021-09-01,5468595.32,26,1.0,0.5769230769230769,0.038461538461538464,Watchlist,Balanced,False
Furgoneta_|_Reforzado_Community_03,2021-10-01,7675825.61,26,1.0,0.5769230769230769,0.038461538461538464,Watchlist,Balanced,False
Furgoneta_|_Reforzado_Community_03,2021-11-01,5940325.7700000005,26,1.0,0.5769230769230769,0.038461538461538464,Watchlist,Balanced,False
Furgoneta_|_Reforzado_Community_03,2021-12-01,6400029.03,26,1.0,0.5769230769230769,0.038461538461538464,Watchlist,Balanced,False
Furgoneta_|_Reforzado_Community_03,2022-01-01,7662343.74,26,1.0,0.5769230769230769,0.038461538461538464,Watchlist,Balanced,False
Furgoneta_|_Reforzado_Community_03,2022-02-01,5701062.48,26,1.0,0.5769230769230769,0.07692307692307693,Watchlist,Balanced,False
Furgoneta_|_Reforzado_Community_03,2022-03-01,5687020.9,26,1.0,0.6153846153846154,0.0,Watchlist,Balanced,False
Furgoneta_|_Reforzado_Community_03,2022-04-01,5350100.86,26,1.0,0.5769230769230769,0.038461538461538464,Watchlist,Balanced,False
Furgoneta_|_Reforzado_Community_03,2022-05-01,6143971.51,26,1.0,0.5769230769230769,0.038461538461538464,Watchlist,Balanced,False
Furgoneta_|_Reforzado_Community_03,2022-06-01,4981250.63,26,1.0,0.5769230769230769,0.038461538461538464,Watchlist,Balanced,False
Furgoneta_|_Reforzado_Community_03,2022-08-01,5281232.09,26,1.0,0.5769230769230769,0.038461538461538464,Watchlist,Balanced,False
Furgoneta_|_Reforzado_Community_03,2022-09-01,5562687.92,26,1.0,0.5769230769230769,0.038461538461538464,Watchlist,Balanced,False
Furgoneta_|_Reforzado_Community_03,2022-10-01,7535036.850000001,26,1.0,0.5769230769230769,0.07692307692307693,Watchlist,Balanced,False
Furgoneta_|_Reforzado_Community_03,2022-11-01,5889793.82,26,1.0,0.6153846153846154,0.038461538461538464,Watchlist,Balanced,False
Furgoneta_|_Reforzado_Community_03,2022-12-01,6320597.29,26,1.0,0.6153846153846154,0.0,Watchlist,Balanced,False
Furgoneta_|_Reforzado_Community_03,2023-01-01,7977827.13,26,1.0,0.5769230769230769,0.038461538461538464,Watchlist,Balanced,False
Furgoneta_|_Reforzado_Community_03,2023-02-01,5903711.36,26,1.0,0.5769230769230769,0.038461538461538464,Watchlist,Balanced,False
Furgoneta_|_Reforzado_Community_03,2023-03-01,5519887.74,26,1.0,0.5769230769230769,0.07692307692307693,Watchlist,Balanced,False
Furgoneta_|_Reforzado_Community_03,2023-04-01,6601961.84,26,1.0,0.6153846153846154,0.038461538461538464,Watchlist,Balanced,False
Furgoneta_|_Reforzado_Community_03,2023-05-01,5068202.89,26,1.0,0.6153846153846154,0.0,Watchlist,Balanced,False
Furgoneta_|_Reforzado_Community_03,2023-06-01,4553362.71,26,1.0,0.6153846153846154,0.038461538461538464,Watchlist,Balanced,False
Furgoneta_|_Reforzado_Community_03,2023-07-01,6022280.82,26,1.0,0.5769230769230769,0.038461538461538464,Watchlist,Balanced,False
Furgoneta_|_Reforzado_Community_03,2023-08-01,5170157.350000001,26,1.0,0.5769230769230769,0.07692307692307693,Watchlist,Balanced,False
Furgoneta_|_Reforzado_Community_03,2023-09-01,5614586.3,26,1.0,0.5769230769230769,0.038461538461538464,Watchlist,Balanced,False
Furgoneta_|_Reforzado_Community_03,2023-10-01,7542090.65,26,1.0,0.6153846153846154,0.0,Watchlist,Balanced,False
Furgoneta_|_Reforzado_Community_03,2023-11-01,6205221.76,26,1.0,0.6153846153846154,0.0,Watchlist,Balanced,False
Furgoneta_|_Reforzado_Community_03,2023-12-01,7967017.36,26,1.0,0.5769230769230769,0.038461538461538464,Watchlist,Balanced,False
Furgoneta_|_Reforzado_Community_03,2024-01-01,6222297.03,26,1.0,0.5769230769230769,0.038461538461538464,Watchlist,Balanced,False
Furgoneta_|_Reforzado_Community_03,2024-02-01,5983791.31,26,1.0,0.5769230769230769,0.038461538461538464,Watchlist,Balanced,False
Furgoneta_|_Reforzado_Community_03,2024-03-01,7083050.76,26,1.0,0.5769230769230769,0.038461538461538464,Watchlist,Balanced,False
Furgoneta_|_Reforzado_Community_03,2024-04-01,5315374.01,26,1.0,0.5769230769230769,0.038461538461538464,Watchlist,Balanced,False
Furgoneta_|_Reforzado_Community_03,2024-05-01,4888316.87,26,1.0,0.5769230769230769,0.038461538461538464,Watchlist,Balanced,False
Furgoneta_|_Reforzado_Community_03,2024-06-01,6368870.53,26,1.0,0.6153846153846154,0.0,Watchlist,Balanced,False
Furgoneta_|_Reforzado_Community_03,2024-07-01,5102402.48,26,1.0,0.5769230769230769,0.038461538461538464,Watchlist,Balanced,False
Furgoneta_|_Reforzado_Community_03,2024-08-01,5227072.08,26,1.0,0.6153846153846154,0.0,Watchlist,Balanced,False
Furgoneta_|_Reforzado_Community_03,2024-09-01,7119725.66,26,1.0,0.6153846153846154,0.0,Watchlist,Balanced,False
Furgoneta_|_Reforzado_Community_03,2024-10-01,5829955.84,26,1.0,0.6153846153846154,0.038461538461538464,Watchlist,Balanced,False
Furgoneta_|_Reforzado_Community_03,2024-11-01,6222726.640000001,26,1.0,0.5769230769230769,0.038461538461538464,Watchlist,Balanced,False
Furgoneta_|_Reforzado_Community_03,2024-12-01,8024174.45,26,1.0,0.6153846153846154,0.038461538461538464,Watchlist,Balanced,False
Furgoneta_|_Reforzado_Community_03,2025-02-01,5964700.41,26,1.0,0.5384615384615384,0.07692307692307693,Watchlist,Balanced,False
Furgoneta_|_Reforzado_Community_03,2025-03-01,6997020.54,26,1.0,0.5384615384615384,0.07692307692307693,Watchlist,Balanced,False
Furgoneta_|_Reforzado_Community_03,2025-04-01,5235866.36,26,1.0,0.5769230769230769,0.038461538461538464,Watchlist,Balanced,False
Furgoneta_|_Reforzado_Community_03,2025-05-01,4793138.36,26,1.0,0.5769230769230769,0.07692307692307693,Watchlist,Balanced,False
Furgoneta_|_Reforzado_Community_03,2025-06-01,6229733.82,26,1.0,0.5769230769230769,0.038461538461538464,Watchlist,Balanced,False
Furgoneta_|_Reforzado_Community_03,2025-07-01,4818604.97,26,1.0,0.5769230769230769,0.07692307692307693,Watchlist,Balanced,False
Furgoneta_|_Reforzado_Community_03,2025-08-01,6677919.26,26,1.0,0.5769230769230769,0.07692307692307693,Watchlist,Balanced,False
Furgoneta_|_Reforzado_Community_03,2025-09-01,5423093.79,26,1.0,0.6153846153846154,0.038461538461538464,Watchlist,Balanced,False
Furgoneta_|_Reforzado_Community_03,2025-10-01,6014896.01,26,1.0,0.5769230769230769,0.038461538461538464,Watchlist,Balanced,False
Furgoneta_|_Reforzado_Community_03,2025-11-01,7759136.1,26,1.0,0.6153846153846154,0.038461538461538464,Watchlist,Balanced,False
Furgoneta_|_Reforzado_Community_03,2025-12-01,6066058.19,26,1.0,0.5769230769230769,0.07692307692307693,Watchlist,Balanced,False
Furgoneta_|_Standard_Community_01,2020-03-01,4674542.51,28,1.0,0.5714285714285714,0.07142857142857142,Watchlist,Balanced,False
Furgoneta_|_Standard_Community_01,2020-04-01,3535659.27,28,1.0,0.5357142857142857,0.10714285714285714,Watchlist,Balanced,False
Furgoneta_|_Standard_Community_01,2020-05-01,4166564.58,28,1.0,0.6071428571428571,0.03571428571428571,Watchlist,Balanced,False
Furgoneta_|_Standard_Community_01,2020-06-01,3402324.17,28,1.0,0.5357142857142857,0.10714285714285714,Watchlist,Balanced,False
Furgoneta_|_Standard_Community_01,2020-07-01,3315833.77,28,1.0,0.5357142857142857,0.10714285714285714,Watchlist,Balanced,False
Furgoneta_|_Standard_Community_01,2020-08-01,4311957.04,28,1.0,0.6071428571428571,0.03571428571428571,Watchlist,Balanced,False
Furgoneta_|_Standard_Community_01,2020-09-01,3525925.7800000003,28,1.0,0.6071428571428571,0.03571428571428571,Watchlist,Balanced,False
Furgoneta_|_Standard_Community_01,2020-10-01,3926664.13,28,1.0,0.5714285714285714,0.07142857142857142,Watchlist,Balanced,False
Furgoneta_|_Standard_Community_01,2020-11-01,5057619.68,28,1.0,0.5357142857142857,0.07142857142857142,Watchlist,Balanced,False
Furgoneta_|_Standard_Community_01,2020-12-01,4036665.77,28,1.0,0.5357142857142857,0.10714285714285714,Watchlist,Balanced,False
Furgoneta_|_Standard_Community_01,2021-01-01,5132013.54,28,1.0,0.5714285714285714,0.07142857142857142,Watchlist,Balanced,False
Furgoneta_|_Standard_Community_01,2021-02-01,3872449.33,28,1.0,0.6071428571428571,0.03571428571428571,Watchlist,Balanced,False
Furgoneta_|_Standard_Community_01,2021-03-01,3581893.99,28,1.0,0.6428571428571429,0.0,Watchlist,Balanced,False
Furgoneta_|_Standard_Community_01,2021-04-01,3392474.62,28,1.0,0.6071428571428571,0.03571428571428571,Watchlist,Balanced,False
Furgoneta_|_Standard_Community_01,2021-05-01,4268922.88,28,1.0,0.6071428571428571,0.0,Watchlist,Balanced,False
Furgoneta_|_Standard_Community_01,2021-06-01,3205853.6,28,1.0,0.5714285714285714,0.07142857142857142,Watchlist,Balanced,False
Furgoneta_|_Standard_Community_01,2021-07-01,3309912.5300000003,28,1.0,0.5714285714285714,0.07142857142857142,Watchlist,Balanced,False
Furgoneta_|_Standard_Community_01,2021-08-01,4266646.73,28,1.0,0.6071428571428571,0.03571428571428571,Watchlist,Balanced,False
Furgoneta_|_Standard_Community_01,2021-09-01,3794703.62,28,1.0,0.6071428571428571,0.03571428571428571,Watchlist,Balanced,False
Furgoneta_|_Standard_Community_01,2021-10-01,4779964.24,28,1.0,0.6071428571428571,0.03571428571428571,Watchlist,Balanced,False
Furgoneta_|_Standard_Community_01,2021-11-01,3963241.49,28,1.0,0.6428571428571429,0.0,Watchlist,Balanced,False
Furgoneta_|_Standard_Community_01,2021-12-01,4120668.2800000003,28,1.0,0.5714285714285714,0.07142857142857142,Watchlist,Balanced,False
Furgoneta_|_Standard_Community_01,2022-01-01,5080477.5600000005,28,1.0,0.5714285714285714,0.07142857142857142,Watchlist,Balanced,False
Furgoneta_|_Standard_Community_01,2022-02-01,4004280.6399999997,28,1.0,0.5357142857142857,0.10714285714285714,Watchlist,Balanced,False
Furgoneta_|_Standard_Community_01,2022-03-01,3646157.11,28,1.0,0.5357142857142857,0.10714285714285714,Watchlist,Balanced,False
Furgoneta_|_Standard_Community_01,2022-05-01,4107627.62,28,1.0,0.5714285714285714,0.07142857142857142,Watchlist,Balanced,False
Furgoneta_|_Standard_Community_01,2022-06-01,3210963.75,28,1.0,0.6071428571428571,0.03571428571428571,Watchlist,Balanced,False
Furgoneta_|_Standard_Community_01,2022-07-01,4077464.65,28,1.0,0.6071428571428571,0.03571428571428571,Watchlist,Balanced,False
Furgoneta_|_Standard_Community_01,2022-08-01,3500414.06,28,1.0,0.5714285714285714,0.07142857142857142,Watchlist,Balanced,False
Furgoneta_|_Standard_Community_01,2022-09-01,3694615.96,28,1.0,0.5714285714285714,0.07142857142857142,Watchlist,Balanced,False
Furgoneta_|_Standard_Community_01,2022-10-01,4970947.07,28,1.0,0.5714285714285714,0.07142857142857142,Watchlist,Balanced,False
Furgoneta_|_Standard_Community_01,2022-11-01,3990406.14,28,1.0,0.6428571428571429,0.0,Watchlist,Balanced,False
Furgoneta_|_Standard_Community_01,2022-12-01,4211540.21,28,1.0,0.5714285714285714,0.07142857142857142,Watchlist,Balanced,False
Furgoneta_|_Standard_Community_01,2023-01-01,5285514.97,28,1.0,0.6071428571428571,0.03571428571428571,Watchlist,Balanced,False
Furgoneta_|_Standard_Community_01,2023-02-01,3999889.24,28,1.0,0.5714285714285714,0.07142857142857142,Watchlist,Balanced,False
Furgoneta_|_Standard_Community_01,2023-03-01,3589150.62,28,1.0,0.5714285714285714,0.07142857142857142,Watchlist,Balanced,False
Furgoneta_|_Standard_Community_01,2023-04-01,4499382.79,28,1.0,0.5714285714285714,0.07142857142857142,Watchlist,Balanced,False
Furgoneta_|_Standard_Community_01,2023-05-01,3430927.1,28,1.0,0.5357142857142857,0.07142857142857142,Watchlist,Balanced,False
Furgoneta_|_Standard_Community_01,2023-06-01,3320972.4,28,1.0,0.5714285714285714,0.07142857142857142,Watchlist,Balanced,False
Furgoneta_|_Standard_Community_01,2023-07-01,4202699.37,28,1.0,0.5714285714285714,0.03571428571428571,Watchlist,Balanced,False
Furgoneta_|_Standard_Community_01,2023-08-01,3466057.51,28,1.0,0.5714285714285714,0.07142857142857142,Watchlist,Balanced,False
Furgoneta_|_Standard_Community_01,2023-09-01,3775596.42,28,1.0,0.5714285714285714,0.07142857142857142,Watchlist,Balanced,False
Furgoneta_|_Standard_Community_01,2023-10-01,5013295.89,28,1.0,0.5714285714285714,0.07142857142857142,Watchlist,Balanced,False
Furgoneta_|_Standard_Community_01,2023-11-01,4213145.08,28,1.0,0.6428571428571429,0.0,Watchlist,Balanced,False
Furgoneta_|_Standard_Community_01,2023-12-01,5333924.53,28,1.0,0.5714285714285714,0.07142857142857142,Watchlist,Balanced,False
Furgoneta_|_Standard_Community_01,2024-01-01,3957278.79,28,1.0,0.5357142857142857,0.10714285714285714,Watchlist,Balanced,False
Furgoneta_|_Standard_Community_01,2024-02-01,4009273.91,28,1.0,0.5357142857142857,0.10714285714285714,Watchlist,Balanced,False
Furgoneta_|_Standard_Community_01,2024-03-01,4809682.34,28,1.0,0.5714285714285714,0.07142857142857142,Watchlist,Balanced,False
Furgoneta_|_Standard_Community_01,2024-04-01,3527728.52,28,1.0,0.5714285714285714,0.07142857142857142,Watchlist,Balanced,False
Furgoneta_|_Standard_Community_01,2024-05-01,3335730.08,28,1.0,0.5357142857142857,0.07142857142857142,Watchlist,Balanced,False
Furgoneta_|_Standard_Community_01,2024-06-01,4218585.71,28,1.0,0.5714285714285714,0.07142857142857142,Watchlist,Balanced,False
Furgoneta_|_Standard_Community_01,2024-07-01,3454199.5,28,1.0,0.6071428571428571,0.03571428571428571,Watchlist,Balanced,False
Furgoneta_|_Standard_Community_01,2024-08-01,3472089.36,28,1.0,0.5714285714285714,0.07142857142857142,Watchlist,Balanced,False
Furgoneta_|_Standard_Community_01,2024-09-01,4555613.0,28,1.0,0.5357142857142857,0.10714285714285714,Watchlist,Balanced,False
Furgoneta_|_Standard_Community_01,2024-10-01,3918091.68,28,1.0,0.6071428571428571,0.03571428571428571,Watchlist,Balanced,False
Furgoneta_|_Standard_Community_01,2024-12-01,5378095.08,28,1.0,0.6071428571428571,0.03571428571428571,Watchlist,Balanced,False
Furgoneta_|_Standard_Community_01,2025-01-01,4232474.68,28,1.0,0.5714285714285714,0.07142857142857142,Watchlist,Balanced,False
Furgoneta_|_Standard_Community_01,2025-02-01,4002785.21,28,1.0,0.6071428571428571,0.03571428571428571,Watchlist,Balanced,False
Furgoneta_|_Standard_Community_01,2025-03-01,4534278.11,28,1.0,0.5714285714285714,0.07142857142857142,Watchlist,Balanced,False
Furgoneta_|_Standard_Community_01,2025-04-01,3539235.35,28,1.0,0.5714285714285714,0.03571428571428571,Watchlist,Balanced,False
Furgoneta_|_Standard_Community_01,2025-05-01,3405216.39,28,1.0,0.6071428571428571,0.03571428571428571,Watchlist,Balanced,False
Furgoneta_|_Standard_Community_01,2025-06-01,4084616.52,28,1.0,0.6071428571428571,0.03571428571428571,Watchlist,Balanced,False
Furgoneta_|_Standard_Community_01,2025-07-01,3408731.02,28,1.0,0.5714285714285714,0.07142857142857142,Watchlist,Balanced,False
Furgoneta_|_Standard_Community_01,2025-08-01,4357958.43,28,1.0,0.5714285714285714,0.07142857142857142,Watchlist,Balanced,False
Furgoneta_|_Standard_Community_01,2025-09-01,3697095.09,28,1.0,0.5714285714285714,0.07142857142857142,Watchlist,Balanced,False
Furgoneta_|_Standard_Community_01,2025-10-01,3825962.75,28,1.0,0.6071428571428571,0.03571428571428571,Watchlist,Balanced,False
Furgoneta_|_Standard_Community_01,2025-11-01,5178351.32,28,1.0,0.5714285714285714,0.07142857142857142,Watchlist,Balanced,False
Furgoneta_|_Standard_Community_02,2020-03-01,4499631.22,23,1.0,0.5652173913043478,0.043478260869565216,Watchlist,Balanced,False
Furgoneta_|_Standard_Community_02,2020-04-01,3218537.15,23,1.0,0.6086956521739131,0.0,Watchlist,Balanced,False
Furgoneta_|_Standard_Community_02,2020-05-01,3942475.7600000002,23,1.0,0.5652173913043478,0.043478260869565216,Watchlist,Balanced,False
Furgoneta_|_Standard_Community_02,2020-06-01,3136297.71,23,1.0,0.5652173913043478,0.043478260869565216,Watchlist,Balanced,False
Furgoneta_|_Standard_Community_02,2020-07-01,3006464.58,23,1.0,0.5652173913043478,0.043478260869565216,Watchlist,Balanced,False
Furgoneta_|_Standard_Community_02,2020-08-01,4216771.98,23,1.0,0.6086956521739131,0.0,Watchlist,Balanced,False
Furgoneta_|_Standard_Community_02,2020-09-01,3411824.3899999997,23,1.0,0.5652173913043478,0.043478260869565216,Watchlist,Balanced,False
Furgoneta_|_Standard_Community_02,2020-10-01,3767030.33,23,1.0,0.5652173913043478,0.043478260869565216,Watchlist,Balanced,False
Furgoneta_|_Standard_Community_02,2020-11-01,5150052.56,23,1.0,0.5652173913043478,0.043478260869565216,Watchlist,Balanced,False
Furgoneta_|_Standard_Community_02,2020-12-01,4130770.14,23,1.0,0.5652173913043478,0.043478260869565216,Watchlist,Balanced,False
Furgoneta_|_Standard_Community_02,2021-01-01,4843511.38,23,1.0,0.5652173913043478,0.043478260869565216,Watchlist,Balanced,False
Furgoneta_|_Standard_Community_02,2021-02-01,3785358.31,23,1.0,0.5652173913043478,0.043478260869565216,Watchlist,Balanced,False
Furgoneta_|_Standard_Community_02,2021-03-01,3439381.7,23,1.0,0.5652173913043478,0.043478260869565216,Watchlist,Balanced,False
Furgoneta_|_Standard_Community_02,2021-04-01,3289964.05,23,1.0,0.5652173913043478,0.043478260869565216,Watchlist,Balanced,False
Furgoneta_|_Standard_Community_02,2021-05-01,3857922.66,23,1.0,0.5652173913043478,0.043478260869565216,Watchlist,Balanced,False
Furgoneta_|_Standard_Community_02,2021-06-01,2982467.96,23,1.0,0.5652173913043478,0.043478260869565216,Watchlist,Balanced,False
Furgoneta_|_Standard_Community_02,2021-07-01,3054200.79,23,1.0,0.5652173913043478,0.043478260869565216,Watchlist,Balanced,False
Furgoneta_|_Standard_Community_02,2021-08-01,4174914.62,23,1.0,0.5652173913043478,0.043478260869565216,Watchlist,Balanced,False
Furgoneta_|_Standard_Community_02,2021-09-01,3413320.45,23,1.0,0.5652173913043478,0.043478260869565216,Watchlist,Balanced,False
Furgoneta_|_Standard_Community_02,2021-10-01,4587825.56,23,1.0,0.6086956521739131,0.0,Watchlist,Balanced,False
Furgoneta_|_Standard_Community_02,2021-11-01,3850108.32,23,1.0,0.5652173913043478,0.043478260869565216,Watchlist,Balanced,False
Furgoneta_|_Standard_Community_02,2021-12-01,3874213.2800000003,23,1.0,0.6086956521739131,0.043478260869565216,Watchlist,Balanced,False
Furgoneta_|_Standard_Community_02,2022-01-01,4800617.83,23,1.0,0.5652173913043478,0.043478260869565216,Watchlist,Balanced,False
Furgoneta_|_Standard_Community_02,2022-02-01,3620108.08,23,1.0,0.6086956521739131,0.043478260869565216,Watchlist,Balanced,False
Furgoneta_|_Standard_Community_02,2022-03-01,3505155.7800000003,23,1.0,0.5652173913043478,0.043478260869565216,Watchlist,Balanced,False
Furgoneta_|_Standard_Community_02,2022-04-01,3270840.39,23,1.0,0.5217391304347826,0.08695652173913043,Watchlist,Balanced,False
Furgoneta_|_Standard_Community_02,2022-05-01,3796915.24,23,1.0,0.5652173913043478,0.043478260869565216,Watchlist,Balanced,False
Furgoneta_|_Standard_Community_02,2022-06-01,3134757.71,23,1.0,0.6086956521739131,0.0,Watchlist,Balanced,False
Furgoneta_|_Standard_Community_02,2022-07-01,3986083.15,23,1.0,0.5652173913043478,0.043478260869565216,Watchlist,Balanced,False
Furgoneta_|_Standard_Community_02,2022-08-01,3178362.4299999997,23,1.0,0.5652173913043478,0.043478260869565216,Watchlist,Balanced,False
Furgoneta_|_Standard_Community_02,2022-09-01,3427815.12,23,1.0,0.5652173913043478,0.043478260869565216,Watchlist,Balanced,False
Furgoneta_|_Standard_Community_02,2022-10-01,4876482.0,23,1.0,0.6086956521739131,0.0,Watchlist,Balanced,False
Furgoneta_|_Standard_Community_02,2022-11-01,3898187.67,23,1.0,0.5652173913043478,0.043478260869565216,Watchlist,Balanced,False
Furgoneta_|_Standard_Community_02,2022-12-01,4071851.0900000003,23,1.0,0.5652173913043478,0.043478260869565216,Watchlist,Balanced,False
Furgoneta_|_Standard_Community_02,2023-01-01,4812662.08,23,1.0,0.5217391304347826,0.08695652173913043,Watchlist,Balanced,False
Furgoneta_|_Standard_Community_02,2023-02-01,3705880.23,23,1.0,0.5652173913043478,0.043478260869565216,Watchlist,Balanced,False
Furgoneta_|_Standard_Community_02,2023-03-01,3409655.82,23,1.0,0.5652173913043478,0.043478260869565216,Watchlist,Balanced,False
Furgoneta_|_Standard_Community_02,2023-04-01,4143747.33,23,1.0,0.5652173913043478,0.043478260869565216,Watchlist,Balanced,False
Furgoneta_|_Standard_Community_02,2023-05-01,3108296.87,23,1.0,0.5217391304347826,0.08695652173913043,Watchlist,Balanced,False
Furgoneta_|_Standard_Community_02,2023-06-01,2995507.54,23,1.0,0.5652173913043478,0.043478260869565216,Watchlist,Balanced,False
Furgoneta_|_Standard_Community_02,2023-07-01,3924154.7,23,1.0,0.5652173913043478,0.043478260869565216,Watchlist,Balanced,False
Furgoneta_|_Standard_Community_02,2023-08-01,3248964.13,23,1.0,0.5652173913043478,0.043478260869565216,Watchlist,Balanced,False
Furgoneta_|_Standard_Community_02,2023-09-01,3590820.12,23,1.0,0.5652173913043478,0.043478260869565216,Watchlist,Balanced,False
Furgoneta_|_Standard_Community_02,2023-10-01,4765232.16,23,1.0,0.5217391304347826,0.08695652173913043,Watchlist,Balanced,False
Furgoneta_|_Standard_Community_02,2023-11-01,3992663.98,23,1.0,0.5652173913043478,0.043478260869565216,Watchlist,Balanced,False
Furgoneta_|_Standard_Community_02,2023-12-01,5063593.24,23,1.0,0.5652173913043478,0.043478260869565216,Watchlist,Balanced,False
Furgoneta_|_Standard_Community_02,2024-01-01,3901396.07,23,1.0,0.5652173913043478,0.043478260869565216,Watchlist,Balanced,False
Furgoneta_|_Standard_Community_02,2024-02-01,3607101.73,23,1.0,0.6086956521739131,0.0,Watchlist,Balanced,False
Furgoneta_|_Standard_Community_02,2024-03-01,4247744.13,23,1.0,0.5652173913043478,0.043478260869565216,Watchlist,Balanced,False
Furgoneta_|_Standard_Community_02,2024-04-01,3290048.91,23,1.0,0.5652173913043478,0.043478260869565216,Watchlist,Balanced,False
Furgoneta_|_Standard_Community_02,2024-05-01,3184623.9,23,1.0,0.5652173913043478,0.043478260869565216,Watchlist,Balanced,False
Furgoneta_|_Standard_Community_02,2024-07-01,3024978.3,23,1.0,0.5652173913043478,0.043478260869565216,Watchlist,Balanced,False
Furgoneta_|_Standard_Community_02,2024-08-01,3318900.11,23,1.0,0.5652173913043478,0.043478260869565216,Watchlist,Balanced,False
Furgoneta_|_Standard_Community_02,2024-09-01,4649613.47,23,1.0,0.5652173913043478,0.043478260869565216,Watchlist,Balanced,False
Furgoneta_|_Standard_Community_02,2024-10-01,4012494.86,23,1.0,0.5652173913043478,0.043478260869565216,Watchlist,Balanced,False
Furgoneta_|_Standard_Community_02,2024-11-01,3999953.52,23,1.0,0.6086956521739131,0.0,Watchlist,Balanced,False
Furgoneta_|_Standard_Community_02,2024-12-01,5031910.34,23,1.0,0.5652173913043478,0.043478260869565216,Watchlist,Balanced,False
Furgoneta_|_Standard_Community_02,2025-01-01,3979033.71,23,1.0,0.6086956521739131,0.0,Watchlist,Balanced,False
Furgoneta_|_Standard_Community_02,2025-02-01,3763792.73,23,1.0,0.5652173913043478,0.043478260869565216,Watchlist,Balanced,False
Furgoneta_|_Standard_Community_02,2025-03-01,4518170.22,23,1.0,0.5652173913043478,0.043478260869565216,Watchlist,Balanced,False
Furgoneta_|_Standard_Community_02,2025-04-01,3377891.47,23,1.0,0.5217391304347826,0.08695652173913043,Watchlist,Balanced,False
Furgoneta_|_Standard_Community_02,2025-05-01,3141210.9,23,1.0,0.5652173913043478,0.043478260869565216,Watchlist,Balanced,False
Furgoneta_|_Standard_Community_02,2025-06-01,3968114.72,23,1.0,0.6086956521739131,0.0,Watchlist,Balanced,False
Furgoneta_|_Standard_Community_02,2025-07-01,3128944.52,23,1.0,0.6086956521739131,0.0,Watchlist,Balanced,False
Furgoneta_|_Standard_Community_02,2025-08-01,4199353.89,23,1.0,0.6086956521739131,0.0,Watchlist,Balanced,False
Furgoneta_|_Standard_Community_02,2025-09-01,3502668.99,23,1.0,0.5652173913043478,0.043478260869565216,Watchlist,Balanced,False
Furgoneta_|_Standard_Community_02,2025-10-01,3769706.3600000003,23,1.0,0.5652173913043478,0.043478260869565216,Watchlist,Balanced,False
Furgoneta_|_Standard_Community_02,2025-11-01,4922053.67,23,1.0,0.6086956521739131,0.0,Watchlist,Balanced,False
Furgoneta_|_Standard_Community_02,2025-12-01,3932103.08,23,1.0,0.5652173913043478,0.043478260869565216,Watchlist,Balanced,False
Furgoneta_|_Standard_Community_03,2020-03-01,6327343.04,29,1.0,0.5517241379310345,0.10344827586206896,Watchlist,Balanced,False
Furgoneta_|_Standard_Community_03,2020-04-01,4639147.16,29,1.0,0.5172413793103449,0.13793103448275862,Watchlist,Balanced,False
Furgoneta_|_Standard_Community_03,2020-05-01,5814810.58,29,1.0,0.5862068965517241,0.10344827586206896,Watchlist,Balanced,False
Furgoneta_|_Standard_Community_03,2020-06-01,4615551.98,29,1.0,0.6206896551724138,0.06896551724137931,Watchlist,Balanced,False
Furgoneta_|_Standard_Community_03,2020-07-01,4636021.91,29,1.0,0.5862068965517241,0.06896551724137931,Watchlist,Balanced,False
Furgoneta_|_Standard_Community_03,2020-08-01,6063056.24,29,1.0,0.5172413793103449,0.13793103448275862,Watchlist,Balanced,False
Furgoneta_|_Standard_Community_03,2020-09-01,5138257.55,29,1.0,0.5862068965517241,0.06896551724137931,Watchlist,Balanced,False
Furgoneta_|_Standard_Community_03,2020-10-01,5369698.61,29,1.0,0.5862068965517241,0.10344827586206896,Watchlist,Balanced,False
Furgoneta_|_Standard_Community_03,2020-11-01,7127016.24,29,1.0,0.5517241379310345,0.10344827586206896,Watchlist,Balanced,False
Furgoneta_|_Standard_Community_03,2020-12-01,5789813.05,29,1.0,0.5862068965517241,0.06896551724137931,Watchlist,Balanced,False
Furgoneta_|_Standard_Community_03,2021-01-01,6837743.53,29,1.0,0.5517241379310345,0.13793103448275862,Watchlist,Balanced,False
Furgoneta_|_Standard_Community_03,2021-02-01,5589948.32,29,1.0,0.6551724137931034,0.034482758620689655,Watchlist,Balanced,False
Furgoneta_|_Standard_Community_03,2021-03-01,5110564.88,29,1.0,0.6206896551724138,0.06896551724137931,Watchlist,Balanced,False
Furgoneta_|_Standard_Community_03,2021-04-01,4972244.37,29,1.0,0.6206896551724138,0.06896551724137931,Watchlist,Balanced,False
Furgoneta_|_Standard_Community_03,2021-05-01,5731340.58,29,1.0,0.5862068965517241,0.10344827586206896,Watchlist,Balanced,False
Furgoneta_|_Standard_Community_03,2021-06-01,4665455.63,29,1.0,0.6206896551724138,0.06896551724137931,Watchlist,Balanced,False
Furgoneta_|_Standard_Community_03,2021-07-01,4550000.0,29,1.0,0.6206896551724138,0.06896551724137931,Watchlist,Balanced,False
Furgoneta_|_Standard_Community_03,2021-08-01,5849917.51,29,1.0,0.5862068965517241,0.10344827586206896,Watchlist,Balanced,False
Furgoneta_|_Standard_Community_03,2021-09-01,5278689.59,29,1.0,0.5862068965517241,0.06896551724137931,Watchlist,Balanced,False
Furgoneta_|_Standard_Community_03,2021-10-01,6871754.1,29,1.0,0.5862068965517241,0.10344827586206896,Watchlist,Balanced,False
Furgoneta_|_Standard_Community_03,2021-11-01,5726944.74,29,1.0,0.5862068965517241,0.10344827586206896,Watchlist,Balanced,False
Furgoneta_|_Standard_Community_03,2021-12-01,5755506.9,29,1.0,0.5862068965517241,0.10344827586206896,Watchlist,Balanced,False
Furgoneta_|_Standard_Community_03,2022-01-01,6980631.79,29,1.0,0.6896551724137931,0.0,Watchlist,Balanced,False
Furgoneta_|_Standard_Community_03,2022-02-01,5362365.27,29,1.0,0.6551724137931034,0.034482758620689655,Watchlist,Balanced,False
Furgoneta_|_Standard_Community_03,2022-03-01,5158271.78,29,1.0,0.6206896551724138,0.06896551724137931,Watchlist,Balanced,False
Furgoneta_|_Standard_Community_03,2022-04-01,4869783.79,29,1.0,0.6551724137931034,0.034482758620689655,Watchlist,Balanced,False
Furgoneta_|_Standard_Community_03,2022-05-01,5605175.33,29,1.0,0.5862068965517241,0.10344827586206896,Watchlist,Balanced,False
Furgoneta_|_Standard_Community_03,2022-06-01,4465713.75,29,1.0,0.5862068965517241,0.10344827586206896,Watchlist,Balanced,False
Furgoneta_|_Standard_Community_03,2022-07-01,5809893.59,29,1.0,0.5862068965517241,0.10344827586206896,Watchlist,Balanced,False
Furgoneta_|_Standard_Community_03,2022-08-01,4955935.7,29,1.0,0.6206896551724138,0.06896551724137931,Watchlist,Balanced,False
Furgoneta_|_Standard_Community_03,2022-09-01,5190204.04,29,1.0,0.6206896551724138,0.06896551724137931,Watchlist,Balanced,False
Furgoneta_|_Standard_Community_03,2022-10-01,6698555.89,29,1.0,0.6206896551724138,0.034482758620689655,Watchlist,Balanced,False
Furgoneta_|_Standard_Community_03,2022-11-01,5718098.38,29,1.0,0.5862068965517241,0.10344827586206896,Watchlist,Balanced,False
Furgoneta_|_Standard_Community_03,2022-12-01,5648714.33,29,1.0,0.5517241379310345,0.10344827586206896,Watchlist,Balanced,False
Furgoneta_|_Standard_Community_03,2023-01-01,7055538.350000001,29,1.0,0.5517241379310345,0.13793103448275862,Watchlist,Balanced,False
Furgoneta_|_Standard_Community_03,2023-02-01,5292364.15,29,1.0,0.5517241379310345,0.10344827586206896,Watchlist,Balanced,False
Furgoneta_|_Standard_Community_03,2023-03-01,5233359.55,29,1.0,0.5517241379310345,0.10344827586206896,Watchlist,Balanced,False
Furgoneta_|_Standard_Community_03,2023-04-01,5925191.37,29,1.0,0.5862068965517241,0.10344827586206896,Watchlist,Balanced,False
Furgoneta_|_Standard_Community_03,2023-05-01,4984892.98,29,1.0,0.5862068965517241,0.10344827586206896,Watchlist,Balanced,False
Furgoneta_|_Standard_Community_03,2023-06-01,4708128.53,29,1.0,0.5517241379310345,0.10344827586206896,Watchlist,Balanced,False
Furgoneta_|_Standard_Community_03,2023-07-01,5918821.51,29,1.0,0.5172413793103449,0.13793103448275862,Watchlist,Balanced,False
Furgoneta_|_Standard_Community_03,2023-09-01,5274500.5200000005,29,1.0,0.6206896551724138,0.06896551724137931,Watchlist,Balanced,False
Furgoneta_|_Standard_Community_03,2023-10-01,6522380.67,29,1.0,0.5862068965517241,0.06896551724137931,Watchlist,Balanced,False
Furgoneta_|_Standard_Community_03,2023-11-01,5645751.64,29,1.0,0.6206896551724138,0.034482758620689655,Watchlist,Balanced,False
Furgoneta_|_Standard_Community_03,2023-12-01,7129126.28,29,1.0,0.5862068965517241,0.10344827586206896,Watchlist,Balanced,False
Furgoneta_|_Standard_Community_03,2024-01-01,5541482.04,29,1.0,0.6551724137931034,0.034482758620689655,Watchlist,Balanced,False
Furgoneta_|_Standard_Community_03,2024-02-01,5349077.14,29,1.0,0.5862068965517241,0.06896551724137931,Watchlist,Balanced,False
Furgoneta_|_Standard_Community_03,2024-03-01,6452696.59,29,1.0,0.5862068965517241,0.06896551724137931,Watchlist,Balanced,False
Furgoneta_|_Standard_Community_03,2024-04-01,5037425.04,29,1.0,0.5517241379310345,0.10344827586206896,Watchlist,Balanced,False
Furgoneta_|_Standard_Community_03,2024-05-01,4616757.08,29,1.0,0.5862068965517241,0.10344827586206896,Watchlist,Balanced,False
Furgoneta_|_Standard_Community_03,2024-06-01,5789836.08,29,1.0,0.6206896551724138,0.034482758620689655,Watchlist,Balanced,False
Furgoneta_|_Standard_Community_03,2024-07-01,4617347.63,29,1.0,0.6206896551724138,0.034482758620689655,Watchlist,Balanced,False
Furgoneta_|_Standard_Community_03,2024-08-01,4770944.95,29,1.0,0.5862068965517241,0.10344827586206896,Watchlist,Balanced,False
Furgoneta_|_Standard_Community_03,2024-09-01,6343940.87,29,1.0,0.5862068965517241,0.06896551724137931,Watchlist,Balanced,False
Furgoneta_|_Standard_Community_03,2024-10-01,5576753.06,29,1.0,0.5862068965517241,0.06896551724137931,Watchlist,Balanced,False
Furgoneta_|_Standard_Community_03,2024-11-01,5723364.56,29,1.0,0.5517241379310345,0.13793103448275862,Watchlist,Balanced,False
Furgoneta_|_Standard_Community_03,2024-12-01,6772088.65,29,1.0,0.6206896551724138,0.06896551724137931,Watchlist,Balanced,False
Furgoneta_|_Standard_Community_03,2025-01-01,5778455.9799999995,29,1.0,0.5862068965517241,0.06896551724137931,Watchlist,Balanced,False
Furgoneta_|_Standard_Community_03,2025-02-01,5470097.52,29,1.0,0.6206896551724138,0.06896551724137931,Watchlist,Balanced,False
Furgoneta_|_Standard_Community_03,2025-03-01,6265500.56,29,1.0,0.5517241379310345,0.10344827586206896,Watchlist,Balanced,False
Furgoneta_|_Standard_Community_03,2025-04-01,4843902.27,29,1.0,0.6551724137931034,0.0,Watchlist,Balanced,False
Furgoneta_|_Standard_Community_03,2025-05-01,4658698.44,29,1.0,0.5862068965517241,0.06896551724137931,Watchlist,Balanced,False
Furgoneta_|_Standard_Community_03,2025-06-01,5587734.74,29,1.0,0.5517241379310345,0.10344827586206896,Watchlist,Balanced,False
Furgoneta_|_Standard_Community_03,2025-07-01,4783123.66,29,1.0,0.5862068965517241,0.06896551724137931,Watchlist,Balanced,False
Furgoneta_|_Standard_Community_03,2025-08-01,6061068.78,29,1.0,0.5862068965517241,0.10344827586206896,Watchlist,Balanced,False
Furgoneta_|_Standard_Community_03,2025-09-01,5216697.84,29,1.0,0.5862068965517241,0.06896551724137931,Watchlist,Balanced,False
Furgoneta_|_Standard_Community_03,2025-10-01,5241529.12,29,1.0,0.5517241379310345,0.10344827586206896,Watchlist,Balanced,False
Furgoneta_|_Standard_Community_03,2025-11-01,7007664.2,29,1.0,0.5862068965517241,0.10344827586206896,Watchlist,Balanced,False
Furgoneta_|_Standard_Community_03,2025-12-01,5558505.28,29,1.0,0.5862068965517241,0.06896551724137931,Watchlist,Balanced,False
Industrial_|_Construcción_Pesada_Community_01,2020-04-01,8548986.4,31,1.0,0.5806451612903226,0.03225806451612903,Watchlist,Balanced,False
Industrial_|_Construcción_Pesada_Community_01,2020-05-01,10515599.81,31,1.0,0.5806451612903226,0.06451612903225806,Watchlist,Balanced,False
Industrial_|_Construcción_Pesada_Community_01,2020-06-01,8853681.71,31,1.0,0.5806451612903226,0.03225806451612903,Watchlist,Balanced,False
Industrial_|_Construcción_Pesada_Community_01,2020-07-01,9043967.38,31,1.0,0.5806451612903226,0.03225806451612903,Watchlist,Balanced,False
Industrial_|_Construcción_Pesada_Community_01,2020-08-01,11370012.129999999,31,1.0,0.5806451612903226,0.06451612903225806,Watchlist,Balanced,False
Industrial_|_Construcción_Pesada_Community_01,2020-09-01,9440770.31,31,1.0,0.6129032258064516,0.03225806451612903,Watchlist,Balanced,False
Industrial_|_Construcción_Pesada_Community_01,2020-10-01,9292994.209999999,31,1.0,0.5483870967741935,0.0967741935483871,Watchlist,Balanced,False
Industrial_|_Construcción_Pesada_Community_01,2020-12-01,8540978.81,31,1.0,0.6129032258064516,0.0,Watchlist,Balanced,False
Industrial_|_Construcción_Pesada_Community_01,2021-01-01,11057238.26,31,1.0,0.5483870967741935,0.0967741935483871,Watchlist,Balanced,False
Industrial_|_Construcción_Pesada_Community_01,2021-02-01,8492088.46,31,1.0,0.6129032258064516,0.03225806451612903,Watchlist,Balanced,False
Industrial_|_Construcción_Pesada_Community_01,2021-03-01,8436721.62,31,1.0,0.5806451612903226,0.06451612903225806,Watchlist,Balanced,False
Industrial_|_Construcción_Pesada_Community_01,2021-04-01,8445483.82,31,1.0,0.5806451612903226,0.06451612903225806,Watchlist,Balanced,False
Industrial_|_Construcción_Pesada_Community_01,2021-06-01,8726801.84,31,1.0,0.6451612903225806,0.0,Watchlist,Balanced,False
Industrial_|_Construcción_Pesada_Community_01,2021-07-01,8879234.38,31,1.0,0.6451612903225806,0.0,Watchlist,Balanced,False
Industrial_|_Construcción_Pesada_Community_01,2021-09-01,9316370.05,31,1.0,0.6129032258064516,0.03225806451612903,Watchlist,Balanced,False
Industrial_|_Construcción_Pesada_Community_01,2021-10-01,11515889.43,31,1.0,0.6451612903225806,0.0,Watchlist,Balanced,False
Industrial_|_Construcción_Pesada_Community_01,2021-11-01,8930835.8,31,1.0,0.5806451612903226,0.06451612903225806,Watchlist,Balanced,False
Industrial_|_Construcción_Pesada_Community_01,2021-12-01,8599839.96,31,1.0,0.5806451612903226,0.06451612903225806,Watchlist,Balanced,False
Industrial_|_Construcción_Pesada_Community_01,2022-01-01,10993084.1,31,1.0,0.5806451612903226,0.06451612903225806,Watchlist,Balanced,False
Industrial_|_Construcción_Pesada_Community_01,2022-02-01,8409717.540000001,31,1.0,0.5806451612903226,0.06451612903225806,Watchlist,Balanced,False
Industrial_|_Construcción_Pesada_Community_01,2022-03-01,8387169.28,31,1.0,0.5806451612903226,0.06451612903225806,Watchlist,Balanced,False
Industrial_|_Construcción_Pesada_Community_01,2022-04-01,8674817.2,31,1.0,0.5806451612903226,0.06451612903225806,Watchlist,Balanced,False
Industrial_|_Construcción_Pesada_Community_01,2022-05-01,10710375.23,31,1.0,0.6129032258064516,0.03225806451612903,Watchlist,Balanced,False
Industrial_|_Construcción_Pesada_Community_01,2022-06-01,8703264.89,31,1.0,0.5806451612903226,0.06451612903225806,Watchlist,Balanced,False
Industrial_|_Construcción_Pesada_Community_01,2022-07-01,10948496.49,31,1.0,0.6129032258064516,0.03225806451612903,Watchlist,Balanced,False
Industrial_|_Construcción_Pesada_Community_01,2022-08-01,9224144.92,31,1.0,0.5806451612903226,0.06451612903225806,Watchlist,Balanced,False
Industrial_|_Construcción_Pesada_Community_01,2022-09-01,9367085.96,31,1.0,0.5806451612903226,0.06451612903225806,Watchlist,Balanced,False
Industrial_|_Construcción_Pesada_Community_01,2022-10-01,11124837.78,31,1.0,0.6129032258064516,0.03225806451612903,Watchlist,Balanced,False
Industrial_|_Construcción_Pesada_Community_01,2022-12-01,8662510.93,31,1.0,0.6129032258064516,0.03225806451612903,Watchlist,Balanced,False
Industrial_|_Construcción_Pesada_Community_01,2023-01-01,10499323.780000001,31,1.0,0.6129032258064516,0.03225806451612903,Watchlist,Balanced,False
Industrial_|_Construcción_Pesada_Community_01,2023-02-01,8499120.61,31,1.0,0.6129032258064516,0.03225806451612903,Watchlist,Balanced,False
Industrial_|_Construcción_Pesada_Community_01,2023-03-01,8455289.83,31,1.0,0.5806451612903226,0.06451612903225806,Watchlist,Balanced,False
Industrial_|_Construcción_Pesada_Community_01,2023-04-01,10361916.99,31,1.0,0.6129032258064516,0.03225806451612903,Watchlist,Balanced,False
Industrial_|_Construcción_Pesada_Community_01,2023-05-01,8766004.97,31,1.0,0.5806451612903226,0.06451612903225806,Watchlist,Balanced,False
Industrial_|_Construcción_Pesada_Community_01,2023-06-01,8795080.53,31,1.0,0.5806451612903226,0.06451612903225806,Watchlist,Balanced,False
Industrial_|_Construcción_Pesada_Community_01,2023-07-01,11458342.64,31,1.0,0.6129032258064516,0.03225806451612903,Watchlist,Balanced,False
Industrial_|_Construcción_Pesada_Community_01,2023-08-01,9301599.89,31,1.0,0.5806451612903226,0.06451612903225806,Watchlist,Balanced,False
Industrial_|_Construcción_Pesada_Community_01,2023-09-01,8796418.41,31,1.0,0.5806451612903226,0.06451612903225806,Watchlist,Balanced,False
Industrial_|_Construcción_Pesada_Community_01,2023-10-01,11133455.53,31,1.0,0.6129032258064516,0.03225806451612903,Watchlist,Balanced,False
Industrial_|_Construcción_Pesada_Community_01,2023-11-01,8782681.9,31,1.0,0.5806451612903226,0.06451612903225806,Watchlist,Balanced,False
Industrial_|_Construcción_Pesada_Community_01,2023-12-01,11263164.73,31,1.0,0.5806451612903226,0.06451612903225806,Watchlist,Balanced,False
Industrial_|_Construcción_Pesada_Community_01,2024-01-01,8341345.06,31,1.0,0.6129032258064516,0.0,Watchlist,Balanced,False
Industrial_|_Construcción_Pesada_Community_01,2024-02-01,8082173.38,31,1.0,0.5483870967741935,0.0967741935483871,Watchlist,Balanced,False
Industrial_|_Construcción_Pesada_Community_01,2024-03-01,10620455.19,31,1.0,0.6129032258064516,0.03225806451612903,Watchlist,Balanced,False
Industrial_|_Construcción_Pesada_Community_01,2024-04-01,8095822.42,31,1.0,0.5806451612903226,0.06451612903225806,Watchlist,Balanced,False
Industrial_|_Construcción_Pesada_Community_01,2024-05-01,8691439.04,31,1.0,0.6129032258064516,0.03225806451612903,Watchlist,Balanced,False
Industrial_|_Construcción_Pesada_Community_01,2024-06-01,11161228.86,31,1.0,0.5806451612903226,0.06451612903225806,Watchlist,Balanced,False
Industrial_|_Construcción_Pesada_Community_01,2024-07-01,8728650.42,31,1.0,0.5806451612903226,0.06451612903225806,Watchlist,Balanced,False
Industrial_|_Construcción_Pesada_Community_01,2024-08-01,9174438.65,31,1.0,0.6129032258064516,0.03225806451612903,Watchlist,Balanced,False
Industrial_|_Construcción_Pesada_Community_01,2024-09-01,11251001.38,31,1.0,0.5806451612903226,0.06451612903225806,Watchlist,Balanced,False
Industrial_|_Construcción_Pesada_Community_01,2024-10-01,9087832.26,31,1.0,0.5806451612903226,0.06451612903225806,Watchlist,Balanced,False
Industrial_|_Construcción_Pesada_Community_01,2024-11-01,8820834.870000001,31,1.0,0.5806451612903226,0.06451612903225806,Watchlist,Balanced,False
Industrial_|_Construcción_Pesada_Community_01,2024-12-01,11417903.64,31,1.0,0.5483870967741935,0.06451612903225806,Watchlist,Balanced,False
Industrial_|_Construcción_Pesada_Community_01,2025-01-01,8571251.17,31,1.0,0.5806451612903226,0.06451612903225806,Watchlist,Balanced,False
Industrial_|_Construcción_Pesada_Community_01,2025-02-01,8264787.44,31,1.0,0.6129032258064516,0.03225806451612903,Watchlist,Balanced,False
Industrial_|_Construcción_Pesada_Community_01,2025-03-01,10175510.99,31,1.0,0.6129032258064516,0.03225806451612903,Watchlist,Balanced,False
Industrial_|_Construcción_Pesada_Community_01,2025-04-01,8148761.31,31,1.0,0.6129032258064516,0.03225806451612903,Watchlist,Balanced,False
Industrial_|_Construcción_Pesada_Community_01,2025-05-01,8720068.49,31,1.0,0.6129032258064516,0.03225806451612903,Watchlist,Balanced,False
Industrial_|_Construcción_Pesada_Community_01,2025-06-01,10609825.77,31,1.0,0.5806451612903226,0.06451612903225806,Watchlist,Balanced,False
Industrial_|_Construcción_Pesada_Community_01,2025-07-01,9335360.96,31,1.0,0.6129032258064516,0.03225806451612903,Watchlist,Balanced,False
Industrial_|_Construcción_Pesada_Community_01,2025-08-01,11388846.22,31,1.0,0.6129032258064516,0.03225806451612903,Watchlist,Balanced,False
Industrial_|_Construcción_Pesada_Community_01,2025-09-01,8834907.08,31,1.0,0.5806451612903226,0.06451612903225806,Watchlist,Balanced,False
Industrial_|_Construcción_Pesada_Community_01,2025-10-01,8980423.040000001,31,1.0,0.6451612903225806,0.0,Watchlist,Balanced,False
Industrial_|_Construcción_Pesada_Community_01,2025-11-01,11433540.24,31,1.0,0.5806451612903226,0.03225806451612903,Watchlist,Balanced,False
Industrial_|_Construcción_Pesada_Community_01,2025-12-01,8678490.44,31,1.0,0.5483870967741935,0.0967741935483871,Watchlist,Balanced,False
Industrial_|_Construcción_Pesada_Community_02,2020-03-01,5411192.57,19,1.0,0.5789473684210527,0.0,Watchlist,Balanced,False
Industrial_|_Construcción_Pesada_Community_02,2020-04-01,4574622.03,19,1.0,0.5263157894736842,0.05263157894736842,Watchlist,Balanced,False
Industrial_|_Construcción_Pesada_Community_02,2020-05-01,5806047.14,19,1.0,0.5789473684210527,0.0,Watchlist,Balanced,False
Industrial_|_Construcción_Pesada_Community_02,2020-06-01,4831592.09,19,1.0,0.5263157894736842,0.05263157894736842,Watchlist,Balanced,False
Industrial_|_Construcción_Pesada_Community_02,2020-07-01,4723640.6,19,1.0,0.5789473684210527,0.0,Watchlist,Balanced,False
Industrial_|_Construcción_Pesada_Community_02,2020-08-01,5944081.43,19,1.0,0.5789473684210527,0.0,Watchlist,Balanced,False
Industrial_|_Construcción_Pesada_Community_02,2020-09-01,4904204.94,19,1.0,0.5263157894736842,0.05263157894736842,Watchlist,Balanced,False
Industrial_|_Construcción_Pesada_Community_02,2020-10-01,4919616.82,19,1.0,0.5263157894736842,0.05263157894736842,Watchlist,Balanced,False
Industrial_|_Construcción_Pesada_Community_02,2020-12-01,4865638.7700000005,19,1.0,0.5263157894736842,0.05263157894736842,Watchlist,Balanced,False
Industrial_|_Construcción_Pesada_Community_02,2021-01-01,5657561.970000001,19,1.0,0.5263157894736842,0.05263157894736842,Watchlist,Balanced,False
Industrial_|_Construcción_Pesada_Community_02,2021-02-01,4550483.03,19,1.0,0.5263157894736842,0.05263157894736842,Watchlist,Balanced,False
Industrial_|_Construcción_Pesada_Community_02,2021-03-01,4432419.46,19,1.0,0.5263157894736842,0.05263157894736842,Watchlist,Balanced,False
Industrial_|_Construcción_Pesada_Community_02,2021-04-01,4551519.03,19,1.0,0.5263157894736842,0.05263157894736842,Watchlist,Balanced,False
Industrial_|_Construcción_Pesada_Community_02,2021-05-01,5677571.09,19,1.0,0.5263157894736842,0.05263157894736842,Watchlist,Balanced,False
Industrial_|_Construcción_Pesada_Community_02,2021-08-01,6305963.55,19,1.0,0.5789473684210527,0.0,Watchlist,Balanced,False
Industrial_|_Construcción_Pesada_Community_02,2021-09-01,5104855.31,19,1.0,0.5789473684210527,0.0,Watchlist,Balanced,False
Industrial_|_Construcción_Pesada_Community_02,2021-10-01,5963423.03,19,1.0,0.5263157894736842,0.05263157894736842,Watchlist,Balanced,False
Industrial_|_Construcción_Pesada_Community_02,2021-11-01,4901312.2,19,1.0,0.5789473684210527,0.0,Watchlist,Balanced,False
Industrial_|_Construcción_Pesada_Community_02,2021-12-01,4819676.16,19,1.0,0.5263157894736842,0.05263157894736842,Watchlist,Balanced,False
Industrial_|_Construcción_Pesada_Community_02,2022-01-01,5634429.51,19,1.0,0.5263157894736842,0.05263157894736842,Watchlist,Balanced,False
Industrial_|_Construcción_Pesada_Community_02,2022-02-01,4284218.27,19,1.0,0.5789473684210527,0.0,Watchlist,Balanced,False
Industrial_|_Construcción_Pesada_Community_02,2022-04-01,4769720.63,19,1.0,0.5263157894736842,0.05263157894736842,Watchlist,Balanced,False
Industrial_|_Construcción_Pesada_Community_02,2022-05-01,5654804.12,19,1.0,0.5263157894736842,0.05263157894736842,Watchlist,Balanced,False
Industrial_|_Construcción_Pesada_Community_02,2022-06-01,4703035.6,19,1.0,0.5263157894736842,0.05263157894736842,Watchlist,Balanced,False
Industrial_|_Construcción_Pesada_Community_02,2022-07-01,5914787.6,19,1.0,0.5263157894736842,0.05263157894736842,Watchlist,Balanced,False
Industrial_|_Construcción_Pesada_Community_02,2022-08-01,4671701.7299999995,19,1.0,0.5263157894736842,0.05263157894736842,Watchlist,Balanced,False
Industrial_|_Construcción_Pesada_Community_02,2022-09-01,4789065.26,19,1.0,0.5263157894736842,0.05263157894736842,Watchlist,Balanced,False
Industrial_|_Construcción_Pesada_Community_02,2022-10-01,5911183.73,19,1.0,0.5263157894736842,0.05263157894736842,Watchlist,Balanced,False
Industrial_|_Construcción_Pesada_Community_02,2022-11-01,4810915.19,19,1.0,0.5263157894736842,0.05263157894736842,Watchlist,Balanced,False
Industrial_|_Construcción_Pesada_Community_02,2023-01-01,5646262.39,19,1.0,0.5789473684210527,0.0,Watchlist,Balanced,False
Industrial_|_Construcción_Pesada_Community_02,2023-02-01,4488656.54,19,1.0,0.5263157894736842,0.05263157894736842,Watchlist,Balanced,False
Industrial_|_Construcción_Pesada_Community_02,2023-03-01,4695136.62,19,1.0,0.5263157894736842,0.05263157894736842,Watchlist,Balanced,False
Industrial_|_Construcción_Pesada_Community_02,2023-04-01,5608015.07,19,1.0,0.5263157894736842,0.05263157894736842,Watchlist,Balanced,False
Industrial_|_Construcción_Pesada_Community_02,2023-05-01,4759765.45,19,1.0,0.5263157894736842,0.05263157894736842,Watchlist,Balanced,False
Industrial_|_Construcción_Pesada_Community_02,2023-06-01,4810293.3,19,1.0,0.5789473684210527,0.0,Watchlist,Balanced,False
Industrial_|_Construcción_Pesada_Community_02,2023-08-01,4910128.73,19,1.0,0.5263157894736842,0.05263157894736842,Watchlist,Balanced,False
Industrial_|_Construcción_Pesada_Community_02,2023-09-01,5179241.83,19,1.0,0.5789473684210527,0.0,Watchlist,Balanced,False
Industrial_|_Construcción_Pesada_Community_02,2023-10-01,5969488.1,19,1.0,0.5789473684210527,0.0,Watchlist,Balanced,False
Industrial_|_Construcción_Pesada_Community_02,2023-11-01,4630337.5600000005,19,1.0,0.5789473684210527,0.0,Watchlist,Balanced,False
Industrial_|_Construcción_Pesada_Community_02,2023-12-01,5847201.3,19,1.0,0.5263157894736842,0.05263157894736842,Watchlist,Balanced,False
Industrial_|_Construcción_Pesada_Community_02,2024-01-01,4617715.4,19,1.0,0.5263157894736842,0.05263157894736842,Watchlist,Balanced,False
Industrial_|_Construcción_Pesada_Community_02,2024-03-01,5731298.37,19,1.0,0.5263157894736842,0.05263157894736842,Watchlist,Balanced,False
Industrial_|_Construcción_Pesada_Community_02,2024-04-01,4741135.82,19,1.0,0.5789473684210527,0.0,Watchlist,Balanced,False
Industrial_|_Construcción_Pesada_Community_02,2024-05-01,4775359.1,19,1.0,0.5263157894736842,0.05263157894736842,Watchlist,Balanced,False
Industrial_|_Construcción_Pesada_Community_02,2024-06-01,6007592.0,19,1.0,0.5263157894736842,0.05263157894736842,Watchlist,Balanced,False
Industrial_|_Construcción_Pesada_Community_02,2024-07-01,4780371.51,19,1.0,0.5263157894736842,0.05263157894736842,Watchlist,Balanced,False
Industrial_|_Construcción_Pesada_Community_02,2024-08-01,4792183.83,19,1.0,0.5263157894736842,0.05263157894736842,Watchlist,Balanced,False
Industrial_|_Construcción_Pesada_Community_02,2024-09-01,6122780.48,19,1.0,0.5263157894736842,0.05263157894736842,Watchlist,Balanced,False
Industrial_|_Construcción_Pesada_Community_02,2024-10-01,5119462.78,19,1.0,0.5263157894736842,0.05263157894736842,Watchlist,Balanced,False
Industrial_|_Construcción_Pesada_Community_02,2024-11-01,5016270.95,19,1.0,0.5789473684210527,0.0,Watchlist,Balanced,False
Industrial_|_Construcción_Pesada_Community_02,2024-12-01,5816385.07,19,1.0,0.5263157894736842,0.05263157894736842,Watchlist,Balanced,False
Industrial_|_Construcción_Pesada_Community_02,2025-01-01,4706700.54,19,1.0,0.5789473684210527,0.0,Watchlist,Balanced,False
Industrial_|_Construcción_Pesada_Community_02,2025-02-01,4351371.03,19,1.0,0.5789473684210527,0.0,Watchlist,Balanced,False
Industrial_|_Construcción_Pesada_Community_02,2025-03-01,5601471.61,19,1.0,0.5263157894736842,0.05263157894736842,Watchlist,Balanced,False
Industrial_|_Construcción_Pesada_Community_02,2025-04-01,4403208.75,19,1.0,0.5263157894736842,0.05263157894736842,Watchlist,Balanced,False
Industrial_|_Construcción_Pesada_Community_02,2025-05-01,4755171.45,19,1.0,0.5789473684210527,0.0,Watchlist,Balanced,False
Industrial_|_Construcción_Pesada_Community_02,2025-06-01,5915560.74,19,1.0,0.5263157894736842,0.05263157894736842,Watchlist,Balanced,False
Industrial_|_Construcción_Pesada_Community_02,2025-07-01,4596923.6899999995,19,1.0,0.5789473684210527,0.0,Watchlist,Balanced,False
Industrial_|_Construcción_Pesada_Community_02,2025-08-01,6181452.6,19,1.0,0.5263157894736842,0.05263157894736842,Watchlist,Balanced,False
Industrial_|_Construcción_Pesada_Community_02,2025-09-01,4943060.42,19,1.0,0.5263157894736842,0.05263157894736842,Watchlist,Balanced,False
Industrial_|_Construcción_Pesada_Community_02,2025-10-01,5079683.01,19,1.0,0.5263157894736842,0.05263157894736842,Watchlist,Balanced,False
Industrial_|_Construcción_Pesada_Community_02,2025-11-01,6026832.0,19,1.0,0.5263157894736842,0.05263157894736842,Watchlist,Balanced,False
Industrial_|_Construcción_Pesada_Community_02,2025-12-01,4733815.72,19,1.0,0.5263157894736842,0.05263157894736842,Watchlist,Balanced,False
Industrial_|_Construcción_Pesada_Community_03,2020-03-01,10791945.54,30,1.0,0.6,0.03333333333333333,Watchlist,Balanced,False
Industrial_|_Construcción_Pesada_Community_03,2020-04-01,8888371.540000001,30,1.0,0.5666666666666667,0.06666666666666667,Watchlist,Balanced,False
Industrial_|_Construcción_Pesada_Community_03,2020-05-01,11272865.61,30,1.0,0.6,0.03333333333333333,Watchlist,Balanced,False
Industrial_|_Construcción_Pesada_Community_03,2020-06-01,9121638.79,30,1.0,0.6,0.0,Watchlist,Balanced,False
Industrial_|_Construcción_Pesada_Community_03,2020-07-01,9539821.68,30,1.0,0.6,0.03333333333333333,Watchlist,Balanced,False
Industrial_|_Construcción_Pesada_Community_03,2020-08-01,12006363.78,30,1.0,0.6,0.03333333333333333,Watchlist,Balanced,False
Industrial_|_Construcción_Pesada_Community_03,2020-09-01,9704161.74,30,1.0,0.6,0.03333333333333333,Watchlist,Balanced,False
Industrial_|_Construcción_Pesada_Community_03,2020-10-01,9598108.8,30,1.0,0.6,0.03333333333333333,Watchlist,Balanced,False
Industrial_|_Construcción_Pesada_Community_03,2020-11-01,12079446.7,30,1.0,0.6333333333333333,0.0,Watchlist,Balanced,False
Industrial_|_Construcción_Pesada_Community_03,2020-12-01,9124617.04,30,1.0,0.6,0.0,Watchlist,Balanced,False
Industrial_|_Construcción_Pesada_Community_03,2021-01-01,11386690.17,30,1.0,0.6,0.0,Watchlist,Balanced,False
Industrial_|_Construcción_Pesada_Community_03,2021-02-01,8621008.43,30,1.0,0.6,0.03333333333333333,Watchlist,Balanced,False
Industrial_|_Construcción_Pesada_Community_03,2021-03-01,8530376.74,30,1.0,0.6,0.03333333333333333,Watchlist,Balanced,False
Industrial_|_Construcción_Pesada_Community_03,2021-05-01,11141794.65,30,1.0,0.6,0.0,Watchlist,Balanced,False
Industrial_|_Construcción_Pesada_Community_03,2021-06-01,9126822.35,30,1.0,0.6,0.03333333333333333,Watchlist,Balanced,False
Industrial_|_Construcción_Pesada_Community_03,2021-07-01,9427651.88,30,1.0,0.6,0.0,Watchlist,Balanced,False
Industrial_|_Construcción_Pesada_Community_03,2021-08-01,11880784.78,30,1.0,0.6,0.03333333333333333,Watchlist,Balanced,False
Industrial_|_Construcción_Pesada_Community_03,2021-09-01,9738975.24,30,1.0,0.6333333333333333,0.0,Watchlist,Balanced,False
Industrial_|_Construcción_Pesada_Community_03,2021-10-01,12510958.45,30,1.0,0.6333333333333333,0.0,Watchlist,Balanced,False
Industrial_|_Construcción_Pesada_Community_03,2021-11-01,9569393.85,30,1.0,0.6,0.03333333333333333,Watchlist,Balanced,False
Industrial_|_Construcción_Pesada_Community_03,2021-12-01,9130655.19,30,1.0,0.6333333333333333,0.0,Watchlist,Balanced,False
Industrial_|_Construcción_Pesada_Community_03,2022-01-01,11222409.29,30,1.0,0.6,0.03333333333333333,Watchlist,Balanced,False
Industrial_|_Construcción_Pesada_Community_03,2022-02-01,8480637.93,30,1.0,0.6333333333333333,0.0,Watchlist,Balanced,False
Industrial_|_Construcción_Pesada_Community_03,2022-03-01,8620595.55,30,1.0,0.6333333333333333,0.0,Watchlist,Balanced,False
Industrial_|_Construcción_Pesada_Community_03,2022-04-01,8468444.91,30,1.0,0.6,0.03333333333333333,Watchlist,Balanced,False
Industrial_|_Construcción_Pesada_Community_03,2022-05-01,11178329.87,30,1.0,0.6,0.03333333333333333,Watchlist,Balanced,False
Industrial_|_Construcción_Pesada_Community_03,2022-06-01,9042201.07,30,1.0,0.5666666666666667,0.03333333333333333,Watchlist,Balanced,False
Industrial_|_Construcción_Pesada_Community_03,2022-07-01,11642680.53,30,1.0,0.5666666666666667,0.06666666666666667,Watchlist,Balanced,False
Industrial_|_Construcción_Pesada_Community_03,2022-08-01,9574121.61,30,1.0,0.6,0.03333333333333333,Watchlist,Balanced,False
Industrial_|_Construcción_Pesada_Community_03,2022-09-01,9996762.19,30,1.0,0.6333333333333333,0.0,Watchlist,Balanced,False
Industrial_|_Construcción_Pesada_Community_03,2022-10-01,12058906.4,30,1.0,0.6333333333333333,0.0,Watchlist,Balanced,False
Industrial_|_Construcción_Pesada_Community_03,2022-11-01,9261853.57,30,1.0,0.6,0.03333333333333333,Watchlist,Balanced,False
Industrial_|_Construcción_Pesada_Community_03,2022-12-01,8988038.42,30,1.0,0.6333333333333333,0.0,Watchlist,Balanced,False
Industrial_|_Construcción_Pesada_Community_03,2023-01-01,11265429.08,30,1.0,0.6,0.0,Watchlist,Balanced,False
Industrial_|_Construcción_Pesada_Community_03,2023-02-01,8628402.24,30,1.0,0.6,0.03333333333333333,Watchlist,Balanced,False
Industrial_|_Construcción_Pesada_Community_03,2023-03-01,9103579.81,30,1.0,0.6,0.0,Watchlist,Balanced,False
Industrial_|_Construcción_Pesada_Community_03,2023-04-01,11297883.99,30,1.0,0.5666666666666667,0.06666666666666667,Watchlist,Balanced,False
Industrial_|_Construcción_Pesada_Community_03,2023-05-01,8892779.74,30,1.0,0.5666666666666667,0.03333333333333333,Watchlist,Balanced,False
Industrial_|_Construcción_Pesada_Community_03,2023-06-01,9242681.01,30,1.0,0.5666666666666667,0.06666666666666667,Watchlist,Balanced,False
Industrial_|_Construcción_Pesada_Community_03,2023-07-01,11967504.870000001,30,1.0,0.6,0.03333333333333333,Watchlist,Balanced,False
Industrial_|_Construcción_Pesada_Community_03,2023-08-01,9551688.88,30,1.0,0.6,0.03333333333333333,Watchlist,Balanced,False
Industrial_|_Construcción_Pesada_Community_03,2023-09-01,9971536.92,30,1.0,0.6,0.03333333333333333,Watchlist,Balanced,False
Industrial_|_Construcción_Pesada_Community_03,2023-10-01,12241080.18,30,1.0,0.6,0.03333333333333333,Watchlist,Balanced,False
Industrial_|_Construcción_Pesada_Community_03,2023-11-01,9616474.17,30,1.0,0.6,0.0,Watchlist,Balanced,False
Industrial_|_Construcción_Pesada_Community_03,2023-12-01,11402275.77,30,1.0,0.6,0.03333333333333333,Watchlist,Balanced,False
Industrial_|_Construcción_Pesada_Community_03,2024-01-01,8988248.58,30,1.0,0.6,0.03333333333333333,Watchlist,Balanced,False
Industrial_|_Construcción_Pesada_Community_03,2024-02-01,8993834.07,30,1.0,0.6333333333333333,0.0,Watchlist,Balanced,False
Industrial_|_Construcción_Pesada_Community_03,2024-03-01,11608312.31,30,1.0,0.6,0.03333333333333333,Watchlist,Balanced,False
Industrial_|_Construcción_Pesada_Community_03,2024-04-01,8808765.8,30,1.0,0.5666666666666667,0.06666666666666667,Watchlist,Balanced,False
Industrial_|_Construcción_Pesada_Community_03,2024-05-01,8846578.47,30,1.0,0.6,0.03333333333333333,Watchlist,Balanced,False
Industrial_|_Construcción_Pesada_Community_03,2024-06-01,11689307.05,30,1.0,0.6,0.03333333333333333,Watchlist,Balanced,False
Industrial_|_Construcción_Pesada_Community_03,2024-07-01,9569935.07,30,1.0,0.6333333333333333,0.0,Watchlist,Balanced,False
Industrial_|_Construcción_Pesada_Community_03,2024-08-01,9707450.24,30,1.0,0.6333333333333333,0.0,Watchlist,Balanced,False
Industrial_|_Construcción_Pesada_Community_03,2024-09-01,12505717.03,30,1.0,0.6,0.03333333333333333,Watchlist,Balanced,False
Industrial_|_Construcción_Pesada_Community_03,2024-10-01,9290997.97,30,1.0,0.6,0.03333333333333333,Watchlist,Balanced,False
Industrial_|_Construcción_Pesada_Community_03,2024-11-01,9500083.32,30,1.0,0.6,0.03333333333333333,Watchlist,Balanced,False
Industrial_|_Construcción_Pesada_Community_03,2024-12-01,11549950.42,30,1.0,0.5666666666666667,0.06666666666666667,Watchlist,Balanced,False
Industrial_|_Construcción_Pesada_Community_03,2025-01-01,9223316.13,30,1.0,0.5666666666666667,0.03333333333333333,Watchlist,Balanced,False
Industrial_|_Construcción_Pesada_Community_03,2025-02-01,8813833.15,30,1.0,0.6,0.03333333333333333,Watchlist,Balanced,False
Industrial_|_Construcción_Pesada_Community_03,2025-03-01,11055435.26,30,1.0,0.6,0.03333333333333333,Watchlist,Balanced,False
Industrial_|_Construcción_Pesada_Community_03,2025-04-01,8919094.709999999,30,1.0,0.6,0.03333333333333333,Watchlist,Balanced,False
Industrial_|_Construcción_Pesada_Community_03,2025-05-01,9019032.73,30,1.0,0.6,0.03333333333333333,Watchlist,Balanced,False
Industrial_|_Construcción_Pesada_Community_03,2025-06-01,11825065.71,30,1.0,0.6,0.03333333333333333,Watchlist,Balanced,False
Industrial_|_Construcción_Pesada_Community_03,2025-07-01,9431865.38,30,1.0,0.6,0.03333333333333333,Watchlist,Balanced,False
Industrial_|_Construcción_Pesada_Community_03,2025-08-01,11892990.87,30,1.0,0.6,0.03333333333333333,Watchlist,Balanced,False
Industrial_|_Construcción_Pesada_Community_03,2025-09-01,9435979.56,30,1.0,0.6,0.03333333333333333,Watchlist,Balanced,False
Industrial_|_Construcción_Pesada_Community_03,2025-10-01,9732443.91,30,1.0,0.6,0.03333333333333333,Watchlist,Balanced,False
Industrial_|_Construcción_Pesada_Community_03,2025-11-01,11775138.31,30,1.0,0.6,0.03333333333333333,Watchlist,Balanced,False
Industrial_|_Construcción_Pesada_Community_03,2025-12-01,9237131.35,30,1.0,0.6,0.03333333333333333,Watchlist,Balanced,False
Industrial_|_Manipulación_Ligera_CoherentCommunity,2020-03-01,194281.12,1,1.0,1.0,0.0,Structurally Stable,Balanced,False
Industrial_|_Manipulación_Ligera_CoherentCommunity,2020-04-01,155684.52000000002,1,1.0,1.0,0.0,Structurally Stable,Balanced,False
Industrial_|_Manipulación_Ligera_CoherentCommunity,2020-05-01,233617.77,1,1.0,1.0,0.0,Structurally Stable,Balanced,False
Industrial_|_Manipulación_Ligera_CoherentCommunity,2020-06-01,166157.75,1,1.0,1.0,0.0,Structurally Stable,Balanced,False
Industrial_|_Manipulación_Ligera_CoherentCommunity,2020-07-01,176304.52000000002,1,1.0,1.0,0.0,Structurally Stable,Balanced,False
Industrial_|_Manipulación_Ligera_CoherentCommunity,2020-08-01,186826.05,1,1.0,1.0,0.0,Structurally Stable,Balanced,False
Industrial_|_Manipulación_Ligera_CoherentCommunity,2020-09-01,187246.47,1,1.0,1.0,0.0,Structurally Stable,Balanced,False
Industrial_|_Manipulación_Ligera_CoherentCommunity,2020-10-01,195393.5,1,1.0,1.0,0.0,Structurally Stable,Balanced,False
Industrial_|_Manipulación_Ligera_CoherentCommunity,2020-11-01,200975.15,1,1.0,1.0,0.0,Structurally Stable,Balanced,False
Industrial_|_Manipulación_Ligera_CoherentCommunity,2020-12-01,142767.98,1,1.0,1.0,0.0,Structurally Stable,Balanced,False
Industrial_|_Manipulación_Ligera_CoherentCommunity,2021-01-01,151706.1,1,1.0,1.0,0.0,Structurally Stable,Balanced,False
Industrial_|_Manipulación_Ligera_CoherentCommunity,2021-02-01,195673.04,1,1.0,1.0,0.0,Structurally Stable,Balanced,False
Industrial_|_Manipulación_Ligera_CoherentCommunity,2021-03-01,146742.96,1,1.0,1.0,0.0,Structurally Stable,Balanced,False
Industrial_|_Manipulación_Ligera_CoherentCommunity,2021-04-01,164658.74,1,1.0,1.0,0.0,Structurally Stable,Balanced,False
Industrial_|_Manipulación_Ligera_CoherentCommunity,2021-05-01,175405.46,1,1.0,1.0,0.0,Structurally Stable,Balanced,False
Industrial_|_Manipulación_Ligera_CoherentCommunity,2021-06-01,176687.52,1,1.0,1.0,0.0,Structurally Stable,Balanced,False
Industrial_|_Manipulación_Ligera_CoherentCommunity,2021-07-01,164170.39,1,1.0,1.0,0.0,Structurally Stable,Balanced,False
Industrial_|_Manipulación_Ligera_CoherentCommunity,2021-08-01,180098.13,1,1.0,1.0,0.0,Structurally Stable,Balanced,False
Industrial_|_Manipulación_Ligera_CoherentCommunity,2021-09-01,150726.35,1,1.0,1.0,0.0,Structurally Stable,Balanced,False
Industrial_|_Manipulación_Ligera_CoherentCommunity,2021-10-01,199238.92,1,1.0,1.0,0.0,Structurally Stable,Balanced,False
Industrial_|_Manipulación_Ligera_CoherentCommunity,2021-11-01,161180.75,1,1.0,1.0,0.0,Structurally Stable,Balanced,False
Industrial_|_Manipulación_Ligera_CoherentCommunity,2021-12-01,165923.89,1,1.0,1.0,0.0,Structurally Stable,Balanced,False
Industrial_|_Manipulación_Ligera_CoherentCommunity,2022-01-01,160976.01,1,1.0,1.0,0.0,Structurally Stable,Balanced,False
Industrial_|_Manipulación_Ligera_CoherentCommunity,2022-02-01,179381.16999999998,1,1.0,1.0,0.0,Structurally Stable,Balanced,False
Industrial_|_Manipulación_Ligera_CoherentCommunity,2022-03-01,158167.35,1,1.0,1.0,0.0,Structurally Stable,Balanced,False
Industrial_|_Manipulación_Ligera_CoherentCommunity,2022-04-01,185365.92,1,1.0,1.0,0.0,Structurally Stable,Balanced,False
Industrial_|_Manipulación_Ligera_CoherentCommunity,2022-05-01,179191.43,1,1.0,1.0,0.0,Structurally Stable,Balanced,False
Industrial_|_Manipulación_Ligera_CoherentCommunity,2022-06-01,159741.34,1,1.0,1.0,0.0,Structurally Stable,Balanced,False
Industrial_|_Manipulación_Ligera_CoherentCommunity,2022-07-01,226467.47,1,1.0,1.0,0.0,Structurally Stable,Balanced,False
Industrial_|_Manipulación_Ligera_CoherentCommunity,2022-08-01,181025.9,1,1.0,1.0,0.0,Structurally Stable,Balanced,False
Industrial_|_Manipulación_Ligera_CoherentCommunity,2022-09-01,188073.6,1,1.0,1.0,0.0,Structurally Stable,Balanced,False
Industrial_|_Manipulación_Ligera_CoherentCommunity,2022-10-01,203254.56,1,1.0,1.0,0.0,Structurally Stable,Balanced,False
Industrial_|_Manipulación_Ligera_CoherentCommunity,2022-11-01,161584.54,1,1.0,1.0,0.0,Structurally Stable,Balanced,False
Industrial_|_Manipulación_Ligera_CoherentCommunity,2022-12-01,157642.24,1,1.0,1.0,0.0,Structurally Stable,Balanced,False
Industrial_|_Manipulación_Ligera_CoherentCommunity,2023-01-01,214594.77,1,1.0,1.0,0.0,Structurally Stable,Balanced,False
Industrial_|_Manipulación_Ligera_CoherentCommunity,2023-02-01,152320.07,1,1.0,1.0,0.0,Structurally Stable,Balanced,False
Industrial_|_Manipulación_Ligera_CoherentCommunity,2023-03-01,151908.58000000002,1,1.0,1.0,0.0,Structurally Stable,Balanced,False
Industrial_|_Manipulación_Ligera_CoherentCommunity,2023-04-01,210657.59,1,1.0,1.0,0.0,Structurally Stable,Balanced,False
Industrial_|_Manipulación_Ligera_CoherentCommunity,2023-05-01,215364.94,1,1.0,1.0,0.0,Structurally Stable,Balanced,False
Industrial_|_Manipulación_Ligera_CoherentCommunity,2023-06-01,167939.05,1,1.0,1.0,0.0,Structurally Stable,Balanced,False
Industrial_|_Manipulación_Ligera_CoherentCommunity,2023-07-01,256711.91,1,1.0,1.0,0.0,Structurally Stable,Balanced,False
Industrial_|_Manipulación_Ligera_CoherentCommunity,2023-08-01,160619.63,1,1.0,1.0,0.0,Structurally Stable,Balanced,False
Industrial_|_Manipulación_Ligera_CoherentCommunity,2023-09-01,177156.13999999998,1,1.0,1.0,0.0,Structurally Stable,Balanced,False
Industrial_|_Manipulación_Ligera_CoherentCommunity,2023-10-01,224339.87,1,1.0,1.0,0.0,Structurally Stable,Balanced,False
Industrial_|_Manipulación_Ligera_CoherentCommunity,2023-11-01,170700.97,1,1.0,1.0,0.0,Structurally Stable,Balanced,False
Industrial_|_Manipulación_Ligera_CoherentCommunity,2023-12-01,219415.84,1,1.0,1.0,0.0,Structurally Stable,Balanced,False
Industrial_|_Manipulación_Ligera_CoherentCommunity,2024-01-01,161062.11,1,1.0,1.0,0.0,Structurally Stable,Balanced,False
Industrial_|_Manipulación_Ligera_CoherentCommunity,2024-02-01,152119.55,1,1.0,1.0,0.0,Structurally Stable,Balanced,False
Industrial_|_Manipulación_Ligera_CoherentCommunity,2024-03-01,191719.9,1,1.0,1.0,0.0,Structurally Stable,Balanced,False
Industrial_|_Manipulación_Ligera_CoherentCommunity,2024-04-01,185459.15,1,1.0,1.0,0.0,Structurally Stable,Balanced,False
Industrial_|_Manipulación_Ligera_CoherentCommunity,2024-05-01,169274.98,1,1.0,1.0,0.0,Structurally Stable,Balanced,False
Industrial_|_Manipulación_Ligera_CoherentCommunity,2024-06-01,209498.25,1,1.0,1.0,0.0,Structurally Stable,Balanced,False
Industrial_|_Manipulación_Ligera_CoherentCommunity,2024-07-01,143524.93,1,1.0,1.0,0.0,Structurally Stable,Balanced,False
Industrial_|_Manipulación_Ligera_CoherentCommunity,2024-08-01,165614.05,1,1.0,1.0,0.0,Structurally Stable,Balanced,False
Industrial_|_Manipulación_Ligera_CoherentCommunity,2024-09-01,238248.31,1,1.0,1.0,0.0,Structurally Stable,Balanced,False
Industrial_|_Manipulación_Ligera_CoherentCommunity,2024-10-01,153432.16,1,1.0,1.0,0.0,Structurally Stable,Balanced,False
Industrial_|_Manipulación_Ligera_CoherentCommunity,2024-11-01,162451.77,1,1.0,1.0,0.0,Structurally Stable,Balanced,False
Industrial_|_Manipulación_Ligera_CoherentCommunity,2024-12-01,191798.74,1,1.0,1.0,0.0,Structurally Stable,Balanced,False
Industrial_|_Manipulación_Ligera_CoherentCommunity,2025-01-01,146198.44,1,1.0,1.0,0.0,Structurally Stable,Balanced,False
Industrial_|_Manipulación_Ligera_CoherentCommunity,2025-02-01,177047.7,1,1.0,1.0,0.0,Structurally Stable,Balanced,False
Industrial_|_Manipulación_Ligera_CoherentCommunity,2025-03-01,185500.67,1,1.0,1.0,0.0,Structurally Stable,Balanced,False
Industrial_|_Manipulación_Ligera_CoherentCommunity,2025-04-01,186521.0,1,1.0,1.0,0.0,Structurally Stable,Balanced,False
Industrial_|_Manipulación_Ligera_CoherentCommunity,2025-05-01,196754.3,1,1.0,1.0,0.0,Structurally Stable,Balanced,False
Industrial_|_Manipulación_Ligera_CoherentCommunity,2025-06-01,175537.24,1,1.0,1.0,0.0,Structurally Stable,Balanced,False
Industrial_|_Manipulación_Ligera_CoherentCommunity,2025-07-01,135685.24,1,1.0,1.0,0.0,Structurally Stable,Balanced,False
Industrial_|_Manipulación_Ligera_CoherentCommunity,2025-08-01,199351.91,1,1.0,1.0,0.0,Structurally Stable,Balanced,False
Industrial_|_Manipulación_Ligera_CoherentCommunity,2025-09-01,169337.14,1,1.0,1.0,0.0,Structurally Stable,Balanced,False
Industrial_|_Manipulación_Ligera_CoherentCommunity,2025-10-01,185762.69,1,1.0,1.0,0.0,Structurally Stable,Balanced,False
Industrial_|_Manipulación_Ligera_CoherentCommunity,2025-11-01,168502.79,1,1.0,1.0,0.0,Structurally Stable,Balanced,False
Industrial_|_Manipulación_Ligera_CoherentCommunity,2025-12-01,164837.46000000002,1,1.0,1.0,0.0,Structurally Stable,Balanced,False
Industrial_|_Manipulación_Ligera_Community_01,2020-03-01,10482251.03,32,1.0,0.59375,0.03125,Watchlist,Balanced,False
Industrial_|_Manipulación_Ligera_Community_01,2020-04-01,8209346.34,32,1.0,0.59375,0.03125,Watchlist,Balanced,False
Industrial_|_Manipulación_Ligera_Community_01,2020-05-01,10052913.4,32,1.0,0.59375,0.03125,Watchlist,Balanced,False
Industrial_|_Manipulación_Ligera_Community_01,2020-06-01,8541497.18,32,1.0,0.59375,0.03125,Watchlist,Balanced,False
Industrial_|_Manipulación_Ligera_Community_01,2020-07-01,8359026.17,32,1.0,0.59375,0.03125,Watchlist,Balanced,False
Industrial_|_Manipulación_Ligera_Community_01,2020-08-01,10968584.55,32,1.0,0.625,0.0,Watchlist,Balanced,False
Industrial_|_Manipulación_Ligera_Community_01,2020-09-01,8775155.26,32,1.0,0.625,0.0,Watchlist,Balanced,False
Industrial_|_Manipulación_Ligera_Community_01,2020-10-01,8788598.97,32,1.0,0.625,0.0,Watchlist,Balanced,False
Industrial_|_Manipulación_Ligera_Community_01,2020-11-01,10664299.040000001,32,1.0,0.59375,0.0,Watchlist,Balanced,False
Industrial_|_Manipulación_Ligera_Community_01,2020-12-01,8404245.57,32,1.0,0.5625,0.03125,Watchlist,Balanced,False
Industrial_|_Manipulación_Ligera_Community_01,2021-01-01,10326532.1,32,1.0,0.59375,0.03125,Watchlist,Balanced,False
Industrial_|_Manipulación_Ligera_Community_01,2021-02-01,8257674.95,32,1.0,0.625,0.0,Watchlist,Balanced,False
Industrial_|_Manipulación_Ligera_Community_01,2021-03-01,7951815.84,32,1.0,0.625,0.0,Watchlist,Balanced,False
Industrial_|_Manipulación_Ligera_Community_01,2021-04-01,8037922.05,32,1.0,0.59375,0.03125,Watchlist,Balanced,False
Industrial_|_Manipulación_Ligera_Community_01,2021-05-01,10408051.4,32,1.0,0.5625,0.03125,Watchlist,Balanced,False
Industrial_|_Manipulación_Ligera_Community_01,2021-06-01,8505911.76,32,1.0,0.59375,0.03125,Watchlist,Balanced,False
Industrial_|_Manipulación_Ligera_Community_01,2021-08-01,10671488.83,32,1.0,0.59375,0.03125,Watchlist,Balanced,False
Industrial_|_Manipulación_Ligera_Community_01,2021-09-01,8474544.81,32,1.0,0.59375,0.03125,Watchlist,Balanced,False
Industrial_|_Manipulación_Ligera_Community_01,2021-10-01,10791366.42,32,1.0,0.59375,0.03125,Watchlist,Balanced,False
Industrial_|_Manipulación_Ligera_Community_01,2021-11-01,8372527.43,32,1.0,0.59375,0.03125,Watchlist,Balanced,False
Industrial_|_Manipulación_Ligera_Community_01,2021-12-01,8537726.44,32,1.0,0.59375,0.03125,Watchlist,Balanced,False
Industrial_|_Manipulación_Ligera_Community_01,2022-01-01,9984672.44,32,1.0,0.59375,0.03125,Watchlist,Balanced,False
Industrial_|_Manipulación_Ligera_Community_01,2022-02-01,7963367.61,32,1.0,0.59375,0.03125,Watchlist,Balanced,False
Industrial_|_Manipulación_Ligera_Community_01,2022-03-01,8150987.25,32,1.0,0.5625,0.03125,Watchlist,Balanced,False
Industrial_|_Manipulación_Ligera_Community_01,2022-04-01,8151214.45,32,1.0,0.59375,0.03125,Watchlist,Balanced,False
Industrial_|_Manipulación_Ligera_Community_01,2022-05-01,10516832.02,32,1.0,0.5625,0.03125,Watchlist,Balanced,False
Industrial_|_Manipulación_Ligera_Community_01,2022-06-01,8370137.05,32,1.0,0.5625,0.03125,Watchlist,Balanced,False
Industrial_|_Manipulación_Ligera_Community_01,2022-07-01,10931250.120000001,32,1.0,0.59375,0.03125,Watchlist,Balanced,False
Industrial_|_Manipulación_Ligera_Community_01,2022-08-01,8381013.78,32,1.0,0.625,0.0,Watchlist,Balanced,False
Industrial_|_Manipulación_Ligera_Community_01,2022-09-01,8702664.77,32,1.0,0.59375,0.03125,Watchlist,Balanced,False
Industrial_|_Manipulación_Ligera_Community_01,2022-10-01,10847263.25,32,1.0,0.5625,0.03125,Watchlist,Balanced,False
Industrial_|_Manipulación_Ligera_Community_01,2022-11-01,8727238.93,32,1.0,0.5625,0.03125,Watchlist,Balanced,False
Industrial_|_Manipulación_Ligera_Community_01,2022-12-01,8184434.1,32,1.0,0.5625,0.0625,Watchlist,Balanced,False
Industrial_|_Manipulación_Ligera_Community_01,2023-01-01,10060013.39,32,1.0,0.59375,0.03125,Watchlist,Balanced,False
Industrial_|_Manipulación_Ligera_Community_01,2023-02-01,7930456.2,32,1.0,0.59375,0.0,Watchlist,Balanced,False
Industrial_|_Manipulación_Ligera_Community_01,2023-03-01,7732884.38,32,1.0,0.59375,0.03125,Watchlist,Balanced,False
Industrial_|_Manipulación_Ligera_Community_01,2023-04-01,10162321.45,32,1.0,0.59375,0.0,Watchlist,Balanced,False
Industrial_|_Manipulación_Ligera_Community_01,2023-06-01,8162233.13,32,1.0,0.59375,0.0,Watchlist,Balanced,False
Industrial_|_Manipulación_Ligera_Community_01,2023-07-01,10712829.35,32,1.0,0.59375,0.03125,Watchlist,Balanced,False
Industrial_|_Manipulación_Ligera_Community_01,2023-08-01,8743001.52,32,1.0,0.625,0.0,Watchlist,Balanced,False
Industrial_|_Manipulación_Ligera_Community_01,2023-09-01,8862302.06,32,1.0,0.59375,0.03125,Watchlist,Balanced,False
Industrial_|_Manipulación_Ligera_Community_01,2023-10-01,10627556.040000001,32,1.0,0.5625,0.03125,Watchlist,Balanced,False
Industrial_|_Manipulación_Ligera_Community_01,2023-12-01,10292653.67,32,1.0,0.5625,0.0625,Watchlist,Balanced,False
Industrial_|_Manipulación_Ligera_Community_01,2024-01-01,8317186.46,32,1.0,0.625,0.0,Watchlist,Balanced,False
Industrial_|_Manipulación_Ligera_Community_01,2024-02-01,7866677.45,32,1.0,0.59375,0.03125,Watchlist,Balanced,False
Industrial_|_Manipulación_Ligera_Community_01,2024-03-01,10414089.25,32,1.0,0.59375,0.0,Watchlist,Balanced,False
Industrial_|_Manipulación_Ligera_Community_01,2024-04-01,7736654.68,32,1.0,0.59375,0.03125,Watchlist,Balanced,False
Industrial_|_Manipulación_Ligera_Community_01,2024-05-01,8566060.13,32,1.0,0.59375,0.0,Watchlist,Balanced,False
Industrial_|_Manipulación_Ligera_Community_01,2024-06-01,10350656.91,32,1.0,0.5625,0.03125,Watchlist,Balanced,False
Industrial_|_Manipulación_Ligera_Community_01,2024-07-01,8648002.23,32,1.0,0.59375,0.03125,Watchlist,Balanced,False
Industrial_|_Manipulación_Ligera_Community_01,2024-08-01,8670073.44,32,1.0,0.625,0.0,Watchlist,Balanced,False
Industrial_|_Manipulación_Ligera_Community_01,2024-09-01,11097210.84,32,1.0,0.625,0.0,Watchlist,Balanced,False
Industrial_|_Manipulación_Ligera_Community_01,2024-10-01,8706010.06,32,1.0,0.625,0.0,Watchlist,Balanced,False
Industrial_|_Manipulación_Ligera_Community_01,2024-11-01,8607589.69,32,1.0,0.625,0.0,Watchlist,Balanced,False
Industrial_|_Manipulación_Ligera_Community_01,2024-12-01,10316532.0,32,1.0,0.59375,0.03125,Watchlist,Balanced,False
Industrial_|_Manipulación_Ligera_Community_01,2025-01-01,8055040.9799999995,32,1.0,0.59375,0.03125,Watchlist,Balanced,False
Industrial_|_Manipulación_Ligera_Community_01,2025-02-01,8149192.02,32,1.0,0.59375,0.0,Watchlist,Balanced,False
Industrial_|_Manipulación_Ligera_Community_01,2025-03-01,9998322.06,32,1.0,0.59375,0.03125,Watchlist,Balanced,False
Industrial_|_Manipulación_Ligera_Community_01,2025-04-01,7854052.82,32,1.0,0.625,0.0,Watchlist,Balanced,False
Industrial_|_Manipulación_Ligera_Community_01,2025-05-01,8136653.0600000005,32,1.0,0.59375,0.0,Watchlist,Balanced,False
Industrial_|_Manipulación_Ligera_Community_01,2025-06-01,10344799.34,32,1.0,0.5625,0.03125,Watchlist,Balanced,False
Industrial_|_Manipulación_Ligera_Community_01,2025-07-01,8329972.37,32,1.0,0.59375,0.03125,Watchlist,Balanced,False
Industrial_|_Manipulación_Ligera_Community_01,2025-08-01,11207127.67,32,1.0,0.59375,0.0,Watchlist,Balanced,False
Industrial_|_Manipulación_Ligera_Community_01,2025-09-01,8886665.93,32,1.0,0.59375,0.03125,Watchlist,Balanced,False
Industrial_|_Manipulación_Ligera_Community_01,2025-10-01,8796812.81,32,1.0,0.59375,0.0,Watchlist,Balanced,False
Industrial_|_Manipulación_Ligera_Community_01,2025-11-01,10570037.99,32,1.0,0.5625,0.03125,Watchlist,Balanced,False
Industrial_|_Manipulación_Ligera_Community_01,2025-12-01,8364070.26,32,1.0,0.59375,0.03125,Watchlist,Balanced,False
Industrial_|_Manipulación_Ligera_Community_02,2020-03-01,5138904.4,16,1.0,0.6875,0.0,Watchlist,Balanced,False
Industrial_|_Manipulación_Ligera_Community_02,2020-04-01,4223158.15,16,1.0,0.625,0.0,Watchlist,Balanced,False
Industrial_|_Manipulación_Ligera_Community_02,2020-05-01,5455709.33,16,1.0,0.5625,0.125,Watchlist,Balanced,False
Industrial_|_Manipulación_Ligera_Community_02,2020-06-01,4654270.36,16,1.0,0.5625,0.0625,Watchlist,Balanced,False
Industrial_|_Manipulación_Ligera_Community_02,2020-07-01,4425392.11,16,1.0,0.5625,0.125,Watchlist,Balanced,False
Industrial_|_Manipulación_Ligera_Community_02,2020-08-01,5611794.44,16,1.0,0.625,0.0625,Watchlist,Balanced,False
Industrial_|_Manipulación_Ligera_Community_02,2020-10-01,4443377.78,16,1.0,0.5625,0.125,Watchlist,Balanced,False
Industrial_|_Manipulación_Ligera_Community_02,2020-11-01,5544029.93,16,1.0,0.5625,0.125,Watchlist,Balanced,False
Industrial_|_Manipulación_Ligera_Community_02,2021-01-01,5144476.98,16,1.0,0.625,0.0625,Watchlist,Balanced,False
Industrial_|_Manipulación_Ligera_Community_02,2021-04-01,4205546.36,16,1.0,0.625,0.0625,Watchlist,Balanced,False
Industrial_|_Manipulación_Ligera_Community_02,2021-05-01,5310774.87,16,1.0,0.5625,0.125,Watchlist,Balanced,False
Industrial_|_Manipulación_Ligera_Community_02,2021-06-01,4447037.63,16,1.0,0.625,0.0625,Watchlist,Balanced,False
Industrial_|_Manipulación_Ligera_Community_02,2021-08-01,5434921.58,16,1.0,0.5625,0.125,Watchlist,Balanced,False
Industrial_|_Manipulación_Ligera_Community_02,2021-11-01,4373094.55,16,1.0,0.5625,0.125,Watchlist,Balanced,False
Industrial_|_Manipulación_Ligera_Community_02,2021-12-01,4451462.99,16,1.0,0.625,0.0625,Watchlist,Balanced,False
Industrial_|_Manipulación_Ligera_Community_02,2022-03-01,3891057.98,16,1.0,0.5625,0.125,Watchlist,Balanced,False
Industrial_|_Manipulación_Ligera_Community_02,2022-04-01,4129391.19,16,1.0,0.5625,0.0625,Watchlist,Balanced,False
Industrial_|_Manipulación_Ligera_Community_02,2022-07-01,5736106.2,16,1.0,0.5625,0.125,Watchlist,Balanced,False
Industrial_|_Manipulación_Ligera_Community_02,2022-08-01,4697364.66,16,1.0,0.625,0.0,Watchlist,Balanced,False
Industrial_|_Manipulación_Ligera_Community_02,2022-09-01,4338771.29,16,1.0,0.5625,0.125,Watchlist,Balanced,False
Industrial_|_Manipulación_Ligera_Community_02,2022-10-01,5608888.21,16,1.0,0.5625,0.0625,Watchlist,Balanced,False
Industrial_|_Manipulación_Ligera_Community_02,2022-12-01,4274453.24,16,1.0,0.5625,0.125,Watchlist,Balanced,False
Industrial_|_Manipulación_Ligera_Community_02,2023-01-01,5428478.89,16,1.0,0.625,0.0625,Watchlist,Balanced,False
Industrial_|_Manipulación_Ligera_Community_02,2023-02-01,4119200.19,16,1.0,0.625,0.0625,Watchlist,Balanced,False
Industrial_|_Manipulación_Ligera_Community_02,2023-03-01,4240434.38,16,1.0,0.625,0.0625,Watchlist,Balanced,False
Industrial_|_Manipulación_Ligera_Community_02,2023-04-01,4971846.96,16,1.0,0.5625,0.0625,Watchlist,Balanced,False
Industrial_|_Manipulación_Ligera_Community_02,2023-05-01,4241312.47,16,1.0,0.625,0.0625,Watchlist,Balanced,False
Industrial_|_Manipulación_Ligera_Community_02,2023-06-01,4496437.39,16,1.0,0.625,0.0,Watchlist,Balanced,False
Industrial_|_Manipulación_Ligera_Community_02,2023-08-01,4639999.12,16,1.0,0.5625,0.125,Watchlist,Balanced,False
Industrial_|_Manipulación_Ligera_Community_02,2023-09-01,4708918.13,16,1.0,0.625,0.0625,Watchlist,Balanced,False
Industrial_|_Manipulación_Ligera_Community_02,2023-10-01,5314866.28,16,1.0,0.625,0.0625,Watchlist,Balanced,False
Industrial_|_Manipulación_Ligera_Community_02,2023-11-01,4180151.2399999998,16,1.0,0.5625,0.0625,Watchlist,Balanced,False
Industrial_|_Manipulación_Ligera_Community_02,2024-01-01,4346831.71,16,1.0,0.5625,0.125,Watchlist,Balanced,False
Industrial_|_Manipulación_Ligera_Community_02,2024-02-01,4341597.78,16,1.0,0.5625,0.0625,Watchlist,Balanced,False
Industrial_|_Manipulación_Ligera_Community_02,2024-03-01,5229134.13,16,1.0,0.5625,0.125,Watchlist,Balanced,False
Industrial_|_Manipulación_Ligera_Community_02,2024-04-01,4416516.39,16,1.0,0.5625,0.0625,Watchlist,Balanced,False
Industrial_|_Manipulación_Ligera_Community_02,2024-05-01,4093126.9,16,1.0,0.5625,0.125,Watchlist,Balanced,False
Industrial_|_Manipulación_Ligera_Community_02,2024-06-01,5278511.91,16,1.0,0.625,0.0625,Watchlist,Balanced,False
Industrial_|_Manipulación_Ligera_Community_02,2024-07-01,4589682.76,16,1.0,0.625,0.0,Watchlist,Balanced,False
Industrial_|_Manipulación_Ligera_Community_02,2024-08-01,4559709.97,16,1.0,0.625,0.0,Watchlist,Balanced,False
Industrial_|_Manipulación_Ligera_Community_02,2024-09-01,5960570.7,16,1.0,0.625,0.0625,Watchlist,Balanced,False
Industrial_|_Manipulación_Ligera_Community_02,2024-10-01,4889877.33,16,1.0,0.5625,0.0625,Watchlist,Balanced,False
Industrial_|_Manipulación_Ligera_Community_02,2024-11-01,4203084.18,16,1.0,0.5625,0.125,Watchlist,Balanced,False
Industrial_|_Manipulación_Ligera_Community_02,2024-12-01,5317983.39,16,1.0,0.625,0.0625,Watchlist,Balanced,False
Industrial_|_Manipulación_Ligera_Community_02,2025-01-01,4345924.13,16,1.0,0.5625,0.125,Watchlist,Balanced,False
Industrial_|_Manipulación_Ligera_Community_02,2025-02-01,4243064.39,16,1.0,0.5625,0.0625,Watchlist,Balanced,False
Industrial_|_Manipulación_Ligera_Community_02,2025-03-01,4971034.29,16,1.0,0.625,0.0625,Watchlist,Balanced,False
Industrial_|_Manipulación_Ligera_Community_02,2025-04-01,4207852.58,16,1.0,0.5625,0.0625,Watchlist,Balanced,False
Industrial_|_Manipulación_Ligera_Community_02,2025-05-01,4198832.28,16,1.0,0.625,0.0625,Watchlist,Balanced,False
Industrial_|_Manipulación_Ligera_Community_02,2025-06-01,5310691.36,16,1.0,0.5625,0.0625,Watchlist,Balanced,False
Industrial_|_Manipulación_Ligera_Community_02,2025-07-01,4165774.6799999997,16,1.0,0.5625,0.125,Watchlist,Balanced,False
Industrial_|_Manipulación_Ligera_Community_02,2025-08-01,5506575.4,16,1.0,0.5625,0.125,Watchlist,Balanced,False
Industrial_|_Manipulación_Ligera_Community_02,2025-10-01,4572001.36,16,1.0,0.625,0.0625,Watchlist,Balanced,False
Industrial_|_Manipulación_Ligera_Community_02,2025-11-01,5566626.1,16,1.0,0.5625,0.125,Watchlist,Balanced,False
Industrial_|_Manipulación_Ligera_Community_02,2025-12-01,4364952.38,16,1.0,0.625,0.0625,Watchlist,Balanced,False
Industrial_|_Manipulación_Ligera_Community_03,2020-03-01,9259120.42,31,1.0,0.6129032258064516,0.03225806451612903,Watchlist,Balanced,False
Industrial_|_Manipulación_Ligera_Community_03,2020-04-01,7568107.13,31,1.0,0.5806451612903226,0.03225806451612903,Watchlist,Balanced,False
Industrial_|_Manipulación_Ligera_Community_03,2020-05-01,9661169.31,31,1.0,0.6129032258064516,0.03225806451612903,Watchlist,Balanced,False
Industrial_|_Manipulación_Ligera_Community_03,2020-06-01,8074463.11,31,1.0,0.5806451612903226,0.06451612903225806,Watchlist,Balanced,False
Industrial_|_Manipulación_Ligera_Community_03,2020-07-01,8039128.25,31,1.0,0.5806451612903226,0.06451612903225806,Watchlist,Balanced,False
Industrial_|_Manipulación_Ligera_Community_03,2020-08-01,10502332.41,31,1.0,0.6129032258064516,0.03225806451612903,Watchlist,Balanced,False
Industrial_|_Manipulación_Ligera_Community_03,2020-09-01,8491826.92,31,1.0,0.5483870967741935,0.06451612903225806,Watchlist,Balanced,False
Industrial_|_Manipulación_Ligera_Community_03,2020-10-01,8296714.02,31,1.0,0.5483870967741935,0.06451612903225806,Watchlist,Balanced,False
Industrial_|_Manipulación_Ligera_Community_03,2020-11-01,10029329.21,31,1.0,0.5806451612903226,0.06451612903225806,Watchlist,Balanced,False
Industrial_|_Manipulación_Ligera_Community_03,2020-12-01,7713052.26,31,1.0,0.5806451612903226,0.06451612903225806,Watchlist,Balanced,False
Industrial_|_Manipulación_Ligera_Community_03,2021-01-01,9746001.91,31,1.0,0.5806451612903226,0.06451612903225806,Watchlist,Balanced,False
Industrial_|_Manipulación_Ligera_Community_03,2021-02-01,7271873.11,31,1.0,0.6129032258064516,0.03225806451612903,Watchlist,Balanced,False
Industrial_|_Manipulación_Ligera_Community_03,2021-03-01,7527401.25,31,1.0,0.5483870967741935,0.0967741935483871,Watchlist,Balanced,False
Industrial_|_Manipulación_Ligera_Community_03,2021-04-01,7713073.19,31,1.0,0.5483870967741935,0.06451612903225806,Watchlist,Balanced,False
Industrial_|_Manipulación_Ligera_Community_03,2021-05-01,9736999.040000001,31,1.0,0.5806451612903226,0.06451612903225806,Watchlist,Balanced,False
Industrial_|_Manipulación_Ligera_Community_03,2021-06-01,7836163.63,31,1.0,0.5806451612903226,0.06451612903225806,Watchlist,Balanced,False
Industrial_|_Manipulación_Ligera_Community_03,2021-07-01,7624674.05,31,1.0,0.5806451612903226,0.06451612903225806,Watchlist,Balanced,False
Industrial_|_Manipulación_Ligera_Community_03,2021-08-01,10600968.75,31,1.0,0.5806451612903226,0.06451612903225806,Watchlist,Balanced,False
Industrial_|_Manipulación_Ligera_Community_03,2021-09-01,8281378.82,31,1.0,0.5806451612903226,0.06451612903225806,Watchlist,Balanced,False
Industrial_|_Manipulación_Ligera_Community_03,2021-11-01,7851170.93,31,1.0,0.5806451612903226,0.06451612903225806,Watchlist,Balanced,False
Industrial_|_Manipulación_Ligera_Community_03,2021-12-01,7959630.53,31,1.0,0.5483870967741935,0.0967741935483871,Watchlist,Balanced,False
Industrial_|_Manipulación_Ligera_Community_03,2022-01-01,9371718.63,31,1.0,0.5483870967741935,0.0967741935483871,Watchlist,Balanced,False
Industrial_|_Manipulación_Ligera_Community_03,2022-02-01,7151196.44,31,1.0,0.6129032258064516,0.03225806451612903,Watchlist,Balanced,False
Industrial_|_Manipulación_Ligera_Community_03,2022-03-01,7246685.83,31,1.0,0.6129032258064516,0.03225806451612903,Watchlist,Balanced,False
Industrial_|_Manipulación_Ligera_Community_03,2022-04-01,7756718.5,31,1.0,0.6451612903225806,0.0,Watchlist,Balanced,False
Industrial_|_Manipulación_Ligera_Community_03,2022-05-01,9449404.7,31,1.0,0.5806451612903226,0.06451612903225806,Watchlist,Balanced,False
Industrial_|_Manipulación_Ligera_Community_03,2022-07-01,10167134.81,31,1.0,0.6129032258064516,0.03225806451612903,Watchlist,Balanced,False
Industrial_|_Manipulación_Ligera_Community_03,2022-08-01,8147405.75,31,1.0,0.5806451612903226,0.06451612903225806,Watchlist,Balanced,False
Industrial_|_Manipulación_Ligera_Community_03,2022-10-01,10503462.66,31,1.0,0.5483870967741935,0.0967741935483871,Watchlist,Balanced,False
Industrial_|_Manipulación_Ligera_Community_03,2022-11-01,7827344.8,31,1.0,0.6129032258064516,0.03225806451612903,Watchlist,Balanced,False
Industrial_|_Manipulación_Ligera_Community_03,2022-12-01,7807218.96,31,1.0,0.6129032258064516,0.03225806451612903,Watchlist,Balanced,False
Industrial_|_Manipulación_Ligera_Community_03,2023-01-01,9820709.91,31,1.0,0.6451612903225806,0.0,Watchlist,Balanced,False
Industrial_|_Manipulación_Ligera_Community_03,2023-02-01,7389388.64,31,1.0,0.5806451612903226,0.06451612903225806,Watchlist,Balanced,False
Industrial_|_Manipulación_Ligera_Community_03,2023-03-01,7448851.34,31,1.0,0.5806451612903226,0.03225806451612903,Watchlist,Balanced,False
Industrial_|_Manipulación_Ligera_Community_03,2023-04-01,9278123.88,31,1.0,0.5806451612903226,0.06451612903225806,Watchlist,Balanced,False
Industrial_|_Manipulación_Ligera_Community_03,2023-05-01,7350520.26,31,1.0,0.6129032258064516,0.03225806451612903,Watchlist,Balanced,False
Industrial_|_Manipulación_Ligera_Community_03,2023-06-01,7892226.42,31,1.0,0.6129032258064516,0.0,Watchlist,Balanced,False
Industrial_|_Manipulación_Ligera_Community_03,2023-07-01,10415238.65,31,1.0,0.5483870967741935,0.0967741935483871,Watchlist,Balanced,False
Industrial_|_Manipulación_Ligera_Community_03,2023-08-01,8287997.22,31,1.0,0.5806451612903226,0.06451612903225806,Watchlist,Balanced,False
Industrial_|_Manipulación_Ligera_Community_03,2023-09-01,8251594.82,31,1.0,0.6129032258064516,0.03225806451612903,Watchlist,Balanced,False
Industrial_|_Manipulación_Ligera_Community_03,2023-10-01,10543967.54,31,1.0,0.6129032258064516,0.03225806451612903,Watchlist,Balanced,False
Industrial_|_Manipulación_Ligera_Community_03,2023-11-01,8061039.06,31,1.0,0.5806451612903226,0.03225806451612903,Watchlist,Balanced,False
Industrial_|_Manipulación_Ligera_Community_03,2023-12-01,9960891.43,31,1.0,0.5806451612903226,0.06451612903225806,Watchlist,Balanced,False
Industrial_|_Manipulación_Ligera_Community_03,2024-01-01,7606028.22,31,1.0,0.6129032258064516,0.03225806451612903,Watchlist,Balanced,False
Industrial_|_Manipulación_Ligera_Community_03,2024-02-01,7150928.2700000005,31,1.0,0.5806451612903226,0.06451612903225806,Watchlist,Balanced,False
Industrial_|_Manipulación_Ligera_Community_03,2024-04-01,7340635.78,31,1.0,0.6129032258064516,0.03225806451612903,Watchlist,Balanced,False
Industrial_|_Manipulación_Ligera_Community_03,2024-05-01,7715967.81,31,1.0,0.6129032258064516,0.0,Watchlist,Balanced,False
Industrial_|_Manipulación_Ligera_Community_03,2024-06-01,10138203.04,31,1.0,0.5483870967741935,0.0967741935483871,Watchlist,Balanced,False
Industrial_|_Manipulación_Ligera_Community_03,2024-07-01,8027356.36,31,1.0,0.5806451612903226,0.06451612903225806,Watchlist,Balanced,False
Industrial_|_Manipulación_Ligera_Community_03,2024-08-01,8324332.76,31,1.0,0.5806451612903226,0.06451612903225806,Watchlist,Balanced,False
Industrial_|_Manipulación_Ligera_Community_03,2024-09-01,10790229.11,31,1.0,0.5806451612903226,0.06451612903225806,Watchlist,Balanced,False
Industrial_|_Manipulación_Ligera_Community_03,2024-10-01,8203151.12,31,1.0,0.5806451612903226,0.06451612903225806,Watchlist,Balanced,False
Industrial_|_Manipulación_Ligera_Community_03,2024-11-01,8079141.0200000005,31,1.0,0.5806451612903226,0.06451612903225806,Watchlist,Balanced,False
Industrial_|_Manipulación_Ligera_Community_03,2024-12-01,10103306.97,31,1.0,0.5806451612903226,0.06451612903225806,Watchlist,Balanced,False
Industrial_|_Manipulación_Ligera_Community_03,2025-01-01,7467618.6,31,1.0,0.6129032258064516,0.03225806451612903,Watchlist,Balanced,False
Industrial_|_Manipulación_Ligera_Community_03,2025-02-01,7549580.36,31,1.0,0.5806451612903226,0.03225806451612903,Watchlist,Balanced,False
Industrial_|_Manipulación_Ligera_Community_03,2025-03-01,9344265.9,31,1.0,0.5806451612903226,0.06451612903225806,Watchlist,Balanced,False
Industrial_|_Manipulación_Ligera_Community_03,2025-04-01,7534291.93,31,1.0,0.5806451612903226,0.06451612903225806,Watchlist,Balanced,False
Industrial_|_Manipulación_Ligera_Community_03,2025-06-01,9651716.21,31,1.0,0.6129032258064516,0.03225806451612903,Watchlist,Balanced,False
Industrial_|_Manipulación_Ligera_Community_03,2025-07-01,7840132.71,31,1.0,0.6129032258064516,0.03225806451612903,Watchlist,Balanced,False
Industrial_|_Manipulación_Ligera_Community_03,2025-08-01,10125575.05,31,1.0,0.6129032258064516,0.03225806451612903,Watchlist,Balanced,False
Industrial_|_Manipulación_Ligera_Community_03,2025-09-01,8412335.41,31,1.0,0.6129032258064516,0.03225806451612903,Watchlist,Balanced,False
Industrial_|_Manipulación_Ligera_Community_03,2025-10-01,8151659.66,31,1.0,0.6129032258064516,0.03225806451612903,Watchlist,Balanced,False
Industrial_|_Manipulación_Ligera_Community_03,2025-11-01,9853523.3,31,1.0,0.6129032258064516,0.03225806451612903,Watchlist,Balanced,False
Industrial_|_Manipulación_Ligera_Community_03,2025-12-01,7780959.28,31,1.0,0.5806451612903226,0.03225806451612903,Watchlist,Balanced,False
Industrial_|_Portuario/Especial_Community_01,2020-03-01,557736.27,21,1.0,0.5714285714285714,0.047619047619047616,Watchlist,Balanced,False
Industrial_|_Portuario/Especial_Community_01,2020-04-01,438837.67,21,1.0,0.5714285714285714,0.0,Watchlist,Balanced,False
Industrial_|_Portuario/Especial_Community_01,2020-05-01,590165.82,21,1.0,0.5238095238095238,0.047619047619047616,Watchlist,Balanced,False
Industrial_|_Portuario/Especial_Community_01,2020-07-01,485096.43,21,1.0,0.5714285714285714,0.047619047619047616,Watchlist,Balanced,False
Industrial_|_Portuario/Especial_Community_01,2020-08-01,615492.76,21,1.0,0.6190476190476191,0.0,Watchlist,Balanced,False
Industrial_|_Portuario/Especial_Community_01,2020-09-01,473171.19,21,1.0,0.5238095238095238,0.047619047619047616,Watchlist,Balanced,False
Industrial_|_Portuario/Especial_Community_01,2020-10-01,503908.83999999997,21,1.0,0.5238095238095238,0.047619047619047616,Watchlist,Balanced,False
Industrial_|_Portuario/Especial_Community_01,2020-11-01,591015.35,21,1.0,0.5714285714285714,0.0,Watchlist,Balanced,False
Industrial_|_Portuario/Especial_Community_01,2020-12-01,451957.98,21,1.0,0.5238095238095238,0.09523809523809523,Watchlist,Balanced,False
Industrial_|_Portuario/Especial_Community_01,2021-01-01,534721.87,21,1.0,0.5238095238095238,0.047619047619047616,Watchlist,Balanced,False
Industrial_|_Portuario/Especial_Community_01,2021-02-01,443020.29,21,1.0,0.5714285714285714,0.047619047619047616,Watchlist,Balanced,False
Industrial_|_Portuario/Especial_Community_01,2021-03-01,439219.29,21,1.0,0.5714285714285714,0.047619047619047616,Watchlist,Balanced,False
Industrial_|_Portuario/Especial_Community_01,2021-05-01,558397.77,21,1.0,0.5714285714285714,0.0,Watchlist,Balanced,False
Industrial_|_Portuario/Especial_Community_01,2021-06-01,441747.74,21,1.0,0.5714285714285714,0.047619047619047616,Watchlist,Balanced,False
Industrial_|_Portuario/Especial_Community_01,2021-07-01,490178.85000000003,21,1.0,0.5714285714285714,0.0,Watchlist,Balanced,False
Industrial_|_Portuario/Especial_Community_01,2021-08-01,579201.08,21,1.0,0.5714285714285714,0.047619047619047616,Watchlist,Balanced,False
Industrial_|_Portuario/Especial_Community_01,2021-09-01,478430.93,21,1.0,0.5238095238095238,0.047619047619047616,Watchlist,Balanced,False
Industrial_|_Portuario/Especial_Community_01,2021-10-01,595715.1900000001,21,1.0,0.5714285714285714,0.047619047619047616,Watchlist,Balanced,False
Industrial_|_Portuario/Especial_Community_01,2021-11-01,459727.27999999997,21,1.0,0.5714285714285714,0.0,Watchlist,Balanced,False
Industrial_|_Portuario/Especial_Community_01,2021-12-01,448178.49,21,1.0,0.5714285714285714,0.0,Watchlist,Balanced,False
Industrial_|_Portuario/Especial_Community_01,2022-01-01,556842.22,21,1.0,0.5714285714285714,0.047619047619047616,Watchlist,Balanced,False
Industrial_|_Portuario/Especial_Community_01,2022-02-01,439426.17,21,1.0,0.6190476190476191,0.0,Watchlist,Balanced,False
Industrial_|_Portuario/Especial_Community_01,2022-03-01,448378.82,21,1.0,0.6190476190476191,0.0,Watchlist,Balanced,False
Industrial_|_Portuario/Especial_Community_01,2022-05-01,565526.14,21,1.0,0.5714285714285714,0.047619047619047616,Watchlist,Balanced,False
Industrial_|_Portuario/Especial_Community_01,2022-06-01,448322.99,21,1.0,0.5238095238095238,0.047619047619047616,Watchlist,Balanced,False
Industrial_|_Portuario/Especial_Community_01,2022-07-01,590336.77,21,1.0,0.5238095238095238,0.09523809523809523,Watchlist,Balanced,False
Industrial_|_Portuario/Especial_Community_01,2022-08-01,462277.53,21,1.0,0.5714285714285714,0.0,Watchlist,Balanced,False
Industrial_|_Portuario/Especial_Community_01,2022-09-01,474167.08,21,1.0,0.5714285714285714,0.047619047619047616,Watchlist,Balanced,False
Industrial_|_Portuario/Especial_Community_01,2022-10-01,600065.65,21,1.0,0.5238095238095238,0.047619047619047616,Watchlist,Balanced,False
Industrial_|_Portuario/Especial_Community_01,2022-12-01,458791.68,21,1.0,0.5238095238095238,0.047619047619047616,Watchlist,Balanced,False
Industrial_|_Portuario/Especial_Community_01,2023-01-01,568205.92,21,1.0,0.5714285714285714,0.0,Watchlist,Balanced,False
Industrial_|_Portuario/Especial_Community_01,2023-02-01,441508.84,21,1.0,0.5714285714285714,0.047619047619047616,Watchlist,Balanced,False
Industrial_|_Portuario/Especial_Community_01,2023-03-01,431802.59,21,1.0,0.6190476190476191,0.0,Watchlist,Balanced,False
Industrial_|_Portuario/Especial_Community_01,2023-04-01,533392.37,21,1.0,0.5714285714285714,0.0,Watchlist,Balanced,False
Industrial_|_Portuario/Especial_Community_01,2023-05-01,452232.34,21,1.0,0.5714285714285714,0.0,Watchlist,Balanced,False
Industrial_|_Portuario/Especial_Community_01,2023-06-01,453131.95,21,1.0,0.5238095238095238,0.047619047619047616,Watchlist,Balanced,False
Industrial_|_Portuario/Especial_Community_01,2023-08-01,493826.58999999997,21,1.0,0.5238095238095238,0.047619047619047616,Watchlist,Balanced,False
Industrial_|_Portuario/Especial_Community_01,2023-09-01,473323.22000000003,21,1.0,0.5238095238095238,0.047619047619047616,Watchlist,Balanced,False
Industrial_|_Portuario/Especial_Community_01,2023-10-01,584352.1,21,1.0,0.5238095238095238,0.047619047619047616,Watchlist,Balanced,False
Industrial_|_Portuario/Especial_Community_01,2023-11-01,464998.04,21,1.0,0.5714285714285714,0.047619047619047616,Watchlist,Balanced,False
Industrial_|_Portuario/Especial_Community_01,2023-12-01,565282.1,21,1.0,0.5714285714285714,0.0,Watchlist,Balanced,False
Industrial_|_Portuario/Especial_Community_01,2024-01-01,452303.41000000003,21,1.0,0.5714285714285714,0.0,Watchlist,Balanced,False
Industrial_|_Portuario/Especial_Community_01,2024-02-01,459802.48,21,1.0,0.5714285714285714,0.0,Watchlist,Balanced,False
Industrial_|_Portuario/Especial_Community_01,2024-03-01,532160.52,21,1.0,0.5714285714285714,0.047619047619047616,Watchlist,Balanced,False
Industrial_|_Portuario/Especial_Community_01,2024-04-01,437246.18,21,1.0,0.5714285714285714,0.0,Watchlist,Balanced,False
Industrial_|_Portuario/Especial_Community_01,2024-05-01,447662.41000000003,21,1.0,0.5714285714285714,0.047619047619047616,Watchlist,Balanced,False
Industrial_|_Portuario/Especial_Community_01,2024-06-01,589759.7,21,1.0,0.5714285714285714,0.0,Watchlist,Balanced,False
Industrial_|_Portuario/Especial_Community_01,2024-07-01,472663.87,21,1.0,0.5238095238095238,0.047619047619047616,Watchlist,Balanced,False
Industrial_|_Portuario/Especial_Community_01,2024-08-01,493393.95,21,1.0,0.5714285714285714,0.0,Watchlist,Balanced,False
Industrial_|_Portuario/Especial_Community_01,2024-09-01,604488.93,21,1.0,0.5714285714285714,0.0,Watchlist,Balanced,False
Industrial_|_Portuario/Especial_Community_01,2024-10-01,482719.08,21,1.0,0.5714285714285714,0.0,Watchlist,Balanced,False
Industrial_|_Portuario/Especial_Community_01,2024-11-01,489456.74,21,1.0,0.5238095238095238,0.047619047619047616,Watchlist,Balanced,False
Industrial_|_Portuario/Especial_Community_01,2024-12-01,558929.52,21,1.0,0.5238095238095238,0.047619047619047616,Watchlist,Balanced,False
Industrial_|_Portuario/Especial_Community_01,2025-01-01,440461.98,21,1.0,0.5714285714285714,0.0,Watchlist,Balanced,False
Industrial_|_Portuario/Especial_Community_01,2025-02-01,435859.26,21,1.0,0.5714285714285714,0.047619047619047616,Watchlist,Balanced,False
Industrial_|_Portuario/Especial_Community_01,2025-03-01,554317.4,21,1.0,0.5714285714285714,0.0,Watchlist,Balanced,False
Industrial_|_Portuario/Especial_Community_01,2025-04-01,433025.34,21,1.0,0.5714285714285714,0.047619047619047616,Watchlist,Balanced,False
Industrial_|_Portuario/Especial_Community_01,2025-05-01,456518.19,21,1.0,0.5714285714285714,0.0,Watchlist,Balanced,False
Industrial_|_Portuario/Especial_Community_01,2025-06-01,566509.5,21,1.0,0.5238095238095238,0.047619047619047616,Watchlist,Balanced,False
Industrial_|_Portuario/Especial_Community_01,2025-07-01,466479.06,21,1.0,0.5238095238095238,0.047619047619047616,Watchlist,Balanced,False
Industrial_|_Portuario/Especial_Community_01,2025-08-01,575215.3,21,1.0,0.5714285714285714,0.047619047619047616,Watchlist,Balanced,False
Industrial_|_Portuario/Especial_Community_01,2025-09-01,500589.75,21,1.0,0.5714285714285714,0.047619047619047616,Watchlist,Balanced,False
Industrial_|_Portuario/Especial_Community_01,2025-10-01,470752.9,21,1.0,0.5714285714285714,0.0,Watchlist,Balanced,False
Industrial_|_Portuario/Especial_Community_01,2025-11-01,564985.43,21,1.0,0.5238095238095238,0.09523809523809523,Watchlist,Balanced,False
Industrial_|_Portuario/Especial_Community_01,2025-12-01,454365.81,21,1.0,0.6190476190476191,0.0,Watchlist,Balanced,False
Industrial_|_Portuario/Especial_Community_02,2020-03-01,579511.64,23,1.0,0.5652173913043478,0.043478260869565216,Watchlist,Balanced,False
Industrial_|_Portuario/Especial_Community_02,2020-04-01,452475.05,23,1.0,0.5652173913043478,0.0,Watchlist,Balanced,False
Industrial_|_Portuario/Especial_Community_02,2020-05-01,585235.53,23,1.0,0.5652173913043478,0.043478260869565216,Watchlist,Balanced,False
Industrial_|_Portuario/Especial_Community_02,2020-06-01,496686.53,23,1.0,0.6086956521739131,0.0,Watchlist,Balanced,False
Industrial_|_Portuario/Especial_Community_02,2020-07-01,500426.82,23,1.0,0.5217391304347826,0.043478260869565216,Watchlist,Balanced,False
Industrial_|_Portuario/Especial_Community_02,2020-08-01,634120.06,23,1.0,0.5217391304347826,0.043478260869565216,Watchlist,Balanced,False
Industrial_|_Portuario/Especial_Community_02,2020-11-01,625512.99,23,1.0,0.5217391304347826,0.043478260869565216,Watchlist,Balanced,False
Industrial_|_Portuario/Especial_Community_02,2020-12-01,490221.81,23,1.0,0.5217391304347826,0.043478260869565216,Watchlist,Balanced,False
Industrial_|_Portuario/Especial_Community_02,2021-01-01,592255.12,23,1.0,0.5217391304347826,0.08695652173913043,Watchlist,Balanced,False
Industrial_|_Portuario/Especial_Community_02,2021-02-01,465092.3,23,1.0,0.5652173913043478,0.0,Watchlist,Balanced,False
Industrial_|_Portuario/Especial_Community_02,2021-03-01,462173.43,23,1.0,0.5217391304347826,0.08695652173913043,Watchlist,Balanced,False
Industrial_|_Portuario/Especial_Community_02,2021-05-01,607831.9,23,1.0,0.5652173913043478,0.0,Watchlist,Balanced,False
Industrial_|_Portuario/Especial_Community_02,2021-06-01,481229.79000000004,23,1.0,0.5652173913043478,0.0,Watchlist,Balanced,False
Industrial_|_Portuario/Especial_Community_02,2021-07-01,509752.69,23,1.0,0.5217391304347826,0.043478260869565216,Watchlist,Balanced,False
Industrial_|_Portuario/Especial_Community_02,2021-08-01,672612.34,23,1.0,0.5652173913043478,0.043478260869565216,Watchlist,Balanced,False
Industrial_|_Portuario/Especial_Community_02,2021-09-01,526408.11,23,1.0,0.5652173913043478,0.0,Watchlist,Balanced,False
Industrial_|_Portuario/Especial_Community_02,2021-10-01,639900.26,23,1.0,0.5652173913043478,0.0,Watchlist,Balanced,False
Industrial_|_Portuario/Especial_Community_02,2021-11-01,505117.28,23,1.0,0.5652173913043478,0.043478260869565216,Watchlist,Balanced,False
Industrial_|_Portuario/Especial_Community_02,2021-12-01,504056.77,23,1.0,0.5652173913043478,0.0,Watchlist,Balanced,False
Industrial_|_Portuario/Especial_Community_02,2022-01-01,620404.56,23,1.0,0.5652173913043478,0.0,Watchlist,Balanced,False
Industrial_|_Portuario/Especial_Community_02,2022-02-01,477139.27,23,1.0,0.5217391304347826,0.08695652173913043,Watchlist,Balanced,False
Industrial_|_Portuario/Especial_Community_02,2022-03-01,468550.85,23,1.0,0.5217391304347826,0.08695652173913043,Watchlist,Balanced,False
Industrial_|_Portuario/Especial_Community_02,2022-04-01,469936.29,23,1.0,0.5217391304347826,0.043478260869565216,Watchlist,Balanced,False
Industrial_|_Portuario/Especial_Community_02,2022-05-01,602320.62,23,1.0,0.5652173913043478,0.043478260869565216,Watchlist,Balanced,False
Industrial_|_Portuario/Especial_Community_02,2022-06-01,478079.31,23,1.0,0.5652173913043478,0.043478260869565216,Watchlist,Balanced,False
Industrial_|_Portuario/Especial_Community_02,2022-07-01,643272.04,23,1.0,0.5652173913043478,0.043478260869565216,Watchlist,Balanced,False
Industrial_|_Portuario/Especial_Community_02,2022-09-01,512356.07,23,1.0,0.5652173913043478,0.043478260869565216,Watchlist,Balanced,False
Industrial_|_Portuario/Especial_Community_02,2022-10-01,631089.39,23,1.0,0.5652173913043478,0.043478260869565216,Watchlist,Balanced,False
Industrial_|_Portuario/Especial_Community_02,2022-12-01,487591.85,23,1.0,0.5652173913043478,0.043478260869565216,Watchlist,Balanced,False
Industrial_|_Portuario/Especial_Community_02,2023-01-01,589885.21,23,1.0,0.5217391304347826,0.043478260869565216,Watchlist,Balanced,False
Industrial_|_Portuario/Especial_Community_02,2023-02-01,495352.66,23,1.0,0.5652173913043478,0.0,Watchlist,Balanced,False
Industrial_|_Portuario/Especial_Community_02,2023-03-01,470851.14,23,1.0,0.5652173913043478,0.043478260869565216,Watchlist,Balanced,False
Industrial_|_Portuario/Especial_Community_02,2023-04-01,595977.22,23,1.0,0.5652173913043478,0.043478260869565216,Watchlist,Balanced,False
Industrial_|_Portuario/Especial_Community_02,2023-06-01,463024.57,23,1.0,0.5652173913043478,0.043478260869565216,Watchlist,Balanced,False
Industrial_|_Portuario/Especial_Community_02,2023-07-01,639858.84,23,1.0,0.5652173913043478,0.043478260869565216,Watchlist,Balanced,False
Industrial_|_Portuario/Especial_Community_02,2023-08-01,508615.35,23,1.0,0.5217391304347826,0.043478260869565216,Watchlist,Balanced,False
Industrial_|_Portuario/Especial_Community_02,2023-09-01,512337.02,23,1.0,0.5217391304347826,0.043478260869565216,Watchlist,Balanced,False
Industrial_|_Portuario/Especial_Community_02,2023-10-01,642760.06,23,1.0,0.5652173913043478,0.043478260869565216,Watchlist,Balanced,False
Industrial_|_Portuario/Especial_Community_02,2023-11-01,495660.5,23,1.0,0.5652173913043478,0.0,Watchlist,Balanced,False
Industrial_|_Portuario/Especial_Community_02,2023-12-01,621932.1,23,1.0,0.5217391304347826,0.08695652173913043,Watchlist,Balanced,False
Industrial_|_Portuario/Especial_Community_02,2024-01-01,476854.61,23,1.0,0.5652173913043478,0.0,Watchlist,Balanced,False
Industrial_|_Portuario/Especial_Community_02,2024-02-01,465914.42,23,1.0,0.5217391304347826,0.08695652173913043,Watchlist,Balanced,False
Industrial_|_Portuario/Especial_Community_02,2024-03-01,576290.23,23,1.0,0.5652173913043478,0.043478260869565216,Watchlist,Balanced,False
Industrial_|_Portuario/Especial_Community_02,2024-04-01,472345.41000000003,23,1.0,0.5652173913043478,0.0,Watchlist,Balanced,False
Industrial_|_Portuario/Especial_Community_02,2024-05-01,478770.98,23,1.0,0.5217391304347826,0.043478260869565216,Watchlist,Balanced,False
Industrial_|_Portuario/Especial_Community_02,2024-06-01,623639.8,23,1.0,0.5217391304347826,0.08695652173913043,Watchlist,Balanced,False
Industrial_|_Portuario/Especial_Community_02,2024-07-01,505414.78,23,1.0,0.5217391304347826,0.08695652173913043,Watchlist,Balanced,False
Industrial_|_Portuario/Especial_Community_02,2024-08-01,502035.87,23,1.0,0.5217391304347826,0.08695652173913043,Watchlist,Balanced,False
Industrial_|_Portuario/Especial_Community_02,2024-09-01,651411.0,23,1.0,0.5652173913043478,0.043478260869565216,Watchlist,Balanced,False
Industrial_|_Portuario/Especial_Community_02,2024-10-01,513390.17,23,1.0,0.5652173913043478,0.0,Watchlist,Balanced,False
Industrial_|_Portuario/Especial_Community_02,2024-11-01,503909.79,23,1.0,0.5217391304347826,0.08695652173913043,Watchlist,Balanced,False
Industrial_|_Portuario/Especial_Community_02,2024-12-01,617560.8,23,1.0,0.5652173913043478,0.043478260869565216,Watchlist,Balanced,False
Industrial_|_Portuario/Especial_Community_02,2025-01-01,451144.65,23,1.0,0.5217391304347826,0.08695652173913043,Watchlist,Balanced,False
Industrial_|_Portuario/Especial_Community_02,2025-02-01,463377.88,23,1.0,0.5217391304347826,0.08695652173913043,Watchlist,Balanced,False
Industrial_|_Portuario/Especial_Community_02,2025-03-01,572799.56,23,1.0,0.5217391304347826,0.08695652173913043,Watchlist,Balanced,False
Industrial_|_Portuario/Especial_Community_02,2025-04-01,451070.25,23,1.0,0.5217391304347826,0.08695652173913043,Watchlist,Balanced,False
Industrial_|_Portuario/Especial_Community_02,2025-05-01,481180.83,23,1.0,0.5652173913043478,0.043478260869565216,Watchlist,Balanced,False
Industrial_|_Portuario/Especial_Community_02,2025-06-01,613915.5,23,1.0,0.5652173913043478,0.0,Watchlist,Balanced,False
Industrial_|_Portuario/Especial_Community_02,2025-07-01,528350.54,23,1.0,0.5652173913043478,0.0,Watchlist,Balanced,False
Industrial_|_Portuario/Especial_Community_02,2025-08-01,633052.81,23,1.0,0.5652173913043478,0.043478260869565216,Watchlist,Balanced,False
Industrial_|_Portuario/Especial_Community_02,2025-09-01,503002.66,23,1.0,0.5217391304347826,0.043478260869565216,Watchlist,Balanced,False
Industrial_|_Portuario/Especial_Community_02,2025-10-01,495091.16000000003,23,1.0,0.5652173913043478,0.043478260869565216,Watchlist,Balanced,False
Industrial_|_Portuario/Especial_Community_02,2025-11-01,643954.7,23,1.0,0.5652173913043478,0.043478260869565216,Watchlist,Balanced,False
Industrial_|_Portuario/Especial_Community_02,2025-12-01,494069.42000000004,23,1.0,0.6086956521739131,0.0,Watchlist,Balanced,False
Industrial_|_Portuario/Especial_Community_03,2020-03-01,806659.79,36,1.0,0.5555555555555556,0.05555555555555555,Watchlist,Balanced,False
Industrial_|_Portuario/Especial_Community_03,2020-04-01,652177.0,36,1.0,0.5555555555555556,0.05555555555555555,Watchlist,Balanced,False
Industrial_|_Portuario/Especial_Community_03,2020-05-01,814620.74,36,1.0,0.5833333333333334,0.027777777777777776,Watchlist,Balanced,False
Industrial_|_Portuario/Especial_Community_03,2020-06-01,687755.92,36,1.0,0.6111111111111112,0.0,Watchlist,Balanced,False
Industrial_|_Portuario/Especial_Community_03,2020-07-01,718069.9,36,1.0,0.5833333333333334,0.027777777777777776,Watchlist,Balanced,False
Industrial_|_Portuario/Especial_Community_03,2020-08-01,889759.34,36,1.0,0.5833333333333334,0.027777777777777776,Watchlist,Balanced,False
Industrial_|_Portuario/Especial_Community_03,2020-09-01,705501.55,36,1.0,0.5833333333333334,0.027777777777777776,Watchlist,Balanced,False
Industrial_|_Portuario/Especial_Community_03,2020-10-01,683984.05,36,1.0,0.5833333333333334,0.027777777777777776,Watchlist,Balanced,False
Industrial_|_Portuario/Especial_Community_03,2020-11-01,845958.84,36,1.0,0.5833333333333334,0.027777777777777776,Watchlist,Balanced,False
Industrial_|_Portuario/Especial_Community_03,2020-12-01,701094.86,36,1.0,0.6111111111111112,0.0,Watchlist,Balanced,False
Industrial_|_Portuario/Especial_Community_03,2021-01-01,821291.72,36,1.0,0.6111111111111112,0.0,Watchlist,Balanced,False
Industrial_|_Portuario/Especial_Community_03,2021-02-01,667293.0,36,1.0,0.5833333333333334,0.027777777777777776,Watchlist,Balanced,False
Industrial_|_Portuario/Especial_Community_03,2021-03-01,675353.29,36,1.0,0.6111111111111112,0.0,Watchlist,Balanced,False
Industrial_|_Portuario/Especial_Community_03,2021-04-01,664185.84,36,1.0,0.5833333333333334,0.027777777777777776,Watchlist,Balanced,False
Industrial_|_Portuario/Especial_Community_03,2021-05-01,831464.61,36,1.0,0.5833333333333334,0.027777777777777776,Watchlist,Balanced,False
Industrial_|_Portuario/Especial_Community_03,2021-06-01,659845.45,36,1.0,0.5833333333333334,0.027777777777777776,Watchlist,Balanced,False
Industrial_|_Portuario/Especial_Community_03,2021-07-01,706952.9,36,1.0,0.6111111111111112,0.0,Watchlist,Balanced,False
Industrial_|_Portuario/Especial_Community_03,2021-08-01,874167.3200000001,36,1.0,0.5555555555555556,0.05555555555555555,Watchlist,Balanced,False
Industrial_|_Portuario/Especial_Community_03,2021-09-01,687807.54,36,1.0,0.5555555555555556,0.05555555555555555,Watchlist,Balanced,False
Industrial_|_Portuario/Especial_Community_03,2021-10-01,894399.76,36,1.0,0.5555555555555556,0.05555555555555555,Watchlist,Balanced,False
Industrial_|_Portuario/Especial_Community_03,2021-11-01,703986.86,36,1.0,0.5833333333333334,0.027777777777777776,Watchlist,Balanced,False
Industrial_|_Portuario/Especial_Community_03,2021-12-01,695619.96,36,1.0,0.5833333333333334,0.027777777777777776,Watchlist,Balanced,False
Industrial_|_Portuario/Especial_Community_03,2022-01-01,835401.79,36,1.0,0.5555555555555556,0.05555555555555555,Watchlist,Balanced,False
Industrial_|_Portuario/Especial_Community_03,2022-02-01,669590.63,36,1.0,0.5833333333333334,0.027777777777777776,Watchlist,Balanced,False
Industrial_|_Portuario/Especial_Community_03,2022-03-01,641261.16,36,1.0,0.5555555555555556,0.05555555555555555,Watchlist,Balanced,False
Industrial_|_Portuario/Especial_Community_03,2022-04-01,644654.16,36,1.0,0.5555555555555556,0.05555555555555555,Watchlist,Balanced,False
Industrial_|_Portuario/Especial_Community_03,2022-05-01,811907.6,36,1.0,0.5555555555555556,0.05555555555555555,Watchlist,Balanced,False
Industrial_|_Portuario/Especial_Community_03,2022-06-01,689645.94,36,1.0,0.5555555555555556,0.05555555555555555,Watchlist,Balanced,False
Industrial_|_Portuario/Especial_Community_03,2022-07-01,881194.67,36,1.0,0.5833333333333334,0.027777777777777776,Watchlist,Balanced,False
Industrial_|_Portuario/Especial_Community_03,2022-08-01,711657.85,36,1.0,0.5555555555555556,0.05555555555555555,Watchlist,Balanced,False
Industrial_|_Portuario/Especial_Community_03,2022-09-01,703558.88,36,1.0,0.5555555555555556,0.05555555555555555,Watchlist,Balanced,False
Industrial_|_Portuario/Especial_Community_03,2022-10-01,874457.71,36,1.0,0.5555555555555556,0.05555555555555555,Watchlist,Balanced,False
Industrial_|_Portuario/Especial_Community_03,2022-11-01,699562.67,36,1.0,0.5833333333333334,0.027777777777777776,Watchlist,Balanced,False
Industrial_|_Portuario/Especial_Community_03,2022-12-01,691290.33,36,1.0,0.5555555555555556,0.05555555555555555,Watchlist,Balanced,False
Industrial_|_Portuario/Especial_Community_03,2023-01-01,846894.65,36,1.0,0.5833333333333334,0.027777777777777776,Watchlist,Balanced,False
Industrial_|_Portuario/Especial_Community_03,2023-02-01,638649.56,36,1.0,0.5555555555555556,0.05555555555555555,Watchlist,Balanced,False
Industrial_|_Portuario/Especial_Community_03,2023-03-01,667548.96,36,1.0,0.5555555555555556,0.05555555555555555,Watchlist,Balanced,False
Industrial_|_Portuario/Especial_Community_03,2023-04-01,806609.13,36,1.0,0.5555555555555556,0.05555555555555555,Watchlist,Balanced,False
Industrial_|_Portuario/Especial_Community_03,2023-05-01,682524.27,36,1.0,0.5833333333333334,0.027777777777777776,Watchlist,Balanced,False
Industrial_|_Portuario/Especial_Community_03,2023-06-01,694615.65,36,1.0,0.5555555555555556,0.05555555555555555,Watchlist,Balanced,False
Industrial_|_Portuario/Especial_Community_03,2023-07-01,867508.49,36,1.0,0.5833333333333334,0.027777777777777776,Watchlist,Balanced,False
Industrial_|_Portuario/Especial_Community_03,2023-08-01,735578.22,36,1.0,0.5277777777777778,0.05555555555555555,Watchlist,Balanced,False
Industrial_|_Portuario/Especial_Community_03,2023-09-01,720269.87,36,1.0,0.5555555555555556,0.05555555555555555,Watchlist,Balanced,False
Industrial_|_Portuario/Especial_Community_03,2023-10-01,887581.83,36,1.0,0.5555555555555556,0.05555555555555555,Watchlist,Balanced,False
Industrial_|_Portuario/Especial_Community_03,2023-11-01,690686.62,36,1.0,0.5555555555555556,0.08333333333333333,Watchlist,Balanced,False
Industrial_|_Portuario/Especial_Community_03,2023-12-01,828970.3,36,1.0,0.5555555555555556,0.05555555555555555,Watchlist,Balanced,False
Industrial_|_Portuario/Especial_Community_03,2024-01-01,668227.48,36,1.0,0.6111111111111112,0.0,Watchlist,Balanced,False
Industrial_|_Portuario/Especial_Community_03,2024-02-01,666895.93,36,1.0,0.5555555555555556,0.05555555555555555,Watchlist,Balanced,False
Industrial_|_Portuario/Especial_Community_03,2024-03-01,809237.76,36,1.0,0.5555555555555556,0.05555555555555555,Watchlist,Balanced,False
Industrial_|_Portuario/Especial_Community_03,2024-04-01,663749.46,36,1.0,0.6111111111111112,0.0,Watchlist,Balanced,False
Industrial_|_Portuario/Especial_Community_03,2024-05-01,667679.53,36,1.0,0.5555555555555556,0.05555555555555555,Watchlist,Balanced,False
Industrial_|_Portuario/Especial_Community_03,2024-06-01,861257.71,36,1.0,0.5555555555555556,0.05555555555555555,Watchlist,Balanced,False
Industrial_|_Portuario/Especial_Community_03,2024-07-01,726319.6,36,1.0,0.5833333333333334,0.0,Watchlist,Balanced,False
Industrial_|_Portuario/Especial_Community_03,2024-10-01,723340.5,36,1.0,0.5833333333333334,0.027777777777777776,Watchlist,Balanced,False
Industrial_|_Portuario/Especial_Community_03,2024-11-01,707358.28,36,1.0,0.5833333333333334,0.027777777777777776,Watchlist,Balanced,False
Industrial_|_Portuario/Especial_Community_03,2024-12-01,830665.63,36,1.0,0.5833333333333334,0.027777777777777776,Watchlist,Balanced,False
Industrial_|_Portuario/Especial_Community_03,2025-01-01,677668.43,36,1.0,0.5555555555555556,0.05555555555555555,Watchlist,Balanced,False
Industrial_|_Portuario/Especial_Community_03,2025-02-01,661242.67,36,1.0,0.5833333333333334,0.027777777777777776,Watchlist,Balanced,False
Industrial_|_Portuario/Especial_Community_03,2025-03-01,806938.99,36,1.0,0.5555555555555556,0.05555555555555555,Watchlist,Balanced,False
Industrial_|_Portuario/Especial_Community_03,2025-04-01,649803.02,36,1.0,0.5833333333333334,0.027777777777777776,Watchlist,Balanced,False
Industrial_|_Portuario/Especial_Community_03,2025-05-01,677264.21,36,1.0,0.5555555555555556,0.05555555555555555,Watchlist,Balanced,False
Industrial_|_Portuario/Especial_Community_03,2025-06-01,848212.92,36,1.0,0.5555555555555556,0.05555555555555555,Watchlist,Balanced,False
Industrial_|_Portuario/Especial_Community_03,2025-07-01,706023.82,36,1.0,0.5555555555555556,0.027777777777777776,Watchlist,Balanced,False
Industrial_|_Portuario/Especial_Community_03,2025-08-01,879343.98,36,1.0,0.5833333333333334,0.027777777777777776,Watchlist,Balanced,False
Industrial_|_Portuario/Especial_Community_03,2025-09-01,736279.19,36,1.0,0.5833333333333334,0.027777777777777776,Watchlist,Balanced,False
Industrial_|_Portuario/Especial_Community_03,2025-10-01,721722.72,36,1.0,0.5555555555555556,0.05555555555555555,Watchlist,Balanced,False
Industrial_|_Portuario/Especial_Community_03,2025-11-01,901280.79,36,1.0,0.5833333333333334,0.027777777777777776,Watchlist,Balanced,False
Industrial_|_Portuario/Especial_Community_03,2025-12-01,693699.61,36,1.0,0.5555555555555556,0.05555555555555555,Watchlist,Balanced,False
SUV_/_4x4_|_All_Terrain_(A/T)_Community_01,2020-03-01,12879992.57,37,1.0,0.5675675675675675,0.05405405405405406,Watchlist,Balanced,False
SUV_/_4x4_|_All_Terrain_(A/T)_Community_01,2020-04-01,9108134.57,37,1.0,0.5675675675675675,0.05405405405405406,Watchlist,Balanced,False
SUV_/_4x4_|_All_Terrain_(A/T)_Community_01,2020-05-01,10230503.94,37,1.0,0.5675675675675675,0.05405405405405406,Watchlist,Balanced,False
SUV_/_4x4_|_All_Terrain_(A/T)_Community_01,2020-06-01,8155274.26,37,1.0,0.5675675675675675,0.05405405405405406,Watchlist,Balanced,False
SUV_/_4x4_|_All_Terrain_(A/T)_Community_01,2020-07-01,7686738.47,37,1.0,0.5945945945945946,0.02702702702702703,Watchlist,Balanced,False
SUV_/_4x4_|_All_Terrain_(A/T)_Community_01,2020-08-01,9678574.36,37,1.0,0.5945945945945946,0.02702702702702703,Watchlist,Balanced,False
SUV_/_4x4_|_All_Terrain_(A/T)_Community_01,2020-09-01,8376098.83,37,1.0,0.5945945945945946,0.02702702702702703,Watchlist,Balanced,False
SUV_/_4x4_|_All_Terrain_(A/T)_Community_01,2020-10-01,9138981.34,37,1.0,0.5405405405405406,0.08108108108108109,Watchlist,Balanced,False
SUV_/_4x4_|_All_Terrain_(A/T)_Community_01,2020-11-01,12143670.37,37,1.0,0.5405405405405406,0.08108108108108109,Watchlist,Balanced,False
SUV_/_4x4_|_All_Terrain_(A/T)_Community_01,2020-12-01,10715301.69,37,1.0,0.5675675675675675,0.05405405405405406,Watchlist,Balanced,False
SUV_/_4x4_|_All_Terrain_(A/T)_Community_01,2021-01-01,13562909.65,37,1.0,0.5945945945945946,0.02702702702702703,Watchlist,Balanced,False
SUV_/_4x4_|_All_Terrain_(A/T)_Community_01,2021-02-01,10442995.44,37,1.0,0.5675675675675675,0.05405405405405406,Watchlist,Balanced,False
SUV_/_4x4_|_All_Terrain_(A/T)_Community_01,2021-03-01,10080213.78,37,1.0,0.5405405405405406,0.08108108108108109,Watchlist,Balanced,False
SUV_/_4x4_|_All_Terrain_(A/T)_Community_01,2021-04-01,8712027.46,37,1.0,0.5405405405405406,0.08108108108108109,Watchlist,Balanced,False
SUV_/_4x4_|_All_Terrain_(A/T)_Community_01,2021-05-01,10260172.39,37,1.0,0.5945945945945946,0.02702702702702703,Watchlist,Balanced,False
SUV_/_4x4_|_All_Terrain_(A/T)_Community_01,2021-06-01,7590898.12,37,1.0,0.5675675675675675,0.05405405405405406,Watchlist,Balanced,False
SUV_/_4x4_|_All_Terrain_(A/T)_Community_01,2021-07-01,7395900.26,37,1.0,0.5675675675675675,0.05405405405405406,Watchlist,Balanced,False
SUV_/_4x4_|_All_Terrain_(A/T)_Community_01,2021-08-01,9453053.6,37,1.0,0.5675675675675675,0.05405405405405406,Watchlist,Balanced,False
SUV_/_4x4_|_All_Terrain_(A/T)_Community_01,2021-09-01,8254368.83,37,1.0,0.5945945945945946,0.02702702702702703,Watchlist,Balanced,False
SUV_/_4x4_|_All_Terrain_(A/T)_Community_01,2021-10-01,11368059.05,37,1.0,0.5675675675675675,0.05405405405405406,Watchlist,Balanced,False
SUV_/_4x4_|_All_Terrain_(A/T)_Community_01,2021-11-01,10131118.49,37,1.0,0.5135135135135135,0.10810810810810811,Watchlist,Balanced,False
SUV_/_4x4_|_All_Terrain_(A/T)_Community_01,2021-12-01,10592765.22,37,1.0,0.5405405405405406,0.08108108108108109,Watchlist,Balanced,False
SUV_/_4x4_|_All_Terrain_(A/T)_Community_01,2022-01-01,13907209.86,37,1.0,0.5405405405405406,0.08108108108108109,Watchlist,Balanced,False
SUV_/_4x4_|_All_Terrain_(A/T)_Community_01,2022-02-01,10418642.12,37,1.0,0.6216216216216216,0.0,Watchlist,Balanced,False
SUV_/_4x4_|_All_Terrain_(A/T)_Community_01,2022-03-01,9935311.72,37,1.0,0.5945945945945946,0.02702702702702703,Watchlist,Balanced,False
SUV_/_4x4_|_All_Terrain_(A/T)_Community_01,2022-04-01,9060256.22,37,1.0,0.5945945945945946,0.02702702702702703,Watchlist,Balanced,False
SUV_/_4x4_|_All_Terrain_(A/T)_Community_01,2022-05-01,10299333.67,37,1.0,0.5675675675675675,0.05405405405405406,Watchlist,Balanced,False
SUV_/_4x4_|_All_Terrain_(A/T)_Community_01,2022-06-01,7609252.94,37,1.0,0.6216216216216216,0.0,Watchlist,Balanced,False
SUV_/_4x4_|_All_Terrain_(A/T)_Community_01,2022-07-01,9363926.93,37,1.0,0.5675675675675675,0.05405405405405406,Watchlist,Balanced,False
SUV_/_4x4_|_All_Terrain_(A/T)_Community_01,2022-08-01,7482184.91,37,1.0,0.5675675675675675,0.05405405405405406,Watchlist,Balanced,False
SUV_/_4x4_|_All_Terrain_(A/T)_Community_01,2022-09-01,8356101.21,37,1.0,0.5675675675675675,0.05405405405405406,Watchlist,Balanced,False
SUV_/_4x4_|_All_Terrain_(A/T)_Community_01,2022-10-01,11171499.43,37,1.0,0.5405405405405406,0.08108108108108109,Watchlist,Balanced,False
SUV_/_4x4_|_All_Terrain_(A/T)_Community_01,2022-11-01,9732605.16,37,1.0,0.5945945945945946,0.02702702702702703,Watchlist,Balanced,False
SUV_/_4x4_|_All_Terrain_(A/T)_Community_01,2022-12-01,10761809.66,37,1.0,0.5675675675675675,0.08108108108108109,Watchlist,Balanced,False
SUV_/_4x4_|_All_Terrain_(A/T)_Community_01,2023-01-01,13534641.88,37,1.0,0.5945945945945946,0.02702702702702703,Watchlist,Balanced,False
SUV_/_4x4_|_All_Terrain_(A/T)_Community_01,2023-02-01,10453077.78,37,1.0,0.5675675675675675,0.08108108108108109,Watchlist,Balanced,False
SUV_/_4x4_|_All_Terrain_(A/T)_Community_01,2023-03-01,9703845.89,37,1.0,0.5675675675675675,0.05405405405405406,Watchlist,Balanced,False
SUV_/_4x4_|_All_Terrain_(A/T)_Community_01,2023-04-01,11794219.39,37,1.0,0.5675675675675675,0.05405405405405406,Watchlist,Balanced,False
SUV_/_4x4_|_All_Terrain_(A/T)_Community_01,2023-05-01,7948278.82,37,1.0,0.5675675675675675,0.05405405405405406,Watchlist,Balanced,False
SUV_/_4x4_|_All_Terrain_(A/T)_Community_01,2023-06-01,7548278.07,37,1.0,0.5135135135135135,0.10810810810810811,Watchlist,Balanced,False
SUV_/_4x4_|_All_Terrain_(A/T)_Community_01,2023-07-01,9422343.19,37,1.0,0.5135135135135135,0.10810810810810811,Watchlist,Balanced,False
SUV_/_4x4_|_All_Terrain_(A/T)_Community_01,2023-08-01,7837451.12,37,1.0,0.5405405405405406,0.08108108108108109,Watchlist,Balanced,False
SUV_/_4x4_|_All_Terrain_(A/T)_Community_01,2023-09-01,8120324.74,37,1.0,0.5945945945945946,0.02702702702702703,Watchlist,Balanced,False
SUV_/_4x4_|_All_Terrain_(A/T)_Community_01,2023-10-01,11426192.71,37,1.0,0.5675675675675675,0.05405405405405406,Watchlist,Balanced,False
SUV_/_4x4_|_All_Terrain_(A/T)_Community_01,2023-11-01,9536872.52,37,1.0,0.5945945945945946,0.02702702702702703,Watchlist,Balanced,False
SUV_/_4x4_|_All_Terrain_(A/T)_Community_01,2023-12-01,13616209.74,37,1.0,0.5675675675675675,0.05405405405405406,Watchlist,Balanced,False
SUV_/_4x4_|_All_Terrain_(A/T)_Community_01,2024-01-01,11017783.53,37,1.0,0.5405405405405406,0.08108108108108109,Watchlist,Balanced,False
SUV_/_4x4_|_All_Terrain_(A/T)_Community_01,2024-02-01,10477349.62,37,1.0,0.5675675675675675,0.08108108108108109,Watchlist,Balanced,False
SUV_/_4x4_|_All_Terrain_(A/T)_Community_01,2024-03-01,12184227.25,37,1.0,0.5945945945945946,0.02702702702702703,Watchlist,Balanced,False
SUV_/_4x4_|_All_Terrain_(A/T)_Community_01,2024-04-01,8812185.3,37,1.0,0.5945945945945946,0.02702702702702703,Watchlist,Balanced,False
SUV_/_4x4_|_All_Terrain_(A/T)_Community_01,2024-05-01,8030471.13,37,1.0,0.5405405405405406,0.08108108108108109,Watchlist,Balanced,False
SUV_/_4x4_|_All_Terrain_(A/T)_Community_01,2024-06-01,9534195.11,37,1.0,0.5405405405405406,0.08108108108108109,Watchlist,Balanced,False
SUV_/_4x4_|_All_Terrain_(A/T)_Community_01,2024-07-01,7563750.4,37,1.0,0.5675675675675675,0.05405405405405406,Watchlist,Balanced,False
SUV_/_4x4_|_All_Terrain_(A/T)_Community_01,2024-08-01,7467638.8,37,1.0,0.5405405405405406,0.08108108108108109,Watchlist,Balanced,False
SUV_/_4x4_|_All_Terrain_(A/T)_Community_01,2024-09-01,10205845.43,37,1.0,0.5675675675675675,0.05405405405405406,Watchlist,Balanced,False
SUV_/_4x4_|_All_Terrain_(A/T)_Community_01,2024-10-01,9024571.06,37,1.0,0.5945945945945946,0.02702702702702703,Watchlist,Balanced,False
SUV_/_4x4_|_All_Terrain_(A/T)_Community_01,2024-11-01,9925891.08,37,1.0,0.5945945945945946,0.02702702702702703,Watchlist,Balanced,False
SUV_/_4x4_|_All_Terrain_(A/T)_Community_01,2024-12-01,13843999.74,37,1.0,0.5675675675675675,0.05405405405405406,Watchlist,Balanced,False
SUV_/_4x4_|_All_Terrain_(A/T)_Community_01,2025-01-01,10889360.6,37,1.0,0.5675675675675675,0.05405405405405406,Watchlist,Balanced,False
SUV_/_4x4_|_All_Terrain_(A/T)_Community_01,2025-02-01,10417706.16,37,1.0,0.6216216216216216,0.0,Watchlist,Balanced,False
SUV_/_4x4_|_All_Terrain_(A/T)_Community_01,2025-03-01,12878018.8,37,1.0,0.5675675675675675,0.05405405405405406,Watchlist,Balanced,False
SUV_/_4x4_|_All_Terrain_(A/T)_Community_01,2025-04-01,9046510.13,37,1.0,0.5675675675675675,0.05405405405405406,Watchlist,Balanced,False
SUV_/_4x4_|_All_Terrain_(A/T)_Community_01,2025-05-01,8236277.11,37,1.0,0.5675675675675675,0.05405405405405406,Watchlist,Balanced,False
SUV_/_4x4_|_All_Terrain_(A/T)_Community_01,2025-06-01,9691884.05,37,1.0,0.5675675675675675,0.05405405405405406,Watchlist,Balanced,False
SUV_/_4x4_|_All_Terrain_(A/T)_Community_01,2025-07-01,7370492.61,37,1.0,0.5945945945945946,0.02702702702702703,Watchlist,Balanced,False
SUV_/_4x4_|_All_Terrain_(A/T)_Community_01,2025-08-01,9809705.06,37,1.0,0.5675675675675675,0.05405405405405406,Watchlist,Balanced,False
SUV_/_4x4_|_All_Terrain_(A/T)_Community_01,2025-09-01,8192576.32,37,1.0,0.5675675675675675,0.05405405405405406,Watchlist,Balanced,False
SUV_/_4x4_|_All_Terrain_(A/T)_Community_01,2025-10-01,9271991.99,37,1.0,0.5675675675675675,0.05405405405405406,Watchlist,Balanced,False
SUV_/_4x4_|_All_Terrain_(A/T)_Community_01,2025-11-01,12432960.7,37,1.0,0.5675675675675675,0.05405405405405406,Watchlist,Balanced,False
SUV_/_4x4_|_All_Terrain_(A/T)_Community_01,2025-12-01,10762426.16,37,1.0,0.5675675675675675,0.05405405405405406,Watchlist,Balanced,False
SUV_/_4x4_|_All_Terrain_(A/T)_Community_02,2020-03-01,6382691.390000001,17,1.0,0.5294117647058824,0.058823529411764705,Watchlist,Balanced,False
SUV_/_4x4_|_All_Terrain_(A/T)_Community_02,2020-04-01,4744284.64,17,1.0,0.5294117647058824,0.058823529411764705,Watchlist,Balanced,False
SUV_/_4x4_|_All_Terrain_(A/T)_Community_02,2020-05-01,4965158.69,17,1.0,0.5882352941176471,0.0,Watchlist,Balanced,False
SUV_/_4x4_|_All_Terrain_(A/T)_Community_02,2020-06-01,3837106.22,17,1.0,0.5294117647058824,0.11764705882352941,Watchlist,Balanced,False
SUV_/_4x4_|_All_Terrain_(A/T)_Community_02,2020-07-01,3776192.59,17,1.0,0.5882352941176471,0.058823529411764705,Watchlist,Balanced,False
SUV_/_4x4_|_All_Terrain_(A/T)_Community_02,2020-08-01,4861039.59,17,1.0,0.5882352941176471,0.0,Watchlist,Balanced,False
SUV_/_4x4_|_All_Terrain_(A/T)_Community_02,2020-09-01,4335144.61,17,1.0,0.5294117647058824,0.058823529411764705,Watchlist,Balanced,False
SUV_/_4x4_|_All_Terrain_(A/T)_Community_02,2020-11-01,6503485.63,17,1.0,0.5294117647058824,0.058823529411764705,Watchlist,Balanced,False
SUV_/_4x4_|_All_Terrain_(A/T)_Community_02,2020-12-01,5377842.19,17,1.0,0.5882352941176471,0.0,Watchlist,Balanced,False
SUV_/_4x4_|_All_Terrain_(A/T)_Community_02,2021-01-01,6664116.83,17,1.0,0.5882352941176471,0.058823529411764705,Watchlist,Balanced,False
SUV_/_4x4_|_All_Terrain_(A/T)_Community_02,2021-02-01,5273034.05,17,1.0,0.5294117647058824,0.058823529411764705,Watchlist,Balanced,False
SUV_/_4x4_|_All_Terrain_(A/T)_Community_02,2021-03-01,5338856.91,17,1.0,0.5294117647058824,0.058823529411764705,Watchlist,Balanced,False
SUV_/_4x4_|_All_Terrain_(A/T)_Community_02,2021-04-01,4511455.94,17,1.0,0.5882352941176471,0.0,Watchlist,Balanced,False
SUV_/_4x4_|_All_Terrain_(A/T)_Community_02,2021-05-01,5283406.46,17,1.0,0.5882352941176471,0.058823529411764705,Watchlist,Balanced,False
SUV_/_4x4_|_All_Terrain_(A/T)_Community_02,2021-06-01,4059773.52,17,1.0,0.5882352941176471,0.058823529411764705,Watchlist,Balanced,False
SUV_/_4x4_|_All_Terrain_(A/T)_Community_02,2021-07-01,3967826.37,17,1.0,0.5882352941176471,0.0,Watchlist,Balanced,False
SUV_/_4x4_|_All_Terrain_(A/T)_Community_02,2021-10-01,5871055.06,17,1.0,0.5294117647058824,0.11764705882352941,Watchlist,Balanced,False
SUV_/_4x4_|_All_Terrain_(A/T)_Community_02,2021-11-01,5301733.45,17,1.0,0.5294117647058824,0.058823529411764705,Watchlist,Balanced,False
SUV_/_4x4_|_All_Terrain_(A/T)_Community_02,2022-01-01,7080110.890000001,17,1.0,0.5294117647058824,0.11764705882352941,Watchlist,Balanced,False
SUV_/_4x4_|_All_Terrain_(A/T)_Community_02,2022-02-01,5181231.5200000005,17,1.0,0.5882352941176471,0.058823529411764705,Watchlist,Balanced,False
SUV_/_4x4_|_All_Terrain_(A/T)_Community_02,2022-03-01,5197894.85,17,1.0,0.5882352941176471,0.0,Watchlist,Balanced,False
SUV_/_4x4_|_All_Terrain_(A/T)_Community_02,2022-04-01,4692641.45,17,1.0,0.5294117647058824,0.058823529411764705,Watchlist,Balanced,False
SUV_/_4x4_|_All_Terrain_(A/T)_Community_02,2022-06-01,3740110.21,17,1.0,0.5294117647058824,0.11764705882352941,Watchlist,Balanced,False
SUV_/_4x4_|_All_Terrain_(A/T)_Community_02,2022-07-01,4945140.39,17,1.0,0.5294117647058824,0.058823529411764705,Watchlist,Balanced,False
SUV_/_4x4_|_All_Terrain_(A/T)_Community_02,2022-08-01,3977046.74,17,1.0,0.5294117647058824,0.11764705882352941,Watchlist,Balanced,False
SUV_/_4x4_|_All_Terrain_(A/T)_Community_02,2022-09-01,4360882.37,17,1.0,0.5882352941176471,0.0,Watchlist,Balanced,False
SUV_/_4x4_|_All_Terrain_(A/T)_Community_02,2022-10-01,5617581.26,17,1.0,0.5882352941176471,0.058823529411764705,Watchlist,Balanced,False
SUV_/_4x4_|_All_Terrain_(A/T)_Community_02,2022-11-01,5328588.09,17,1.0,0.5882352941176471,0.0,Watchlist,Balanced,False
SUV_/_4x4_|_All_Terrain_(A/T)_Community_02,2022-12-01,5173586.81,17,1.0,0.5882352941176471,0.058823529411764705,Watchlist,Balanced,False
SUV_/_4x4_|_All_Terrain_(A/T)_Community_02,2023-01-01,6699639.67,17,1.0,0.5882352941176471,0.0,Watchlist,Balanced,False
SUV_/_4x4_|_All_Terrain_(A/T)_Community_02,2023-02-01,5595817.05,17,1.0,0.5294117647058824,0.058823529411764705,Watchlist,Balanced,False
SUV_/_4x4_|_All_Terrain_(A/T)_Community_02,2023-03-01,4888110.51,17,1.0,0.5294117647058824,0.11764705882352941,Watchlist,Balanced,False
SUV_/_4x4_|_All_Terrain_(A/T)_Community_02,2023-04-01,5957099.96,17,1.0,0.5294117647058824,0.058823529411764705,Watchlist,Balanced,False
SUV_/_4x4_|_All_Terrain_(A/T)_Community_02,2023-05-01,4374069.13,17,1.0,0.5294117647058824,0.058823529411764705,Watchlist,Balanced,False
SUV_/_4x4_|_All_Terrain_(A/T)_Community_02,2023-06-01,4094744.48,17,1.0,0.5294117647058824,0.058823529411764705,Watchlist,Balanced,False
SUV_/_4x4_|_All_Terrain_(A/T)_Community_02,2023-07-01,4713439.76,17,1.0,0.5294117647058824,0.058823529411764705,Watchlist,Balanced,False
SUV_/_4x4_|_All_Terrain_(A/T)_Community_02,2023-08-01,4001790.74,17,1.0,0.5294117647058824,0.058823529411764705,Watchlist,Balanced,False
SUV_/_4x4_|_All_Terrain_(A/T)_Community_02,2023-09-01,4171275.67,17,1.0,0.5294117647058824,0.11764705882352941,Watchlist,Balanced,False
SUV_/_4x4_|_All_Terrain_(A/T)_Community_02,2023-10-01,5774049.67,17,1.0,0.5294117647058824,0.11764705882352941,Watchlist,Balanced,False
SUV_/_4x4_|_All_Terrain_(A/T)_Community_02,2023-11-01,5045387.34,17,1.0,0.5294117647058824,0.11764705882352941,Watchlist,Balanced,False
SUV_/_4x4_|_All_Terrain_(A/T)_Community_02,2023-12-01,6555371.25,17,1.0,0.5882352941176471,0.058823529411764705,Watchlist,Balanced,False
SUV_/_4x4_|_All_Terrain_(A/T)_Community_02,2024-01-01,5486127.3,17,1.0,0.5882352941176471,0.0,Watchlist,Balanced,False
SUV_/_4x4_|_All_Terrain_(A/T)_Community_02,2024-02-01,5318474.39,17,1.0,0.5294117647058824,0.058823529411764705,Watchlist,Balanced,False
SUV_/_4x4_|_All_Terrain_(A/T)_Community_02,2024-03-01,6204212.16,17,1.0,0.5294117647058824,0.058823529411764705,Watchlist,Balanced,False
SUV_/_4x4_|_All_Terrain_(A/T)_Community_02,2024-04-01,4535078.2,17,1.0,0.5882352941176471,0.058823529411764705,Watchlist,Balanced,False
SUV_/_4x4_|_All_Terrain_(A/T)_Community_02,2024-05-01,4377234.73,17,1.0,0.5882352941176471,0.0,Watchlist,Balanced,False
SUV_/_4x4_|_All_Terrain_(A/T)_Community_02,2024-06-01,5041548.3,17,1.0,0.5294117647058824,0.058823529411764705,Watchlist,Balanced,False
SUV_/_4x4_|_All_Terrain_(A/T)_Community_02,2024-07-01,3800368.52,17,1.0,0.5294117647058824,0.058823529411764705,Watchlist,Balanced,False
SUV_/_4x4_|_All_Terrain_(A/T)_Community_02,2024-08-01,3992138.87,17,1.0,0.5882352941176471,0.058823529411764705,Watchlist,Balanced,False
SUV_/_4x4_|_All_Terrain_(A/T)_Community_02,2024-09-01,5086043.46,17,1.0,0.5882352941176471,0.058823529411764705,Watchlist,Balanced,False
SUV_/_4x4_|_All_Terrain_(A/T)_Community_02,2024-10-01,4665577.68,17,1.0,0.5882352941176471,0.0,Watchlist,Balanced,False
SUV_/_4x4_|_All_Terrain_(A/T)_Community_02,2024-11-01,4977758.91,17,1.0,0.5294117647058824,0.058823529411764705,Watchlist,Balanced,False
SUV_/_4x4_|_All_Terrain_(A/T)_Community_02,2025-01-01,5891322.98,17,1.0,0.5882352941176471,0.0,Watchlist,Balanced,False
SUV_/_4x4_|_All_Terrain_(A/T)_Community_02,2025-02-01,5195527.32,17,1.0,0.5294117647058824,0.058823529411764705,Watchlist,Balanced,False
SUV_/_4x4_|_All_Terrain_(A/T)_Community_02,2025-03-01,6574334.3,17,1.0,0.5882352941176471,0.0,Watchlist,Balanced,False
SUV_/_4x4_|_All_Terrain_(A/T)_Community_02,2025-04-01,4551688.29,17,1.0,0.5882352941176471,0.0,Watchlist,Balanced,False
SUV_/_4x4_|_All_Terrain_(A/T)_Community_02,2025-05-01,4239853.4,17,1.0,0.5882352941176471,0.0,Watchlist,Balanced,False
SUV_/_4x4_|_All_Terrain_(A/T)_Community_02,2025-06-01,4806055.14,17,1.0,0.5882352941176471,0.058823529411764705,Watchlist,Balanced,False
SUV_/_4x4_|_All_Terrain_(A/T)_Community_02,2025-07-01,4168965.94,17,1.0,0.5882352941176471,0.0,Watchlist,Balanced,False
SUV_/_4x4_|_All_Terrain_(A/T)_Community_02,2025-08-01,5096056.68,17,1.0,0.5294117647058824,0.058823529411764705,Watchlist,Balanced,False
SUV_/_4x4_|_All_Terrain_(A/T)_Community_02,2025-10-01,4555028.6,17,1.0,0.5294117647058824,0.058823529411764705,Watchlist,Balanced,False
SUV_/_4x4_|_All_Terrain_(A/T)_Community_02,2025-11-01,6097081.79,17,1.0,0.5294117647058824,0.11764705882352941,Watchlist,Balanced,False
SUV_/_4x4_|_All_Terrain_(A/T)_Community_02,2025-12-01,5185905.59,17,1.0,0.5294117647058824,0.058823529411764705,Watchlist,Balanced,False
SUV_/_4x4_|_All_Terrain_(A/T)_Community_03,2020-03-01,8019214.43,24,1.0,0.5833333333333334,0.08333333333333333,Watchlist,Balanced,False
SUV_/_4x4_|_All_Terrain_(A/T)_Community_03,2020-04-01,6016513.93,24,1.0,0.625,0.0,Watchlist,Balanced,False
SUV_/_4x4_|_All_Terrain_(A/T)_Community_03,2020-05-01,6999110.18,24,1.0,0.5833333333333334,0.041666666666666664,Watchlist,Balanced,False
SUV_/_4x4_|_All_Terrain_(A/T)_Community_03,2020-06-01,5331772.87,24,1.0,0.5833333333333334,0.041666666666666664,Watchlist,Balanced,False
SUV_/_4x4_|_All_Terrain_(A/T)_Community_03,2020-07-01,4951596.72,24,1.0,0.5833333333333334,0.041666666666666664,Watchlist,Balanced,False
SUV_/_4x4_|_All_Terrain_(A/T)_Community_03,2020-08-01,6755127.14,24,1.0,0.5416666666666666,0.08333333333333333,Watchlist,Balanced,False
SUV_/_4x4_|_All_Terrain_(A/T)_Community_03,2020-09-01,5598605.39,24,1.0,0.5416666666666666,0.08333333333333333,Watchlist,Balanced,False
SUV_/_4x4_|_All_Terrain_(A/T)_Community_03,2020-10-01,5923504.73,24,1.0,0.5416666666666666,0.125,Watchlist,Balanced,False
SUV_/_4x4_|_All_Terrain_(A/T)_Community_03,2020-11-01,8005000.29,24,1.0,0.625,0.0,Watchlist,Balanced,False
SUV_/_4x4_|_All_Terrain_(A/T)_Community_03,2020-12-01,7182508.75,24,1.0,0.5416666666666666,0.08333333333333333,Watchlist,Balanced,False
SUV_/_4x4_|_All_Terrain_(A/T)_Community_03,2021-01-01,8851005.71,24,1.0,0.5833333333333334,0.041666666666666664,Watchlist,Balanced,False
SUV_/_4x4_|_All_Terrain_(A/T)_Community_03,2021-02-01,7222901.81,24,1.0,0.625,0.0,Watchlist,Balanced,False
SUV_/_4x4_|_All_Terrain_(A/T)_Community_03,2021-03-01,6857845.47,24,1.0,0.5833333333333334,0.041666666666666664,Watchlist,Balanced,False
SUV_/_4x4_|_All_Terrain_(A/T)_Community_03,2021-05-01,6946999.47,24,1.0,0.5833333333333334,0.041666666666666664,Watchlist,Balanced,False
SUV_/_4x4_|_All_Terrain_(A/T)_Community_03,2021-06-01,5238995.79,24,1.0,0.5833333333333334,0.041666666666666664,Watchlist,Balanced,False
SUV_/_4x4_|_All_Terrain_(A/T)_Community_03,2021-07-01,4888899.36,24,1.0,0.5416666666666666,0.08333333333333333,Watchlist,Balanced,False
SUV_/_4x4_|_All_Terrain_(A/T)_Community_03,2021-09-01,5441137.08,24,1.0,0.5416666666666666,0.08333333333333333,Watchlist,Balanced,False
SUV_/_4x4_|_All_Terrain_(A/T)_Community_03,2021-10-01,7553796.15,24,1.0,0.5833333333333334,0.041666666666666664,Watchlist,Balanced,False
SUV_/_4x4_|_All_Terrain_(A/T)_Community_03,2021-11-01,6926645.49,24,1.0,0.625,0.0,Watchlist,Balanced,False
SUV_/_4x4_|_All_Terrain_(A/T)_Community_03,2021-12-01,6809711.2,24,1.0,0.5833333333333334,0.041666666666666664,Watchlist,Balanced,False
SUV_/_4x4_|_All_Terrain_(A/T)_Community_03,2022-01-01,8783476.95,24,1.0,0.5833333333333334,0.041666666666666664,Watchlist,Balanced,False
SUV_/_4x4_|_All_Terrain_(A/T)_Community_03,2022-02-01,7104194.59,24,1.0,0.625,0.0,Watchlist,Balanced,False
SUV_/_4x4_|_All_Terrain_(A/T)_Community_03,2022-03-01,6384636.78,24,1.0,0.5416666666666666,0.08333333333333333,Watchlist,Balanced,False
SUV_/_4x4_|_All_Terrain_(A/T)_Community_03,2022-04-01,5780138.14,24,1.0,0.5416666666666666,0.08333333333333333,Watchlist,Balanced,False
SUV_/_4x4_|_All_Terrain_(A/T)_Community_03,2022-05-01,6940182.8,24,1.0,0.5416666666666666,0.08333333333333333,Watchlist,Balanced,False
SUV_/_4x4_|_All_Terrain_(A/T)_Community_03,2022-06-01,5220364.07,24,1.0,0.5416666666666666,0.08333333333333333,Watchlist,Balanced,False
SUV_/_4x4_|_All_Terrain_(A/T)_Community_03,2022-07-01,6269735.34,24,1.0,0.5416666666666666,0.08333333333333333,Watchlist,Balanced,False
SUV_/_4x4_|_All_Terrain_(A/T)_Community_03,2022-08-01,5113304.76,24,1.0,0.625,0.0,Watchlist,Balanced,False
SUV_/_4x4_|_All_Terrain_(A/T)_Community_03,2022-09-01,5761104.11,24,1.0,0.5833333333333334,0.041666666666666664,Watchlist,Balanced,False
SUV_/_4x4_|_All_Terrain_(A/T)_Community_03,2022-10-01,7560265.58,24,1.0,0.5833333333333334,0.041666666666666664,Watchlist,Balanced,False
SUV_/_4x4_|_All_Terrain_(A/T)_Community_03,2022-11-01,6521818.51,24,1.0,0.5416666666666666,0.08333333333333333,Watchlist,Balanced,False
SUV_/_4x4_|_All_Terrain_(A/T)_Community_03,2022-12-01,6986064.47,24,1.0,0.5416666666666666,0.08333333333333333,Watchlist,Balanced,False
SUV_/_4x4_|_All_Terrain_(A/T)_Community_03,2023-02-01,7004570.54,24,1.0,0.5833333333333334,0.041666666666666664,Watchlist,Balanced,False
SUV_/_4x4_|_All_Terrain_(A/T)_Community_03,2023-03-01,6335052.96,24,1.0,0.5833333333333334,0.041666666666666664,Watchlist,Balanced,False
SUV_/_4x4_|_All_Terrain_(A/T)_Community_03,2023-04-01,7256345.61,24,1.0,0.5833333333333334,0.041666666666666664,Watchlist,Balanced,False
SUV_/_4x4_|_All_Terrain_(A/T)_Community_03,2023-05-01,5524076.33,24,1.0,0.5833333333333334,0.041666666666666664,Watchlist,Balanced,False
SUV_/_4x4_|_All_Terrain_(A/T)_Community_03,2023-06-01,4979407.09,24,1.0,0.5833333333333334,0.041666666666666664,Watchlist,Balanced,False
SUV_/_4x4_|_All_Terrain_(A/T)_Community_03,2023-07-01,6345040.45,24,1.0,0.5833333333333334,0.041666666666666664,Watchlist,Balanced,False
SUV_/_4x4_|_All_Terrain_(A/T)_Community_03,2023-08-01,5211352.46,24,1.0,0.5833333333333334,0.041666666666666664,Watchlist,Balanced,False
SUV_/_4x4_|_All_Terrain_(A/T)_Community_03,2023-09-01,5344157.93,24,1.0,0.5833333333333334,0.08333333333333333,Watchlist,Balanced,False
SUV_/_4x4_|_All_Terrain_(A/T)_Community_03,2023-10-01,7648738.78,24,1.0,0.5833333333333334,0.041666666666666664,Watchlist,Balanced,False
SUV_/_4x4_|_All_Terrain_(A/T)_Community_03,2023-11-01,6516776.96,24,1.0,0.5416666666666666,0.08333333333333333,Watchlist,Balanced,False
SUV_/_4x4_|_All_Terrain_(A/T)_Community_03,2023-12-01,8660757.91,24,1.0,0.5416666666666666,0.08333333333333333,Watchlist,Balanced,False
SUV_/_4x4_|_All_Terrain_(A/T)_Community_03,2024-01-01,7379075.88,24,1.0,0.625,0.0,Watchlist,Balanced,False
SUV_/_4x4_|_All_Terrain_(A/T)_Community_03,2024-02-01,6896636.970000001,24,1.0,0.5833333333333334,0.041666666666666664,Watchlist,Balanced,False
SUV_/_4x4_|_All_Terrain_(A/T)_Community_03,2024-03-01,8009232.69,24,1.0,0.5416666666666666,0.08333333333333333,Watchlist,Balanced,False
SUV_/_4x4_|_All_Terrain_(A/T)_Community_03,2024-04-01,5917296.5200000005,24,1.0,0.5416666666666666,0.08333333333333333,Watchlist,Balanced,False
SUV_/_4x4_|_All_Terrain_(A/T)_Community_03,2024-06-01,6303889.46,24,1.0,0.5416666666666666,0.08333333333333333,Watchlist,Balanced,False
SUV_/_4x4_|_All_Terrain_(A/T)_Community_03,2024-07-01,4831087.7,24,1.0,0.5833333333333334,0.08333333333333333,Watchlist,Balanced,False
SUV_/_4x4_|_All_Terrain_(A/T)_Community_03,2024-09-01,6932693.86,24,1.0,0.5416666666666666,0.08333333333333333,Watchlist,Balanced,False
SUV_/_4x4_|_All_Terrain_(A/T)_Community_03,2024-10-01,5889489.2700000005,24,1.0,0.5833333333333334,0.08333333333333333,Watchlist,Balanced,False
SUV_/_4x4_|_All_Terrain_(A/T)_Community_03,2024-11-01,6656566.609999999,24,1.0,0.5833333333333334,0.041666666666666664,Watchlist,Balanced,False
SUV_/_4x4_|_All_Terrain_(A/T)_Community_03,2024-12-01,9182647.9,24,1.0,0.5416666666666666,0.08333333333333333,Watchlist,Balanced,False
SUV_/_4x4_|_All_Terrain_(A/T)_Community_03,2025-01-01,7166267.62,24,1.0,0.5833333333333334,0.041666666666666664,Watchlist,Balanced,False
SUV_/_4x4_|_All_Terrain_(A/T)_Community_03,2025-02-01,7031053.54,24,1.0,0.5833333333333334,0.041666666666666664,Watchlist,Balanced,False
SUV_/_4x4_|_All_Terrain_(A/T)_Community_03,2025-03-01,8159351.58,24,1.0,0.5833333333333334,0.041666666666666664,Watchlist,Balanced,False
SUV_/_4x4_|_All_Terrain_(A/T)_Community_03,2025-04-01,6209975.36,24,1.0,0.5416666666666666,0.08333333333333333,Watchlist,Balanced,False
SUV_/_4x4_|_All_Terrain_(A/T)_Community_03,2025-05-01,5825921.66,24,1.0,0.5416666666666666,0.08333333333333333,Watchlist,Balanced,False
SUV_/_4x4_|_All_Terrain_(A/T)_Community_03,2025-06-01,6818260.67,24,1.0,0.5416666666666666,0.08333333333333333,Watchlist,Balanced,False
SUV_/_4x4_|_All_Terrain_(A/T)_Community_03,2025-07-01,4792815.19,24,1.0,0.5833333333333334,0.041666666666666664,Watchlist,Balanced,False
SUV_/_4x4_|_All_Terrain_(A/T)_Community_03,2025-08-01,6483563.850000001,24,1.0,0.5833333333333334,0.041666666666666664,Watchlist,Balanced,False
SUV_/_4x4_|_All_Terrain_(A/T)_Community_03,2025-11-01,8263448.69,24,1.0,0.5416666666666666,0.08333333333333333,Watchlist,Balanced,False
SUV_/_4x4_|_All_Terrain_(A/T)_Community_03,2025-12-01,6973383.0,24,1.0,0.5416666666666666,0.08333333333333333,Watchlist,Balanced,False
SUV_/_4x4_|_Highway_Terrain_(H/T)_Community_01,2020-03-01,8342456.95,32,1.0,0.625,0.03125,Watchlist,Balanced,False
SUV_/_4x4_|_Highway_Terrain_(H/T)_Community_01,2020-04-01,6066933.15,32,1.0,0.625,0.0,Watchlist,Balanced,False
SUV_/_4x4_|_Highway_Terrain_(H/T)_Community_01,2020-06-01,5235209.68,32,1.0,0.5625,0.0625,Watchlist,Balanced,False
SUV_/_4x4_|_Highway_Terrain_(H/T)_Community_01,2020-07-01,4867084.35,32,1.0,0.59375,0.03125,Watchlist,Balanced,False
SUV_/_4x4_|_Highway_Terrain_(H/T)_Community_01,2020-08-01,6490225.54,32,1.0,0.5625,0.0625,Watchlist,Balanced,False
SUV_/_4x4_|_Highway_Terrain_(H/T)_Community_01,2020-09-01,5281673.49,32,1.0,0.59375,0.03125,Watchlist,Balanced,False
SUV_/_4x4_|_Highway_Terrain_(H/T)_Community_01,2020-10-01,6225131.3100000005,32,1.0,0.625,0.03125,Watchlist,Balanced,False
SUV_/_4x4_|_Highway_Terrain_(H/T)_Community_01,2020-11-01,8387971.27,32,1.0,0.625,0.0,Watchlist,Balanced,False
SUV_/_4x4_|_Highway_Terrain_(H/T)_Community_01,2020-12-01,7012849.78,32,1.0,0.59375,0.0625,Watchlist,Balanced,False
SUV_/_4x4_|_Highway_Terrain_(H/T)_Community_01,2021-01-01,9209891.59,32,1.0,0.59375,0.03125,Watchlist,Balanced,False
SUV_/_4x4_|_Highway_Terrain_(H/T)_Community_01,2021-02-01,7157052.89,32,1.0,0.625,0.0,Watchlist,Balanced,False
SUV_/_4x4_|_Highway_Terrain_(H/T)_Community_01,2021-03-01,6425245.46,32,1.0,0.5625,0.0625,Watchlist,Balanced,False
SUV_/_4x4_|_Highway_Terrain_(H/T)_Community_01,2021-04-01,6105956.97,32,1.0,0.5625,0.0625,Watchlist,Balanced,False
SUV_/_4x4_|_Highway_Terrain_(H/T)_Community_01,2021-05-01,6930012.07,32,1.0,0.59375,0.0625,Watchlist,Balanced,False
SUV_/_4x4_|_Highway_Terrain_(H/T)_Community_01,2021-06-01,5071342.95,32,1.0,0.59375,0.03125,Watchlist,Balanced,False
SUV_/_4x4_|_Highway_Terrain_(H/T)_Community_01,2021-07-01,5128604.24,32,1.0,0.53125,0.09375,Watchlist,Balanced,False
SUV_/_4x4_|_Highway_Terrain_(H/T)_Community_01,2021-08-01,6395344.42,32,1.0,0.5625,0.0625,Watchlist,Balanced,False
SUV_/_4x4_|_Highway_Terrain_(H/T)_Community_01,2021-09-01,5464430.95,32,1.0,0.59375,0.03125,Watchlist,Balanced,False
SUV_/_4x4_|_Highway_Terrain_(H/T)_Community_01,2021-10-01,7322387.79,32,1.0,0.5625,0.0625,Watchlist,Balanced,False
SUV_/_4x4_|_Highway_Terrain_(H/T)_Community_01,2021-11-01,6614142.46,32,1.0,0.53125,0.125,Watchlist,Balanced,False
SUV_/_4x4_|_Highway_Terrain_(H/T)_Community_01,2021-12-01,6926330.83,32,1.0,0.53125,0.09375,Watchlist,Balanced,False
SUV_/_4x4_|_Highway_Terrain_(H/T)_Community_01,2022-01-01,8996861.5,32,1.0,0.5625,0.0625,Watchlist,Balanced,False
SUV_/_4x4_|_Highway_Terrain_(H/T)_Community_01,2022-02-01,6954774.25,32,1.0,0.53125,0.09375,Watchlist,Balanced,False
SUV_/_4x4_|_Highway_Terrain_(H/T)_Community_01,2022-03-01,6668574.18,32,1.0,0.5625,0.0625,Watchlist,Balanced,False
SUV_/_4x4_|_Highway_Terrain_(H/T)_Community_01,2022-04-01,5910247.73,32,1.0,0.59375,0.03125,Watchlist,Balanced,False
SUV_/_4x4_|_Highway_Terrain_(H/T)_Community_01,2022-05-01,6871903.99,32,1.0,0.59375,0.03125,Watchlist,Balanced,False
SUV_/_4x4_|_Highway_Terrain_(H/T)_Community_01,2022-06-01,4943719.83,32,1.0,0.59375,0.0625,Watchlist,Balanced,False
SUV_/_4x4_|_Highway_Terrain_(H/T)_Community_01,2022-07-01,5954498.54,32,1.0,0.59375,0.0625,Watchlist,Balanced,False
SUV_/_4x4_|_Highway_Terrain_(H/T)_Community_01,2022-08-01,5088609.32,32,1.0,0.59375,0.03125,Watchlist,Balanced,False
SUV_/_4x4_|_Highway_Terrain_(H/T)_Community_01,2022-09-01,5328489.46,32,1.0,0.5625,0.0625,Watchlist,Balanced,False
SUV_/_4x4_|_Highway_Terrain_(H/T)_Community_01,2022-10-01,7902852.36,32,1.0,0.59375,0.03125,Watchlist,Balanced,False
SUV_/_4x4_|_Highway_Terrain_(H/T)_Community_01,2022-11-01,6598710.17,32,1.0,0.59375,0.03125,Watchlist,Balanced,False
SUV_/_4x4_|_Highway_Terrain_(H/T)_Community_01,2022-12-01,6810511.93,32,1.0,0.5625,0.09375,Watchlist,Balanced,False
SUV_/_4x4_|_Highway_Terrain_(H/T)_Community_01,2023-01-01,9200642.66,32,1.0,0.5625,0.0625,Watchlist,Balanced,False
SUV_/_4x4_|_Highway_Terrain_(H/T)_Community_01,2023-02-01,7003272.57,32,1.0,0.5625,0.0625,Watchlist,Balanced,False
SUV_/_4x4_|_Highway_Terrain_(H/T)_Community_01,2023-03-01,6583316.28,32,1.0,0.59375,0.03125,Watchlist,Balanced,False
SUV_/_4x4_|_Highway_Terrain_(H/T)_Community_01,2023-04-01,7582083.600000001,32,1.0,0.59375,0.03125,Watchlist,Balanced,False
SUV_/_4x4_|_Highway_Terrain_(H/T)_Community_01,2023-05-01,5207301.97,32,1.0,0.5625,0.0625,Watchlist,Balanced,False
SUV_/_4x4_|_Highway_Terrain_(H/T)_Community_01,2023-06-01,4898461.37,32,1.0,0.59375,0.0625,Watchlist,Balanced,False
SUV_/_4x4_|_Highway_Terrain_(H/T)_Community_01,2023-07-01,6331358.12,32,1.0,0.625,0.0,Watchlist,Balanced,False
SUV_/_4x4_|_Highway_Terrain_(H/T)_Community_01,2023-08-01,4915985.91,32,1.0,0.59375,0.03125,Watchlist,Balanced,False
SUV_/_4x4_|_Highway_Terrain_(H/T)_Community_01,2023-09-01,5420581.04,32,1.0,0.5625,0.09375,Watchlist,Balanced,False
SUV_/_4x4_|_Highway_Terrain_(H/T)_Community_01,2023-10-01,7532494.37,32,1.0,0.59375,0.03125,Watchlist,Balanced,False
SUV_/_4x4_|_Highway_Terrain_(H/T)_Community_01,2023-11-01,6225046.59,32,1.0,0.59375,0.03125,Watchlist,Balanced,False
SUV_/_4x4_|_Highway_Terrain_(H/T)_Community_01,2023-12-01,8962521.89,32,1.0,0.625,0.0,Watchlist,Balanced,False
SUV_/_4x4_|_Highway_Terrain_(H/T)_Community_01,2024-01-01,6931321.22,32,1.0,0.59375,0.03125,Watchlist,Balanced,False
SUV_/_4x4_|_Highway_Terrain_(H/T)_Community_01,2024-02-01,7087334.12,32,1.0,0.5625,0.0625,Watchlist,Balanced,False
SUV_/_4x4_|_Highway_Terrain_(H/T)_Community_01,2024-03-01,8458324.95,32,1.0,0.5625,0.0625,Watchlist,Balanced,False
SUV_/_4x4_|_Highway_Terrain_(H/T)_Community_01,2024-04-01,5714510.32,32,1.0,0.625,0.03125,Watchlist,Balanced,False
SUV_/_4x4_|_Highway_Terrain_(H/T)_Community_01,2024-05-01,5418427.45,32,1.0,0.59375,0.03125,Watchlist,Balanced,False
SUV_/_4x4_|_Highway_Terrain_(H/T)_Community_01,2024-06-01,6412421.04,32,1.0,0.5625,0.09375,Watchlist,Balanced,False
SUV_/_4x4_|_Highway_Terrain_(H/T)_Community_01,2024-07-01,4844925.06,32,1.0,0.59375,0.03125,Watchlist,Balanced,False
SUV_/_4x4_|_Highway_Terrain_(H/T)_Community_01,2024-08-01,5028458.6,32,1.0,0.5625,0.0625,Watchlist,Balanced,False
SUV_/_4x4_|_Highway_Terrain_(H/T)_Community_01,2024-09-01,7054591.4,32,1.0,0.5625,0.0625,Watchlist,Balanced,False
SUV_/_4x4_|_Highway_Terrain_(H/T)_Community_01,2024-10-01,6224873.62,32,1.0,0.5625,0.0625,Watchlist,Balanced,False
SUV_/_4x4_|_Highway_Terrain_(H/T)_Community_01,2024-11-01,6496287.54,32,1.0,0.5625,0.0625,Watchlist,Balanced,False
SUV_/_4x4_|_Highway_Terrain_(H/T)_Community_01,2024-12-01,9159742.65,32,1.0,0.59375,0.0625,Watchlist,Balanced,False
SUV_/_4x4_|_Highway_Terrain_(H/T)_Community_01,2025-01-01,7472548.45,32,1.0,0.5625,0.0625,Watchlist,Balanced,False
SUV_/_4x4_|_Highway_Terrain_(H/T)_Community_01,2025-02-01,7254358.93,32,1.0,0.5625,0.0625,Watchlist,Balanced,False
SUV_/_4x4_|_Highway_Terrain_(H/T)_Community_01,2025-03-01,8181526.79,32,1.0,0.59375,0.03125,Watchlist,Balanced,False
SUV_/_4x4_|_Highway_Terrain_(H/T)_Community_01,2025-04-01,6117199.48,32,1.0,0.5625,0.0625,Watchlist,Balanced,False
SUV_/_4x4_|_Highway_Terrain_(H/T)_Community_01,2025-05-01,5402608.99,32,1.0,0.59375,0.03125,Watchlist,Balanced,False
SUV_/_4x4_|_Highway_Terrain_(H/T)_Community_01,2025-06-01,6632520.53,32,1.0,0.59375,0.03125,Watchlist,Balanced,False
SUV_/_4x4_|_Highway_Terrain_(H/T)_Community_01,2025-07-01,4828073.89,32,1.0,0.59375,0.03125,Watchlist,Balanced,False
SUV_/_4x4_|_Highway_Terrain_(H/T)_Community_01,2025-08-01,6318512.57,32,1.0,0.59375,0.0625,Watchlist,Balanced,False
SUV_/_4x4_|_Highway_Terrain_(H/T)_Community_01,2025-09-01,5624012.36,32,1.0,0.59375,0.03125,Watchlist,Balanced,False
SUV_/_4x4_|_Highway_Terrain_(H/T)_Community_01,2025-10-01,5921097.6,32,1.0,0.5625,0.0625,Watchlist,Balanced,False
SUV_/_4x4_|_Highway_Terrain_(H/T)_Community_01,2025-11-01,8326747.71,32,1.0,0.5625,0.09375,Watchlist,Balanced,False
SUV_/_4x4_|_Highway_Terrain_(H/T)_Community_01,2025-12-01,7084883.58,32,1.0,0.59375,0.03125,Watchlist,Balanced,False
SUV_/_4x4_|_Highway_Terrain_(H/T)_Community_02,2020-03-01,11810794.09,41,1.0,0.6341463414634146,0.0,Watchlist,Balanced,False
SUV_/_4x4_|_Highway_Terrain_(H/T)_Community_02,2020-04-01,8729010.53,41,1.0,0.6097560975609756,0.024390243902439025,Watchlist,Balanced,False
SUV_/_4x4_|_Highway_Terrain_(H/T)_Community_02,2020-06-01,7601577.28,41,1.0,0.5609756097560976,0.07317073170731707,Watchlist,Balanced,False
SUV_/_4x4_|_Highway_Terrain_(H/T)_Community_02,2020-07-01,7264924.63,41,1.0,0.5853658536585366,0.04878048780487805,Watchlist,Balanced,False
SUV_/_4x4_|_Highway_Terrain_(H/T)_Community_02,2020-08-01,9312070.21,41,1.0,0.5365853658536586,0.0975609756097561,Watchlist,Balanced,False
SUV_/_4x4_|_Highway_Terrain_(H/T)_Community_02,2020-09-01,7940099.75,41,1.0,0.6097560975609756,0.04878048780487805,Watchlist,Balanced,False
SUV_/_4x4_|_Highway_Terrain_(H/T)_Community_02,2020-10-01,8599432.43,41,1.0,0.6097560975609756,0.024390243902439025,Watchlist,Balanced,False
SUV_/_4x4_|_Highway_Terrain_(H/T)_Community_02,2020-11-01,11392223.74,41,1.0,0.5609756097560976,0.04878048780487805,Watchlist,Balanced,False
SUV_/_4x4_|_Highway_Terrain_(H/T)_Community_02,2020-12-01,10476904.1,41,1.0,0.5609756097560976,0.07317073170731707,Watchlist,Balanced,False
SUV_/_4x4_|_Highway_Terrain_(H/T)_Community_02,2021-01-01,12676589.85,41,1.0,0.5853658536585366,0.04878048780487805,Watchlist,Balanced,False
SUV_/_4x4_|_Highway_Terrain_(H/T)_Community_02,2021-02-01,9887571.32,41,1.0,0.5853658536585366,0.04878048780487805,Watchlist,Balanced,False
SUV_/_4x4_|_Highway_Terrain_(H/T)_Community_02,2021-03-01,9333759.23,41,1.0,0.5853658536585366,0.04878048780487805,Watchlist,Balanced,False
SUV_/_4x4_|_Highway_Terrain_(H/T)_Community_02,2021-04-01,8506285.2,41,1.0,0.5853658536585366,0.04878048780487805,Watchlist,Balanced,False
SUV_/_4x4_|_Highway_Terrain_(H/T)_Community_02,2021-05-01,9795671.14,41,1.0,0.5853658536585366,0.04878048780487805,Watchlist,Balanced,False
SUV_/_4x4_|_Highway_Terrain_(H/T)_Community_02,2021-06-01,7598196.14,41,1.0,0.5853658536585366,0.04878048780487805,Watchlist,Balanced,False
SUV_/_4x4_|_Highway_Terrain_(H/T)_Community_02,2021-07-01,7129773.19,41,1.0,0.5609756097560976,0.07317073170731707,Watchlist,Balanced,False
SUV_/_4x4_|_Highway_Terrain_(H/T)_Community_02,2021-08-01,9178550.3,41,1.0,0.5609756097560976,0.07317073170731707,Watchlist,Balanced,False
SUV_/_4x4_|_Highway_Terrain_(H/T)_Community_02,2021-09-01,7736233.83,41,1.0,0.6097560975609756,0.024390243902439025,Watchlist,Balanced,False
SUV_/_4x4_|_Highway_Terrain_(H/T)_Community_02,2021-10-01,10482114.33,41,1.0,0.5609756097560976,0.07317073170731707,Watchlist,Balanced,False
SUV_/_4x4_|_Highway_Terrain_(H/T)_Community_02,2021-11-01,9662905.83,41,1.0,0.5609756097560976,0.07317073170731707,Watchlist,Balanced,False
SUV_/_4x4_|_Highway_Terrain_(H/T)_Community_02,2021-12-01,9778930.8,41,1.0,0.5609756097560976,0.0975609756097561,Watchlist,Balanced,False
SUV_/_4x4_|_Highway_Terrain_(H/T)_Community_02,2022-01-01,13245767.84,41,1.0,0.5609756097560976,0.07317073170731707,Watchlist,Balanced,False
SUV_/_4x4_|_Highway_Terrain_(H/T)_Community_02,2022-02-01,10244030.65,41,1.0,0.5853658536585366,0.04878048780487805,Watchlist,Balanced,False
SUV_/_4x4_|_Highway_Terrain_(H/T)_Community_02,2022-03-01,9211736.11,41,1.0,0.5853658536585366,0.024390243902439025,Watchlist,Balanced,False
SUV_/_4x4_|_Highway_Terrain_(H/T)_Community_02,2022-04-01,8730878.67,41,1.0,0.5365853658536586,0.0975609756097561,Watchlist,Balanced,False
SUV_/_4x4_|_Highway_Terrain_(H/T)_Community_02,2022-05-01,9958000.69,41,1.0,0.5365853658536586,0.0975609756097561,Watchlist,Balanced,False
SUV_/_4x4_|_Highway_Terrain_(H/T)_Community_02,2022-06-01,7515343.13,41,1.0,0.5853658536585366,0.04878048780487805,Watchlist,Balanced,False
SUV_/_4x4_|_Highway_Terrain_(H/T)_Community_02,2022-07-01,8667661.77,41,1.0,0.5365853658536586,0.0975609756097561,Watchlist,Balanced,False
SUV_/_4x4_|_Highway_Terrain_(H/T)_Community_02,2022-08-01,7477964.34,41,1.0,0.5365853658536586,0.0975609756097561,Watchlist,Balanced,False
SUV_/_4x4_|_Highway_Terrain_(H/T)_Community_02,2022-09-01,8034658.88,41,1.0,0.5365853658536586,0.0975609756097561,Watchlist,Balanced,False
SUV_/_4x4_|_Highway_Terrain_(H/T)_Community_02,2022-10-01,10699453.63,41,1.0,0.5365853658536586,0.0975609756097561,Watchlist,Balanced,False
SUV_/_4x4_|_Highway_Terrain_(H/T)_Community_02,2022-12-01,10615633.01,41,1.0,0.5853658536585366,0.04878048780487805,Watchlist,Balanced,False
SUV_/_4x4_|_Highway_Terrain_(H/T)_Community_02,2023-01-01,12881300.07,41,1.0,0.5853658536585366,0.07317073170731707,Watchlist,Balanced,False
SUV_/_4x4_|_Highway_Terrain_(H/T)_Community_02,2023-02-01,10370083.91,41,1.0,0.5853658536585366,0.04878048780487805,Watchlist,Balanced,False
SUV_/_4x4_|_Highway_Terrain_(H/T)_Community_02,2023-03-01,9393932.78,41,1.0,0.5609756097560976,0.07317073170731707,Watchlist,Balanced,False
SUV_/_4x4_|_Highway_Terrain_(H/T)_Community_02,2023-04-01,11028754.89,41,1.0,0.5609756097560976,0.04878048780487805,Watchlist,Balanced,False
SUV_/_4x4_|_Highway_Terrain_(H/T)_Community_02,2023-05-01,8173523.8,41,1.0,0.5365853658536586,0.0975609756097561,Watchlist,Balanced,False
SUV_/_4x4_|_Highway_Terrain_(H/T)_Community_02,2023-06-01,7264101.05,41,1.0,0.5609756097560976,0.07317073170731707,Watchlist,Balanced,False
SUV_/_4x4_|_Highway_Terrain_(H/T)_Community_02,2023-07-01,8973166.09,41,1.0,0.6097560975609756,0.024390243902439025,Watchlist,Balanced,False
SUV_/_4x4_|_Highway_Terrain_(H/T)_Community_02,2023-08-01,7648744.91,41,1.0,0.5853658536585366,0.04878048780487805,Watchlist,Balanced,False
SUV_/_4x4_|_Highway_Terrain_(H/T)_Community_02,2023-09-01,8153066.12,41,1.0,0.5365853658536586,0.0975609756097561,Watchlist,Balanced,False
SUV_/_4x4_|_Highway_Terrain_(H/T)_Community_02,2023-10-01,10786386.8,41,1.0,0.5365853658536586,0.0975609756097561,Watchlist,Balanced,False
SUV_/_4x4_|_Highway_Terrain_(H/T)_Community_02,2023-11-01,9476135.98,41,1.0,0.5609756097560976,0.0975609756097561,Watchlist,Balanced,False
SUV_/_4x4_|_Highway_Terrain_(H/T)_Community_02,2023-12-01,12488121.03,41,1.0,0.5609756097560976,0.07317073170731707,Watchlist,Balanced,False
SUV_/_4x4_|_Highway_Terrain_(H/T)_Community_02,2024-01-01,10378029.89,41,1.0,0.5609756097560976,0.07317073170731707,Watchlist,Balanced,False
SUV_/_4x4_|_Highway_Terrain_(H/T)_Community_02,2024-02-01,10011963.03,41,1.0,0.5853658536585366,0.04878048780487805,Watchlist,Balanced,False
SUV_/_4x4_|_Highway_Terrain_(H/T)_Community_02,2024-04-01,8698811.41,41,1.0,0.5609756097560976,0.07317073170731707,Watchlist,Balanced,False
SUV_/_4x4_|_Highway_Terrain_(H/T)_Community_02,2024-05-01,7910550.109999999,41,1.0,0.5365853658536586,0.0975609756097561,Watchlist,Balanced,False
SUV_/_4x4_|_Highway_Terrain_(H/T)_Community_02,2024-06-01,9323384.81,41,1.0,0.5609756097560976,0.07317073170731707,Watchlist,Balanced,False
SUV_/_4x4_|_Highway_Terrain_(H/T)_Community_02,2024-07-01,7215019.29,41,1.0,0.5365853658536586,0.0975609756097561,Watchlist,Balanced,False
SUV_/_4x4_|_Highway_Terrain_(H/T)_Community_02,2024-08-01,7456992.22,41,1.0,0.5853658536585366,0.04878048780487805,Watchlist,Balanced,False
SUV_/_4x4_|_Highway_Terrain_(H/T)_Community_02,2024-09-01,9983906.32,41,1.0,0.5853658536585366,0.04878048780487805,Watchlist,Balanced,False
SUV_/_4x4_|_Highway_Terrain_(H/T)_Community_02,2024-10-01,8943592.4,41,1.0,0.5609756097560976,0.04878048780487805,Watchlist,Balanced,False
SUV_/_4x4_|_Highway_Terrain_(H/T)_Community_02,2024-12-01,12370931.83,41,1.0,0.5853658536585366,0.04878048780487805,Watchlist,Balanced,False
SUV_/_4x4_|_Highway_Terrain_(H/T)_Community_02,2025-01-01,10389401.02,41,1.0,0.5609756097560976,0.07317073170731707,Watchlist,Balanced,False
SUV_/_4x4_|_Highway_Terrain_(H/T)_Community_02,2025-02-01,10138782.5,41,1.0,0.5853658536585366,0.04878048780487805,Watchlist,Balanced,False
SUV_/_4x4_|_Highway_Terrain_(H/T)_Community_02,2025-03-01,11987892.7,41,1.0,0.5853658536585366,0.04878048780487805,Watchlist,Balanced,False
SUV_/_4x4_|_Highway_Terrain_(H/T)_Community_02,2025-04-01,8591104.01,41,1.0,0.5609756097560976,0.07317073170731707,Watchlist,Balanced,False
SUV_/_4x4_|_Highway_Terrain_(H/T)_Community_02,2025-05-01,8051328.99,41,1.0,0.5853658536585366,0.04878048780487805,Watchlist,Balanced,False
SUV_/_4x4_|_Highway_Terrain_(H/T)_Community_02,2025-06-01,9779159.89,41,1.0,0.5853658536585366,0.04878048780487805,Watchlist,Balanced,False
SUV_/_4x4_|_Highway_Terrain_(H/T)_Community_02,2025-07-01,7307131.15,41,1.0,0.5609756097560976,0.07317073170731707,Watchlist,Balanced,False
SUV_/_4x4_|_Highway_Terrain_(H/T)_Community_02,2025-08-01,9076445.33,41,1.0,0.5853658536585366,0.04878048780487805,Watchlist,Balanced,False
SUV_/_4x4_|_Highway_Terrain_(H/T)_Community_02,2025-09-01,8537891.17,41,1.0,0.5853658536585366,0.04878048780487805,Watchlist,Balanced,False
SUV_/_4x4_|_Highway_Terrain_(H/T)_Community_02,2025-10-01,8691379.8,41,1.0,0.6097560975609756,0.024390243902439025,Watchlist,Balanced,False
SUV_/_4x4_|_Highway_Terrain_(H/T)_Community_02,2025-11-01,11316406.58,41,1.0,0.5853658536585366,0.04878048780487805,Watchlist,Balanced,False
SUV_/_4x4_|_Highway_Terrain_(H/T)_Community_02,2025-12-01,10289861.24,41,1.0,0.5609756097560976,0.07317073170731707,Watchlist,Balanced,False
SUV_/_4x4_|_Highway_Terrain_(H/T)_Community_03,2020-03-01,1661065.69,7,1.0,0.5714285714285714,0.0,Watchlist,Balanced,False
SUV_/_4x4_|_Highway_Terrain_(H/T)_Community_03,2020-04-01,1181179.72,7,1.0,0.5714285714285714,0.0,Watchlist,Balanced,False
SUV_/_4x4_|_Highway_Terrain_(H/T)_Community_03,2020-05-01,1410770.3599999999,7,1.0,0.5714285714285714,0.0,Watchlist,Balanced,False
SUV_/_4x4_|_Highway_Terrain_(H/T)_Community_03,2020-06-01,1083594.5,7,1.0,0.5714285714285714,0.0,Watchlist,Balanced,False
SUV_/_4x4_|_Highway_Terrain_(H/T)_Community_03,2020-07-01,1187529.56,7,1.0,0.5714285714285714,0.0,Watchlist,Balanced,False
SUV_/_4x4_|_Highway_Terrain_(H/T)_Community_03,2020-08-01,1279295.54,7,1.0,0.5714285714285714,0.0,Watchlist,Balanced,False
SUV_/_4x4_|_Highway_Terrain_(H/T)_Community_03,2020-09-01,1176233.8,7,1.0,0.5714285714285714,0.0,Watchlist,Balanced,False
SUV_/_4x4_|_Highway_Terrain_(H/T)_Community_03,2020-10-01,1227246.75,7,1.0,0.5714285714285714,0.0,Watchlist,Balanced,False
SUV_/_4x4_|_Highway_Terrain_(H/T)_Community_03,2020-11-01,1688927.49,7,1.0,0.5714285714285714,0.0,Watchlist,Balanced,False
SUV_/_4x4_|_Highway_Terrain_(H/T)_Community_03,2021-02-01,1507069.26,7,1.0,0.5714285714285714,0.0,Watchlist,Balanced,False
SUV_/_4x4_|_Highway_Terrain_(H/T)_Community_03,2021-03-01,1315166.47,7,1.0,0.5714285714285714,0.0,Watchlist,Balanced,False
SUV_/_4x4_|_Highway_Terrain_(H/T)_Community_03,2021-04-01,1246841.02,7,1.0,0.5714285714285714,0.0,Watchlist,Balanced,False
SUV_/_4x4_|_Highway_Terrain_(H/T)_Community_03,2021-05-01,1344221.79,7,1.0,0.5714285714285714,0.0,Watchlist,Balanced,False
SUV_/_4x4_|_Highway_Terrain_(H/T)_Community_03,2021-06-01,1136850.33,7,1.0,0.5714285714285714,0.0,Watchlist,Balanced,False
SUV_/_4x4_|_Highway_Terrain_(H/T)_Community_03,2021-07-01,1144778.0,7,1.0,0.5714285714285714,0.0,Watchlist,Balanced,False
SUV_/_4x4_|_Highway_Terrain_(H/T)_Community_03,2021-08-01,1312106.42,7,1.0,0.5714285714285714,0.0,Watchlist,Balanced,False
SUV_/_4x4_|_Highway_Terrain_(H/T)_Community_03,2021-09-01,1118764.78,7,1.0,0.5714285714285714,0.0,Watchlist,Balanced,False
SUV_/_4x4_|_Highway_Terrain_(H/T)_Community_03,2021-10-01,1592224.47,7,1.0,0.5714285714285714,0.0,Watchlist,Balanced,False
SUV_/_4x4_|_Highway_Terrain_(H/T)_Community_03,2021-11-01,1381557.96,7,1.0,0.5714285714285714,0.0,Watchlist,Balanced,False
SUV_/_4x4_|_Highway_Terrain_(H/T)_Community_03,2021-12-01,1382042.1400000001,7,1.0,0.5714285714285714,0.0,Watchlist,Balanced,False
SUV_/_4x4_|_Highway_Terrain_(H/T)_Community_03,2022-01-01,1798395.3900000001,7,1.0,0.5714285714285714,0.0,Watchlist,Balanced,False
SUV_/_4x4_|_Highway_Terrain_(H/T)_Community_03,2022-02-01,1363289.82,7,1.0,0.5714285714285714,0.0,Watchlist,Balanced,False
SUV_/_4x4_|_Highway_Terrain_(H/T)_Community_03,2022-03-01,1273855.15,7,1.0,0.5714285714285714,0.0,Watchlist,Balanced,False
SUV_/_4x4_|_Highway_Terrain_(H/T)_Community_03,2022-04-01,1303010.29,7,1.0,0.5714285714285714,0.0,Watchlist,Balanced,False
SUV_/_4x4_|_Highway_Terrain_(H/T)_Community_03,2022-05-01,1296846.78,7,1.0,0.5714285714285714,0.0,Watchlist,Balanced,False
SUV_/_4x4_|_Highway_Terrain_(H/T)_Community_03,2022-06-01,1155768.1,7,1.0,0.5714285714285714,0.0,Watchlist,Balanced,False
SUV_/_4x4_|_Highway_Terrain_(H/T)_Community_03,2022-07-01,1286682.29,7,1.0,0.5714285714285714,0.0,Watchlist,Balanced,False
SUV_/_4x4_|_Highway_Terrain_(H/T)_Community_03,2022-08-01,1197585.6,7,1.0,0.5714285714285714,0.0,Watchlist,Balanced,False
SUV_/_4x4_|_Highway_Terrain_(H/T)_Community_03,2022-09-01,1186840.27,7,1.0,0.5714285714285714,0.0,Watchlist,Balanced,False
SUV_/_4x4_|_Highway_Terrain_(H/T)_Community_03,2022-10-01,1403822.97,7,1.0,0.5714285714285714,0.0,Watchlist,Balanced,False
SUV_/_4x4_|_Highway_Terrain_(H/T)_Community_03,2022-11-01,1315661.84,7,1.0,0.5714285714285714,0.0,Watchlist,Balanced,False
SUV_/_4x4_|_Highway_Terrain_(H/T)_Community_03,2023-03-01,1357526.92,7,1.0,0.5714285714285714,0.0,Watchlist,Balanced,False
SUV_/_4x4_|_Highway_Terrain_(H/T)_Community_03,2023-04-01,1615255.47,7,1.0,0.5714285714285714,0.0,Watchlist,Balanced,False
SUV_/_4x4_|_Highway_Terrain_(H/T)_Community_03,2023-05-01,1168709.14,7,1.0,0.5714285714285714,0.0,Watchlist,Balanced,False
SUV_/_4x4_|_Highway_Terrain_(H/T)_Community_03,2023-06-01,1158128.71,7,1.0,0.5714285714285714,0.0,Watchlist,Balanced,False
SUV_/_4x4_|_Highway_Terrain_(H/T)_Community_03,2023-07-01,1364425.99,7,1.0,0.5714285714285714,0.0,Watchlist,Balanced,False
SUV_/_4x4_|_Highway_Terrain_(H/T)_Community_03,2023-08-01,1069477.19,7,1.0,0.5714285714285714,0.0,Watchlist,Balanced,False
SUV_/_4x4_|_Highway_Terrain_(H/T)_Community_03,2023-09-01,1102476.85,7,1.0,0.5714285714285714,0.0,Watchlist,Balanced,False
SUV_/_4x4_|_Highway_Terrain_(H/T)_Community_03,2023-10-01,1487606.8,7,1.0,0.5714285714285714,0.0,Watchlist,Balanced,False
SUV_/_4x4_|_Highway_Terrain_(H/T)_Community_03,2023-11-01,1288104.19,7,1.0,0.5714285714285714,0.0,Watchlist,Balanced,False
SUV_/_4x4_|_Highway_Terrain_(H/T)_Community_03,2023-12-01,1828656.07,7,1.0,0.5714285714285714,0.0,Watchlist,Balanced,False
SUV_/_4x4_|_Highway_Terrain_(H/T)_Community_03,2024-01-01,1562651.2,7,1.0,0.5714285714285714,0.0,Watchlist,Balanced,False
SUV_/_4x4_|_Highway_Terrain_(H/T)_Community_03,2024-02-01,1457779.6099999999,7,1.0,0.5714285714285714,0.0,Watchlist,Balanced,False
SUV_/_4x4_|_Highway_Terrain_(H/T)_Community_03,2024-03-01,1609537.54,7,1.0,0.5714285714285714,0.0,Watchlist,Balanced,False
SUV_/_4x4_|_Highway_Terrain_(H/T)_Community_03,2024-04-01,1337977.02,7,1.0,0.5714285714285714,0.0,Watchlist,Balanced,False
SUV_/_4x4_|_Highway_Terrain_(H/T)_Community_03,2024-07-01,1091732.77,7,1.0,0.5714285714285714,0.0,Watchlist,Balanced,False
SUV_/_4x4_|_Highway_Terrain_(H/T)_Community_03,2024-08-01,1172698.75,7,1.0,0.5714285714285714,0.0,Watchlist,Balanced,False
SUV_/_4x4_|_Highway_Terrain_(H/T)_Community_03,2024-09-01,1473671.6099999999,7,1.0,0.5714285714285714,0.0,Watchlist,Balanced,False
SUV_/_4x4_|_Highway_Terrain_(H/T)_Community_03,2025-02-01,1481886.14,7,1.0,0.5714285714285714,0.0,Watchlist,Balanced,False
SUV_/_4x4_|_Highway_Terrain_(H/T)_Community_03,2025-03-01,1584992.19,7,1.0,0.5714285714285714,0.0,Watchlist,Balanced,False
SUV_/_4x4_|_Highway_Terrain_(H/T)_Community_03,2025-05-01,1167499.42,7,1.0,0.5714285714285714,0.0,Watchlist,Balanced,False
SUV_/_4x4_|_Highway_Terrain_(H/T)_Community_03,2025-07-01,1068555.34,7,1.0,0.5714285714285714,0.0,Watchlist,Balanced,False
SUV_/_4x4_|_Highway_Terrain_(H/T)_Community_03,2025-08-01,1386511.18,7,1.0,0.5714285714285714,0.0,Watchlist,Balanced,False
SUV_/_4x4_|_Highway_Terrain_(H/T)_Community_03,2025-09-01,1311736.65,7,1.0,0.5714285714285714,0.0,Watchlist,Balanced,False
SUV_/_4x4_|_Highway_Terrain_(H/T)_Community_03,2025-10-01,1359798.11,7,1.0,0.5714285714285714,0.0,Watchlist,Balanced,False
SUV_/_4x4_|_Highway_Terrain_(H/T)_Community_03,2025-11-01,1732011.05,7,1.0,0.5714285714285714,0.0,Watchlist,Balanced,False
SUV_/_4x4_|_Highway_Terrain_(H/T)_Community_03,2025-12-01,1498980.18,7,1.0,0.5714285714285714,0.0,Watchlist,Balanced,False
SUV_/_4x4_|_Mud_Terrain_(M/T)_Community_01,2020-03-01,16072389.38,41,1.0,0.5609756097560976,0.04878048780487805,Watchlist,Balanced,False
SUV_/_4x4_|_Mud_Terrain_(M/T)_Community_01,2020-04-01,11674869.96,41,1.0,0.5609756097560976,0.04878048780487805,Watchlist,Balanced,False
SUV_/_4x4_|_Mud_Terrain_(M/T)_Community_01,2020-05-01,13628615.15,41,1.0,0.5365853658536586,0.07317073170731707,Watchlist,Balanced,False
SUV_/_4x4_|_Mud_Terrain_(M/T)_Community_01,2020-06-01,9963190.38,41,1.0,0.5609756097560976,0.04878048780487805,Watchlist,Balanced,False
SUV_/_4x4_|_Mud_Terrain_(M/T)_Community_01,2020-07-01,9589826.73,41,1.0,0.5609756097560976,0.04878048780487805,Watchlist,Balanced,False
SUV_/_4x4_|_Mud_Terrain_(M/T)_Community_01,2020-08-01,12272151.1,41,1.0,0.5609756097560976,0.04878048780487805,Watchlist,Balanced,False
SUV_/_4x4_|_Mud_Terrain_(M/T)_Community_01,2020-10-01,11796300.24,41,1.0,0.5609756097560976,0.04878048780487805,Watchlist,Balanced,False
SUV_/_4x4_|_Mud_Terrain_(M/T)_Community_01,2020-11-01,15954172.46,41,1.0,0.5609756097560976,0.04878048780487805,Watchlist,Balanced,False
SUV_/_4x4_|_Mud_Terrain_(M/T)_Community_01,2020-12-01,13603028.7,41,1.0,0.6097560975609756,0.0,Watchlist,Balanced,False
SUV_/_4x4_|_Mud_Terrain_(M/T)_Community_01,2021-01-01,17524391.87,41,1.0,0.5609756097560976,0.04878048780487805,Watchlist,Balanced,False
SUV_/_4x4_|_Mud_Terrain_(M/T)_Community_01,2021-02-01,13465680.59,41,1.0,0.5609756097560976,0.04878048780487805,Watchlist,Balanced,False
SUV_/_4x4_|_Mud_Terrain_(M/T)_Community_01,2021-03-01,12824201.57,41,1.0,0.5853658536585366,0.024390243902439025,Watchlist,Balanced,False
SUV_/_4x4_|_Mud_Terrain_(M/T)_Community_01,2021-04-01,11944946.29,41,1.0,0.5609756097560976,0.04878048780487805,Watchlist,Balanced,False
SUV_/_4x4_|_Mud_Terrain_(M/T)_Community_01,2021-05-01,13270295.9,41,1.0,0.5853658536585366,0.024390243902439025,Watchlist,Balanced,False
SUV_/_4x4_|_Mud_Terrain_(M/T)_Community_01,2021-06-01,10042819.540000001,41,1.0,0.6097560975609756,0.0,Watchlist,Balanced,False
SUV_/_4x4_|_Mud_Terrain_(M/T)_Community_01,2021-08-01,12461157.93,41,1.0,0.6097560975609756,0.024390243902439025,Watchlist,Balanced,False
SUV_/_4x4_|_Mud_Terrain_(M/T)_Community_01,2021-09-01,10938170.52,41,1.0,0.5853658536585366,0.024390243902439025,Watchlist,Balanced,False
SUV_/_4x4_|_Mud_Terrain_(M/T)_Community_01,2021-10-01,14702300.51,41,1.0,0.5609756097560976,0.04878048780487805,Watchlist,Balanced,False
SUV_/_4x4_|_Mud_Terrain_(M/T)_Community_01,2021-11-01,12887490.33,41,1.0,0.5853658536585366,0.024390243902439025,Watchlist,Balanced,False
SUV_/_4x4_|_Mud_Terrain_(M/T)_Community_01,2021-12-01,13753963.28,41,1.0,0.5609756097560976,0.04878048780487805,Watchlist,Balanced,False
SUV_/_4x4_|_Mud_Terrain_(M/T)_Community_01,2022-01-01,17267320.44,41,1.0,0.5853658536585366,0.024390243902439025,Watchlist,Balanced,False
SUV_/_4x4_|_Mud_Terrain_(M/T)_Community_01,2022-02-01,13655612.7,41,1.0,0.5853658536585366,0.024390243902439025,Watchlist,Balanced,False
SUV_/_4x4_|_Mud_Terrain_(M/T)_Community_01,2022-03-01,12706057.5,41,1.0,0.5853658536585366,0.024390243902439025,Watchlist,Balanced,False
SUV_/_4x4_|_Mud_Terrain_(M/T)_Community_01,2022-04-01,11765180.22,41,1.0,0.5609756097560976,0.04878048780487805,Watchlist,Balanced,False
SUV_/_4x4_|_Mud_Terrain_(M/T)_Community_01,2022-05-01,13193395.86,41,1.0,0.5853658536585366,0.024390243902439025,Watchlist,Balanced,False
SUV_/_4x4_|_Mud_Terrain_(M/T)_Community_01,2022-06-01,10434413.75,41,1.0,0.5853658536585366,0.024390243902439025,Watchlist,Balanced,False
SUV_/_4x4_|_Mud_Terrain_(M/T)_Community_01,2022-07-01,12376886.200000001,41,1.0,0.5853658536585366,0.024390243902439025,Watchlist,Balanced,False
SUV_/_4x4_|_Mud_Terrain_(M/T)_Community_01,2022-08-01,10157337.81,41,1.0,0.5365853658536586,0.07317073170731707,Watchlist,Balanced,False
SUV_/_4x4_|_Mud_Terrain_(M/T)_Community_01,2022-09-01,11178297.6,41,1.0,0.5609756097560976,0.04878048780487805,Watchlist,Balanced,False
SUV_/_4x4_|_Mud_Terrain_(M/T)_Community_01,2022-10-01,14589728.24,41,1.0,0.5853658536585366,0.024390243902439025,Watchlist,Balanced,False
SUV_/_4x4_|_Mud_Terrain_(M/T)_Community_01,2022-11-01,12862887.78,41,1.0,0.5609756097560976,0.04878048780487805,Watchlist,Balanced,False
SUV_/_4x4_|_Mud_Terrain_(M/T)_Community_01,2022-12-01,13763388.01,41,1.0,0.5853658536585366,0.04878048780487805,Watchlist,Balanced,False
SUV_/_4x4_|_Mud_Terrain_(M/T)_Community_01,2023-01-01,17739797.32,41,1.0,0.6097560975609756,0.0,Watchlist,Balanced,False
SUV_/_4x4_|_Mud_Terrain_(M/T)_Community_01,2023-02-01,13825556.75,41,1.0,0.5853658536585366,0.024390243902439025,Watchlist,Balanced,False
SUV_/_4x4_|_Mud_Terrain_(M/T)_Community_01,2023-03-01,12791238.09,41,1.0,0.5853658536585366,0.024390243902439025,Watchlist,Balanced,False
SUV_/_4x4_|_Mud_Terrain_(M/T)_Community_01,2023-04-01,14626059.91,41,1.0,0.5853658536585366,0.04878048780487805,Watchlist,Balanced,False
SUV_/_4x4_|_Mud_Terrain_(M/T)_Community_01,2023-05-01,10695520.05,41,1.0,0.6097560975609756,0.0,Watchlist,Balanced,False
SUV_/_4x4_|_Mud_Terrain_(M/T)_Community_01,2023-06-01,10337354.24,41,1.0,0.5853658536585366,0.024390243902439025,Watchlist,Balanced,False
SUV_/_4x4_|_Mud_Terrain_(M/T)_Community_01,2023-07-01,12714262.96,41,1.0,0.6097560975609756,0.0,Watchlist,Balanced,False
SUV_/_4x4_|_Mud_Terrain_(M/T)_Community_01,2023-08-01,10116150.11,41,1.0,0.5609756097560976,0.04878048780487805,Watchlist,Balanced,False
SUV_/_4x4_|_Mud_Terrain_(M/T)_Community_01,2023-09-01,10920653.38,41,1.0,0.5609756097560976,0.04878048780487805,Watchlist,Balanced,False
SUV_/_4x4_|_Mud_Terrain_(M/T)_Community_01,2023-10-01,14571133.99,41,1.0,0.5853658536585366,0.024390243902439025,Watchlist,Balanced,False
SUV_/_4x4_|_Mud_Terrain_(M/T)_Community_01,2023-11-01,12792828.82,41,1.0,0.5853658536585366,0.024390243902439025,Watchlist,Balanced,False
SUV_/_4x4_|_Mud_Terrain_(M/T)_Community_01,2023-12-01,17289555.23,41,1.0,0.5853658536585366,0.024390243902439025,Watchlist,Balanced,False
SUV_/_4x4_|_Mud_Terrain_(M/T)_Community_01,2024-01-01,14185946.58,41,1.0,0.5853658536585366,0.024390243902439025,Watchlist,Balanced,False
SUV_/_4x4_|_Mud_Terrain_(M/T)_Community_01,2024-02-01,13586891.0,41,1.0,0.5609756097560976,0.04878048780487805,Watchlist,Balanced,False
SUV_/_4x4_|_Mud_Terrain_(M/T)_Community_01,2024-04-01,12369610.13,41,1.0,0.5853658536585366,0.024390243902439025,Watchlist,Balanced,False
SUV_/_4x4_|_Mud_Terrain_(M/T)_Community_01,2024-05-01,11036956.01,41,1.0,0.5853658536585366,0.024390243902439025,Watchlist,Balanced,False
SUV_/_4x4_|_Mud_Terrain_(M/T)_Community_01,2024-06-01,12714274.74,41,1.0,0.6097560975609756,0.0,Watchlist,Balanced,False
SUV_/_4x4_|_Mud_Terrain_(M/T)_Community_01,2024-07-01,10003872.86,41,1.0,0.5853658536585366,0.024390243902439025,Watchlist,Balanced,False
SUV_/_4x4_|_Mud_Terrain_(M/T)_Community_01,2024-08-01,10298569.71,41,1.0,0.5609756097560976,0.04878048780487805,Watchlist,Balanced,False
SUV_/_4x4_|_Mud_Terrain_(M/T)_Community_01,2024-09-01,13600526.99,41,1.0,0.5609756097560976,0.04878048780487805,Watchlist,Balanced,False
SUV_/_4x4_|_Mud_Terrain_(M/T)_Community_01,2024-10-01,11782818.92,41,1.0,0.6097560975609756,0.0,Watchlist,Balanced,False
SUV_/_4x4_|_Mud_Terrain_(M/T)_Community_01,2024-11-01,12625248.51,41,1.0,0.5853658536585366,0.024390243902439025,Watchlist,Balanced,False
SUV_/_4x4_|_Mud_Terrain_(M/T)_Community_01,2024-12-01,17188292.89,41,1.0,0.5853658536585366,0.024390243902439025,Watchlist,Balanced,False
SUV_/_4x4_|_Mud_Terrain_(M/T)_Community_01,2025-01-01,13996801.86,41,1.0,0.6097560975609756,0.0,Watchlist,Balanced,False
SUV_/_4x4_|_Mud_Terrain_(M/T)_Community_01,2025-02-01,13728738.030000001,41,1.0,0.5609756097560976,0.04878048780487805,Watchlist,Balanced,False
SUV_/_4x4_|_Mud_Terrain_(M/T)_Community_01,2025-03-01,16328544.29,41,1.0,0.5609756097560976,0.04878048780487805,Watchlist,Balanced,False
SUV_/_4x4_|_Mud_Terrain_(M/T)_Community_01,2025-04-01,11897590.01,41,1.0,0.5853658536585366,0.024390243902439025,Watchlist,Balanced,False
SUV_/_4x4_|_Mud_Terrain_(M/T)_Community_01,2025-05-01,10709103.09,41,1.0,0.5853658536585366,0.024390243902439025,Watchlist,Balanced,False
SUV_/_4x4_|_Mud_Terrain_(M/T)_Community_01,2025-06-01,12789342.49,41,1.0,0.5609756097560976,0.04878048780487805,Watchlist,Balanced,False
SUV_/_4x4_|_Mud_Terrain_(M/T)_Community_01,2025-07-01,9701906.79,41,1.0,0.5853658536585366,0.04878048780487805,Watchlist,Balanced,False
SUV_/_4x4_|_Mud_Terrain_(M/T)_Community_01,2025-08-01,12556732.69,41,1.0,0.5853658536585366,0.024390243902439025,Watchlist,Balanced,False
SUV_/_4x4_|_Mud_Terrain_(M/T)_Community_01,2025-09-01,10466051.69,41,1.0,0.5853658536585366,0.024390243902439025,Watchlist,Balanced,False
SUV_/_4x4_|_Mud_Terrain_(M/T)_Community_01,2025-10-01,11520796.68,41,1.0,0.5853658536585366,0.024390243902439025,Watchlist,Balanced,False
SUV_/_4x4_|_Mud_Terrain_(M/T)_Community_01,2025-11-01,15981788.27,41,1.0,0.5609756097560976,0.04878048780487805,Watchlist,Balanced,False
SUV_/_4x4_|_Mud_Terrain_(M/T)_Community_01,2025-12-01,13451898.61,41,1.0,0.5853658536585366,0.04878048780487805,Watchlist,Balanced,False
SUV_/_4x4_|_Mud_Terrain_(M/T)_Community_02,2020-03-01,15415899.63,39,1.0,0.5897435897435898,0.0,Watchlist,Balanced,False
SUV_/_4x4_|_Mud_Terrain_(M/T)_Community_02,2020-04-01,11209903.21,39,1.0,0.5641025641025641,0.02564102564102564,Watchlist,Balanced,False
SUV_/_4x4_|_Mud_Terrain_(M/T)_Community_02,2020-05-01,12784144.97,39,1.0,0.5641025641025641,0.02564102564102564,Watchlist,Balanced,False
SUV_/_4x4_|_Mud_Terrain_(M/T)_Community_02,2020-06-01,9349094.93,39,1.0,0.5641025641025641,0.02564102564102564,Watchlist,Balanced,False
SUV_/_4x4_|_Mud_Terrain_(M/T)_Community_02,2020-07-01,9121398.209999999,39,1.0,0.5641025641025641,0.0,Watchlist,Balanced,False
SUV_/_4x4_|_Mud_Terrain_(M/T)_Community_02,2020-08-01,11625599.290000001,39,1.0,0.5641025641025641,0.02564102564102564,Watchlist,Balanced,False
SUV_/_4x4_|_Mud_Terrain_(M/T)_Community_02,2020-09-01,9923221.6,39,1.0,0.5384615384615384,0.05128205128205128,Watchlist,Balanced,False
SUV_/_4x4_|_Mud_Terrain_(M/T)_Community_02,2020-10-01,11061782.52,39,1.0,0.5641025641025641,0.02564102564102564,Watchlist,Balanced,False
SUV_/_4x4_|_Mud_Terrain_(M/T)_Community_02,2020-11-01,15447756.1,39,1.0,0.5641025641025641,0.02564102564102564,Watchlist,Balanced,False
SUV_/_4x4_|_Mud_Terrain_(M/T)_Community_02,2020-12-01,12873487.31,39,1.0,0.5641025641025641,0.02564102564102564,Watchlist,Balanced,False
SUV_/_4x4_|_Mud_Terrain_(M/T)_Community_02,2021-01-01,16737687.55,39,1.0,0.5384615384615384,0.02564102564102564,Watchlist,Balanced,False
SUV_/_4x4_|_Mud_Terrain_(M/T)_Community_02,2021-02-01,13018530.79,39,1.0,0.5641025641025641,0.02564102564102564,Watchlist,Balanced,False
SUV_/_4x4_|_Mud_Terrain_(M/T)_Community_02,2021-03-01,12257358.44,39,1.0,0.5641025641025641,0.02564102564102564,Watchlist,Balanced,False
SUV_/_4x4_|_Mud_Terrain_(M/T)_Community_02,2021-04-01,11028513.65,39,1.0,0.5897435897435898,0.0,Watchlist,Balanced,False
SUV_/_4x4_|_Mud_Terrain_(M/T)_Community_02,2021-05-01,12777572.67,39,1.0,0.5641025641025641,0.02564102564102564,Watchlist,Balanced,False
SUV_/_4x4_|_Mud_Terrain_(M/T)_Community_02,2021-06-01,9243985.84,39,1.0,0.5384615384615384,0.02564102564102564,Watchlist,Balanced,False
SUV_/_4x4_|_Mud_Terrain_(M/T)_Community_02,2021-07-01,9104203.7,39,1.0,0.5641025641025641,0.02564102564102564,Watchlist,Balanced,False
SUV_/_4x4_|_Mud_Terrain_(M/T)_Community_02,2021-08-01,12148821.48,39,1.0,0.5897435897435898,0.0,Watchlist,Balanced,False
SUV_/_4x4_|_Mud_Terrain_(M/T)_Community_02,2021-09-01,10064876.79,39,1.0,0.5641025641025641,0.02564102564102564,Watchlist,Balanced,False
SUV_/_4x4_|_Mud_Terrain_(M/T)_Community_02,2021-10-01,13787130.23,39,1.0,0.5897435897435898,0.0,Watchlist,Balanced,False
SUV_/_4x4_|_Mud_Terrain_(M/T)_Community_02,2021-11-01,11883840.35,39,1.0,0.5897435897435898,0.0,Watchlist,Balanced,False
SUV_/_4x4_|_Mud_Terrain_(M/T)_Community_02,2021-12-01,12857696.58,39,1.0,0.5641025641025641,0.02564102564102564,Watchlist,Balanced,False
SUV_/_4x4_|_Mud_Terrain_(M/T)_Community_02,2022-01-01,17242893.72,39,1.0,0.5641025641025641,0.02564102564102564,Watchlist,Balanced,False
SUV_/_4x4_|_Mud_Terrain_(M/T)_Community_02,2022-02-01,13035898.07,39,1.0,0.5384615384615384,0.02564102564102564,Watchlist,Balanced,False
SUV_/_4x4_|_Mud_Terrain_(M/T)_Community_02,2022-03-01,12194170.89,39,1.0,0.5384615384615384,0.05128205128205128,Watchlist,Balanced,False
SUV_/_4x4_|_Mud_Terrain_(M/T)_Community_02,2022-04-01,11093741.28,39,1.0,0.5641025641025641,0.0,Watchlist,Balanced,False
SUV_/_4x4_|_Mud_Terrain_(M/T)_Community_02,2022-05-01,12936102.620000001,39,1.0,0.5641025641025641,0.0,Watchlist,Balanced,False
SUV_/_4x4_|_Mud_Terrain_(M/T)_Community_02,2022-06-01,9416274.67,39,1.0,0.5641025641025641,0.02564102564102564,Watchlist,Balanced,False
SUV_/_4x4_|_Mud_Terrain_(M/T)_Community_02,2022-07-01,11160140.48,39,1.0,0.5641025641025641,0.02564102564102564,Watchlist,Balanced,False
SUV_/_4x4_|_Mud_Terrain_(M/T)_Community_02,2022-09-01,9837090.0,39,1.0,0.5641025641025641,0.02564102564102564,Watchlist,Balanced,False
SUV_/_4x4_|_Mud_Terrain_(M/T)_Community_02,2022-10-01,14261065.69,39,1.0,0.5641025641025641,0.02564102564102564,Watchlist,Balanced,False
SUV_/_4x4_|_Mud_Terrain_(M/T)_Community_02,2022-11-01,11948110.58,39,1.0,0.5641025641025641,0.02564102564102564,Watchlist,Balanced,False
SUV_/_4x4_|_Mud_Terrain_(M/T)_Community_02,2022-12-01,12851983.64,39,1.0,0.5641025641025641,0.02564102564102564,Watchlist,Balanced,False
SUV_/_4x4_|_Mud_Terrain_(M/T)_Community_02,2023-01-01,16394958.18,39,1.0,0.5641025641025641,0.02564102564102564,Watchlist,Balanced,False
SUV_/_4x4_|_Mud_Terrain_(M/T)_Community_02,2023-02-01,12949626.190000001,39,1.0,0.5641025641025641,0.02564102564102564,Watchlist,Balanced,False
SUV_/_4x4_|_Mud_Terrain_(M/T)_Community_02,2023-03-01,11934575.12,39,1.0,0.5641025641025641,0.02564102564102564,Watchlist,Balanced,False
SUV_/_4x4_|_Mud_Terrain_(M/T)_Community_02,2023-04-01,14356903.23,39,1.0,0.5897435897435898,0.0,Watchlist,Balanced,False
SUV_/_4x4_|_Mud_Terrain_(M/T)_Community_02,2023-05-01,10208307.76,39,1.0,0.5897435897435898,0.0,Watchlist,Balanced,False
SUV_/_4x4_|_Mud_Terrain_(M/T)_Community_02,2023-06-01,9304549.74,39,1.0,0.5641025641025641,0.02564102564102564,Watchlist,Balanced,False
SUV_/_4x4_|_Mud_Terrain_(M/T)_Community_02,2023-07-01,11554974.65,39,1.0,0.5641025641025641,0.02564102564102564,Watchlist,Balanced,False
SUV_/_4x4_|_Mud_Terrain_(M/T)_Community_02,2023-08-01,9527067.58,39,1.0,0.5641025641025641,0.0,Watchlist,Balanced,False
SUV_/_4x4_|_Mud_Terrain_(M/T)_Community_02,2023-09-01,10354108.47,39,1.0,0.5384615384615384,0.02564102564102564,Watchlist,Balanced,False
SUV_/_4x4_|_Mud_Terrain_(M/T)_Community_02,2023-10-01,14081562.93,39,1.0,0.5641025641025641,0.02564102564102564,Watchlist,Balanced,False
SUV_/_4x4_|_Mud_Terrain_(M/T)_Community_02,2023-11-01,11790952.32,39,1.0,0.5641025641025641,0.02564102564102564,Watchlist,Balanced,False
SUV_/_4x4_|_Mud_Terrain_(M/T)_Community_02,2023-12-01,16569328.61,39,1.0,0.5641025641025641,0.02564102564102564,Watchlist,Balanced,False
SUV_/_4x4_|_Mud_Terrain_(M/T)_Community_02,2024-01-01,13224747.35,39,1.0,0.5897435897435898,0.0,Watchlist,Balanced,False
SUV_/_4x4_|_Mud_Terrain_(M/T)_Community_02,2024-02-01,13069116.41,39,1.0,0.5897435897435898,0.0,Watchlist,Balanced,False
SUV_/_4x4_|_Mud_Terrain_(M/T)_Community_02,2024-03-01,14987418.23,39,1.0,0.5897435897435898,0.0,Watchlist,Balanced,False
SUV_/_4x4_|_Mud_Terrain_(M/T)_Community_02,2024-04-01,11186453.209999999,39,1.0,0.5641025641025641,0.02564102564102564,Watchlist,Balanced,False
SUV_/_4x4_|_Mud_Terrain_(M/T)_Community_02,2024-05-01,10057622.29,39,1.0,0.5641025641025641,0.02564102564102564,Watchlist,Balanced,False
SUV_/_4x4_|_Mud_Terrain_(M/T)_Community_02,2024-06-01,12206802.95,39,1.0,0.5384615384615384,0.05128205128205128,Watchlist,Balanced,False
SUV_/_4x4_|_Mud_Terrain_(M/T)_Community_02,2024-07-01,8990381.23,39,1.0,0.5641025641025641,0.02564102564102564,Watchlist,Balanced,False
SUV_/_4x4_|_Mud_Terrain_(M/T)_Community_02,2024-08-01,9347441.43,39,1.0,0.5641025641025641,0.02564102564102564,Watchlist,Balanced,False
SUV_/_4x4_|_Mud_Terrain_(M/T)_Community_02,2024-09-01,12542159.04,39,1.0,0.5641025641025641,0.02564102564102564,Watchlist,Balanced,False
SUV_/_4x4_|_Mud_Terrain_(M/T)_Community_02,2024-10-01,11259825.88,39,1.0,0.5641025641025641,0.02564102564102564,Watchlist,Balanced,False
SUV_/_4x4_|_Mud_Terrain_(M/T)_Community_02,2024-11-01,12373305.67,39,1.0,0.5641025641025641,0.02564102564102564,Watchlist,Balanced,False
SUV_/_4x4_|_Mud_Terrain_(M/T)_Community_02,2024-12-01,16744940.23,39,1.0,0.5897435897435898,0.0,Watchlist,Balanced,False
SUV_/_4x4_|_Mud_Terrain_(M/T)_Community_02,2025-01-01,13474881.01,39,1.0,0.5641025641025641,0.02564102564102564,Watchlist,Balanced,False
SUV_/_4x4_|_Mud_Terrain_(M/T)_Community_02,2025-02-01,12687116.73,39,1.0,0.5897435897435898,0.0,Watchlist,Balanced,False
SUV_/_4x4_|_Mud_Terrain_(M/T)_Community_02,2025-03-01,15456949.15,39,1.0,0.5641025641025641,0.02564102564102564,Watchlist,Balanced,False
SUV_/_4x4_|_Mud_Terrain_(M/T)_Community_02,2025-04-01,11464204.65,39,1.0,0.5641025641025641,0.02564102564102564,Watchlist,Balanced,False
SUV_/_4x4_|_Mud_Terrain_(M/T)_Community_02,2025-05-01,10261763.39,39,1.0,0.5897435897435898,0.0,Watchlist,Balanced,False
SUV_/_4x4_|_Mud_Terrain_(M/T)_Community_02,2025-06-01,11908484.53,39,1.0,0.5384615384615384,0.02564102564102564,Watchlist,Balanced,False
SUV_/_4x4_|_Mud_Terrain_(M/T)_Community_02,2025-07-01,9271404.82,39,1.0,0.5641025641025641,0.02564102564102564,Watchlist,Balanced,False
SUV_/_4x4_|_Mud_Terrain_(M/T)_Community_02,2025-08-01,11701880.11,39,1.0,0.5897435897435898,0.0,Watchlist,Balanced,False
SUV_/_4x4_|_Mud_Terrain_(M/T)_Community_02,2025-09-01,10063734.99,39,1.0,0.5641025641025641,0.02564102564102564,Watchlist,Balanced,False
SUV_/_4x4_|_Mud_Terrain_(M/T)_Community_02,2025-10-01,11134820.93,39,1.0,0.5897435897435898,0.0,Watchlist,Balanced,False
SUV_/_4x4_|_Mud_Terrain_(M/T)_Community_02,2025-11-01,15192620.75,39,1.0,0.5897435897435898,0.0,Watchlist,Balanced,False
SUV_/_4x4_|_Mud_Terrain_(M/T)_Community_02,2025-12-01,12529761.790000001,39,1.0,0.5897435897435898,0.0,Watchlist,Balanced,False
Agrícola_|_Premium_Radial_Community_01,2020-03-01,4825037.98,18,0.9999999999999998,0.6111111111111112,0.0,Watchlist,Balanced,False
Agrícola_|_Premium_Radial_Community_02,2023-09-01,10747994.450000001,33,0.9999999999999998,0.5757575757575758,0.06060606060606061,Watchlist,Balanced,False
Agrícola_|_Tractor_Community_01,2023-04-01,18852419.240000002,40,0.9999999999999998,0.575,0.05,Watchlist,Balanced,False
Camión_|_Long_Haul_Community_04,2025-09-01,10269291.120000001,31,0.9999999999999998,0.6451612903225806,0.0,Watchlist,Balanced,False
Camión_|_Obras_/_Mixto_Community_02,2021-02-01,10316417.540000001,31,0.9999999999999998,0.6451612903225806,0.0,Watchlist,Balanced,False
Coche_|_Eco_Community_02,2022-11-01,8488160.790000001,39,0.9999999999999998,0.5897435897435898,0.0,Watchlist,Balanced,False
Coche_|_Eco_Community_02,2025-12-01,8515607.120000001,39,0.9999999999999998,0.5641025641025641,0.02564102564102564,Watchlist,Balanced,False
Coche_|_Performance_Community_01,2021-09-01,9223898.620000001,36,0.9999999999999998,0.5833333333333334,0.05555555555555555,Watchlist,Balanced,False
Coche_|_Performance_Community_02,2021-08-01,2458923.7800000003,8,0.9999999999999998,0.625,0.0,Watchlist,Balanced,False
Coche_|_Performance_Community_02,2022-02-01,2318143.24,8,0.9999999999999998,0.625,0.0,Watchlist,Balanced,False
Coche_|_Touring_Community_02,2020-04-01,524507.3300000001,5,0.9999999999999998,0.6,0.0,Watchlist,Balanced,False
Coche_|_Touring_Community_03,2025-09-01,4767634.5600000005,34,0.9999999999999998,0.6176470588235294,0.058823529411764705,Watchlist,Balanced,False
Furgoneta_|_Reforzado_Community_03,2021-06-01,4937552.100000001,26,0.9999999999999998,0.6153846153846154,0.0,Watchlist,Balanced,False
Industrial_|_Construcción_Pesada_Community_02,2022-03-01,4461998.0200000005,19,0.9999999999999998,0.5263157894736842,0.05263157894736842,Watchlist,Balanced,False
Industrial_|_Construcción_Pesada_Community_02,2024-02-01,4540692.390000001,19,0.9999999999999998,0.5263157894736842,0.05263157894736842,Watchlist,Balanced,False
Industrial_|_Manipulación_Ligera_Community_01,2023-11-01,8716106.540000001,32,0.9999999999999998,0.53125,0.0625,Watchlist,Balanced,False
Industrial_|_Manipulación_Ligera_Community_02,2025-09-01,4504876.390000001,16,0.9999999999999998,0.625,0.0625,Watchlist,Balanced,False
Industrial_|_Manipulación_Ligera_Community_03,2021-10-01,10517005.120000001,31,0.9999999999999998,0.5483870967741935,0.06451612903225806,Watchlist,Balanced,False
Industrial_|_Manipulación_Ligera_Community_03,2024-03-01,10023368.620000001,31,0.9999999999999998,0.5806451612903226,0.06451612903225806,Watchlist,Balanced,False
SUV_/_4x4_|_Highway_Terrain_(H/T)_Community_02,2020-05-01,10097991.370000001,41,0.9999999999999998,0.5609756097560976,0.07317073170731707,Watchlist,Balanced,False
SUV_/_4x4_|_Highway_Terrain_(H/T)_Community_02,2022-11-01,9540580.620000001,41,0.9999999999999998,0.5609756097560976,0.07317073170731707,Watchlist,Balanced,False
SUV_/_4x4_|_Highway_Terrain_(H/T)_Community_02,2024-11-01,9468832.21,41,0.9999999999999998,0.5609756097560976,0.07317073170731707,Watchlist,Balanced,False
SUV_/_4x4_|_Mud_Terrain_(M/T)_Community_01,2021-07-01,9905043.620000001,41,0.9999999999999998,0.6097560975609756,0.0,Watchlist,Balanced,False
Camión_|_Regional_Community_03,2020-07-01,8667503.950000001,25,0.9999999999999997,0.6,0.04,Watchlist,Balanced,False
Camión_|_Regional_Community_03,2022-10-01,10078618.620000001,25,0.9999999999999997,0.56,0.04,Watchlist,Balanced,False
SUV_/_4x4_|_All_Terrain_(A/T)_Community_03,2023-01-01,9129982.780000001,24,0.9999999999999997,0.5416666666666666,0.08333333333333333,Watchlist,Balanced,False
SUV_/_4x4_|_All_Terrain_(A/T)_Community_03,2024-08-01,5038185.3100000005,24,0.9999999999999997,0.5833333333333334,0.041666666666666664,Watchlist,Balanced,False
