sku,price_family,community,role_b2b,elasticity_final,elasticity_operative,elasticity_source,price_mean,cost_mean,q_mean,q_total,revenue_total,guardrail_pct,p_min_guardrail,p_max_guardrail
BFGoodrich_Agrícola_Implementos_0021,Agrícola | Implementos,Agrícola_|_Implementos_Community_02,Competitive Fighter,-1.1963516601124633,-1.1836012557010578,blended_GAM_adjusted,638.8586356223176,176.40355193133047,135.50296137339055,31572.19,19327690.55,0.1,574.9727720600858,702.7444991845495
BFGoodrich_Agrícola_Implementos_0069,Agrícola | Implementos,Agrícola_|_Implementos_Community_01,Traffic Driver,-1.0790210986780011,-1.0503127043502312,blended_GAM_adjusted,607.0287116465864,169.6429309236948,89.78309236947791,22355.99,12929309.28,0.08,558.4664147148595,655.5910085783133
BFGoodrich_Agrícola_Implementos_0072,Agrícola | Implementos,Agrícola_|_Implementos_Community_01,Traffic Driver,-1.1063710134486573,-1.0782096174163005,blended_GAM_adjusted,651.7064727272727,160.90420371900828,84.78053719008264,20516.89,12777239.78,0.08,599.5699549090909,703.8429905454547
BFGoodrich_Agrícola_Premium Radial_0047,Agrícola | Premium Radial,Agrícola_|_Premium_Radial_Community_03,Premium Leader,-0.7785392138564653,-0.7785392138564653,sku_hierarchical,1839.8503626556017,550.5918518672199,35.18547717842324,8479.7,15071101.05,0.15,1563.8728082572613,2115.8279170539417
BFGoodrich_Agrícola_Premium Radial_0065,Agrícola | Premium Radial,Agrícola_|_Premium_Radial_Community_02,KVI,-0.7038657221843071,-0.7038657221843071,sku_hierarchical,1687.9942836283185,627.1362181415928,28.874469026548677,6525.63,10704141.71,0.05,1603.5945694469026,1772.3939978097344
BFGoodrich_Agrícola_Tractor_0069,Agrícola | Tractor,Agrícola_|_Tractor_Community_02,Traffic Driver,-0.8781978144601869,-0.9381827733467888,blended_GAM_adjusted,1196.0925222689075,322.9820214285714,98.2414705882353,23381.47,26914893.19,0.08,1100.405120487395,1291.7799240504203
BFGoodrich_Camión_Long Haul_0026,Camión | Long Haul,Camión_|_Long_Haul_Community_03,Premium Leader,-0.9693470331461548,-0.9693470331461548,sku_hierarchical,613.7322366141732,199.6873535433071,167.54767716535434,42557.11,25170712.51,0.15,521.6724011220472,705.7920721062991
BFGoodrich_Camión_Long Haul_0037,Camión | Long Haul,Camión_|_Long_Haul_Community_01,Premium Leader,-0.9847612499168108,-1.0056505917557177,blended_GAM_adjusted,633.0507987551867,171.08437261410788,118.3588796680498,28524.49,17318034.68,0.15,538.0931789419087,728.0084185684647
BFGoodrich_Camión_Long Haul_0059,Camión | Long Haul,Camión_|_Long_Haul_Community_03,Traffic Driver,-0.8279587157652821,-0.8279587157652821,sku_hierarchical,661.4428667999999,162.1791992,95.45036,23862.59,15387926.51,0.08,608.5274374559999,714.358296144
BFGoodrich_Camión_Long Haul_0068,Camión | Long Haul,Camión_|_Long_Haul_Community_03,Competitive Fighter,-0.951446985994616,-0.951446985994616,sku_hierarchical,704.1031675105485,211.28973839662447,130.11367088607594,30836.94,21023685.1,0.1,633.6928507594937,774.5134842616034
BFGoodrich_Camión_Long Haul_0076,Camión | Long Haul,Camión_|_Long_Haul_Community_03,Premium Leader,-0.9651149377905792,-0.9651149377905792,sku_hierarchical,657.7198905172413,176.3205245689655,107.90728448275864,25034.49,15940654.22,0.15,559.061906939655,756.3778740948275
BFGoodrich_Camión_Obras / Mixto_0009,Camión | Obras / Mixto,Camión_|_Obras_/_Mixto_Community_01,Premium Leader,-0.8692585657497821,-0.8692585657497821,sku_hierarchical,812.3371129554655,233.49838340080973,36.26125506072875,8956.53,7081640.41,0.15,690.4865460121457,934.1876798987853
BFGoodrich_Camión_Obras / Mixto_0010,Camión | Obras / Mixto,Camión_|_Obras_/_Mixto_Community_02,Premium Leader,-0.8716020586695368,-0.8716020586695368,sku_hierarchical,711.281372016461,223.01397654320988,204.72312757201647,49747.72,34579314.3,0.15,604.5891662139918,817.97357781893
BFGoodrich_Camión_Obras / Mixto_0011,Camión | Obras / Mixto,Camión_|_Obras_/_Mixto_Community_02,Competitive Fighter,-0.8183814816296097,-0.8183814816296097,sku_hierarchical,758.1666556521739,218.28199130434783,181.8107826086957,41816.48,30693339.81,0.1,682.3499900869565,833.9833212173913
BFGoodrich_Camión_Obras / Mixto_0031,Camión | Obras / Mixto,Camión_|_Obras_/_Mixto_Community_01,Competitive Fighter,-0.8290820921200605,-0.8290820921200605,sku_hierarchical,792.580465665236,237.94760472103,162.8588841201717,37946.12,29107105.3,0.1,713.3224190987124,871.8385122317598
BFGoodrich_Camión_Obras / Mixto_0049,Camión | Obras / Mixto,Camión_|_Obras_/_Mixto_Community_03,Competitive Fighter,-0.8189965658634867,-0.8189965658634867,sku_hierarchical,760.331250612245,206.15825020408164,101.14836734693876,24781.35,18311586.27,0.1,684.2981255510205,836.3643756734696
BFGoodrich_Camión_Regional_0032,Camión | Regional,Camión_|_Regional_Community_01,Traffic Driver,-0.9967969853753886,-0.9967969853753886,sku_hierarchical,656.5033307377049,169.30871639344264,89.9900819672131,21957.58,14048280.08,0.08,603.9830642786885,709.0235971967213
BFGoodrich_Camión_Regional_0039,Camión | Regional,Camión_|_Regional_Community_03,Premium Leader,-1.1406711802822909,-1.0930332672254517,blended_GAM_adjusted,590.1170099567099,210.84746147186144,123.42316017316016,28510.75,15939028.62,0.15,501.5994584632034,678.6345614502163
BFGoodrich_Coche_Budget_0001,Coche | Budget,Coche_|_Budget_Community_02,Premium Leader,-2.6544582509911003,-2.6067336910649934,blended_GAM_adjusted,89.53880041666666,31.317667916666668,523.4148333333334,125619.56,10067683.33,0.15,76.10798035416666,102.96962047916665
BFGoodrich_Coche_Budget_0018,Coche | Budget,Coche_|_Budget_Community_01,Traffic Driver,-2.443713301766855,-2.636385626498462,blended_GAM_adjusted,101.97916541666667,26.877705833333334,206.93729166666665,49664.95,4670983.15,0.08,93.82083218333335,110.13749865000001
BFGoodrich_Coche_Budget_0029,Coche | Budget,Coche_|_Budget_Community_03,Traffic Driver,-2.410055853258491,-2.502325794101425,blended_GAM_adjusted,105.26420769230768,31.193850607287448,80.75518218623482,19946.53,1931882.12,0.08,96.84307107692307,113.6853443076923
BFGoodrich_Coche_Budget_0045,Coche | Budget,Coche_|_Budget_Community_02,Competitive Fighter,-2.538762982707722,-2.488724517415948,blended_GAM_adjusted,100.7311869747899,29.018876470588232,146.5829831932773,34886.75,3268634.24,0.1,90.65806827731092,110.80430567226891
BFGoodrich_Coche_Eco_0027,Coche | Eco,Coche_|_Eco_Community_01,Competitive Fighter,-1.422321958120484,-1.3663461458894353,blended_GAM_adjusted,190.27055896414345,56.24103266932271,182.6535059760956,45846.03,8289347.15,0.1,171.2435030677291,209.29761486055781
BFGoodrich_Coche_Eco_0029,Coche | Eco,Coche_|_Eco_Community_02,Competitive Fighter,-1.457200086519732,-1.4314650216451057,blended_GAM_adjusted,186.87330522088357,55.37570602409639,161.39397590361446,40187.1,7156902.96,0.1,168.1859746987952,205.56063574297193
BFGoodrich_Coche_Eco_0035,Coche | Eco,Coche_|_Eco_Community_01,Premium Leader,-1.5040379071076146,-1.4496964138563089,blended_GAM_adjusted,182.1818088105727,53.5226013215859,253.10493392070484,57454.82,9900019.65,0.15,154.8545374889868,209.5090801321586
BFGoodrich_Coche_Eco_0063,Coche | Eco,Coche_|_Eco_Community_02,Traffic Driver,-1.3450002743500755,-1.317021213232057,blended_GAM_adjusted,194.5527366533865,42.43276414342629,152.61557768924305,38306.51,7114043.11,0.08,178.98851772111558,210.11695558565742
BFGoodrich_Coche_Eco_0069,Coche | Eco,Coche_|_Eco_Community_01,KVI,-1.4164242563030085,-1.36033049003561,blended_GAM_adjusted,178.04003415637862,61.87098065843622,238.38687242798355,57928.01,9834093.48,0.05,169.1380324485597,186.94203586419755
BFGoodrich_Coche_Eco_0071,Coche | Eco,Coche_|_Eco_Community_01,KVI,-1.420293918990874,-1.3642775459772332,blended_GAM_adjusted,192.9306421686747,58.61345261044177,234.45738955823293,58379.89,10719652.66,0.05,183.28411006024095,202.57717427710844
BFGoodrich_Coche_Performance_0001,Coche | Performance,Coche_|_Performance_Community_01,Traffic Driver,-0.9592290533677988,-0.9592290533677988,sku_hierarchical,349.05039392523366,104.70991355140188,111.70556074766355,23904.99,8104448.5,0.08,321.126362411215,376.9744254392524
BFGoodrich_Coche_Performance_0022,Coche | Performance,Coche_|_Performance_Community_02,Traffic Driver,-0.9772882376053074,-0.982926624237352,blended_GAM_adjusted,354.8352313492064,104.16994603174604,191.25924603174604,48197.33,16338246.65,0.08,326.44841284126994,383.22204985714296
BFGoodrich_Coche_Performance_0037,Coche | Performance,Coche_|_Performance_Community_02,Competitive Fighter,-1.0612027616955373,-1.0685194388093866,blended_GAM_adjusted,397.2906965217391,113.9988804347826,78.29234782608697,18007.24,6887083.56,0.1,357.5616268695652,437.01976617391307
BFGoodrich_Coche_Performance_0041,Coche | Performance,Coche_|_Performance_Community_01,Premium Leader,-1.1529175159068783,-1.1529175159068783,sku_hierarchical,327.8223813278008,99.60572821576764,207.4432780082988,49993.83,15675126.1,0.15,278.6490241286307,376.9957385269709
BFGoodrich_Coche_Touring_0028,Coche | Touring,Coche_|_Touring_Community_01,Premium Leader,-1.831539826280861,-1.895590637525309,blended_GAM_adjusted,150.48050205761317,52.7258037037037,212.5156790123457,51641.31,7267132.15,0.15,127.90842674897118,173.05257736625512
BFGoodrich_Coche_Touring_0065,Coche | Touring,Coche_|_Touring_Community_02,Competitive Fighter,-1.7771907278996626,-1.80946425288901,blended_GAM_adjusted,156.96351686746988,43.19008955823293,177.1009638554217,44098.14,6492378.03,0.1,141.26716518072288,172.65986855421687
BFGoodrich_Coche_Touring_0067,Coche | Touring,Coche_|_Touring_Community_01,Competitive Fighter,-1.7824643116304622,-1.8455336125819024,blended_GAM_adjusted,166.69492226720646,39.39915182186235,172.36412955465588,42573.94,6683116.61,0.1,150.02543004048582,183.36441449392711
BFGoodrich_Coche_Touring_0068,Coche | Touring,Coche_|_Touring_Community_01,KVI,-1.7302906297517568,-1.7923164570656227,blended_GAM_adjusted,164.90328606557378,45.66856967213114,212.62983606557376,51881.68,8014691.49,0.05,156.65812176229508,173.14845036885248
BFGoodrich_Coche_Touring_0079,Coche | Touring,Coche_|_Touring_Community_01,Traffic Driver,-1.6922573645932804,-1.753522526603977,blended_GAM_adjusted,168.83911891891893,46.31213745173745,133.7599227799228,34643.82,5569156.33,0.08,155.3319894054054,182.34624843243245
BFGoodrich_Furgoneta_Reforzado_0008,Furgoneta | Reforzado,Furgoneta_|_Reforzado_Community_02,Premium Leader,-1.086195112253599,-1.124047989061447,blended_GAM_adjusted,258.3404326446281,76.39340867768595,227.72314049586777,55109.0,13732674.49,0.15,219.58936774793386,297.09149754132227
BFGoodrich_Furgoneta_Reforzado_0034,Furgoneta | Reforzado,Furgoneta_|_Reforzado_Community_01,Premium Leader,-1.0987811608326548,-1.1200983868768395,blended_GAM_adjusted,222.0445935742972,61.25190843373494,127.47136546184738,31740.37,6814725.83,0.15,188.73790453815263,255.35128261044179
BFGoodrich_Furgoneta_Reforzado_0076,Furgoneta | Reforzado,Furgoneta_|_Reforzado_Community_01,Competitive Fighter,-1.058883378707561,-1.0794026491092443,blended_GAM_adjusted,231.41212139917693,78.51230781893004,123.28197530864198,29957.52,6681493.45,0.1,208.27090925925924,254.55333353909464
BFGoodrich_Furgoneta_Standard_0038,Furgoneta | Standard,Furgoneta_|_Standard_Community_02,Competitive Fighter,-1.357127479232766,-1.2966251316266957,blended_GAM_adjusted,150.0636622881356,54.317107203389824,190.62940677966105,44988.54,6464368.34,0.1,135.05729605932203,165.07002851694915
BFGoodrich_Furgoneta_Standard_0058,Furgoneta | Standard,Furgoneta_|_Standard_Community_01,KVI,-1.3427656350817625,-1.3425774378080746,blended_GAM_adjusted,190.85300560344825,58.83536293103448,235.69030172413792,54680.15,9890044.59,0.05,181.31035532327584,200.39565588362066
BFGoodrich_Industrial_Construcción Pesada_0013,Industrial | Construcción Pesada,Industrial_|_Construcción_Pesada_Community_01,Premium Leader,-0.9373542809251348,-0.9620060078062002,blended_GAM_adjusted,1716.9782749003984,674.6486896414343,29.09812749003984,7303.63,12118962.24,0.15,1459.4315336653387,1974.5250161354581
BFGoodrich_Industrial_Construcción Pesada_0020,Industrial | Construcción Pesada,Industrial_|_Construcción_Pesada_Community_01,Premium Leader,-0.912498566534152,-0.936653179127398,blended_GAM_adjusted,2109.461080334728,694.6468410041841,39.113765690376574,9348.19,19014889.26,0.15,1793.041918284519,2425.8802423849374
BFGoodrich_Industrial_Construcción Pesada_0025,Industrial | Construcción Pesada,Industrial_|_Construcción_Pesada_Community_03,Competitive Fighter,-0.8727321230964442,-0.8727321230964442,sku_hierarchical,1787.8496810699587,602.4436403292182,20.515390946502052,4985.24,8660925.84,0.1,1609.0647129629629,1966.6346491769548
BFGoodrich_Industrial_Construcción Pesada_0037,Industrial | Construcción Pesada,Industrial_|_Construcción_Pesada_Community_02,Competitive Fighter,-0.8758373363738522,-0.9352333326214932,blended_GAM_adjusted,1849.062457964602,591.3953469026549,45.50579646017699,10284.31,18356795.58,0.1,1664.1562121681418,2033.9687037610622
BFGoodrich_Industrial_Construcción Pesada_0056,Industrial | Construcción Pesada,Industrial_|_Construcción_Pesada_Community_01,Competitive Fighter,-0.8839409257905465,-0.9075243855689202,blended_GAM_adjusted,1515.0601485106383,620.5428476595745,57.28195744680851,13461.26,19648652.3,0.1,1363.5541336595745,1666.5661633617024
BFGoodrich_Industrial_Construcción Pesada_0067,Industrial | Construcción Pesada,Industrial_|_Construcción_Pesada_Community_02,Premium Leader,-0.9079756007155172,-0.9680143622499916,blended_GAM_adjusted,1719.550274590164,514.1635782786885,27.27327868852459,6654.68,10982926.09,0.15,1461.6177334016393,1977.4828157786885
BFGoodrich_Industrial_Manipulación Ligera_0000,Industrial | Manipulación Ligera,Industrial_|_Manipulación_Ligera_Community_02,Competitive Fighter,-1.2765382144779178,-1.2867869387813793,blended_GAM_adjusted,290.0893731707317,70.8854756097561,126.24109756097562,31055.31,8524495.55,0.1,261.0804358536585,319.0983104878049
BFGoodrich_Industrial_Portuario/Especial_0003,Industrial | Portuario/Especial,Industrial_|_Portuario/Especial_Community_02,Premium Leader,-0.762354506947466,-0.762354506947466,sku_hierarchical,4882.1202523255815,2864.9074445736437,1.385891472868217,357.56,1692693.41,0.15,4149.802214476744,5614.438290174418
BFGoodrich_Industrial_Portuario/Especial_0013,Industrial | Portuario/Especial,Industrial_|_Portuario/Especial_Community_02,Competitive Fighter,-0.6772360737372825,-0.6772360737372825,sku_hierarchical,4504.445868145161,2846.488221774194,1.7965725806451611,445.55,1964328.58,0.1,4054.001281330645,4954.890454959677
BFGoodrich_Industrial_Portuario/Especial_0028,Industrial | Portuario/Especial,Industrial_|_Portuario/Especial_Community_02,KVI,-0.6611909235319607,-0.6611909235319607,sku_hierarchical,5281.798731914894,2433.4434531914894,0.3756595744680851,88.28,455868.04,0.05,5017.708795319149,5545.888668510639
BFGoodrich_Industrial_Portuario/Especial_0031,Industrial | Portuario/Especial,Industrial_|_Portuario/Especial_Community_02,Traffic Driver,-0.6462837114984156,-0.6462837114984156,sku_hierarchical,5241.183916949153,2751.5029779661018,1.3525,319.19,1635703.57,0.08,4821.889203593221,5660.478630305086
BFGoodrich_SUV / 4x4_All Terrain (A/T)_0011,SUV / 4x4 | All Terrain (A/T),SUV_/_4x4_|_All_Terrain_(A/T)_Community_01,Premium Leader,-1.3540592770114417,-1.3235916501632474,blended_GAM_adjusted,334.496276446281,95.86519958677688,174.6205785123967,42258.18,13334031.54,0.15,284.32183497933886,384.67071791322314
BFGoodrich_SUV / 4x4_All Terrain (A/T)_0033,SUV / 4x4 | All Terrain (A/T),SUV_/_4x4_|_All_Terrain_(A/T)_Community_03,Competitive Fighter,-1.2557725446991357,-1.2311178150499051,blended_GAM_adjusted,336.86552196078435,91.56674823529411,138.0121568627451,35193.1,11162848.32,0.1,303.1789697647059,370.55207415686283
BFGoodrich_SUV / 4x4_All Terrain (A/T)_0061,SUV / 4x4 | All Terrain (A/T),SUV_/_4x4_|_All_Terrain_(A/T)_Community_03,Traffic Driver,-1.1771102591698888,-1.1508822838100732,blended_GAM_adjusted,360.0009424778761,108.03250884955752,121.46269911504424,27450.57,9501518.79,0.08,331.200867079646,388.8010178761062
BFGoodrich_SUV / 4x4_All Terrain (A/T)_0071,SUV / 4x4 | All Terrain (A/T),SUV_/_4x4_|_All_Terrain_(A/T)_Community_02,Competitive Fighter,-1.2586144830223698,-1.2189722699123946,blended_GAM_adjusted,388.02031311475406,104.5636987704918,159.75016393442624,38979.04,14474083.69,0.1,349.21828180327867,426.8223444262295
BFGoodrich_SUV / 4x4_Mud Terrain (M/T)_0028,SUV / 4x4 | Mud Terrain (M/T),SUV_/_4x4_|_Mud_Terrain_(M/T)_Community_01,Competitive Fighter,-0.969030585059654,-0.9416286670230948,blended_GAM_adjusted,431.91654579831936,131.5916718487395,266.80470588235295,63499.52,26273214.99,0.1,388.7248912184874,475.1082003781513
BFGoodrich_SUV / 4x4_Mud Terrain (M/T)_0030,SUV / 4x4 | Mud Terrain (M/T),SUV_/_4x4_|_Mud_Terrain_(M/T)_Community_01,Premium Leader,-1.0520752796191244,-1.026334255473755,blended_GAM_adjusted,419.2891109243697,127.13038949579833,115.96991596638657,27600.84,11103231.47,0.15,356.3957442857142,482.18247756302515
BFGoodrich_SUV / 4x4_Mud Terrain (M/T)_0053,SUV / 4x4 | Mud Terrain (M/T),SUV_/_4x4_|_Mud_Terrain_(M/T)_Community_01,Premium Leader,-1.0053356413456285,-0.9786598244347888,blended_GAM_adjusted,474.3223995918367,130.88130816326532,149.30122448979594,36578.8,16574731.33,0.15,403.1740396530612,545.4707595306122
BFGoodrich_SUV / 4x4_Mud Terrain (M/T)_0054,SUV / 4x4 | Mud Terrain (M/T),SUV_/_4x4_|_Mud_Terrain_(M/T)_Community_02,Premium Leader,-0.9910218297075633,-0.9910218297075633,sku_hierarchical,479.6986842975207,105.94440330578512,73.12640495867768,17696.59,8253384.07,0.15,407.7438816528926,551.6534869421488
Bridgestone_Agrícola_Implementos_0076,Agrícola | Implementos,Agrícola_|_Implementos_Community_02,Premium Leader,-1.2238788223371295,-1.2116789611702177,blended_GAM_adjusted,668.9421771084337,210.3967493975904,198.7101204819277,49478.82,31783928.28,0.15,568.6008505421687,769.2835036746987
Bridgestone_Agrícola_Premium Radial_0003,Agrícola | Premium Radial,Agrícola_|_Premium_Radial_Community_02,Competitive Fighter,-0.7530069733599721,-0.7530069733599721,sku_hierarchical,1743.4990624489794,627.9971110204082,39.50375510204081,9678.42,16424891.99,0.1,1569.1491562040815,1917.8489686938776
Bridgestone_Agrícola_Premium Radial_0018,Agrícola | Premium Radial,Agrícola_|_Premium_Radial_Community_01,Competitive Fighter,-0.7307076906063937,-0.7307076906063937,sku_hierarchical,2011.9042668067227,630.5155617647059,42.27529411764706,10061.52,19711825.55,0.1,1810.7138401260504,2213.094693487395
Bridgestone_Agrícola_Premium Radial_0026,Agrícola | Premium Radial,Agrícola_|_Premium_Radial_Community_03,KVI,-0.722083814554858,-0.722083814554858,sku_hierarchical,1819.0546736842105,604.1187307017544,40.870877192982455,9318.56,16541947.43,0.05,1728.1019399999998,1910.0074073684211
Bridgestone_Agrícola_Premium Radial_0051,Agrícola | Premium Radial,Agrícola_|_Premium_Radial_Community_02,Competitive Fighter,-0.7214109533220354,-0.7214109533220354,sku_hierarchical,1714.0123512195123,618.6226849593495,23.43130081300813,5764.1,9587202.91,0.1,1542.611116097561,1885.4135863414638
Bridgestone_Agrícola_Premium Radial_0075,Agrícola | Premium Radial,Agrícola_|_Premium_Radial_Community_02,Premium Leader,-0.7738984202369081,-0.7738984202369081,sku_hierarchical,1560.375425925926,624.8127320987654,63.211028806584366,15360.28,23139294.54,0.15,1326.319112037037,1794.4317398148148
Bridgestone_Agrícola_Tractor_0004,Agrícola | Tractor,Agrícola_|_Tractor_Community_01,Premium Leader,-0.9696645721354108,-0.9696645721354108,sku_hierarchical,1034.2762683982685,375.9372601731602,111.0647619047619,25655.96,25575950.3,0.15,879.1348281385282,1189.4177086580087
Bridgestone_Agrícola_Tractor_0010,Agrícola | Tractor,Agrícola_|_Tractor_Community_02,Premium Leader,-0.964034285459654,-1.0257359737662453,blended_GAM_adjusted,1138.9432277310923,299.65146848739494,100.7473949579832,23977.88,26491690.91,0.15,968.1017435714284,1309.784711890756
Bridgestone_Agrícola_Tractor_0027,Agrícola | Tractor,Agrícola_|_Tractor_Community_02,Traffic Driver,-0.8892735116237926,-0.9494799844536668,blended_GAM_adjusted,1164.3554040983609,320.2243913934426,78.80040983606557,19227.3,21691512.39,0.08,1071.206971770492,1257.5038364262298
Bridgestone_Agrícola_Tractor_0056,Agrícola | Tractor,Agrícola_|_Tractor_Community_02,Traffic Driver,-0.8494974374078362,-0.9089083887533912,blended_GAM_adjusted,1173.9240161702128,366.8538582978724,76.79880851063831,18047.72,20684898.62,0.08,1080.0100948765958,1267.8379374638298
Bridgestone_Camión_Long Haul_0079,Camión | Long Haul,Camión_|_Long_Haul_Community_01,Premium Leader,-1.0140269631221863,-1.0355016192252005,blended_GAM_adjusted,663.0370161702128,208.57044382978725,125.32302127659574,29450.91,18986322.56,0.15,563.581463744681,762.4925685957447
Bridgestone_Camión_Obras / Mixto_0026,Camión | Obras / Mixto,Camión_|_Obras_/_Mixto_Community_02,Premium Leader,-0.8599379075880933,-0.8599379075880933,sku_hierarchical,733.7912583333333,231.9930214912281,98.49811403508772,22457.57,15948771.95,0.15,623.7225695833333,843.8599470833333
Bridgestone_Camión_Obras / Mixto_0039,Camión | Obras / Mixto,Camión_|_Obras_/_Mixto_Community_03,Competitive Fighter,-0.823437818028185,-0.823437818028185,sku_hierarchical,753.239518852459,261.64817459016393,131.0211475409836,31969.16,23425231.51,0.1,677.9155669672132,828.563470737705
Bridgestone_Camión_Regional_0004,Camión | Regional,Camión_|_Regional_Community_03,Competitive Fighter,-1.0604093979766869,-1.0111662492737357,blended_GAM_adjusted,619.3763370212765,194.52158680851065,76.16272340425533,17898.24,10696228.54,0.1,557.4387033191489,681.3139707234043
Bridgestone_Camión_Regional_0033,Camión | Regional,Camión_|_Regional_Community_02,Premium Leader,-1.095001895523371,-1.1115694874816324,blended_GAM_adjusted,579.5524984126984,186.258928968254,188.1106746031746,47403.89,26261218.15,0.15,492.6196236507936,666.4853731746031
Bridgestone_Camión_Regional_0060,Camión | Regional,Camión_|_Regional_Community_03,Premium Leader,-1.132056639997297,-1.0842464361347584,blended_GAM_adjusted,589.9417519148935,151.72096340425531,75.59944680851063,17765.87,9982712.91,0.15,501.45048912765947,678.4330147021275
Bridgestone_Coche_Budget_0011,Coche | Budget,Coche_|_Budget_Community_03,KVI,-2.4640494305287004,-2.5573992429170387,blended_GAM_adjusted,97.914031300813,24.687717886178863,136.85983739837397,33667.52,3040321.07,0.05,93.01832973577234,102.80973286585365
Bridgestone_Coche_Budget_0036,Coche | Budget,Coche_|_Budget_Community_03,Traffic Driver,-2.401466218785178,-2.493564366938646,blended_GAM_adjusted,99.97562371541504,32.86619051383399,232.4514229249012,58810.21,5487757.39,0.08,91.97757381818184,107.97367361264826
Bridgestone_Coche_Budget_0063,Coche | Budget,Coche_|_Budget_Community_03,Traffic Driver,-2.4320687131110974,-2.5247789111510834,blended_GAM_adjusted,102.55344032258064,30.399016532258067,243.08125,60284.15,5825591.2,0.08,94.3491650967742,110.7577155483871
Bridgestone_Coche_Performance_0002,Coche | Performance,Coche_|_Performance_Community_02,Premium Leader,-1.1610646860911034,-1.170378601692864,blended_GAM_adjusted,371.6211418032787,114.33989426229508,243.1025819672131,59317.03,20992223.48,0.15,315.8779705327869,427.36431307377046
Bridgestone_Coche_Performance_0010,Coche | Performance,Coche_|_Performance_Community_02,Competitive Fighter,-1.050166673586854,-1.0572626289385298,blended_GAM_adjusted,397.3360246808511,111.33919659574468,57.4468085106383,13500.0,5140747.31,0.1,357.602422212766,437.06962714893626
Bridgestone_Coche_Performance_0023,Coche | Performance,Coche_|_Performance_Community_02,Competitive Fighter,-1.05307746287527,-1.060231634012714,blended_GAM_adjusted,302.2626174107143,106.10510089285717,295.3984821428571,66169.26,19045372.34,0.1,272.0363556696429,332.4888791517858
Bridgestone_Coche_Performance_0068,Coche | Performance,Coche_|_Performance_Community_02,Premium Leader,-1.104346790285649,-1.1125263479713008,blended_GAM_adjusted,369.2826886075949,106.19737299578058,95.68143459915612,22676.5,8033884.33,0.15,313.8902853164556,424.6750918987341
Bridgestone_Coche_Touring_0002,Coche | Touring,Coche_|_Touring_Community_01,Premium Leader,-1.818522418653612,-1.882312881745515,blended_GAM_adjusted,167.0614243697479,41.97006260504202,339.67256302521014,80842.07,12557263.14,0.15,142.0022107142857,192.12063802521007
Bridgestone_Coche_Touring_0007,Coche | Touring,Coche_|_Touring_Community_01,Traffic Driver,-1.7263737457657042,-1.7883212353998492,blended_GAM_adjusted,164.33656875,53.05127708333334,189.15225,45396.54,7105095.0,0.08,151.18964325000002,177.48349425
Bridgestone_Coche_Touring_0045,Coche | Touring,Coche_|_Touring_Community_02,Competitive Fighter,-1.7774582702497763,-1.8097371460861265,blended_GAM_adjusted,164.80310083333333,46.470018333333336,384.518125,92284.35,14089767.04,0.1,148.32279075,181.28341091666667
Bridgestone_Coche_Touring_0048,Coche | Touring,Coche_|_Touring_Community_02,Competitive Fighter,-1.767342898101818,-1.7994194664952083,blended_GAM_adjusted,155.6282898305085,46.914482627118645,274.9753813559322,64894.19,9432228.66,0.1,140.06546084745764,171.19111881355934
Bridgestone_Coche_Touring_0059,Coche | Touring,Coche_|_Touring_Community_01,Premium Leader,-1.8086118349901887,-1.8722040864088236,blended_GAM_adjusted,140.34848099173553,51.03872933884297,331.57438016528926,80241.0,10699540.73,0.15,119.29620884297519,161.40075314049585
Bridgestone_Coche_Touring_0075,Coche | Touring,Coche_|_Touring_Community_02,Premium Leader,-1.824410302992859,-1.85762821948407,blended_GAM_adjusted,152.82731923076923,52.21362564102565,291.2642307692308,68155.83,9447524.71,0.15,129.90322134615386,175.7514171153846
Bridgestone_Furgoneta_Reforzado_0005,Furgoneta | Reforzado,Furgoneta_|_Reforzado_Community_01,KVI,-1.0499975719178316,-1.0703391261837203,blended_GAM_adjusted,230.15149087136928,81.50968215767635,270.3587966804979,65156.47,14546656.35,0.05,218.6439163278008,241.65906541493774
Bridgestone_Furgoneta_Reforzado_0073,Furgoneta | Reforzado,Furgoneta_|_Reforzado_Community_01,Premium Leader,-1.1521165746741788,-1.1745005089951943,blended_GAM_adjusted,264.1202676470588,65.1261,217.35529411764705,51730.56,13113017.16,0.15,224.5022275,303.73830779411765
Bridgestone_Furgoneta_Standard_0009,Furgoneta | Standard,Furgoneta_|_Standard_Community_01,Premium Leader,-1.4267288694914126,-1.428219936905918,blended_GAM_adjusted,195.9591738589212,50.58371493775934,197.00908713692948,47479.19,8732189.21,0.15,166.565297780083,225.35304993775935
Bridgestone_Furgoneta_Standard_0012,Furgoneta | Standard,Furgoneta_|_Standard_Community_01,Traffic Driver,-1.303130421199208,-1.302149519647869,blended_GAM_adjusted,172.82092016460905,58.92634362139918,158.07020576131686,38411.06,6348883.06,0.08,158.99524655144035,186.64659377777778
Bridgestone_Furgoneta_Standard_0013,Furgoneta | Standard,Furgoneta_|_Standard_Community_01,Competitive Fighter,-1.3806466920387224,-1.3812161159041738,blended_GAM_adjusted,178.95540948616602,51.4049209486166,334.3530039525692,84591.31,14364740.58,0.1,161.05986853754942,196.85095043478265
Bridgestone_Furgoneta_Standard_0019,Furgoneta | Standard,Furgoneta_|_Standard_Community_01,Competitive Fighter,-1.3698160002015285,-1.3701688102302356,blended_GAM_adjusted,169.36736209677417,46.6392560483871,112.70568548387097,27951.01,4507175.25,0.1,152.43062588709677,186.3040983064516
Bridgestone_Furgoneta_Standard_0021,Furgoneta | Standard,Furgoneta_|_Standard_Community_02,Competitive Fighter,-1.3711729524031255,-1.3109515142604622,blended_GAM_adjusted,147.98996125,55.07373666666667,181.20891666666665,43490.14,6081255.73,0.1,133.190965125,162.788957375
Bridgestone_Furgoneta_Standard_0065,Furgoneta | Standard,Furgoneta_|_Standard_Community_02,Premium Leader,-1.389042623681896,-1.3291785789648085,blended_GAM_adjusted,196.6345406504065,56.141297154471545,228.4702032520325,56203.67,10572629.04,0.15,167.13935955284552,226.12972174796747
Bridgestone_Furgoneta_Standard_0066,Furgoneta | Standard,Furgoneta_|_Standard_Community_02,Competitive Fighter,-1.3768446225274258,-1.3167366177872484,blended_GAM_adjusted,187.45442655601656,48.28146721991701,75.51203319502075,18198.4,3250663.24,0.1,168.7089839004149,206.19986921161822
Bridgestone_Industrial_Construcción Pesada_0016,Industrial | Construcción Pesada,Industrial_|_Construcción_Pesada_Community_03,KVI,-0.8549096077618223,-0.8549096077618223,sku_hierarchical,2015.137064,588.2619083999999,15.80124,3950.31,7718266.64,0.05,1914.3802108,2115.8939172
Bridgestone_Industrial_Manipulación Ligera_0004,Industrial | Manipulación Ligera,Industrial_|_Manipulación_Ligera_Community_03,Competitive Fighter,-1.2662209817842969,-1.2651014302818555,blended_GAM_adjusted,384.1875710084034,104.0160424369748,141.91294117647058,33775.28,12362175.98,0.1,345.76881390756307,422.60632810924375
Bridgestone_Industrial_Manipulación Ligera_0005,Industrial | Manipulación Ligera,Industrial_|_Manipulación_Ligera_Community_01,Traffic Driver,-1.2284808779404826,-1.2540548411891843,blended_GAM_adjusted,325.0857851528384,90.03880393013101,195.3943231441048,44745.3,13856694.32,0.08,299.07892234061137,351.0926479650655
Bridgestone_Industrial_Manipulación Ligera_0007,Industrial | Manipulación Ligera,Industrial_|_Manipulación_Ligera_Community_02,Competitive Fighter,-1.2708124071818778,-1.2809466153394184,blended_GAM_adjusted,347.35290000000003,86.5713593625498,109.91693227091632,27589.15,9182186.57,0.1,312.61761,382.08819000000005
Bridgestone_Industrial_Manipulación Ligera_0056,Industrial | Manipulación Ligera,Industrial_|_Manipulación_Ligera_Community_03,KVI,-1.2483510464407317,-1.2468740962314189,blended_GAM_adjusted,320.68073620689654,84.41094913793103,188.78719827586207,43798.63,13357847.69,0.05,304.6466993965517,336.7147730172414
Bridgestone_Industrial_Portuario/Especial_0043,Industrial | Portuario/Especial,Industrial_|_Portuario/Especial_Community_01,Competitive Fighter,-0.6832143581872049,-0.6832143581872049,sku_hierarchical,5912.923946666667,2846.55659125,0.7665416666666667,183.97,1056518.21,0.1,5321.631552,6504.216341333334
Bridgestone_Industrial_Portuario/Especial_0074,Industrial | Portuario/Especial,Industrial_|_Portuario/Especial_Community_03,Premium Leader,-0.7213228068058309,-0.7213228068058309,sku_hierarchical,5920.709702024291,2427.2478425101217,1.0357085020242915,255.82,1479542.32,0.15,5032.603246720647,6808.816157327934
Bridgestone_SUV / 4x4_All Terrain (A/T)_0012,SUV / 4x4 | All Terrain (A/T),SUV_/_4x4_|_All_Terrain_(A/T)_Community_03,Traffic Driver,-1.154284134824465,-1.1275996369777408,blended_GAM_adjusted,374.3520815384616,109.22161346153848,58.16669230769231,15123.34,5376469.67,0.08,344.4039150153847,404.3002480615386
Bridgestone_SUV / 4x4_All Terrain (A/T)_0072,SUV / 4x4 | All Terrain (A/T),SUV_/_4x4_|_All_Terrain_(A/T)_Community_01,Competitive Fighter,-1.300957141848364,-1.2694274722969083,blended_GAM_adjusted,356.2820732,116.4414484,151.83952,37959.88,12868786.44,0.1,320.65386588,391.9102805200001
Bridgestone_SUV / 4x4_Highway Terrain (H/T)_0039,SUV / 4x4 | Highway Terrain (H/T),SUV_/_4x4_|_Highway_Terrain_(H/T)_Community_01,KVI,-1.5915144930526983,-1.5915144930526983,sku_hierarchical,241.6507654471545,65.72820203252033,192.8965447154472,47452.55,10985129.82,0.05,229.56822717479676,253.73330371951224
Bridgestone_SUV / 4x4_Highway Terrain (H/T)_0056,SUV / 4x4 | Highway Terrain (H/T),SUV_/_4x4_|_Highway_Terrain_(H/T)_Community_03,Premium Leader,-1.70366015767608,-1.677460256280178,blended_GAM_adjusted,240.7143895582329,69.55394578313252,188.9224497991968,47041.69,10558207.17,0.15,204.60723112449796,276.8215479919678
Bridgestone_SUV / 4x4_Mud Terrain (M/T)_0009,SUV / 4x4 | Mud Terrain (M/T),SUV_/_4x4_|_Mud_Terrain_(M/T)_Community_02,Traffic Driver,-0.8676608599070161,-0.8676608599070161,sku_hierarchical,404.0997514522821,140.02406556016598,174.29439834024896,42004.95,16597566.01,0.08,371.7717713360995,436.42773156846465
Bridgestone_SUV / 4x4_Mud Terrain (M/T)_0040,SUV / 4x4 | Mud Terrain (M/T),SUV_/_4x4_|_Mud_Terrain_(M/T)_Community_01,Competitive Fighter,-0.9446231662654282,-0.9167330998529843,blended_GAM_adjusted,417.7547457264957,112.79036965811964,185.552905982906,43419.38,17433517.16,0.1,375.9792711538461,459.5302202991453
Bridgestone_SUV / 4x4_Mud Terrain (M/T)_0066,SUV / 4x4 | Mud Terrain (M/T),SUV_/_4x4_|_Mud_Terrain_(M/T)_Community_01,Traffic Driver,-0.9031460257023138,-0.8744264164786079,blended_GAM_adjusted,454.0852594827586,117.1992129310345,229.3101724137931,53199.96,23448535.37,0.08,417.75843872413793,490.41208024137933
Continental_Agrícola_Implementos_0040,Agrícola | Implementos,Agrícola_|_Implementos_Community_01,Competitive Fighter,-1.1913894938300122,-1.1649284674052824,blended_GAM_adjusted,667.3294825910931,189.49603360323889,114.6246963562753,28312.3,18111835.98,0.1,600.5965343319838,734.0624308502024
Continental_Agrícola_Implementos_0071,Agrícola | Implementos,Agrícola_|_Implementos_Community_02,Competitive Fighter,-1.160134356043509,-1.1466596055507243,blended_GAM_adjusted,654.7358956331877,169.7327580786026,57.06349344978166,13067.54,8171352.479999999,0.1,589.2623060698689,720.2094851965065
Continental_Agrícola_Premium Radial_0002,Agrícola | Premium Radial,Agrícola_|_Premium_Radial_Community_03,Premium Leader,-0.7668671573742184,-0.7668671573742184,sku_hierarchical,1889.8103995671,572.8436173160173,37.62662337662338,8691.75,16035985.27,0.15,1606.338839632035,2173.2819595021647
Continental_Agrícola_Premium Radial_0005,Agrícola | Premium Radial,Agrícola_|_Premium_Radial_Community_02,Traffic Driver,-0.6941307959088715,-0.6941307959088715,sku_hierarchical,1816.904447808765,641.6140099601594,29.496972111553784,7403.74,13140714.06,0.08,1671.552091984064,1962.2568036334665
Continental_Agrícola_Tractor_0072,Agrícola | Tractor,Agrícola_|_Tractor_Community_03,KVI,-0.8975083714162821,-0.964545514709762,blended_GAM_adjusted,1149.6116587755105,356.631312244898,82.01820408163265,20094.46,22163458.09,0.05,1092.131075836735,1207.092241714286
Continental_Camión_Long Haul_0040,Camión | Long Haul,Camión_|_Long_Haul_Community_01,Competitive Fighter,-0.9540152448666752,-0.9742896666045792,blended_GAM_adjusted,634.4828788793103,206.2820025862069,138.7384051724138,32187.31,19784324.2,0.1,571.0345909913793,697.9311667672414
Continental_Camión_Long Haul_0064,Camión | Long Haul,Camión_|_Long_Haul_Community_01,Traffic Driver,-0.8743837358010763,-0.8930655273576683,blended_GAM_adjusted,579.8277595918368,171.8086081632653,154.95673469387756,37964.4,21378604.92,0.08,533.4415388244898,626.2139803591838
Continental_Camión_Obras / Mixto_0018,Camión | Obras / Mixto,Camión_|_Obras_/_Mixto_Community_02,KVI,-0.7973754071683473,-0.7973754071683473,sku_hierarchical,822.6092600000001,253.9882532,72.00844000000001,18002.11,14457847.14,0.05,781.478797,863.7397230000001
Continental_Camión_Obras / Mixto_0020,Camión | Obras / Mixto,Camión_|_Obras_/_Mixto_Community_03,Premium Leader,-0.8577324005157683,-0.8577324005157683,sku_hierarchical,820.9199906382978,203.3148263829787,285.8395319148936,67172.29,53333110.06,0.15,697.7819920425532,944.0579892340425
Continental_Camión_Obras / Mixto_0057,Camión | Obras / Mixto,Camión_|_Obras_/_Mixto_Community_03,Competitive Fighter,-0.8143285188450033,-0.8143285188450033,sku_hierarchical,708.6204743083005,244.94649644268776,133.21438735177864,33703.24,22921174.8,0.1,637.7584268774705,779.4825217391306
Continental_Camión_Obras / Mixto_0066,Camión | Obras / Mixto,Camión_|_Obras_/_Mixto_Community_03,Competitive Fighter,-0.8338671246925642,-0.8338671246925642,sku_hierarchical,736.6907163934426,230.87622786885245,65.74688524590164,16042.24,11522757.87,0.1,663.0216447540984,810.3597880327869
Continental_Camión_Obras / Mixto_0073,Camión | Obras / Mixto,Camión_|_Obras_/_Mixto_Community_03,Competitive Fighter,-0.8231102522485201,-0.8231102522485201,sku_hierarchical,755.8626943965517,236.54609439655167,127.6494396551724,29614.67,21800377.57,0.1,680.2764249568966,831.4489638362069
Continental_Camión_Regional_0008,Camión | Regional,Camión_|_Regional_Community_03,Premium Leader,-1.228529200871683,-1.1826484482266315,blended_GAM_adjusted,605.8730171428572,194.0314163265306,183.49404081632653,44956.04,26198624.04,0.15,514.9920645714286,696.7539697142857
Continental_Camión_Regional_0045,Camión | Regional,Camión_|_Regional_Community_03,KVI,-1.0086107187205648,-0.9583315964324912,blended_GAM_adjusted,704.073693442623,205.0510782786885,58.46024590163934,14264.3,9680921.77,0.05,668.8700087704918,739.2773781147542
Continental_Camión_Regional_0047,Camión | Regional,Camión_|_Regional_Community_02,Competitive Fighter,-1.066037341045416,-1.0820256419141183,blended_GAM_adjusted,604.5731961206897,175.54151681034483,204.135,47359.32,27635132.39,0.1,544.1158765086207,665.0305157327587
Continental_Camión_Regional_0049,Camión | Regional,Camión_|_Regional_Community_02,Traffic Driver,-0.9954566281575784,-1.0100333147685243,blended_GAM_adjusted,547.9946628691984,148.97809282700422,88.14645569620252,20890.71,10999408.08,0.08,504.1550898396625,591.8342358987343
Continental_Camión_Regional_0067,Camión | Regional,Camión_|_Regional_Community_02,Premium Leader,-1.0964249951448075,-1.113021049095498,blended_GAM_adjusted,640.6681016194333,180.178,178.48214574898785,44085.09,27256011.87,0.15,544.5678863765182,736.7683168623482
Continental_Coche_Budget_0006,Coche | Budget,Coche_|_Budget_Community_02,Traffic Driver,-2.364903932571268,-2.3113882862767645,blended_GAM_adjusted,88.78098893280632,27.44736086956522,222.16810276679843,56208.53,4692955.35,0.08,81.67850981818182,95.88346804743084
Continental_Coche_Budget_0009,Coche | Budget,Coche_|_Budget_Community_02,Traffic Driver,-2.4340135167055106,-2.381880062093692,blended_GAM_adjusted,93.68524805194804,25.44801601731601,108.20411255411256,24995.15,2179162.72,0.08,86.1904282077922,101.18006789610389
Continental_Coche_Budget_0015,Coche | Budget,Coche_|_Budget_Community_01,Traffic Driver,-2.3985618885192235,-2.590331184985878,blended_GAM_adjusted,98.47754285714286,24.28511974789916,101.97529411764704,24270.12,2224610.27,0.08,90.59933942857144,106.3557462857143
Continental_Coche_Budget_0046,Coche | Budget,Coche_|_Budget_Community_02,Premium Leader,-2.55539473203258,-2.505688901727303,blended_GAM_adjusted,91.79983032786885,29.1567118852459,218.65602459016392,53352.07,4527253.18,0.15,78.02985577868851,105.56980487704917
Continental_Coche_Budget_0053,Coche | Budget,Coche_|_Budget_Community_01,KVI,-2.4569794521327664,-2.649917099871692,blended_GAM_adjusted,108.4808717299578,28.133618987341773,138.8494092827004,32907.31,3236348.07,0.05,103.05682814345991,113.90491531645569
Continental_Coche_Eco_0005,Coche | Eco,Coche_|_Eco_Community_02,KVI,-1.4091129312655435,-1.3824161232858336,blended_GAM_adjusted,187.42135619834715,55.32783223140496,273.2319421487604,66122.13,11766207.78,0.05,178.05028838842978,196.79242400826453
Continental_Coche_Eco_0012,Coche | Eco,Coche_|_Eco_Community_01,Competitive Fighter,-1.432610373516649,-1.376840329593524,blended_GAM_adjusted,179.56615594713654,62.527661233480174,169.09872246696037,38385.41,6526526.7700000005,0.1,161.6095403524229,197.5227715418502
Continental_Coche_Eco_0024,Coche | Eco,Coche_|_Eco_Community_01,Competitive Fighter,-1.4633882939602083,-1.408233808445954,blended_GAM_adjusted,192.11633291666664,51.684582500000005,212.96491666666668,51111.58,9317716.4,0.1,172.90469962499998,211.32796620833332
Continental_Coche_Eco_0040,Coche | Eco,Coche_|_Eco_Community_02,KVI,-1.419192059311499,-1.3926968338927084,blended_GAM_adjusted,209.7758357142857,51.98054327731093,226.470756302521,53900.04,10751077.8,0.05,199.28704392857142,220.2646275
Continental_Coche_Eco_0055,Coche | Eco,Coche_|_Eco_Community_01,Traffic Driver,-1.4013867552873271,-1.3449922389996154,blended_GAM_adjusted,186.54035815899584,47.98772175732218,89.14372384937238,21305.35,3772395.14,0.08,171.61712950627617,201.46358681171552
Continental_Coche_Eco_0057,Coche | Eco,Coche_|_Eco_Community_01,Competitive Fighter,-1.4610005139826254,-1.4057982728688196,blended_GAM_adjusted,183.03037436974788,53.0927231092437,137.51806722689076,32729.3,5642239.31,0.1,164.72733693277308,201.33341180672267
Continental_Coche_Eco_0070,Coche | Eco,Coche_|_Eco_Community_01,Premium Leader,-1.5015720036367797,-1.447181192316057,blended_GAM_adjusted,206.06172182539683,56.366858730158725,144.6868650793651,36461.09,7150839.44,0.15,175.1524635515873,236.97098009920634
Continental_Coche_Touring_0012,Coche | Touring,Coche_|_Touring_Community_03,KVI,-1.7516409782374631,-1.939494115238768,blended_GAM_adjusted,155.7218923404255,42.53551489361702,198.83140425531917,46725.38,6886462.64,0.05,147.93579772340422,163.5079869574468
Continental_Coche_Touring_0031,Coche | Touring,Coche_|_Touring_Community_01,KVI,-1.7486031106286093,-1.8109951875600123,blended_GAM_adjusted,164.77449159663863,46.51045798319328,175.99058823529413,41885.76,6475030.79,0.05,156.5357670168067,173.01321617647056
Continental_Coche_Touring_0049,Coche | Touring,Coche_|_Touring_Community_02,Competitive Fighter,-1.7828059343913667,-1.8151917635105483,blended_GAM_adjusted,169.35001832669323,43.80991832669323,150.57745019920318,37794.94,6058482.64,0.1,152.41501649402392,186.28502015936257
Continental_Coche_Touring_0064,Coche | Touring,Coche_|_Touring_Community_01,Premium Leader,-1.787356089205962,-1.850523225708912,blended_GAM_adjusted,163.61870815450644,52.57718111587983,239.72562231759656,55856.07,8527286.94,0.15,139.07590193133046,188.16151437768238
Continental_Coche_Touring_0074,Coche | Touring,Coche_|_Touring_Community_02,Premium Leader,-1.7922092610505456,-1.824783156702911,blended_GAM_adjusted,153.06161393442622,50.87242377049181,212.3491393442623,51813.19,7397458.38,0.15,130.10237184426228,176.02085602459013
Continental_Furgoneta_Reforzado_0003,Furgoneta | Reforzado,Furgoneta_|_Reforzado_Community_02,Competitive Fighter,-1.0612185528754838,-1.0985718984957693,blended_GAM_adjusted,239.48785141700407,76.51116558704453,276.3882995951417,68267.91,15683459.98,0.1,215.53906627530367,263.4366365587045
Continental_Furgoneta_Reforzado_0007,Furgoneta | Reforzado,Furgoneta_|_Reforzado_Community_02,Premium Leader,-1.0877002985694963,-1.1255832791036622,blended_GAM_adjusted,240.1223726190476,70.60642103174604,174.04488095238094,43859.31,10102547.63,0.15,204.10401672619045,276.14072851190474
Continental_Furgoneta_Reforzado_0009,Furgoneta | Reforzado,Furgoneta_|_Reforzado_Community_02,Traffic Driver,-1.0144446731418462,-1.050862541167459,blended_GAM_adjusted,234.0022701298701,74.33588311688311,174.0261471861472,40200.04,8975401.34,0.08,215.2820885194805,252.72245174025974
Continental_Furgoneta_Reforzado_0029,Furgoneta | Reforzado,Furgoneta_|_Reforzado_Community_03,Traffic Driver,-1.0246233369071307,-1.0380091481787117,blended_GAM_adjusted,221.72739336099585,69.94164854771785,128.60149377593362,30992.96,6565745.14,0.08,203.9892018921162,239.46558482987552
Continental_Furgoneta_Reforzado_0031,Furgoneta | Reforzado,Furgoneta_|_Reforzado_Community_01,Traffic Driver,-0.9920560748425612,-1.0112387991669445,blended_GAM_adjusted,258.54285853658536,82.74158170731708,52.44170731707317,12900.66,3248465.16,0.08,237.85942985365853,279.2262872195122
Continental_Furgoneta_Standard_0005,Furgoneta | Standard,Furgoneta_|_Standard_Community_01,Premium Leader,-1.3896617182720092,-1.3904114426621264,blended_GAM_adjusted,166.76402416666667,53.75787916666666,309.2581666666667,74221.96,11605601.54,0.15,141.74942054166667,191.77862779166665
Continental_Furgoneta_Standard_0033,Furgoneta | Standard,Furgoneta_|_Standard_Community_03,KVI,-1.3451434153497888,-1.3046079793092014,blended_GAM_adjusted,183.9090357142857,58.45079957983194,326.14197478991593,77621.79,13568034.97,0.05,174.7135839285714,193.10448749999998
Continental_Furgoneta_Standard_0037,Furgoneta | Standard,Furgoneta_|_Standard_Community_02,Premium Leader,-1.4146778564151268,-1.3553265163527033,blended_GAM_adjusted,178.38815469387757,60.09069795918367,259.81248979591834,63654.06,10895983.58,0.15,151.62993148979592,205.14637789795918
Continental_Industrial_Construcción Pesada_0028,Industrial | Construcción Pesada,Industrial_|_Construcción_Pesada_Community_01,KVI,-0.8614414344038924,-0.884574904354533,blended_GAM_adjusted,1928.310446122449,578.7651734693877,31.75983673469388,7781.16,14492715.62,0.05,1831.8949238163266,2024.7259684285716
Continental_Industrial_Construcción Pesada_0040,Industrial | Construcción Pesada,Industrial_|_Construcción_Pesada_Community_01,Competitive Fighter,-0.8685335417523854,-0.8918088538499959,blended_GAM_adjusted,2014.7403905172412,605.2836237068965,33.04909482758621,7667.39,14945524.82,0.1,1813.2663514655171,2216.2144295689654
Continental_Industrial_Construcción Pesada_0048,Industrial | Construcción Pesada,Industrial_|_Construcción_Pesada_Community_03,Competitive Fighter,-0.8777509415685741,-0.8777509415685741,sku_hierarchical,1740.3226641434262,663.6140378486056,24.880756972111552,6245.07,10572097.55,0.1,1566.2903977290837,1914.354930557769
Continental_Industrial_Construcción Pesada_0077,Industrial | Construcción Pesada,Industrial_|_Construcción_Pesada_Community_01,Premium Leader,-0.9045306823911412,-0.928525937301527,blended_GAM_adjusted,1910.4363225531915,574.4830485106382,63.39944680851064,14898.87,27515260.44,0.15,1623.8708741702128,2197.00177093617
Continental_Industrial_Manipulación Ligera_0022,Industrial | Manipulación Ligera,Industrial_|_Manipulación_Ligera_Community_02,Competitive Fighter,-1.2661361099310098,-1.276176792143533,blended_GAM_adjusted,311.6941665306123,88.4333881632653,174.27208163265308,42696.66,12683200.37,0.1,280.5247498775511,342.86358318367354
Continental_Industrial_Manipulación Ligera_0041,Industrial | Manipulación Ligera,Industrial_|_Manipulación_Ligera_Community_02,Premium Leader,-1.326188890205741,-1.3374306280237591,blended_GAM_adjusted,323.6680074235808,87.92752008733625,86.00419213973798,19694.96,6096613.86,0.15,275.11780631004365,372.21820853711785
Continental_Industrial_Manipulación Ligera_0046,Industrial | Manipulación Ligera,Industrial_|_Manipulación_Ligera_Community_02,Traffic Driver,-1.208311442104785,-1.2171956309607836,blended_GAM_adjusted,305.88913266932275,106.48640278884464,329.1186454183267,82608.78,24330284.8,0.08,281.4180020557769,330.3602632828686
Continental_Industrial_Manipulación Ligera_0051,Industrial | Manipulación Ligera,Industrial_|_Manipulación_Ligera_Community_01,Competitive Fighter,-1.2987351224186114,-1.3257141705568758,blended_GAM_adjusted,339.0786190661479,91.27658521400778,90.67556420233464,23303.62,7552391.34,0.1,305.17075715953314,372.9864809727627
Continental_Industrial_Portuario/Especial_0008,Industrial | Portuario/Especial,Industrial_|_Portuario/Especial_Community_03,Competitive Fighter,-0.6787828052968339,-0.6787828052968339,sku_hierarchical,4329.80172231405,2796.344046694215,1.7546280991735537,424.62,1764424.34,0.1,3896.8215500826445,4762.781894545455
Continental_Industrial_Portuario/Especial_0042,Industrial | Portuario/Especial,Industrial_|_Portuario/Especial_Community_03,Traffic Driver,-0.5382499373275872,-0.5382499373275872,sku_hierarchical,5318.249225213675,2401.579362820513,0.6610256410256411,154.68,809773.99,0.08,4892.789287196581,5743.70916323077
Continental_Industrial_Portuario/Especial_0059,Industrial | Portuario/Especial,Industrial_|_Portuario/Especial_Community_01,Competitive Fighter,-0.6864925289036669,-0.6864925289036669,sku_hierarchical,5776.170675303643,2696.185911740891,0.7382186234817814,182.34,1019035.16,0.1,5198.5536077732795,6353.787742834008
Continental_SUV / 4x4_All Terrain (A/T)_0000,SUV / 4x4 | All Terrain (A/T),SUV_/_4x4_|_All_Terrain_(A/T)_Community_03,Premium Leader,-1.335147947810539,-1.3120807262235363,blended_GAM_adjusted,395.482302892562,111.29121694214876,140.99318181818182,34120.35,12781426.53,0.15,336.1599574586777,454.8046483264463
Continental_SUV / 4x4_All Terrain (A/T)_0032,SUV / 4x4 | All Terrain (A/T),SUV_/_4x4_|_All_Terrain_(A/T)_Community_02,KVI,-1.2461873683718936,-1.206296612968909,blended_GAM_adjusted,365.6410559471366,90.31587400881055,222.79859030837005,50575.28,17632868.77,0.05,347.3590031497797,383.92310874449345
Continental_SUV / 4x4_Highway Terrain (H/T)_0014,SUV / 4x4 | Highway Terrain (H/T),SUV_/_4x4_|_Highway_Terrain_(H/T)_Community_01,Premium Leader,-1.6665737157419536,-1.6665737157419536,sku_hierarchical,235.1956538793104,69.03761077586208,200.51706896551724,46519.96,10330805.3,0.15,199.91630579741386,270.47500196120694
Continental_SUV / 4x4_Highway Terrain (H/T)_0021,SUV / 4x4 | Highway Terrain (H/T),SUV_/_4x4_|_Highway_Terrain_(H/T)_Community_01,Premium Leader,-1.7042650891868418,-1.7042650891868418,sku_hierarchical,228.5322966101695,76.99536059322034,187.5300847457627,44257.1,9587438.88,0.15,194.25245211864407,262.8121411016949
Continental_SUV / 4x4_Highway Terrain (H/T)_0029,SUV / 4x4 | Highway Terrain (H/T),SUV_/_4x4_|_Highway_Terrain_(H/T)_Community_03,Traffic Driver,-1.5726418685952193,-1.5438216014177,blended_GAM_adjusted,217.76925776892432,55.86676613545817,171.32414342629482,43002.36,8853263.82,0.08,200.34771714741038,235.1907983904383
Continental_SUV / 4x4_Highway Terrain (H/T)_0041,SUV / 4x4 | Highway Terrain (H/T),SUV_/_4x4_|_Highway_Terrain_(H/T)_Community_01,Premium Leader,-1.7113374079278214,-1.7113374079278214,sku_hierarchical,204.69554107883815,76.31983319502075,260.58141078838173,62800.12,11973310.4,0.15,173.9912099170124,235.39987224066385
Continental_SUV / 4x4_Mud Terrain (M/T)_0013,SUV / 4x4 | Mud Terrain (M/T),SUV_/_4x4_|_Mud_Terrain_(M/T)_Community_02,Competitive Fighter,-0.9802980784715674,-0.9802980784715674,sku_hierarchical,421.2789866935484,125.79957701612904,80.07653225806452,19858.98,8103232.69,0.1,379.1510880241936,463.40688536290327
Continental_SUV / 4x4_Mud Terrain (M/T)_0025,SUV / 4x4 | Mud Terrain (M/T),SUV_/_4x4_|_Mud_Terrain_(M/T)_Community_01,Competitive Fighter,-0.9666323954439736,-0.939182513615101,blended_GAM_adjusted,449.8259319148936,114.09149914893617,164.22497872340426,38592.87,16741527.58,0.1,404.84333872340426,494.808525106383
Continental_SUV / 4x4_Mud Terrain (M/T)_0035,SUV / 4x4 | Mud Terrain (M/T),SUV_/_4x4_|_Mud_Terrain_(M/T)_Community_02,Competitive Fighter,-0.9712141374461388,-0.9712141374461388,sku_hierarchical,448.3439790794979,134.49876276150627,189.92041841004183,45390.98,19709000.55,0.1,403.5095811715481,493.17837698744773
Continental_SUV / 4x4_Mud Terrain (M/T)_0068,SUV / 4x4 | Mud Terrain (M/T),SUV_/_4x4_|_Mud_Terrain_(M/T)_Community_02,Competitive Fighter,-0.9890264064349964,-0.9890264064349964,sku_hierarchical,382.2721407407407,137.1789193415638,242.07506172839504,58824.24,21572173.84,0.1,344.04492666666664,420.4993548148148
Cooper Tires_Agrícola_Implementos_0031,Agrícola | Implementos,Agrícola_|_Implementos_Community_01,Traffic Driver,-1.0976843373166136,-1.069349207761616,blended_GAM_adjusted,620.7021130612245,203.8506832653061,184.50477551020407,45203.67,26929322.92,0.08,571.0459440163265,670.3582821061225
Cooper Tires_Agrícola_Premium Radial_0023,Agrícola | Premium Radial,Agrícola_|_Premium_Radial_Community_03,Traffic Driver,-0.6892629816143959,-0.6892629816143959,sku_hierarchical,1708.8063780172413,546.0998689655172,40.12012931034483,9307.87,15541038.91,0.08,1572.101867775862,1845.5108882586208
Cooper Tires_Agrícola_Premium Radial_0036,Agrícola | Premium Radial,Agrícola_|_Premium_Radial_Community_02,Competitive Fighter,-0.7577388341172212,-0.7577388341172212,sku_hierarchical,1795.0653627118645,644.591363559322,14.893008474576272,3514.75,6118324.36,0.1,1615.558826440678,1974.5718989830511
Cooper Tires_Agrícola_Tractor_0013,Agrícola | Tractor,Agrícola_|_Tractor_Community_02,Premium Leader,-0.960220878594838,-1.0218462987641332,blended_GAM_adjusted,1227.7572149779735,334.72942466960353,96.52493392070484,21911.16,25716527.57,0.15,1043.5936327312775,1411.9207972246695
Cooper Tires_Agrícola_Tractor_0052,Agrícola | Tractor,Agrícola_|_Tractor_Community_01,Traffic Driver,-0.8379602285172607,-0.8379602285172607,sku_hierarchical,1128.9437108870968,312.64954677419354,45.064435483870966,11175.98,12205296.69,0.08,1038.628214016129,1219.2592077580646
Cooper Tires_Camión_Long Haul_0017,Camión | Long Haul,Camión_|_Long_Haul_Community_03,Competitive Fighter,-0.9305156144680948,-0.9305156144680948,sku_hierarchical,695.0717506276151,175.41089958158997,191.0991213389121,45672.69,31088651.32,0.1,625.5645755648536,764.5789256903766
Cooper Tires_Camión_Long Haul_0032,Camión | Long Haul,Camión_|_Long_Haul_Community_01,Competitive Fighter,-0.9209434978633894,-0.9405564846612277,blended_GAM_adjusted,665.5841241666666,188.13882958333332,66.53875,15969.3,10319945.29,0.1,599.0257117499999,732.1425365833333
Cooper Tires_Camión_Long Haul_0049,Camión | Long Haul,Camión_|_Long_Haul_Community_03,Competitive Fighter,-0.9505385608411344,-0.9505385608411344,sku_hierarchical,705.8196160493827,196.07517860082305,134.3253086419753,32641.05,22338712.93,0.1,635.2376544444445,776.401577654321
Cooper Tires_Camión_Long Haul_0067,Camión | Long Haul,Camión_|_Long_Haul_Community_03,Competitive Fighter,-0.9573401279734772,-0.9573401279734772,sku_hierarchical,612.9952515625,207.0297703125,206.3123046875,52815.95,31419155.55,0.1,551.6957264062501,674.2947767187501
Cooper Tires_Camión_Long Haul_0072,Camión | Long Haul,Camión_|_Long_Haul_Community_03,Premium Leader,-0.974373087232534,-0.974373087232534,sku_hierarchical,679.9399665289257,198.2172892561984,69.27347107438017,16764.18,11075471.25,0.15,577.9489715495868,781.9309615082644
Cooper Tires_Camión_Obras / Mixto_0040,Camión | Obras / Mixto,Camión_|_Obras_/_Mixto_Community_01,Premium Leader,-0.8452282557011752,-0.8452282557011752,sku_hierarchical,781.2555553278688,241.44828278688524,82.00319672131147,20008.78,15226736.06,0.15,664.0672220286884,898.4438886270491
Cooper Tires_Camión_Obras / Mixto_0041,Camión | Obras / Mixto,Camión_|_Obras_/_Mixto_Community_02,Traffic Driver,-0.7738820275197252,-0.7738820275197252,sku_hierarchical,759.800133201581,243.8387699604743,97.49683794466404,24666.7,18292544.92,0.08,699.0161225454546,820.5841438577075
Cooper Tires_Camión_Regional_0075,Camión | Regional,Camión_|_Regional_Community_03,Premium Leader,-1.1055113530218723,-1.0571702434198251,blended_GAM_adjusted,586.5058086419752,160.80570534979424,167.61518518518517,40730.49,23065996.85,0.15,498.52993734567895,674.4816799382714
Cooper Tires_Coche_Budget_0008,Coche | Budget,Coche_|_Budget_Community_03,Competitive Fighter,-2.533465593612585,-2.628203729262601,blended_GAM_adjusted,97.92950936170212,29.81532978723404,254.99804255319148,59924.54,5402418.26,0.1,88.1365584255319,107.72246029787233
Cooper Tires_Coche_Eco_0043,Coche | Eco,Coche_|_Eco_Community_01,Premium Leader,-1.5120892305956417,-1.457908763814096,blended_GAM_adjusted,191.7359346938776,62.23815142857144,278.0277551020408,68116.8,12423423.58,0.15,162.97554448979596,220.49632489795923
Cooper Tires_Coche_Touring_0017,Coche | Touring,Coche_|_Touring_Community_01,Competitive Fighter,-1.768075992455433,-1.8308575270233725,blended_GAM_adjusted,163.375775,49.97967295081967,186.68495901639344,45551.13,6914772.77,0.1,147.0381975,179.7133525
Cooper Tires_Coche_Touring_0032,Coche | Touring,Coche_|_Touring_Community_02,Premium Leader,-1.8460851936277725,-1.8797366079316824,blended_GAM_adjusted,154.71444393305438,42.58716192468619,202.35460251046024,48362.75,6907359.92,0.15,131.50727734309623,177.92161052301253
Cooper Tires_Coche_Touring_0033,Coche | Touring,Coche_|_Touring_Community_02,Premium Leader,-1.8084758474545235,-1.841375074834968,blended_GAM_adjusted,188.6183783333333,42.81580833333333,145.50791666666666,34921.9,6209319.28,0.15,160.32562158333332,216.91113508333328
Cooper Tires_Coche_Touring_0038,Coche | Touring,Coche_|_Touring_Community_02,Competitive Fighter,-1.7637756649270122,-1.7957808886569069,blended_GAM_adjusted,164.099953125,47.574527734375,122.6729296875,31404.27,4818399.64,0.1,147.6899578125,180.50994843750004
Cooper Tires_Coche_Touring_0073,Coche | Touring,Coche_|_Touring_Community_01,Premium Leader,-1.8034969079515175,-1.866986860829379,blended_GAM_adjusted,162.11570658436213,48.98146049382716,219.24827160493828,53277.33,8102557.41,0.15,137.79835059670782,186.43306257201644
Cooper Tires_Coche_Touring_0078,Coche | Touring,Coche_|_Touring_Community_02,Traffic Driver,-1.6856847201549443,-1.7161281249893976,blended_GAM_adjusted,160.53645041322312,45.80486611570248,146.7169834710744,35505.51,5238904.9,0.08,147.6935343801653,173.37936644628098
Cooper Tires_Furgoneta_Reforzado_0018,Furgoneta | Reforzado,Furgoneta_|_Reforzado_Community_03,Competitive Fighter,-1.0572219450789466,-1.0712597285139642,blended_GAM_adjusted,262.6698346774194,72.44621209677419,261.8224193548387,64931.96,16323355.47,0.1,236.40285120967744,288.93681814516134
Cooper Tires_Furgoneta_Reforzado_0068,Furgoneta | Reforzado,Furgoneta_|_Reforzado_Community_03,Competitive Fighter,-1.079803071862523,-1.0942924778332117,blended_GAM_adjusted,236.39548791666667,75.69143041666666,271.59158333333335,65181.98,14802058.26,0.1,212.755939125,260.03503670833334
Cooper Tires_Furgoneta_Standard_0040,Furgoneta | Standard,Furgoneta_|_Standard_Community_02,Traffic Driver,-1.3154398554511262,-1.2541037553694228,blended_GAM_adjusted,182.6609756097561,54.07494756097561,213.59178861788615,52543.58,9144394.27,0.08,168.0480975609756,197.27385365853658
Cooper Tires_Industrial_Construcción Pesada_0019,Industrial | Construcción Pesada,Industrial_|_Construcción_Pesada_Community_02,Premium Leader,-0.9032633327084876,-0.9632078488828216,blended_GAM_adjusted,1843.566403846154,545.8959415384616,46.36146153846153,12053.98,21278018.61,0.15,1567.0314432692307,2120.101364423077
Cooper Tires_Industrial_Construcción Pesada_0029,Industrial | Construcción Pesada,Industrial_|_Construcción_Pesada_Community_01,Competitive Fighter,-0.8853353800370235,-0.9089467289003268,blended_GAM_adjusted,1816.1858031496065,593.7738011811024,15.4698031496063,3929.33,6865361.33,0.1,1634.567222834646,1997.8043834645673
Cooper Tires_Industrial_Construcción Pesada_0079,Industrial | Construcción Pesada,Industrial_|_Construcción_Pesada_Community_03,Premium Leader,-0.8907323088173361,-0.8907323088173361,sku_hierarchical,1785.8157898305085,582.3396949152543,66.18618644067797,15619.94,26820737.29,0.15,1517.9434213559323,2053.6881583050845
Cooper Tires_Industrial_Manipulación Ligera_0055,Industrial | Manipulación Ligera,Industrial_|_Manipulación_Ligera_Community_01,KVI,-1.2577700977946074,-1.2839298454403916,blended_GAM_adjusted,305.6397554112554,90.76639264069264,112.11848484848484,25899.37,7610783.07,0.05,290.3577676406926,320.9217431818182
Cooper Tires_Industrial_Manipulación Ligera_0078,Industrial | Manipulación Ligera,Industrial_|_Manipulación_Ligera_Community_01,Premium Leader,-1.3434736184038347,-1.3713474364618037,blended_GAM_adjusted,322.1370315352697,93.13828506224068,160.32427385892117,38638.15,11632145.66,0.15,273.8164768049793,370.45758626556017
Cooper Tires_Industrial_Portuario/Especial_0012,Industrial | Portuario/Especial,Industrial_|_Portuario/Especial_Community_01,Premium Leader,-0.7002677817036781,-0.7002677817036781,sku_hierarchical,5052.89022881356,2164.4345423728814,0.8017372881355933,189.21,926030.59,0.15,4294.956694491526,5810.823763135593
Cooper Tires_Industrial_Portuario/Especial_0058,Industrial | Portuario/Especial,Industrial_|_Portuario/Especial_Community_02,Traffic Driver,-0.5947511042775347,-0.5947511042775347,sku_hierarchical,5212.235150212766,2515.3678459574467,0.4234893617021276,99.52,510401.53,0.08,4795.256338195744,5629.213962229787
Cooper Tires_SUV / 4x4_All Terrain (A/T)_0009,SUV / 4x4 | All Terrain (A/T),SUV_/_4x4_|_All_Terrain_(A/T)_Community_03,Traffic Driver,-1.2139406314950263,-1.1884492635817134,blended_GAM_adjusted,350.60736560000004,116.6885772,61.5818,15395.45,5103215.36,0.08,322.55877635200005,378.6559548480001
Cooper Tires_SUV / 4x4_All Terrain (A/T)_0018,SUV / 4x4 | All Terrain (A/T),SUV_/_4x4_|_All_Terrain_(A/T)_Community_01,Traffic Driver,-1.2224791943367623,-1.1893799658350743,blended_GAM_adjusted,318.98806304347823,76.09578739130434,166.3994347826087,38271.87,11756222.78,0.08,293.469018,344.5071080869565
Cooper Tires_SUV / 4x4_All Terrain (A/T)_0059,SUV / 4x4 | All Terrain (A/T),SUV_/_4x4_|_All_Terrain_(A/T)_Community_02,Premium Leader,-1.3332511298585836,-1.2951016496853327,blended_GAM_adjusted,410.6065329411765,97.27861725490196,327.3137647058823,83465.01,33125299.11,0.15,349.015553,472.19751288235295
Cooper Tires_SUV / 4x4_Highway Terrain (H/T)_0016,SUV / 4x4 | Highway Terrain (H/T),SUV_/_4x4_|_Highway_Terrain_(H/T)_Community_03,Premium Leader,-1.643175947891172,-1.6157663622995715,blended_GAM_adjusted,226.19515344129556,69.69312469635626,148.03712550607287,36565.17,7809218.3,0.15,192.26588042510122,260.12442645748985
Cooper Tires_SUV / 4x4_Highway Terrain (H/T)_0060,SUV / 4x4 | Highway Terrain (H/T),SUV_/_4x4_|_Highway_Terrain_(H/T)_Community_01,Traffic Driver,-1.554798124529855,-1.554798124529855,sku_hierarchical,235.9193804878049,65.95911097560976,264.56857723577235,65083.87,14567428.98,0.08,217.04583004878052,254.79293092682929
Cooper Tires_SUV / 4x4_Highway Terrain (H/T)_0068,SUV / 4x4 | Highway Terrain (H/T),SUV_/_4x4_|_Highway_Terrain_(H/T)_Community_01,Premium Leader,-1.673030775683796,-1.673030775683796,sku_hierarchical,255.59089,75.63938869565217,57.09382608695652,13131.58,3190300.95,0.15,217.2522565,293.92952349999996
Cooper Tires_SUV / 4x4_Mud Terrain (M/T)_0016,SUV / 4x4 | Mud Terrain (M/T),SUV_/_4x4_|_Mud_Terrain_(M/T)_Community_01,Competitive Fighter,-0.9749110001340706,-0.9476266903989998,blended_GAM_adjusted,473.6092329004329,145.0015238095238,122.5538528138528,28309.94,12842295.24,0.1,426.24830961038964,520.9701561904762
Cooper Tires_SUV / 4x4_Mud Terrain (M/T)_0061,SUV / 4x4 | Mud Terrain (M/T),SUV_/_4x4_|_Mud_Terrain_(M/T)_Community_02,Traffic Driver,-0.878847904921997,-0.878847904921997,sku_hierarchical,403.0675483193277,97.75422226890755,121.92886554621847,29019.07,11345942.35,0.08,370.8221444537815,435.31295218487395
Dunlop_Agrícola_Implementos_0009,Agrícola | Implementos,Agrícola_|_Implementos_Community_01,Competitive Fighter,-1.159000404154635,-1.1318915959363975,blended_GAM_adjusted,628.9538095435685,207.5152,48.35402489626556,11653.32,6914533.21,0.1,566.0584285892116,691.8491904979254
Dunlop_Agrícola_Implementos_0057,Agrícola | Implementos,Agrícola_|_Implementos_Community_01,KVI,-1.1499081080403046,-1.1226174538997806,blended_GAM_adjusted,668.1453244,208.2695192,168.66848000000002,42167.12,26773922.47,0.05,634.73805818,701.55259062
Dunlop_Agrícola_Implementos_0058,Agrícola | Implementos,Agrícola_|_Implementos_Community_02,Traffic Driver,-1.1107290189060903,-1.0962661616705576,blended_GAM_adjusted,660.4574893162393,180.57475512820517,182.03521367521367,42596.24,27243034.19,0.08,607.6208901709401,713.2940884615384
Dunlop_Agrícola_Premium Radial_0028,Agrícola | Premium Radial,Agrícola_|_Premium_Radial_Community_03,Competitive Fighter,-0.7282306806261585,-0.7282306806261585,sku_hierarchical,1719.3586117117118,626.6327094594595,53.38968468468469,11852.51,19941771.15,0.1,1547.4227505405406,1891.2944728828832
Dunlop_Agrícola_Premium Radial_0044,Agrícola | Premium Radial,Agrícola_|_Premium_Radial_Community_02,Traffic Driver,-0.6994724449647762,-0.6994724449647762,sku_hierarchical,1768.6925995884774,672.2910094650206,28.99888888888889,7046.73,12256803.53,0.08,1627.1971916213993,1910.1880075555557
Dunlop_Agrícola_Tractor_0006,Agrícola | Tractor,Agrícola_|_Tractor_Community_03,Premium Leader,-0.9740568214059292,-1.042624933699202,blended_GAM_adjusted,1160.6462670682731,393.97406385542166,68.58048192771085,17076.54,19000888.83,0.15,986.5493270080322,1334.743207128514
Dunlop_Agrícola_Tractor_0009,Agrícola | Tractor,Agrícola_|_Tractor_Community_03,Competitive Fighter,-0.904378484541002,-0.9715530300969762,blended_GAM_adjusted,1119.696897580645,322.67051370967744,126.88262096774191,31466.89,33662943.51,0.1,1007.7272078225806,1231.6665873387096
Dunlop_Agrícola_Tractor_0029,Agrícola | Tractor,Agrícola_|_Tractor_Community_02,Traffic Driver,-0.8796619958464362,-0.9396762383607632,blended_GAM_adjusted,1189.0353367088608,378.5488282700422,91.68286919831225,21728.84,25093224.47,0.08,1093.912509772152,1284.1581636455696
Dunlop_Agrícola_Tractor_0057,Agrícola | Tractor,Agrícola_|_Tractor_Community_02,Premium Leader,-0.959537741509333,-1.021149498936918,blended_GAM_adjusted,1213.7829534412956,311.1486194331984,156.95141700404858,38767.0,45010428.15,0.15,1031.7155104251012,1395.8503964574898
Dunlop_Camión_Long Haul_0005,Camión | Long Haul,Camión_|_Long_Haul_Community_01,Competitive Fighter,-0.9480121547121478,-0.9681665146469612,blended_GAM_adjusted,751.1183618473896,172.8715313253012,108.86365461847387,27107.05,19786307.6,0.1,676.0065256626506,826.2301980321286
Dunlop_Camión_Long Haul_0021,Camión | Long Haul,Camión_|_Long_Haul_Community_01,Premium Leader,-0.9749658314287202,-0.995659264897865,blended_GAM_adjusted,638.6343710743802,207.94743429752063,150.0681818181818,36316.5,22422723.34,0.15,542.8392154132231,734.4295267355371
Dunlop_Camión_Long Haul_0024,Camión | Long Haul,Camión_|_Long_Haul_Community_02,Premium Leader,-1.0718077595609716,-1.0623857199854043,blended_GAM_adjusted,645.0958887966805,180.19607178423237,153.67340248962657,37035.29,23113041.87,0.15,548.3315054771784,741.8602721161825
Dunlop_Camión_Long Haul_0038,Camión | Long Haul,Camión_|_Long_Haul_Community_03,KVI,-0.8888219953631956,-0.8888219953631956,sku_hierarchical,682.7490471774194,232.8704584677419,43.16604838709677,10705.18,7068522.34,0.05,648.6115948185484,716.8864995362903
Dunlop_Camión_Long Haul_0043,Camión | Long Haul,Camión_|_Long_Haul_Community_01,Competitive Fighter,-0.9381710584304052,-0.9581285964395836,blended_GAM_adjusted,643.7841443514644,181.3022372384937,92.09778242677824,22011.37,13737143.37,0.1,579.405729916318,708.1625587866109
Dunlop_Camión_Long Haul_0075,Camión | Long Haul,Camión_|_Long_Haul_Community_03,KVI,-0.9006514600232844,-0.9006514600232844,sku_hierarchical,575.6525739495798,220.3214962184874,169.33802521008403,40302.45,22449523.41,0.05,546.8699452521008,604.4352026470589
Dunlop_Camión_Obras / Mixto_0003,Camión | Obras / Mixto,Camión_|_Obras_/_Mixto_Community_01,Premium Leader,-0.8835521008957308,-0.8835521008957308,sku_hierarchical,775.7178040485829,231.1383858299595,127.52182186234818,31497.89,23496525.74,0.15,659.3601334412955,892.0754746558703
Dunlop_Camión_Obras / Mixto_0023,Camión | Obras / Mixto,Camión_|_Obras_/_Mixto_Community_02,Competitive Fighter,-0.8171292302402203,-0.8171292302402203,sku_hierarchical,743.5122064257029,239.2160469879518,93.0622891566265,23172.51,16691338.63,0.1,669.1609857831326,817.8634270682732
Dunlop_Camión_Obras / Mixto_0048,Camión | Obras / Mixto,Camión_|_Obras_/_Mixto_Community_02,Traffic Driver,-0.7852054464507943,-0.7852054464507943,sku_hierarchical,753.6827565400844,237.45577974683545,95.33202531645568,22593.69,16669835.82,0.08,693.3881360168776,813.9773770632912
Dunlop_Coche_Budget_0014,Coche | Budget,Coche_|_Budget_Community_01,Premium Leader,-2.6354609646801728,-2.8319682426700465,blended_GAM_adjusted,90.510681300813,32.4306162601626,405.51382113821137,99756.4,8252228.53,0.15,76.93407910569105,104.08728349593494
Dunlop_Coche_Budget_0042,Coche | Budget,Coche_|_Budget_Community_03,Premium Leader,-2.625000531326494,-2.721569365730788,blended_GAM_adjusted,93.22379957081544,25.49157768240343,195.3190128755365,45509.33,3885028.89,0.15,79.24022963519313,107.20736950643776
Dunlop_Coche_Budget_0043,Coche | Budget,Coche_|_Budget_Community_02,Traffic Driver,-2.461402824888072,-2.409817156439905,blended_GAM_adjusted,103.40456136363636,31.088150454545456,198.43968181818184,43656.73,4260718.49,0.08,95.13219645454545,111.67692627272727
Dunlop_Coche_Eco_0075,Coche | Eco,Coche_|_Eco_Community_02,Premium Leader,-1.517913654404768,-1.4933928608878426,blended_GAM_adjusted,178.00336890756304,62.043560084033615,423.2462605042017,100732.61,16673667.75,0.15,151.3028635714286,204.70387424369747
Dunlop_Coche_Performance_0008,Coche | Performance,Coche_|_Performance_Community_01,Competitive Fighter,-1.0848897175917744,-1.0848897175917744,sku_hierarchical,372.2066221757322,115.55399832635985,160.9066108786611,38456.68,13642561.47,0.1,334.985959958159,409.42728439330546
Dunlop_Coche_Performance_0035,Coche | Performance,Coche_|_Performance_Community_02,KVI,-1.0292041797518972,-1.035880885226874,blended_GAM_adjusted,416.7338502057613,99.40896008230452,98.93456790123456,24041.1,9707335.04,0.05,395.89715769547325,437.5705427160494
Dunlop_Coche_Performance_0038,Coche | Performance,Coche_|_Performance_Community_02,Premium Leader,-1.1670685005133683,-1.1765024924035743,blended_GAM_adjusted,393.19856639344266,122.37465204918033,162.3524180327869,39613.99,14748274.95,0.15,334.21878143442626,452.178351352459
Dunlop_Coche_Performance_0044,Coche | Performance,Coche_|_Performance_Community_02,KVI,-1.0417128645544498,-1.0486397437254775,blended_GAM_adjusted,361.621106722689,105.53754369747898,119.76655462184874,28504.44,9922828.34,0.05,343.5400513865545,379.70216205882343
Dunlop_Coche_Touring_0026,Coche | Touring,Coche_|_Touring_Community_02,Traffic Driver,-1.707623075934418,-1.7385052478844605,blended_GAM_adjusted,159.87383333333332,45.46931282051282,199.0675641025641,46581.81,7095995.43,0.08,147.08392666666666,172.66374
Dunlop_Coche_Touring_0055,Coche | Touring,Coche_|_Touring_Community_02,KVI,-1.745924042250823,-1.777572233527194,blended_GAM_adjusted,161.9157974248927,49.9334321888412,216.2241630901288,50380.23,7686515.51,0.05,153.82000755364805,170.01158729613735
Dunlop_Coche_Touring_0060,Coche | Touring,Coche_|_Touring_Community_01,Competitive Fighter,-1.7647303809424637,-1.827445003280144,blended_GAM_adjusted,154.56570543933054,38.52109916317992,149.3305439330544,35690.0,5163903.52,0.1,139.1091348953975,170.0222759832636
Dunlop_Furgoneta_Reforzado_0021,Furgoneta | Reforzado,Furgoneta_|_Reforzado_Community_03,Traffic Driver,-1.0095005182308174,-1.0225838731288723,blended_GAM_adjusted,245.35992510288065,82.24865473251029,272.9648148148148,66330.45,15756970.64,0.08,225.7311310946502,264.9887191111111
Dunlop_Furgoneta_Reforzado_0057,Furgoneta | Reforzado,Furgoneta_|_Reforzado_Community_01,Traffic Driver,-1.025115521645266,-1.0449594349057034,blended_GAM_adjusted,257.997167489712,66.93610534979423,283.4922633744856,68888.62,17330824.48,0.08,237.35739409053505,278.636940888889
Dunlop_Furgoneta_Standard_0008,Furgoneta | Standard,Furgoneta_|_Standard_Community_03,Traffic Driver,-1.319079594311755,-1.2780228818504071,blended_GAM_adjusted,162.62205867768597,46.9524438016529,211.38214876033055,51154.48,7867396.73,0.08,149.6122939834711,175.63182337190085
Dunlop_Furgoneta_Standard_0039,Furgoneta | Standard,Furgoneta_|_Standard_Community_01,Traffic Driver,-1.274275288736738,-1.27271728453615,blended_GAM_adjusted,165.86767310924373,48.046213025210086,184.4431512605042,43897.47,6899248.22,0.08,152.59825926050422,179.13708695798323
Dunlop_Furgoneta_Standard_0046,Furgoneta | Standard,Furgoneta_|_Standard_Community_01,Premium Leader,-1.443420280196187,-1.4452451758247875,blended_GAM_adjusted,181.8859276315789,59.96782105263159,196.7863157894737,44867.28,7664085.35,0.15,154.60303848684208,209.16881677631574
Dunlop_Furgoneta_Standard_0053,Furgoneta | Standard,Furgoneta_|_Standard_Community_03,Competitive Fighter,-1.365353151351291,-1.325221910030734,blended_GAM_adjusted,164.73257161572053,47.74358427947598,234.96729257641925,53807.51,8440440.82,0.1,148.2593144541485,181.2058287772926
Dunlop_Industrial_Construcción Pesada_0001,Industrial | Construcción Pesada,Industrial_|_Construcción_Pesada_Community_02,Competitive Fighter,-0.8912426707840745,-0.95094677371992,blended_GAM_adjusted,2001.691909375,647.542161328125,33.345625,8536.48,16430448.49,0.1,1801.5227184375,2201.8611003125
Dunlop_Industrial_Construcción Pesada_0012,Industrial | Construcción Pesada,Industrial_|_Construcción_Pesada_Community_01,Premium Leader,-0.9378890511879452,-0.9625514734742668,blended_GAM_adjusted,1828.318885892116,567.7100066390042,70.50145228215767,16990.85,30003250.64,0.15,1554.0710530082986,2102.566718775933
Dunlop_Industrial_Construcción Pesada_0022,Industrial | Construcción Pesada,Industrial_|_Construcción_Pesada_Community_03,Traffic Driver,-0.8095001113778605,-0.8095001113778605,sku_hierarchical,1779.7754029166667,635.4418958333333,18.30633333333333,4393.52,7574318.1,0.08,1637.3933706833334,1922.1574351500003
Dunlop_Industrial_Construcción Pesada_0041,Industrial | Construcción Pesada,Industrial_|_Construcción_Pesada_Community_03,Premium Leader,-0.9592144785304249,-0.9592144785304249,sku_hierarchical,1738.708296747967,709.0826983739837,37.63138211382114,9257.32,15511602.98,0.15,1477.902052235772,1999.514541260162
Dunlop_Industrial_Construcción Pesada_0043,Industrial | Construcción Pesada,Industrial_|_Construcción_Pesada_Community_03,Traffic Driver,-0.829614140469383,-0.829614140469383,sku_hierarchical,1996.8794129554656,580.6059761133604,34.72753036437247,8577.7,16658837.6,0.08,1837.1290599190284,2156.629765991903
Dunlop_Industrial_Construcción Pesada_0070,Industrial | Construcción Pesada,Industrial_|_Construcción_Pesada_Community_02,Premium Leader,-0.8943945909924276,-0.9541617323324402,blended_GAM_adjusted,1884.6441129166667,613.5249895833333,48.72004166666667,11692.81,21234739.89,0.15,1601.9474959791667,2167.3407298541665
Dunlop_Industrial_Manipulación Ligera_0006,Industrial | Manipulación Ligera,Industrial_|_Manipulación_Ligera_Community_02,Traffic Driver,-1.2326679054857412,-1.2420392236093591,blended_GAM_adjusted,309.2291758474576,73.25317415254237,125.32088983050848,29575.73,8816900.28,0.08,284.490841779661,333.96750991525425
Dunlop_Industrial_Manipulación Ligera_0029,Industrial | Manipulación Ligera,Industrial_|_Manipulación_Ligera_Community_02,Competitive Fighter,-1.2978396564028478,-1.3085144095448078,blended_GAM_adjusted,309.0768130952381,93.42444642857144,253.8465476190476,63969.33,18754020.32,0.1,278.1691317857143,339.9844944047619
Dunlop_Industrial_Manipulación Ligera_0032,Industrial | Manipulación Ligera,Industrial_|_Manipulación_Ligera_Community_03,Premium Leader,-1.353693380424494,-1.3543232768948568,blended_GAM_adjusted,295.2814440909091,84.16680818181818,266.10604545454544,58543.33,16293487.94,0.15,250.98922747727272,339.57366070454543
Dunlop_Industrial_Manipulación Ligera_0071,Industrial | Manipulación Ligera,Industrial_|_Manipulación_Ligera_Community_02,Premium Leader,-1.3235827949096153,-1.3347724108217107,blended_GAM_adjusted,366.174135,91.05352208333332,253.438375,60825.21,21257916.4,0.15,311.24801475,421.1002552499999
Dunlop_Industrial_Manipulación Ligera_0074,Industrial | Manipulación Ligera,Industrial_|_Manipulación_Ligera_Community_01,KVI,-1.2492129449770697,-1.2752015495665032,blended_GAM_adjusted,304.3826230769231,99.12308931623932,209.4532905982906,49012.07,14352123.12,0.05,289.16349192307695,319.60175423076925
Dunlop_Industrial_Portuario/Especial_0026,Industrial | Portuario/Especial,Industrial_|_Portuario/Especial_Community_01,Premium Leader,-0.7137536068390379,-0.7137536068390379,sku_hierarchical,5506.430882625482,2609.82777992278,0.9189575289575288,238.01,1272997.91,0.15,4680.46625023166,6332.395515019303
Dunlop_Industrial_Portuario/Especial_0030,Industrial | Portuario/Especial,Industrial_|_Portuario/Especial_Community_03,Premium Leader,-0.6962521233260826,-0.6962521233260826,sku_hierarchical,5292.989856846473,2284.0664149377594,0.5833609958506224,140.59,728275.83,0.15,4499.041378319502,6086.938335373444
Dunlop_SUV / 4x4_All Terrain (A/T)_0001,SUV / 4x4 | All Terrain (A/T),SUV_/_4x4_|_All_Terrain_(A/T)_Community_03,KVI,-1.2474898282062663,-1.2226694442271784,blended_GAM_adjusted,363.52056765957445,95.57770382978724,96.88068085106384,22766.96,7806316.52,0.05,345.3445392765957,381.6965960425532
Dunlop_SUV / 4x4_All Terrain (A/T)_0006,SUV / 4x4 | All Terrain (A/T),SUV_/_4x4_|_All_Terrain_(A/T)_Community_03,Premium Leader,-1.382958215004934,-1.3608471987618194,blended_GAM_adjusted,360.8938155102041,100.72651346938775,155.58159183673467,38117.49,13162104.05,0.15,306.7597431836735,415.0278878367347
Dunlop_SUV / 4x4_All Terrain (A/T)_0070,SUV / 4x4 | All Terrain (A/T),SUV_/_4x4_|_All_Terrain_(A/T)_Community_03,KVI,-1.2503945936439624,-1.2256323049736284,blended_GAM_adjusted,338.03763839662446,98.78460632911391,150.17763713080168,35592.1,11553962.16,0.05,321.13575647679323,354.9395203164557
Dunlop_SUV / 4x4_All Terrain (A/T)_0077,SUV / 4x4 | All Terrain (A/T),SUV_/_4x4_|_All_Terrain_(A/T)_Community_01,Premium Leader,-1.351761956867904,-1.3212483836168392,blended_GAM_adjusted,348.36416463414633,90.28592195121952,151.06495934959352,37161.98,12391856.1,0.15,296.1095399390244,400.6187893292683
Dunlop_SUV / 4x4_Highway Terrain (H/T)_0055,SUV / 4x4 | Highway Terrain (H/T),SUV_/_4x4_|_Highway_Terrain_(H/T)_Community_03,Premium Leader,-1.681632793483206,-1.6549923448034465,blended_GAM_adjusted,241.42828617886175,67.91603983739837,254.8160569105691,62684.75,14263800.46,0.15,205.2140432520325,277.642529105691
Dunlop_SUV / 4x4_Mud Terrain (M/T)_0003,SUV / 4x4 | Mud Terrain (M/T),SUV_/_4x4_|_Mud_Terrain_(M/T)_Community_01,Competitive Fighter,-0.9609778817300572,-0.9334149096269064,blended_GAM_adjusted,460.1370467479675,128.3263800813008,177.5979674796748,43689.1,19431348.25,0.1,414.12334207317076,506.15075142276424
Dunlop_SUV / 4x4_Mud Terrain (M/T)_0018,SUV / 4x4 | Mud Terrain (M/T),SUV_/_4x4_|_Mud_Terrain_(M/T)_Community_02,Premium Leader,-1.0182874859793445,-1.0182874859793445,sku_hierarchical,407.865773568282,116.8125052863436,347.1644052863436,78806.31999999999,30888902.64,0.15,346.6859075330397,469.04563960352425
Dunlop_SUV / 4x4_Mud Terrain (M/T)_0024,SUV / 4x4 | Mud Terrain (M/T),SUV_/_4x4_|_Mud_Terrain_(M/T)_Community_01,Premium Leader,-1.0074805721512083,-0.9808476538564802,blended_GAM_adjusted,381.8133256302521,120.57456218487395,56.21567226890756,13379.33,4891427.8,0.15,324.54132678571426,439.0853244747899
Dunlop_SUV / 4x4_Mud Terrain (M/T)_0051,SUV / 4x4 | Mud Terrain (M/T),SUV_/_4x4_|_Mud_Terrain_(M/T)_Community_02,Premium Leader,-0.9893569492946304,-0.9893569492946304,sku_hierarchical,438.9847629482072,143.47231713147409,216.3805577689243,54311.52,23115495.67,0.15,373.1370485059761,504.83247739043827
Falken_Agrícola_Implementos_0034,Agrícola | Implementos,Agrícola_|_Implementos_Community_02,KVI,-1.1456909254622385,-1.1319273063578288,blended_GAM_adjusted,621.3314639676114,166.78849635627532,212.7357489878543,52545.73,31354102.2,0.05,590.2648907692308,652.398037165992
Falken_Agrícola_Premium Radial_0000,Agrícola | Premium Radial,Agrícola_|_Premium_Radial_Community_02,KVI,-0.7171131157899496,-0.7171131157899496,sku_hierarchical,1744.8302385245902,585.7776204918032,37.91077868852459,9250.23,15794066.32,0.05,1657.5887265983606,1832.0717504508198
Falken_Agrícola_Premium Radial_0022,Agrícola | Premium Radial,Agrícola_|_Premium_Radial_Community_03,Premium Leader,-0.7844856760646751,-0.7844856760646751,sku_hierarchical,1968.889874273859,528.2885526970954,71.54609958506224,17242.61,33139289.48,0.15,1673.5563931327802,2264.223355414938
Falken_Agrícola_Tractor_0002,Agrícola | Tractor,Agrícola_|_Tractor_Community_03,Competitive Fighter,-0.9054322925095027,-0.9726279142248472,blended_GAM_adjusted,1301.4726943965516,336.36119655172416,41.95068965517241,9732.56,12156277.7,0.1,1171.3254249568965,1431.6199638362068
Falken_Agrícola_Tractor_0077,Agrícola | Tractor,Agrícola_|_Tractor_Community_01,Competitive Fighter,-0.926684920307416,-0.926684920307416,sku_hierarchical,1094.9576944206008,307.308225751073,84.25412017167382,19631.21,20722723.71,0.1,985.4619249785408,1204.453463862661
Falken_Camión_Long Haul_0029,Camión | Long Haul,Camión_|_Long_Haul_Community_03,Premium Leader,-0.989827968408719,-0.989827968408719,sku_hierarchical,593.7246471615721,178.969192139738,163.0879475982533,37347.14,21273521.52,0.15,504.6659500873362,682.7833442358078
Falken_Camión_Long Haul_0048,Camión | Long Haul,Camión_|_Long_Haul_Community_03,Competitive Fighter,-0.944874238488548,-0.944874238488548,sku_hierarchical,645.150497107438,219.25305661157023,129.61004132231406,31365.63,19529237.75,0.1,580.6354473966942,709.6655468181818
Falken_Camión_Obras / Mixto_0032,Camión | Obras / Mixto,Camión_|_Obras_/_Mixto_Community_01,Premium Leader,-0.8696755962604432,-0.8696755962604432,sku_hierarchical,733.8062688311688,209.45742380952385,119.35458874458874,27570.91,19458049.21,0.15,623.7353285064935,843.8772091558441
Falken_Camión_Obras / Mixto_0055,Camión | Obras / Mixto,Camión_|_Obras_/_Mixto_Community_03,KVI,-0.7976867603851912,-0.7976867603851912,sku_hierarchical,820.9325416666667,209.3187458333333,78.46204166666666,18830.89,15100095.8,0.05,779.8859145833333,861.9791687500001
Falken_Camión_Obras / Mixto_0062,Camión | Obras / Mixto,Camión_|_Obras_/_Mixto_Community_03,Premium Leader,-0.8693378654668398,-0.8693378654668398,sku_hierarchical,771.6578836206897,215.75303793103447,106.7967672413793,24776.85,18568442.59,0.15,655.9092010775863,887.4065661637932
Falken_Camión_Regional_0000,Camión | Regional,Camión_|_Regional_Community_02,Premium Leader,-1.100663240968516,-1.1173440598356807,blended_GAM_adjusted,775.3309540650406,199.14582520325203,127.17252032520324,31284.44,23470084.49,0.15,659.0313109552845,891.6305971747967
Falken_Camión_Regional_0052,Camión | Regional,Camión_|_Regional_Community_01,Traffic Driver,-1.0121901914776672,-1.0121901914776672,sku_hierarchical,599.561561632653,162.15484408163266,57.606,14113.47,8242226.07,0.08,551.5966367020408,647.5264865632653
Falken_Coche_Budget_0005,Coche | Budget,Coche_|_Budget_Community_03,Premium Leader,-2.5608231969136424,-2.65610848462968,blended_GAM_adjusted,110.95505238095238,30.65489826839827,182.10181818181815,42065.52,4446991.22,0.15,94.31179452380952,127.59831023809522
Falken_Coche_Budget_0044,Coche | Budget,Coche_|_Budget_Community_03,Competitive Fighter,-2.527890028768127,-2.622516653121254,blended_GAM_adjusted,100.3099843220339,22.498105084745763,124.99631355932203,29499.13,2694695.23,0.1,90.27898588983051,110.3409827542373
Falken_Coche_Budget_0064,Coche | Budget,Coche_|_Budget_Community_01,Competitive Fighter,-2.47844560345036,-2.6718125742156373,blended_GAM_adjusted,96.48489473684212,27.135957489878543,271.9827125506073,67179.73,5920578.74,0.1,86.83640526315791,106.13338421052634
Falken_Coche_Budget_0068,Coche | Budget,Coche_|_Budget_Community_01,Traffic Driver,-2.426680771790745,-2.61901244592283,blended_GAM_adjusted,113.7905075,27.332272083333333,174.0907083333333,41781.77,4409013.83,0.08,104.68726690000001,122.89374810000001
Falken_Coche_Eco_0000,Coche | Eco,Coche_|_Eco_Community_02,Competitive Fighter,-1.4417880866221269,-1.4157447817495483,blended_GAM_adjusted,188.4955893162393,49.283144444444446,144.12820512820514,33726.0,6025650.1,0.1,169.64603038461536,207.34514824786322
Falken_Coche_Eco_0032,Coche | Eco,Coche_|_Eco_Community_01,Premium Leader,-1.5140368170252296,-1.4598953019722758,blended_GAM_adjusted,197.4083033472803,57.1190769874477,259.72640167364017,62074.61,11684982.74,0.15,167.79705784518825,227.01954884937234
Falken_Coche_Eco_0036,Coche | Eco,Coche_|_Eco_Community_02,Traffic Driver,-1.3986253085078315,-1.3717187480729671,blended_GAM_adjusted,201.0342281512605,53.03975714285714,238.8076050420168,56836.21,10858629.1,0.08,184.95148989915967,217.11696640336135
Falken_Coche_Eco_0077,Coche | Eco,Coche_|_Eco_Community_01,Premium Leader,-1.5262935830826805,-1.472397203350876,blended_GAM_adjusted,184.02207727272727,59.88092190082645,235.9626033057851,57102.95,10058451.77,0.15,156.41876568181817,211.62538886363635
Falken_Coche_Performance_0007,Coche | Performance,Coche_|_Performance_Community_02,Competitive Fighter,-1.0925215326006252,-1.1004645851325765,blended_GAM_adjusted,329.07258776371305,112.34164177215187,259.0197890295359,61387.69,19292109.27,0.1,296.16532898734175,361.9798465400844
Falken_Coche_Performance_0014,Coche | Performance,Coche_|_Performance_Community_01,Competitive Fighter,-1.0582978868577129,-1.0582978868577129,sku_hierarchical,381.1029545816733,94.3211828685259,126.3693625498008,31718.71,11578487.58,0.1,342.992659123506,419.21325003984066
Falken_Coche_Performance_0057,Coche | Performance,Coche_|_Performance_Community_01,Traffic Driver,-1.0040144138885578,-1.0040144138885578,sku_hierarchical,351.75966988416985,118.58360231660232,169.28988416988415,43846.08,14794838.23,0.08,323.61889629343625,379.90044347490345
Falken_Coche_Touring_0039,Coche | Touring,Coche_|_Touring_Community_02,Premium Leader,-1.812882616061869,-1.8458699788144608,blended_GAM_adjusted,145.5891718367347,46.40397551020408,300.24044897959186,73558.91,10038486.86,0.15,123.75079606122449,167.4275476122449
Falken_Furgoneta_Reforzado_0006,Furgoneta | Reforzado,Furgoneta_|_Reforzado_Community_03,KVI,-1.03482853589269,-1.0484184511439825,blended_GAM_adjusted,243.50527918367348,71.97416693877551,189.440693877551,46412.97,10890956.43,0.05,231.33001522448978,255.68054314285718
Falken_Furgoneta_Reforzado_0045,Furgoneta | Reforzado,Furgoneta_|_Reforzado_Community_01,Competitive Fighter,-1.0625702879629926,-1.0831632965497844,blended_GAM_adjusted,226.96069834710744,76.19741198347107,321.64797520661153,77838.81,16977842.169999998,0.1,204.2646285123967,249.6567681818182
Falken_Furgoneta_Reforzado_0048,Furgoneta | Reforzado,Furgoneta_|_Reforzado_Community_02,KVI,-1.03281879182542,-1.0696041422247045,blended_GAM_adjusted,223.623083805668,72.09862672064777,177.73959514170042,43901.68,9316001.24,0.05,212.44192961538457,234.8042379959514
Falken_Furgoneta_Reforzado_0051,Furgoneta | Reforzado,Furgoneta_|_Reforzado_Community_03,Premium Leader,-1.1380480223891334,-1.1537023273703546,blended_GAM_adjusted,252.22072326530613,71.74185959183674,309.80877551020404,75903.15,18347444.49,0.15,214.3876147755102,290.053831755102
Falken_Furgoneta_Standard_0054,Furgoneta | Standard,Furgoneta_|_Standard_Community_03,Traffic Driver,-1.3357833112833215,-1.2950606731614052,blended_GAM_adjusted,178.9070224489796,55.16827877551021,328.1657551020408,80400.61,13826612.44,0.08,164.59446065306125,193.219584244898
Falken_Industrial_Construcción Pesada_0003,Industrial | Construcción Pesada,Industrial_|_Construcción_Pesada_Community_01,Traffic Driver,-0.8185142257698625,-0.8407891515478226,blended_GAM_adjusted,2084.0057033333333,625.8013279166667,19.573,4697.52,9421288.16,0.08,1917.2852470666667,2250.7261596
Falken_Industrial_Construcción Pesada_0005,Industrial | Construcción Pesada,Industrial_|_Construcción_Pesada_Community_02,Premium Leader,-0.8900576755507019,-0.94973807858188,blended_GAM_adjusted,2036.9700481171544,741.6972343096235,29.65112970711297,7086.62,13986486.95,0.15,1731.4245408995812,2342.515555334727
Falken_Industrial_Construcción Pesada_0010,Industrial | Construcción Pesada,Industrial_|_Construcción_Pesada_Community_01,Premium Leader,-0.9104725607683628,-0.9345866532462928,blended_GAM_adjusted,1827.48686212766,615.8290540425531,59.86821276595745,14069.03,24717894.65,0.15,1553.363832808511,2101.609891446809
Falken_Industrial_Construcción Pesada_0060,Industrial | Construcción Pesada,Industrial_|_Construcción_Pesada_Community_01,Premium Leader,-0.9185818204700787,-0.9428580981420432,blended_GAM_adjusted,1681.5787983193277,647.5866693277311,62.28071428571428,14822.81,24023798.94,0.15,1429.3419785714284,1933.8156180672268
Falken_Industrial_Manipulación Ligera_0001,Industrial | Manipulación Ligera,Industrial_|_Manipulación_Ligera_Community_01,Premium Leader,-1.3203293283720112,-1.3477402606293436,blended_GAM_adjusted,348.4191792531121,96.64295352697096,194.2016597510373,46802.6,15485278.51,0.15,296.1563023651453,400.6820561410789
Falken_Industrial_Manipulación Ligera_0015,Industrial | Manipulación Ligera,Industrial_|_Manipulación_Ligera_Community_01,Competitive Fighter,-1.2947255777119313,-1.321624434956062,blended_GAM_adjusted,304.1955779116466,93.72433413654618,312.3444578313253,77773.77,22325729.99,0.1,273.7760201204819,334.61513570281124
Falken_Industrial_Manipulación Ligera_0019,Industrial | Manipulación Ligera,Industrial_|_Manipulación_Ligera_Community_02,Competitive Fighter,-1.2805144987972177,-1.2908427487870648,blended_GAM_adjusted,339.27229705882354,82.82805210084032,76.07516806722688,18105.89,5912445.5,0.1,305.3450673529412,373.1995267647059
Falken_Industrial_Manipulación Ligera_0026,Industrial | Manipulación Ligera,Industrial_|_Manipulación_Ligera_Community_02,Traffic Driver,-1.227129974444405,-1.2363905339471963,blended_GAM_adjusted,293.87812276422767,86.21944471544715,161.37780487804878,39698.94,11057705.58,0.08,270.3678729430895,317.3883725853659
Falken_Industrial_Manipulación Ligera_0077,Industrial | Manipulación Ligera,Industrial_|_Manipulación_Ligera_Community_03,Premium Leader,-1.3088450198342891,-1.308577949092848,blended_GAM_adjusted,329.9930889830509,104.37515169491526,202.31313559322035,47745.9,15008012.67,0.15,280.49412563559326,379.4920523305085
Falken_Industrial_Portuario/Especial_0029,Industrial | Portuario/Especial,Industrial_|_Portuario/Especial_Community_02,KVI,-0.6648569730046937,-0.6648569730046937,sku_hierarchical,5286.487991836734,2740.771730612245,0.8253877551020408,202.22,1040564.54,0.05,5022.163592244897,5550.812391428572
Falken_Industrial_Portuario/Especial_0039,Industrial | Portuario/Especial,Industrial_|_Portuario/Especial_Community_02,Competitive Fighter,-0.6853922109151884,-0.6853922109151884,sku_hierarchical,5159.6287451882845,2610.74800125523,0.5917573221757323,141.43,706089.91,0.1,4643.665870669456,5675.591619707114
Falken_Industrial_Portuario/Especial_0060,Industrial | Portuario/Especial,Industrial_|_Portuario/Especial_Community_01,Premium Leader,-0.713552418829601,-0.713552418829601,sku_hierarchical,5209.074476446281,2301.438167355372,0.2725619834710743,65.96,331757.21,0.15,4427.713304979338,5990.435647913222
Falken_Industrial_Portuario/Especial_0075,Industrial | Portuario/Especial,Industrial_|_Portuario/Especial_Community_01,Premium Leader,-0.7003765503183041,-0.7003765503183041,sku_hierarchical,5215.075831739131,2230.0677060869566,1.5941739130434784,366.66,1856913.78,0.15,4432.814456978262,5997.3372065
Falken_SUV / 4x4_All Terrain (A/T)_0023,SUV / 4x4 | All Terrain (A/T),SUV_/_4x4_|_All_Terrain_(A/T)_Community_03,Premium Leader,-1.3233403987543446,-1.3000370261862182,blended_GAM_adjusted,319.1892388,102.7920172,229.65204,57413.01,17423165.51,0.15,271.31085298,367.06762461999995
Falken_SUV / 4x4_All Terrain (A/T)_0034,SUV / 4x4 | All Terrain (A/T),SUV_/_4x4_|_All_Terrain_(A/T)_Community_02,Premium Leader,-1.316210227004018,-1.2777199287736756,blended_GAM_adjusted,351.52643621399176,106.90931604938272,231.25975308641975,56196.12,18829524.87,0.15,298.79747078189297,404.2554016460905
Falken_SUV / 4x4_All Terrain (A/T)_0079,SUV / 4x4 | All Terrain (A/T),SUV_/_4x4_|_All_Terrain_(A/T)_Community_03,Traffic Driver,-1.176545993819096,-1.1503067331522645,blended_GAM_adjusted,374.1647935622318,82.5745008583691,138.0833905579399,32173.43,11562324.32,0.08,344.23161007725326,404.0979770472104
Falken_SUV / 4x4_Highway Terrain (H/T)_0031,SUV / 4x4 | Highway Terrain (H/T),SUV_/_4x4_|_Highway_Terrain_(H/T)_Community_03,Traffic Driver,-1.572626650423412,-1.5438060788824566,blended_GAM_adjusted,248.718493902439,68.92037845528456,132.11020325203253,32499.11,7668409.02,0.08,228.8210143902439,268.61597341463414
Falken_SUV / 4x4_Highway Terrain (H/T)_0052,SUV / 4x4 | Highway Terrain (H/T),SUV_/_4x4_|_Highway_Terrain_(H/T)_Community_02,Traffic Driver,-1.5452993251020333,-1.555482514333841,blended_GAM_adjusted,212.4081334710744,69.01578388429752,181.0444214876033,43812.75,8729257.27,0.08,195.41548279338846,229.40078414876035
Falken_SUV / 4x4_Mud Terrain (M/T)_0015,SUV / 4x4 | Mud Terrain (M/T),SUV_/_4x4_|_Mud_Terrain_(M/T)_Community_02,Premium Leader,-0.9899648057178108,-0.9899648057178108,sku_hierarchical,460.24,113.6885,92.03162393162394,21535.4,9594495.48,0.15,391.204,529.276
Falken_SUV / 4x4_Mud Terrain (M/T)_0044,SUV / 4x4 | Mud Terrain (M/T),SUV_/_4x4_|_Mud_Terrain_(M/T)_Community_01,Traffic Driver,-0.877838356864977,-0.8486125942645245,blended_GAM_adjusted,431.8558520661157,128.37747396694215,68.57677685950412,16595.579999999998,6990933.98,0.08,397.30738390082644,466.404320231405
Falken_SUV / 4x4_Mud Terrain (M/T)_0055,SUV / 4x4 | Mud Terrain (M/T),SUV_/_4x4_|_Mud_Terrain_(M/T)_Community_02,Competitive Fighter,-0.9772047861315264,-0.9772047861315264,sku_hierarchical,390.32531693548384,132.87043467741935,234.48701612903224,58152.78,21808689.05,0.1,351.29278524193546,429.3578486290323
Falken_SUV / 4x4_Mud Terrain (M/T)_0079,SUV / 4x4 | Mud Terrain (M/T),SUV_/_4x4_|_Mud_Terrain_(M/T)_Community_02,Premium Leader,-1.0153386764560597,-1.0153386764560597,sku_hierarchical,457.3794839506173,133.2585744855967,189.28609053497945,45996.52,20159660.98,0.15,388.77256135802475,525.9864065432099
Firestone_Agrícola_Implementos_0000,Agrícola | Implementos,Agrícola_|_Implementos_Community_02,Competitive Fighter,-1.199577062980535,-1.186891166626491,blended_GAM_adjusted,611.230787398374,184.9089085365854,115.86239837398377,28502.15,16499581.67,0.1,550.1077086585366,672.3538661382114
Firestone_Agrícola_Implementos_0064,Agrícola | Implementos,Agrícola_|_Implementos_Community_02,Competitive Fighter,-1.1735347788559267,-1.160328036819391,blended_GAM_adjusted,640.832558436214,195.83480658436213,137.91798353909465,33514.07,20412803.87,0.1,576.7493025925926,704.9158142798354
Firestone_Agrícola_Implementos_0070,Agrícola | Implementos,Agrícola_|_Implementos_Community_02,Competitive Fighter,-1.1744895136728104,-1.161301866332612,blended_GAM_adjusted,597.9212681034483,172.88934612068965,113.14866379310344,26250.49,15014705.73,0.1,538.1291412931034,657.7133949137931
Firestone_Agrícola_Implementos_0073,Agrícola | Implementos,Agrícola_|_Implementos_Community_02,Traffic Driver,-1.1104805536868496,-1.096012727146932,blended_GAM_adjusted,630.5200145228216,187.87800456431532,84.47900414937759,20359.44,12309650.16,0.08,580.0784133609959,680.9616156846474
Firestone_Agrícola_Premium Radial_0013,Agrícola | Premium Radial,Agrícola_|_Premium_Radial_Community_03,Premium Leader,-0.8098104955331711,-0.8098104955331711,sku_hierarchical,1724.5375908333333,659.0532620833333,34.638875,8313.33,13797934.52,0.15,1465.8569522083333,1983.218229458333
Firestone_Agrícola_Tractor_0014,Agrícola | Tractor,Agrícola_|_Tractor_Community_03,KVI,-0.8927861174711719,-0.9597288156857494,blended_GAM_adjusted,1118.2195821011674,271.5382490272374,60.51272373540856,15551.77,16852740.1,0.05,1062.308602996109,1174.1305612062258
Firestone_Agrícola_Tractor_0039,Agrícola | Tractor,Agrícola_|_Tractor_Community_03,Competitive Fighter,-0.945137627338782,-1.013127355750712,blended_GAM_adjusted,1118.0682020746888,336.41336307053945,128.69427385892115,31015.32,33422071.52,0.1,1006.2613818672199,1229.8750222821577
Firestone_Camión_Long Haul_0052,Camión | Long Haul,Camión_|_Long_Haul_Community_02,Competitive Fighter,-0.9321941881068956,-0.9199798771022466,blended_GAM_adjusted,649.8505037344398,190.07243402489627,222.25485477178424,53563.42,33665492.08,0.1,584.8654533609958,714.8355541078839
Firestone_Camión_Obras / Mixto_0028,Camión | Obras / Mixto,Camión_|_Obras_/_Mixto_Community_02,Premium Leader,-0.835560978763168,-0.835560978763168,sku_hierarchical,739.8677572580644,224.7026068548387,178.83399193548388,44350.83,32040109.45,0.15,628.8875936693547,850.8479208467741
Firestone_Camión_Regional_0001,Camión | Regional,Camión_|_Regional_Community_02,Competitive Fighter,-1.0517028992982862,-1.0674045113320465,blended_GAM_adjusted,672.7215662698413,209.55598174603176,95.68484126984129,24112.58,15649352.61,0.1,605.4494096428572,739.9937228968255
Firestone_Camión_Regional_0029,Camión | Regional,Camión_|_Regional_Community_03,Competitive Fighter,-1.054174230175005,-1.0048063781160204,blended_GAM_adjusted,641.8683684647302,162.53333402489625,94.83253112033196,22854.64,14062002.94,0.1,577.6815316182572,706.0552053112033
Firestone_Camión_Regional_0038,Camión | Regional,Camión_|_Regional_Community_03,Traffic Driver,-0.9765263426276016,-0.9256055328176688,blended_GAM_adjusted,687.717382278481,186.49399789029536,36.86611814345992,8737.27,5817897.32,0.08,632.6999916962025,742.7347728607594
Firestone_Camión_Regional_0056,Camión | Regional,Camión_|_Regional_Community_02,Traffic Driver,-0.984400346871087,-0.998755907856303,blended_GAM_adjusted,692.6752465811966,188.69291025641027,40.71162393162393,9526.52,6440766.33,0.08,637.2612268547009,748.0892663076924
Firestone_Camión_Regional_0068,Camión | Regional,Camión_|_Regional_Community_01,Premium Leader,-1.1046920841603285,-1.1046920841603285,sku_hierarchical,592.2044995951417,203.31746396761133,149.9643724696356,37041.2,21340710.69,0.15,503.3738246558704,681.0351745344128
Firestone_Coche_Budget_0023,Coche | Budget,Coche_|_Budget_Community_02,Premium Leader,-2.567049106402208,-2.517576363584323,blended_GAM_adjusted,96.0010717948718,28.56658931623932,387.59628205128206,90697.53,8168087.21,0.15,81.60091102564103,110.40123256410257
Firestone_Coche_Budget_0061,Coche | Budget,Coche_|_Budget_Community_01,Competitive Fighter,-2.520671974501682,-2.714883472687986,blended_GAM_adjusted,101.07752573839662,29.96097004219409,166.604388185654,39485.24,3650523.27,0.1,90.96977316455695,111.18527831223629
Firestone_Coche_Budget_0067,Coche | Budget,Coche_|_Budget_Community_02,Premium Leader,-2.621608186240208,-2.573226625019083,blended_GAM_adjusted,105.3482717131474,29.58982988047809,343.04099601593623,86103.29,8119466.3,0.15,89.54603095617529,121.1505124701195
Firestone_Coche_Eco_0008,Coche | Eco,Coche_|_Eco_Community_02,Competitive Fighter,-1.4628581673454877,-1.4372362640873764,blended_GAM_adjusted,177.77434083333335,58.54536,226.25266666666667,54300.64,9070275.43,0.1,159.99690675000002,195.55177491666672
Firestone_Coche_Eco_0033,Coche | Eco,Coche_|_Eco_Community_02,Competitive Fighter,-1.4293567178184257,-1.4030647855697735,blended_GAM_adjusted,181.33627605042017,56.612835294117644,395.43046218487393,94112.45,16189973.08,0.1,163.20264844537814,199.4699036554622
Firestone_Coche_Eco_0042,Coche | Eco,Coche_|_Eco_Community_02,Competitive Fighter,-1.4294759440412552,-1.4031863963170594,blended_GAM_adjusted,192.50712510121457,58.68777125506072,437.1356680161943,107972.51,19439887.3,0.1,173.25641259109312,211.75783761133604
Firestone_Coche_Eco_0048,Coche | Eco,Coche_|_Eco_Community_01,Premium Leader,-1.4719915878197083,-1.4170091681826442,blended_GAM_adjusted,192.4317207317073,62.40756666666667,267.844593495935,65889.77,12041082.44,0.15,163.56696262195118,221.29647884146337
Firestone_Coche_Eco_0064,Coche | Eco,Coche_|_Eco_Community_01,Premium Leader,-1.4986505653630295,-1.444201325276832,blended_GAM_adjusted,199.40829333333332,47.36511083333333,127.7365,30656.76,5761241.5,0.15,169.4970493333333,229.3195373333333
Firestone_Coche_Eco_0068,Coche | Eco,Coche_|_Eco_Community_01,Traffic Driver,-1.3815751779131196,-1.3247844300779237,blended_GAM_adjusted,196.26378137651824,41.88835384615385,152.01995951417004,37548.93,7101247.21,0.08,180.5626788663968,211.9648838866397
Firestone_Coche_Performance_0018,Coche | Performance,Coche_|_Performance_Community_01,Competitive Fighter,-1.051861795390851,-1.051861795390851,sku_hierarchical,379.3821108695652,96.76896608695652,85.51065217391304,19667.45,7089544.73,0.1,341.4438997826087,417.32032195652175
Firestone_Coche_Touring_0016,Coche | Touring,Coche_|_Touring_Community_02,Traffic Driver,-1.7095050829262102,-1.7404248950160883,blended_GAM_adjusted,165.40096958333334,52.348454583333336,220.97441666666663,53033.86,8219536.66,0.08,152.1688920166667,178.63304715
Firestone_Coche_Touring_0046,Coche | Touring,Coche_|_Touring_Community_02,Competitive Fighter,-1.7738092221680115,-1.806015117042726,blended_GAM_adjusted,151.54864360000002,43.0142904,190.07288,47518.22,6745380.89,0.1,136.39377924000001,166.70350796000002
Firestone_Furgoneta_Reforzado_0004,Furgoneta | Reforzado,Furgoneta_|_Reforzado_Community_01,Competitive Fighter,-1.0568479491422074,-1.0773265109525834,blended_GAM_adjusted,228.51772978723403,66.51412170212767,205.82421276595747,48368.69,10549813.17,0.1,205.66595680851063,251.36950276595746
Firestone_Furgoneta_Reforzado_0017,Furgoneta | Reforzado,Furgoneta_|_Reforzado_Community_01,Competitive Fighter,-1.0816298287888704,-1.1026040281921796,blended_GAM_adjusted,252.42467264957264,78.55181666666667,252.30461538461535,59039.28,14135018.72,0.1,227.18220538461537,277.6671399145299
Firestone_Furgoneta_Reforzado_0024,Furgoneta | Reforzado,Furgoneta_|_Reforzado_Community_01,Traffic Driver,-0.971186375538863,-0.9899517058771722,blended_GAM_adjusted,246.38880588235293,70.37055336134453,177.48445378151263,42241.3,10045863.73,0.08,226.6777014117647,266.09991035294115
Firestone_Furgoneta_Reforzado_0040,Furgoneta | Reforzado,Furgoneta_|_Reforzado_Community_03,Premium Leader,-1.1549224403765197,-1.1709142337174885,blended_GAM_adjusted,262.9232768240344,74.77699656652361,201.22326180257508,46885.02,11810790.86,0.15,223.48478530042925,302.36176834763955
Firestone_Furgoneta_Standard_0002,Furgoneta | Standard,Furgoneta_|_Standard_Community_03,Premium Leader,-1.4107657395873283,-1.371542750031492,blended_GAM_adjusted,167.84220162601628,46.09585894308943,250.55585365853656,61636.74,9933516.96,0.15,142.66587138211383,193.0185318699187
Firestone_Furgoneta_Standard_0029,Furgoneta | Standard,Furgoneta_|_Standard_Community_01,Competitive Fighter,-1.3552469924547053,-1.355308422328476,blended_GAM_adjusted,157.65625291666666,57.95107,442.5844166666666,106220.26,15859906.12,0.1,141.890627625,173.42187820833334
Firestone_Furgoneta_Standard_0036,Furgoneta | Standard,Furgoneta_|_Standard_Community_02,Premium Leader,-1.4006393074580512,-1.3410071964164865,blended_GAM_adjusted,172.8635530612245,52.62011959183673,244.33910204081636,59863.08,9815280.0,0.15,146.93402010204082,198.79308602040817
Firestone_Industrial_Construcción Pesada_0049,Industrial | Construcción Pesada,Industrial_|_Construcción_Pesada_Community_03,KVI,-0.8555959812984123,-0.8555959812984123,sku_hierarchical,1774.6550020491802,546.2340418032787,49.1258606557377,11986.71,20372518.06,0.05,1685.9222519467212,1863.3877521516392
Firestone_Industrial_Construcción Pesada_0065,Industrial | Construcción Pesada,Industrial_|_Construcción_Pesada_Community_01,Traffic Driver,-0.851223150019593,-0.8741522542825477,blended_GAM_adjusted,1834.8623852,575.2856356000001,41.2708,10317.7,18255016.48,0.08,1688.073394384,1981.651376016
Firestone_Industrial_Construcción Pesada_0069,Industrial | Construcción Pesada,Industrial_|_Construcción_Pesada_Community_01,Traffic Driver,-0.7733804831718025,-0.7947527340978014,blended_GAM_adjusted,1935.008216535433,562.5055216535433,18.975866141732283,4819.87,9056716.44,0.08,1780.2075592125984,2089.808873858268
Firestone_Industrial_Manipulación Ligera_0010,Industrial | Manipulación Ligera,Industrial_|_Manipulación_Ligera_Community_03,Traffic Driver,-1.2347722985011509,-1.233023773333047,blended_GAM_adjusted,333.977474590164,105.36343975409837,355.500737704918,86742.18,27724192.95,0.08,307.2592766229509,360.6956725573771
Firestone_SUV / 4x4_All Terrain (A/T)_0014,SUV / 4x4 | All Terrain (A/T),SUV_/_4x4_|_All_Terrain_(A/T)_Community_01,Competitive Fighter,-1.2982887790819149,-1.26670574227513,blended_GAM_adjusted,314.4124959677419,97.75674516129033,90.4939112903226,22442.49,6758069.56,0.1,282.9712463709677,345.85374556451615
Firestone_SUV / 4x4_All Terrain (A/T)_0016,SUV / 4x4 | All Terrain (A/T),SUV_/_4x4_|_All_Terrain_(A/T)_Community_03,Premium Leader,-1.381665278132442,-1.3595284031518773,blended_GAM_adjusted,383.88292107438014,90.71825826446282,215.72995867768597,52206.65,19146594.93,0.15,326.3004829132231,441.4653592355371
Firestone_SUV / 4x4_Mud Terrain (M/T)_0010,SUV / 4x4 | Mud Terrain (M/T),SUV_/_4x4_|_Mud_Terrain_(M/T)_Community_01,Competitive Fighter,-0.9506449390465715,-0.9228753080897508,blended_GAM_adjusted,456.3131920168067,109.79624075630252,166.86672268907563,39714.28,17448153.64,0.1,410.68187281512604,501.9445112184874
Fulda_Agrícola_Implementos_0017,Agrícola | Implementos,Agrícola_|_Implementos_Community_01,KVI,-1.1544944846898288,-1.1272955580822954,blended_GAM_adjusted,594.1617317991632,175.0139560669456,103.696820083682,24783.54,14125349.76,0.05,564.4536452092051,623.8698183891214
Fulda_Agrícola_Implementos_0018,Agrícola | Implementos,Agrícola_|_Implementos_Community_02,Competitive Fighter,-1.1722716313461785,-1.1590396263594474,blended_GAM_adjusted,667.8959387234044,200.3720421276596,202.37340425531917,47557.75,30608940.62,0.1,601.1063448510639,734.6855325957448
Fulda_Agrícola_Implementos_0027,Agrícola | Implementos,Agrícola_|_Implementos_Community_02,Premium Leader,-1.2604084318523006,-1.2489391628756918,blended_GAM_adjusted,630.9389132,209.8468248,271.53896000000003,67884.74,40963800.28,0.15,536.29807622,725.5797501799999
Fulda_Agrícola_Implementos_0048,Agrícola | Implementos,Agrícola_|_Implementos_Community_01,Competitive Fighter,-1.1928884312676236,-1.166457383591646,blended_GAM_adjusted,635.1483168776371,183.7630620253165,144.89898734177214,34341.06,20642014.8,0.1,571.6334851898733,698.6631485654008
Fulda_Agrícola_Implementos_0077,Agrícola | Implementos,Agrícola_|_Implementos_Community_02,KVI,-1.142199639032062,-1.1283661941990484,blended_GAM_adjusted,707.2011251028807,167.28303950617283,57.1319341563786,13883.06,9294658.12,0.05,671.8410688477367,742.5611813580248
Fulda_Agrícola_Premium Radial_0025,Agrícola | Premium Radial,Agrícola_|_Premium_Radial_Community_01,Competitive Fighter,-0.7602814189204746,-0.7602814189204746,sku_hierarchical,1955.1855050420168,545.437443697479,53.908109243697474,12830.13,24430901.68,0.1,1759.6669545378152,2150.7040555462186
Fulda_Agrícola_Premium Radial_0033,Agrícola | Premium Radial,Agrícola_|_Premium_Radial_Community_01,Premium Leader,-0.8045010539347823,-0.8045010539347823,sku_hierarchical,1910.8117088353413,506.6424670682731,30.19951807228916,7519.68,13921920.4,0.15,1624.18995251004,2197.4334651606423
Fulda_Camión_Long Haul_0020,Camión | Long Haul,Camión_|_Long_Haul_Community_01,Competitive Fighter,-0.9407687159031528,-0.9607782070617862,blended_GAM_adjusted,616.0215917012448,176.66105145228215,130.93817427385892,31556.1,18772087.32,0.1,554.4194325311204,677.6237508713693
Fulda_Camión_Obras / Mixto_0022,Camión | Obras / Mixto,Camión_|_Obras_/_Mixto_Community_02,Premium Leader,-0.8428554048720649,-0.8428554048720649,sku_hierarchical,783.6924941422594,221.254540167364,251.96569037656903,60219.8,45592801.58,0.15,666.1386200209205,901.2463682635982
Fulda_Camión_Obras / Mixto_0045,Camión | Obras / Mixto,Camión_|_Obras_/_Mixto_Community_01,Competitive Fighter,-0.8130547195047636,-0.8130547195047636,sku_hierarchical,766.2918139240506,249.2501181434599,28.5468776371308,6765.61,5058266.08,0.1,689.6626325316456,842.9209953164558
Fulda_Camión_Obras / Mixto_0072,Camión | Obras / Mixto,Camión_|_Obras_/_Mixto_Community_03,KVI,-0.8011256630493474,-0.8011256630493474,sku_hierarchical,739.1979563492064,254.57481825396823,41.66003968253968,10498.33,7590671.53,0.05,702.238058531746,776.1578541666668
Fulda_Camión_Obras / Mixto_0078,Camión | Obras / Mixto,Camión_|_Obras_/_Mixto_Community_01,Premium Leader,-0.8378444178145186,-0.8378444178145186,sku_hierarchical,838.9660578313253,235.5390236947791,96.2140562248996,23957.3,19347084.21,0.15,713.1211491566265,964.810966506024
Fulda_Camión_Regional_0007,Camión | Regional,Camión_|_Regional_Community_02,Competitive Fighter,-1.08102449976126,-1.0973125438042797,blended_GAM_adjusted,610.9820521739131,201.37583260869565,250.72395652173915,57666.51,33982607.38,0.1,549.8838469565218,672.0802573913045
Fulda_Camión_Regional_0023,Camión | Regional,Camión_|_Regional_Community_03,Traffic Driver,-0.9624720361266008,-0.9112701401866478,blended_GAM_adjusted,577.0212382978724,153.5869085106383,119.55838297872342,28096.22,15619131.82,0.08,530.8595392340426,623.1829373617022
Fulda_Camión_Regional_0028,Camión | Regional,Camión_|_Regional_Community_02,Competitive Fighter,-1.0505583639887373,-1.066237085316306,blended_GAM_adjusted,618.7002491596638,196.24296092436973,223.32810924369747,53152.09,31850270.18,0.1,556.8302242436974,680.5702740756302
Fulda_Camión_Regional_0044,Camión | Regional,Camión_|_Regional_Community_01,KVI,-1.028725273901451,-1.028725273901451,sku_hierarchical,644.714398340249,217.2370062240664,49.16311203319502,11848.31,7380038.59,0.05,612.4786784232365,676.9501182572615
Fulda_Camión_Regional_0065,Camión | Regional,Camión_|_Regional_Community_02,Premium Leader,-1.1043866843863102,-1.1211419721218303,blended_GAM_adjusted,608.1753962809917,175.38018099173553,170.14264462809916,41174.52,24056874.88,0.15,516.9490868388428,699.4017057231404
Fulda_Coche_Budget_0000,Coche | Budget,Coche_|_Budget_Community_02,Competitive Fighter,-2.5278812235514936,-2.477625123076595,blended_GAM_adjusted,93.87427649572648,28.16571752136752,126.20115384615384,29531.07,2518380.98,0.1,84.48684884615383,103.26170414529913
Fulda_Coche_Budget_0016,Coche | Budget,Coche_|_Budget_Community_01,Competitive Fighter,-2.5277296086418644,-2.722082259510972,blended_GAM_adjusted,97.34436034482758,26.1065400862069,434.4256034482759,100786.74,8785804.93,0.1,87.60992431034482,107.07879637931035
Fulda_Coche_Budget_0037,Coche | Budget,Coche_|_Budget_Community_03,Premium Leader,-2.583454797376803,-2.6791927171021035,blended_GAM_adjusted,96.84587958333331,33.267093333333335,327.11245833333334,78506.99,6982383.98,0.15,82.31899764583332,111.37276152083331
Fulda_Coche_Budget_0051,Coche | Budget,Coche_|_Budget_Community_03,Premium Leader,-2.614567267291223,-2.710927436414812,blended_GAM_adjusted,103.7469306122449,25.994948163265303,242.25697959183677,59352.96,5622384.55,0.15,88.18489102040816,119.30897020408162
Fulda_Coche_Budget_0066,Coche | Budget,Coche_|_Budget_Community_02,Competitive Fighter,-2.5403394681900124,-2.490332532607884,blended_GAM_adjusted,98.43407408906884,30.9689016194332,354.91842105263163,87664.85,7685130.47,0.1,88.59066668016196,108.27748149797574
Fulda_Coche_Eco_0023,Coche | Eco,Coche_|_Eco_Community_01,KVI,-1.411336865208636,-1.3551413511193502,blended_GAM_adjusted,188.6523349593496,49.0760150406504,331.38918699187,81521.74,14631235.16,0.05,179.2197182113821,198.0849517073171
Fulda_Coche_Eco_0041,Coche | Eco,Coche_|_Eco_Community_02,Premium Leader,-1.5561037165116498,-1.532346724236862,blended_GAM_adjusted,179.06661158798283,63.302177253218886,306.93776824034336,71516.5,12064233.18,0.15,152.2066198497854,205.92660332618024
Fulda_Coche_Eco_0065,Coche | Eco,Coche_|_Eco_Community_01,Competitive Fighter,-1.439299360385583,-1.3836630961998364,blended_GAM_adjusted,161.95797222222222,54.404826495726496,94.83675213675214,22191.8,3432872.71,0.1,145.762175,178.15376944444446
Fulda_Coche_Performance_0036,Coche | Performance,Coche_|_Performance_Community_02,Traffic Driver,-0.9920111529229728,-0.9979439978613712,blended_GAM_adjusted,339.06040163265305,88.95101020408164,155.02191836734696,37980.37,12376906.23,0.08,311.93556950204083,366.18523376326533
Fulda_Furgoneta_Reforzado_0019,Furgoneta | Reforzado,Furgoneta_|_Reforzado_Community_02,Premium Leader,-1.1239365635354142,-1.162544269368898,blended_GAM_adjusted,232.9819548117155,63.17019874476988,250.52251046025103,59874.88,13340136.31,0.15,198.03466158995818,267.9292480334728
Fulda_Furgoneta_Reforzado_0020,Furgoneta | Reforzado,Furgoneta_|_Reforzado_Community_03,Competitive Fighter,-1.0640433813290204,-1.0782175934890394,blended_GAM_adjusted,245.41143414634143,82.26329715447156,178.59016260162602,43933.18,10434210.3,0.1,220.87029073170729,269.9525775609756
Fulda_Furgoneta_Reforzado_0023,Furgoneta | Reforzado,Furgoneta_|_Reforzado_Community_02,Traffic Driver,-1.0204016740809527,-1.0569386821253477,blended_GAM_adjusted,256.747987654321,66.81848518518518,94.40053497942388,22939.33,5663230.27,0.08,236.2081486419753,277.28782666666666
Fulda_Furgoneta_Reforzado_0052,Furgoneta | Reforzado,Furgoneta_|_Reforzado_Community_03,Traffic Driver,-0.9519180495678432,-0.9638497550926388,blended_GAM_adjusted,239.96395982905983,66.88018376068376,133.90294871794873,31333.29,7268179.18,0.08,220.76684304273505,259.1610766153846
Fulda_Furgoneta_Reforzado_0058,Furgoneta | Reforzado,Furgoneta_|_Reforzado_Community_01,Traffic Driver,-1.0019620490755068,-1.021342892884549,blended_GAM_adjusted,260.8307413934426,59.404345081967215,89.26758196721312,21781.29,5538602.38,0.08,239.9642820819672,281.69720070491803
Fulda_Furgoneta_Standard_0001,Furgoneta | Standard,Furgoneta_|_Standard_Community_03,Premium Leader,-1.4002846573425274,-1.3608520461417946,blended_GAM_adjusted,166.65336991869918,54.04053739837399,407.87353658536585,100336.89,15962437.2,0.15,141.6553644308943,191.65137540650406
Fulda_Industrial_Construcción Pesada_0051,Industrial | Construcción Pesada,Industrial_|_Construcción_Pesada_Community_01,Competitive Fighter,-0.8787092856661295,-0.9021881126420148,blended_GAM_adjusted,2048.3230851851854,610.1027386831275,38.638806584362136,9389.23,18594459.17,0.1,1843.490776666667,2253.1553937037042
Fulda_Industrial_Manipulación Ligera_0012,Industrial | Manipulación Ligera,Industrial_|_Manipulación_Ligera_Community_01,Traffic Driver,-1.2440534147534468,-1.269938828738408,blended_GAM_adjusted,357.8913898305085,100.1301652542373,171.14313559322034,40389.78,13763949.27,0.08,329.26007864406785,386.5227010169492
Fulda_Industrial_Manipulación Ligera_0023,Industrial | Manipulación Ligera,Industrial_|_Manipulación_Ligera_Community_01,Premium Leader,-1.30362427736856,-1.3307011086058231,blended_GAM_adjusted,313.8189564102564,86.65415085470086,104.7084188034188,24501.77,7312587.27,0.15,266.74611294871795,360.89179987179483
Fulda_Industrial_Manipulación Ligera_0028,Industrial | Manipulación Ligera,Industrial_|_Manipulación_Ligera_Community_01,Competitive Fighter,-1.2845012262810511,-1.3111955964965645,blended_GAM_adjusted,325.36883666666665,95.56933208333334,207.13975,49713.54,15351613.08,0.1,292.831953,357.90572033333336
Fulda_Industrial_Manipulación Ligera_0053,Industrial | Manipulación Ligera,Industrial_|_Manipulación_Ligera_Community_01,Competitive Fighter,-1.2659262140849303,-1.2922490840565208,blended_GAM_adjusted,303.64935042372883,93.81188601694916,264.02690677966103,62310.35,17899810.66,0.1,273.284415381356,334.01428546610174
Fulda_Industrial_Portuario/Especial_0009,Industrial | Portuario/Especial,Industrial_|_Portuario/Especial_Community_02,Premium Leader,-0.6985585838824429,-0.6985585838824429,sku_hierarchical,4978.084135714285,2534.6311962184877,1.0541176470588236,250.88,1206538.65,0.15,4231.371515357142,5724.796756071428
Fulda_Industrial_Portuario/Especial_0052,Industrial | Portuario/Especial,Industrial_|_Portuario/Especial_Community_01,KVI,-0.647998645268765,-0.647998645268765,sku_hierarchical,5503.424364,2736.2544484,1.23392,308.48,1660196.87,0.05,5228.2531458,5778.5955822000005
Fulda_Industrial_Portuario/Especial_0055,Industrial | Portuario/Especial,Industrial_|_Portuario/Especial_Community_03,Competitive Fighter,-0.6744967998129546,-0.6744967998129546,sku_hierarchical,5383.575871982758,2336.7060616379317,1.534051724137931,355.9,1863538.1,0.1,4845.218284784482,5921.933459181035
Fulda_Industrial_Portuario/Especial_0057,Industrial | Portuario/Especial,Industrial_|_Portuario/Especial_Community_01,Competitive Fighter,-0.6904030519839728,-0.6904030519839728,sku_hierarchical,6022.5786602362205,2441.38864488189,0.7420866141732284,188.49,1102378.27,0.1,5420.320794212598,6624.836526259843
Fulda_SUV / 4x4_All Terrain (A/T)_0039,SUV / 4x4 | All Terrain (A/T),SUV_/_4x4_|_All_Terrain_(A/T)_Community_01,Competitive Fighter,-1.2830663830018945,-1.2511788982735093,blended_GAM_adjusted,350.5776315352697,93.28264232365144,100.37373443983402,24190.07,8067801.24,0.1,315.51986838174275,385.6353946887967
Fulda_SUV / 4x4_All Terrain (A/T)_0065,SUV / 4x4 | All Terrain (A/T),SUV_/_4x4_|_All_Terrain_(A/T)_Community_03,Competitive Fighter,-1.2944840444972476,-1.2706035448439792,blended_GAM_adjusted,326.0135621513944,96.20972390438249,82.20099601593625,20632.45,6433831.76,0.1,293.41220593625496,358.61491836653386
Fulda_SUV / 4x4_Highway Terrain (H/T)_0018,SUV / 4x4 | Highway Terrain (H/T),SUV_/_4x4_|_Highway_Terrain_(H/T)_Community_02,Competitive Fighter,-1.6246730488876582,-1.6364437125951787,blended_GAM_adjusted,249.25108015873016,73.87055277777777,221.4847619047619,55814.16,13297392.71,0.1,224.32597214285715,274.1761881746032
Fulda_SUV / 4x4_Highway Terrain (H/T)_0062,SUV / 4x4 | Highway Terrain (H/T),SUV_/_4x4_|_Highway_Terrain_(H/T)_Community_01,Traffic Driver,-1.5427014789238254,-1.5427014789238254,sku_hierarchical,195.26080406504065,59.57695040650407,216.2311382113821,53192.86,9940991.19,0.08,179.6399397398374,210.8816683902439
Fulda_SUV / 4x4_Mud Terrain (M/T)_0026,SUV / 4x4 | Mud Terrain (M/T),SUV_/_4x4_|_Mud_Terrain_(M/T)_Community_01,Traffic Driver,-0.9154956626864188,-0.8870230462023948,blended_GAM_adjusted,393.316941563786,119.83914320987655,114.25341563786009,27763.58,10496244.78,0.08,361.8515862386831,424.7822968888889
Fulda_SUV / 4x4_Mud Terrain (M/T)_0031,SUV / 4x4 | Mud Terrain (M/T),SUV_/_4x4_|_Mud_Terrain_(M/T)_Community_02,Competitive Fighter,-0.9722364775859575,-0.9722364775859575,sku_hierarchical,391.5660433333333,93.32052083333332,104.80425,25153.02,9572620.34,0.1,352.40943899999996,430.72264766666666
Fulda_SUV / 4x4_Mud Terrain (M/T)_0056,SUV / 4x4 | Mud Terrain (M/T),SUV_/_4x4_|_Mud_Terrain_(M/T)_Community_01,Competitive Fighter,-0.9829248349078178,-0.955800801868222,blended_GAM_adjusted,388.31704512195125,124.59780975609756,260.5335365853659,64091.25,23995046.81,0.1,349.4853406097561,427.14874963414644
Fulda_SUV / 4x4_Mud Terrain (M/T)_0076,SUV / 4x4 | Mud Terrain (M/T),SUV_/_4x4_|_Mud_Terrain_(M/T)_Community_01,Competitive Fighter,-0.9863334189831672,-0.9592775576250784,blended_GAM_adjusted,437.9873589430894,127.1419662601626,238.6141056910569,58699.07,24729568.31,0.1,394.18862304878047,481.7860948373984
Fulda_SUV / 4x4_Mud Terrain (M/T)_0078,SUV / 4x4 | Mud Terrain (M/T),SUV_/_4x4_|_Mud_Terrain_(M/T)_Community_01,Traffic Driver,-0.9174803716266968,-0.8890474493214785,blended_GAM_adjusted,435.1290159183674,134.12718857142858,131.44857142857143,32204.9,13585812.14,0.08,400.318694644898,469.9393371918368
GT Radial_Agrícola_Premium Radial_0020,Agrícola | Premium Radial,Agrícola_|_Premium_Radial_Community_03,Competitive Fighter,-0.7598213740655957,-0.7598213740655957,sku_hierarchical,1712.5671629787234,576.2420344680851,34.90502127659575,8202.68,13680491.96,0.1,1541.310446680851,1883.823879276596
GT Radial_Agrícola_Premium Radial_0032,Agrícola | Premium Radial,Agrícola_|_Premium_Radial_Community_03,Competitive Fighter,-0.7465483650035855,-0.7465483650035855,sku_hierarchical,1743.096596103896,676.6109255411255,17.763160173160173,4103.29,6938964.37,0.1,1568.7869364935063,1917.4062557142856
GT Radial_Agrícola_Premium Radial_0038,Agrícola | Premium Radial,Agrícola_|_Premium_Radial_Community_03,Premium Leader,-0.8239001490507635,-0.8239001490507635,sku_hierarchical,1626.1240705128205,651.5710162393162,55.4191452991453,12968.08,20413890.93,0.15,1382.2054599358974,1870.0426810897434
GT Radial_Agrícola_Premium Radial_0048,Agrícola | Premium Radial,Agrícola_|_Premium_Radial_Community_03,Premium Leader,-0.8119046980676449,-0.8119046980676449,sku_hierarchical,1501.750352813853,715.1311177489177,27.086233766233768,6256.92,9012943.03,0.15,1276.487799891775,1727.0129057359306
GT Radial_Agrícola_Premium Radial_0079,Agrícola | Premium Radial,Agrícola_|_Premium_Radial_Community_01,Competitive Fighter,-0.7310652022731532,-0.7310652022731532,sku_hierarchical,2126.6952312,814.8270756,11.09632,2774.08,5774384.78,0.1,1914.02570808,2339.36475432
GT Radial_Agrícola_Tractor_0050,Agrícola | Tractor,Agrícola_|_Tractor_Community_02,Competitive Fighter,-0.9300533656941046,-0.9910754356053848,blended_GAM_adjusted,1157.0986733606558,337.507956147541,55.23139344262295,13476.46,14875893.59,0.1,1041.3888060245902,1272.8085406967214
GT Radial_Camión_Long Haul_0011,Camión | Long Haul,Camión_|_Long_Haul_Community_03,Traffic Driver,-0.8561379360112761,-0.8561379360112761,sku_hierarchical,646.0760748917749,189.75782727272727,195.05930735930733,45058.7,28360909.91,0.08,594.3899889004329,697.7621608831168
GT Radial_Camión_Long Haul_0027,Camión | Long Haul,Camión_|_Long_Haul_Community_03,Competitive Fighter,-0.9383661059861584,-0.9383661059861584,sku_hierarchical,612.3010333333334,219.9038951219512,207.6378048780488,51078.9,30389219.54,0.1,551.0709300000001,673.5311366666668
GT Radial_Camión_Long Haul_0053,Camión | Long Haul,Camión_|_Long_Haul_Community_03,Premium Leader,-0.9711389414313754,-0.9711389414313754,sku_hierarchical,644.60390375,173.80828541666668,70.61725,16948.14,10615287.52,0.15,547.9133181875,741.2944893124999
GT Radial_Camión_Long Haul_0056,Camión | Long Haul,Camión_|_Long_Haul_Community_03,KVI,-0.9067164839872606,-0.9067164839872606,sku_hierarchical,629.3737884,164.3944124,72.55,18137.5,11153095.46,0.05,597.9050989799999,660.84247782
GT Radial_Camión_Obras / Mixto_0000,Camión | Obras / Mixto,Camión_|_Obras_/_Mixto_Community_03,Premium Leader,-0.8332895040045426,-0.8332895040045426,sku_hierarchical,764.9008187234042,268.4595540425532,67.05655319148937,15758.29,11731033.0,0.15,650.1656959148936,879.6359415319148
GT Radial_Camión_Obras / Mixto_0013,Camión | Obras / Mixto,Camión_|_Obras_/_Mixto_Community_02,Premium Leader,-0.8504490599111796,-0.8504490599111796,sku_hierarchical,765.7067034883721,243.3025062015504,83.88007751937985,21641.06,16168917.09,0.15,650.8506979651163,880.5627090116278
GT Radial_Camión_Obras / Mixto_0056,Camión | Obras / Mixto,Camión_|_Obras_/_Mixto_Community_02,Competitive Fighter,-0.8260670754117361,-0.8260670754117361,sku_hierarchical,839.6270324894515,217.0589476793249,92.9709282700422,22034.11,17982663.08,0.1,755.6643292405064,923.5897357383967
GT Radial_Camión_Regional_0006,Camión | Regional,Camión_|_Regional_Community_03,Premium Leader,-1.0908392291138225,-1.042204677033614,blended_GAM_adjusted,575.3753317596567,200.2328025751073,136.5791416309013,31822.94,17500818.28,0.15,489.06903199570814,661.6816315236051
GT Radial_Camión_Regional_0062,Camión | Regional,Camión_|_Regional_Community_02,Competitive Fighter,-1.0522505146008068,-1.0679630789406171,blended_GAM_adjusted,628.9119737068966,180.07445732758623,128.25918103448276,29756.13,17928928.669999998,0.1,566.020776336207,691.8031710775863
GT Radial_Coche_Budget_0020,Coche | Budget,Coche_|_Budget_Community_01,Premium Leader,-2.605575681616094,-2.8014852539446866,blended_GAM_adjusted,101.67447818930042,28.07765020576132,366.1222222222222,88967.7,8327210.49,0.15,86.42330646090535,116.92564991769547
GT Radial_Coche_Budget_0041,Coche | Budget,Coche_|_Budget_Community_02,Premium Leader,-2.641963390274286,-2.593988933133843,blended_GAM_adjusted,87.62756348547718,33.064216182572615,655.2872199170124,157924.22,12521664.46,0.15,74.48342896265561,100.77169800829876
GT Radial_Coche_Budget_0060,Coche | Budget,Coche_|_Budget_Community_01,Traffic Driver,-2.4405807862005027,-2.633190460620783,blended_GAM_adjusted,96.70932446351932,27.94207253218884,122.50682403433476,28544.09,2512863.58,0.08,88.97257850643778,104.44607042060088
GT Radial_Coche_Budget_0071,Coche | Budget,Coche_|_Budget_Community_01,Premium Leader,-2.572976887820211,-2.768234484272885,blended_GAM_adjusted,99.24082746781116,28.4378364806867,255.34381974248927,59495.11,5452253.14,0.15,84.35470334763949,114.12695158798282
GT Radial_Coche_Budget_0077,Coche | Budget,Coche_|_Budget_Community_03,Premium Leader,-2.58033857164448,-2.676014166855134,blended_GAM_adjusted,101.28744725738396,29.31124641350211,230.73708860759496,54684.69,5110971.67,0.15,86.09433016877637,116.48056434599154
GT Radial_Coche_Eco_0014,Coche | Eco,Coche_|_Eco_Community_02,Traffic Driver,-1.3910291377373374,-1.3639706538870633,blended_GAM_adjusted,180.05034741035857,51.07603505976096,83.73529880478088,21017.56,3584231.49,0.08,165.64631961752988,194.45437520318725
GT Radial_Coche_Performance_0019,Coche | Performance,Coche_|_Performance_Community_01,Traffic Driver,-0.986860409740394,-0.986860409740394,sku_hierarchical,339.4954306122449,98.54381469387756,161.27363265306124,39512.04,12946689.44,0.08,312.3357961632653,366.6550650612245
GT Radial_Coche_Touring_0003,Coche | Touring,Coche_|_Touring_Community_01,Premium Leader,-1.8199396097780909,-1.8837584166924832,blended_GAM_adjusted,159.96972905982904,45.76322350427351,187.41846153846157,43855.92,6478936.79,0.15,135.97426970085468,183.96518841880336
GT Radial_Coche_Touring_0006,Coche | Touring,Coche_|_Touring_Community_01,Competitive Fighter,-1.7731037932277771,-1.835985883811164,blended_GAM_adjusted,149.0496901574803,44.754326771653545,234.1475590551181,59473.48,8349756.04,0.1,134.14472114173228,163.95465917322835
GT Radial_Coche_Touring_0061,Coche | Touring,Coche_|_Touring_Community_02,Traffic Driver,-1.7064375050216212,-1.737295965553408,blended_GAM_adjusted,164.31805785123967,50.50430661157025,168.94165289256196,40883.88,6303341.63,0.08,151.1726132231405,177.46350247933887
GT Radial_Furgoneta_Reforzado_0055,Furgoneta | Reforzado,Furgoneta_|_Reforzado_Community_03,Premium Leader,-1.0958718465509076,-1.1106826280153643,blended_GAM_adjusted,252.66101959183675,68.96614816326532,137.79020408163265,33758.6,8306365.52,0.15,214.76186665306122,290.56017253061225
GT Radial_Furgoneta_Standard_0003,Furgoneta | Standard,Furgoneta_|_Standard_Community_01,Premium Leader,-1.4045419794579233,-1.4055893090717588,blended_GAM_adjusted,178.82694824561403,58.14658070175438,238.0086403508772,54265.97,9227986.0,0.15,152.00290600877193,205.6509904824561
GT Radial_Furgoneta_Standard_0043,Furgoneta | Standard,Furgoneta_|_Standard_Community_01,KVI,-1.3494021454698757,-1.34934667840395,blended_GAM_adjusted,167.10960043668123,47.07336899563319,231.5267248908297,53019.62,8471295.14,0.05,158.75412041484716,175.4650804585153
GT Radial_Furgoneta_Standard_0079,Furgoneta | Standard,Furgoneta_|_Standard_Community_03,Premium Leader,-1.4069654409136272,-1.3676664453843166,blended_GAM_adjusted,180.06932393162393,41.63126025641026,171.11700854700854,40041.38,6842602.05,0.15,153.05892534188033,207.0797225213675
GT Radial_Industrial_Construcción Pesada_0036,Industrial | Construcción Pesada,Industrial_|_Construcción_Pesada_Community_03,Premium Leader,-0.9316106173206656,-0.9316106173206656,sku_hierarchical,2030.3724830508477,684.383193220339,33.015593220338985,7791.68,15186433.42,0.15,1725.8166105932205,2334.928355508475
GT Radial_Industrial_Construcción Pesada_0064,Industrial | Construcción Pesada,Industrial_|_Construcción_Pesada_Community_02,KVI,-0.8591778476870927,-0.9182406541609986,blended_GAM_adjusted,1896.0701375545848,702.5735868995633,10.870742358078603,2489.4,4531851.27,0.05,1801.2666306768554,1990.8736444323142
GT Radial_Industrial_Manipulación Ligera_0050,Industrial | Manipulación Ligera,Industrial_|_Manipulación_Ligera_Community_02,Competitive Fighter,-1.290633700997696,-1.3011643350315532,blended_GAM_adjusted,337.61181028806584,84.2581049382716,155.65798353909466,37824.89,12103186.54,0.1,303.8506292592593,371.37299131687246
GT Radial_Industrial_Portuario/Especial_0001,Industrial | Portuario/Especial,Industrial_|_Portuario/Especial_Community_03,KVI,-0.6579632782486814,-0.6579632782486814,sku_hierarchical,5674.458801680672,2217.9093,0.5744957983193277,136.73,755658.62,0.05,5390.735861596638,5958.181741764706
GT Radial_Industrial_Portuario/Especial_0005,Industrial | Portuario/Especial,Industrial_|_Portuario/Especial_Community_01,Traffic Driver,-0.6091615523056303,-0.6091615523056303,sku_hierarchical,6106.141229718876,2548.635993975904,0.921124497991968,229.36,1368532.66,0.08,5617.649931341366,6594.6325280963865
GT Radial_SUV / 4x4_All Terrain (A/T)_0053,SUV / 4x4 | All Terrain (A/T),SUV_/_4x4_|_All_Terrain_(A/T)_Community_01,Premium Leader,-1.3348904426685415,-1.3040394391334893,blended_GAM_adjusted,322.1010917012448,101.3543427385892,61.81630705394191,14897.73,4592464.38,0.15,273.78592794605805,370.4162554564315
GT Radial_SUV / 4x4_Highway Terrain (H/T)_0004,SUV / 4x4 | Highway Terrain (H/T),SUV_/_4x4_|_Highway_Terrain_(H/T)_Community_03,Premium Leader,-1.659377211818999,-1.6322916515059556,blended_GAM_adjusted,231.4828697478992,55.90916092436975,103.95554621848738,24741.42,5390971.03,0.15,196.7604392857143,266.20530021008403
GT Radial_SUV / 4x4_Highway Terrain (H/T)_0027,SUV / 4x4 | Highway Terrain (H/T),SUV_/_4x4_|_Highway_Terrain_(H/T)_Community_01,Premium Leader,-1.6784216214013408,-1.6784216214013408,sku_hierarchical,230.08472899159665,72.498656302521,219.24298319327733,52179.83,11195296.59,0.15,195.57201964285716,264.5974383403361
GT Radial_SUV / 4x4_Mud Terrain (M/T)_0001,SUV / 4x4 | Mud Terrain (M/T),SUV_/_4x4_|_Mud_Terrain_(M/T)_Community_01,Premium Leader,-1.0106076372858368,-0.9840372602938016,blended_GAM_adjusted,465.2346296747968,134.546131300813,287.24353658536586,70661.91,31769511.09,0.15,395.44943522357727,535.0198241260163
GT Radial_SUV / 4x4_Mud Terrain (M/T)_0052,SUV / 4x4 | Mud Terrain (M/T),SUV_/_4x4_|_Mud_Terrain_(M/T)_Community_01,Traffic Driver,-0.9007476962355232,-0.8719801204224814,blended_GAM_adjusted,436.2229253275109,142.943303930131,186.6197379912664,42735.92,18077505.0,0.08,401.32509130131007,471.1207593537118
GT Radial_SUV / 4x4_Mud Terrain (M/T)_0070,SUV / 4x4 | Mud Terrain (M/T),SUV_/_4x4_|_Mud_Terrain_(M/T)_Community_02,Premium Leader,-0.9959981146672144,-0.9959981146672144,sku_hierarchical,425.0303443037975,144.58087763713078,152.58227848101265,36162.0,14802072.76,0.15,361.2757926582279,488.78489594936707
General Tire_Agrícola_Implementos_0020,Agrícola | Implementos,Agrícola_|_Implementos_Community_02,Competitive Fighter,-1.1675417981839935,-1.154215196534019,blended_GAM_adjusted,597.1322004237288,183.51997076271184,63.40610169491526,14963.84,8522409.959999999,0.1,537.4189803813559,656.8454204661017
General Tire_Agrícola_Implementos_0028,Agrícola | Implementos,Agrícola_|_Implementos_Community_02,Traffic Driver,-1.120318540695617,-1.1060474738958748,blended_GAM_adjusted,556.5842704641351,170.5282151898734,290.8083122362869,68921.57,37047577.49,0.08,512.0575288270043,601.1110121012659
General Tire_Agrícola_Implementos_0054,Agrícola | Implementos,Agrícola_|_Implementos_Community_02,Competitive Fighter,-1.1942236796212509,-1.1814307156000212,blended_GAM_adjusted,626.3625660944206,162.69092403433476,194.75381974248927,45377.64,27022213.18,0.1,563.7263094849785,688.9988227038626
General Tire_Agrícola_Implementos_0075,Agrícola | Implementos,Agrícola_|_Implementos_Community_01,Premium Leader,-1.21093829396928,-1.1848682435473354,blended_GAM_adjusted,631.2461957805907,212.07198734177217,164.4013924050633,38963.13,23459667.55,0.15,536.5592664135021,725.9331251476792
General Tire_Agrícola_Premium Radial_0012,Agrícola | Premium Radial,Agrícola_|_Premium_Radial_Community_02,Premium Leader,-0.773826423058073,-0.773826423058073,sku_hierarchical,1689.6760124481327,517.7230858921162,49.138298755186725,11842.33,19342853.22,0.15,1436.2246105809127,1943.1274143153526
General Tire_Agrícola_Premium Radial_0019,Agrícola | Premium Radial,Agrícola_|_Premium_Radial_Community_02,KVI,-0.7085160381507654,-0.7085160381507654,sku_hierarchical,1901.8376452173916,674.9664986956521,41.19721739130435,9475.36,17533364.32,0.05,1806.745762956522,1996.9295274782612
General Tire_Agrícola_Premium Radial_0042,Agrícola | Premium Radial,Agrícola_|_Premium_Radial_Community_02,Competitive Fighter,-0.7497229680481985,-0.7497229680481985,sku_hierarchical,1690.5643910569104,573.4366719512194,58.41215447154471,14369.39,23578440.01,0.1,1521.5079519512194,1859.6208301626016
General Tire_Agrícola_Tractor_0000,Agrícola | Tractor,Agrícola_|_Tractor_Community_02,Traffic Driver,-0.8707650756888351,-0.93060137980001,blended_GAM_adjusted,1317.2054384615385,332.89091623931625,45.977777777777774,10758.8,13636878.98,0.08,1211.8290033846156,1422.5818735384617
General Tire_Agrícola_Tractor_0051,Agrícola | Tractor,Agrícola_|_Tractor_Community_02,Premium Leader,-0.9553818813630216,-1.0169105215876804,blended_GAM_adjusted,1203.773018103448,356.60410301724136,112.52991379310345,26106.94,29927471.18,0.15,1023.2070653879308,1384.3389708189652
General Tire_Agrícola_Tractor_0062,Agrícola | Tractor,Agrícola_|_Tractor_Community_02,Competitive Fighter,-0.9303973108221424,-0.9914262596359836,blended_GAM_adjusted,1237.5689512295082,333.3241922131148,41.89040983606557,10221.26,12251422.97,0.1,1113.8120561065575,1361.3258463524592
General Tire_Agrícola_Tractor_0063,Agrícola | Tractor,Agrícola_|_Tractor_Community_03,Competitive Fighter,-0.92653662572326,-0.9941543341028792,blended_GAM_adjusted,1311.7115076612904,317.4740076612904,42.6671370967742,10581.45,13352131.11,0.1,1180.5403568951615,1442.8826584274195
General Tire_Agrícola_Tractor_0075,Agrícola | Tractor,Agrícola_|_Tractor_Community_02,KVI,-0.8991052412788115,-0.959508348701786,blended_GAM_adjusted,1262.45047625,398.45999416666666,55.80195833333333,13392.47,16276993.1,0.05,1199.3279524375,1325.5730000625001
General Tire_Camión_Long Haul_0016,Camión | Long Haul,Camión_|_Long_Haul_Community_03,KVI,-0.9110011392097636,-0.9110011392097636,sku_hierarchical,692.3626041841004,232.56082845188288,37.07665271966527,8861.32,5982373.93,0.05,657.7444739748953,726.9807343933055
General Tire_Camión_Long Haul_0036,Camión | Long Haul,Camión_|_Long_Haul_Community_01,Traffic Driver,-0.8429219592273222,-0.860974515252439,blended_GAM_adjusted,715.031758677686,188.94847809917357,49.74115702479339,12037.36,8337698.2,0.08,657.8292179834712,772.2342993719009
General Tire_Camión_Long Haul_0065,Camión | Long Haul,Camión_|_Long_Haul_Community_01,Premium Leader,-1.0049153676759812,-1.0262077918700712,blended_GAM_adjusted,679.158014957265,214.37826153846157,167.10358974358974,39102.24,25560622.62,0.15,577.2843127136753,781.0317172008547
General Tire_Camión_Obras / Mixto_0061,Camión | Obras / Mixto,Camión_|_Obras_/_Mixto_Community_03,Competitive Fighter,-0.8105430341909627,-0.8105430341909627,sku_hierarchical,819.8047796747967,247.9897361788618,153.47459349593495,37754.75,30167137.65,0.1,737.8243017073171,901.7852576422764
General Tire_Camión_Regional_0010,Camión | Regional,Camión_|_Regional_Community_03,Competitive Fighter,-1.0852781290750615,-1.036532354994078,blended_GAM_adjusted,661.5110663934425,176.5362831967213,77.09114754098361,18810.24,11978502.8,0.1,595.3599597540983,727.6621730327869
General Tire_Camión_Regional_0026,Camión | Regional,Camión_|_Regional_Community_03,Traffic Driver,-1.00321349370191,-0.9528264269134632,blended_GAM_adjusted,645.1338769547325,160.29995802469134,117.270329218107,28496.69,17738292.05,0.08,593.5231667983539,696.7445871111112
General Tire_Camión_Regional_0074,Camión | Regional,Camión_|_Regional_Community_01,KVI,-1.0186702907381746,-1.0186702907381746,sku_hierarchical,644.4955821576764,185.1082626556017,162.05858921161823,39056.12,24392365.8,0.05,612.2708030497926,676.7203612655602
General Tire_Camión_Regional_0078,Camión | Regional,Camión_|_Regional_Community_03,KVI,-1.0167871667321968,-0.9666715734043558,blended_GAM_adjusted,634.1888023622047,199.78382637795275,100.14102362204724,25435.82,15508476.57,0.05,602.4793622440944,665.8982424803149
General Tire_Coche_Budget_0013,Coche | Budget,Coche_|_Budget_Community_03,Premium Leader,-2.5707939401504896,-2.6662786427312635,blended_GAM_adjusted,101.8059127118644,25.717508898305084,175.7290254237288,41472.05,3770021.61,0.15,86.53502580508473,117.07679961864405
General Tire_Coche_Budget_0030,Coche | Budget,Coche_|_Budget_Community_02,Traffic Driver,-2.4281491913017104,-2.375898450181816,blended_GAM_adjusted,100.64519832635985,27.095634728033478,139.34405857740586,33303.23,3103576.25,0.08,92.59358246025106,108.69681419246864
General Tire_Coche_Budget_0032,Coche | Budget,Coche_|_Budget_Community_01,Competitive Fighter,-2.5299149447375275,-2.724311302328549,blended_GAM_adjusted,95.18059407114625,29.15791343873517,571.1781818181818,144508.08,12455270.66,0.1,85.66253466403163,104.69865347826088
General Tire_Coche_Budget_0062,Coche | Budget,Coche_|_Budget_Community_03,Competitive Fighter,-2.515698849405663,-2.6100816501715407,blended_GAM_adjusted,97.91127125,25.8248175,105.09070833333334,25221.77,2285309.56,0.1,88.120144125,107.702398375
General Tire_Coche_Budget_0078,Coche | Budget,Coche_|_Budget_Community_03,Competitive Fighter,-2.4828868444326155,-2.576613405099032,blended_GAM_adjusted,91.7199927125506,30.09875829959514,202.4173279352227,49997.08,4266796.57,0.1,82.54799344129555,100.89199198380568
General Tire_Coche_Eco_0044,Coche | Eco,Coche_|_Eco_Community_02,Competitive Fighter,-1.4436488093905615,-1.4176427189733525,blended_GAM_adjusted,201.3577962184874,58.44737815126051,221.74302521008403,52774.84,10104908.57,0.1,181.22201659663867,221.49357584033618
General Tire_Coche_Eco_0046,Coche | Eco,Coche_|_Eco_Community_01,Premium Leader,-1.5507804336808555,-1.4973737909610143,blended_GAM_adjusted,199.88348938775508,57.72509306122449,100.17783673469388,24543.57,4672452.43,0.15,169.9009659795918,229.86601279591832
General Tire_Coche_Performance_0063,Coche | Performance,Coche_|_Performance_Community_02,Competitive Fighter,-1.0619308989644167,-1.0692621388236436,blended_GAM_adjusted,355.1662081300813,99.13042276422765,90.73341463414631,22320.42,7584181.0,0.1,319.6495873170732,390.6828289430895
General Tire_Coche_Performance_0064,Coche | Performance,Coche_|_Performance_Community_01,Premium Leader,-1.1699702046878795,-1.1699702046878795,sku_hierarchical,356.88541790393015,117.2270152838428,305.9408296943232,70060.45,23754634.45,0.15,303.3526052183406,410.4182305895196
General Tire_Coche_Touring_0001,Coche | Touring,Coche_|_Touring_Community_03,Traffic Driver,-1.6019598857829094,-1.7868194009351237,blended_GAM_adjusted,165.13131130434783,48.36845869565218,80.53404347826088,18522.83,2899598.2,0.08,151.9208064,178.34181620869566
General Tire_Coche_Touring_0022,Coche | Touring,Coche_|_Touring_Community_01,Premium Leader,-1.8618733001520664,-1.9265307808739387,blended_GAM_adjusted,162.1368829787234,54.72698,337.2504255319149,79253.85,12154619.34,0.15,137.81635053191488,186.4574154255319
General Tire_Furgoneta_Reforzado_0066,Furgoneta | Reforzado,Furgoneta_|_Reforzado_Community_03,Premium Leader,-1.08998078463673,-1.104673744862903,blended_GAM_adjusted,235.9798829959514,78.92491902834008,270.1112955465587,66717.49,15121974.99,0.15,200.5829005465587,271.3768654453441
General Tire_Furgoneta_Standard_0024,Furgoneta | Standard,Furgoneta_|_Standard_Community_01,Premium Leader,-1.4441590737465908,-1.4459987452461998,blended_GAM_adjusted,149.0872909090909,56.97464793388429,269.796652892562,65290.79,9200129.71,0.15,126.72419727272727,171.45038454545454
General Tire_Furgoneta_Standard_0064,Furgoneta | Standard,Furgoneta_|_Standard_Community_03,KVI,-1.335577191387698,-1.2948504308678688,blended_GAM_adjusted,155.7364831325301,39.74183373493976,159.65871485943774,39755.02,5880364.79,0.05,147.9496589759036,163.52330728915663
General Tire_Furgoneta_Standard_0070,Furgoneta | Standard,Furgoneta_|_Standard_Community_02,Competitive Fighter,-1.3504702144020408,-1.2898347214993555,blended_GAM_adjusted,175.1840470338983,46.94878516949153,142.94504237288135,33735.03,5640482.24,0.1,157.6656423305085,192.70245173728816
General Tire_Industrial_Manipulación Ligera_0024,Industrial | Manipulación Ligera,Industrial_|_Manipulación_Ligera_Community_02,Premium Leader,-1.2995480161984727,-1.3102569365363452,blended_GAM_adjusted,322.40299409282704,103.61961265822784,64.9410970464135,15391.04,4755715.23,0.15,274.042544978903,370.76344320675105
General Tire_Industrial_Portuario/Especial_0011,Industrial | Portuario/Especial,Industrial_|_Portuario/Especial_Community_02,Traffic Driver,-0.635817756792636,-0.635817756792636,sku_hierarchical,5013.004147577092,2643.461596475771,0.3107929515418502,70.55,342321.64,0.08,4611.963815770925,5414.04447938326
General Tire_Industrial_Portuario/Especial_0016,Industrial | Portuario/Especial,Industrial_|_Portuario/Especial_Community_01,Premium Leader,-0.7138235601014927,-0.7138235601014927,sku_hierarchical,5091.55772016129,2811.5785947580644,1.225725806451613,303.98,1495689.11,0.15,4327.824062137096,5855.291378185482
General Tire_Industrial_Portuario/Especial_0022,Industrial | Portuario/Especial,Industrial_|_Portuario/Especial_Community_01,Competitive Fighter,-0.6970114192791506,-0.6970114192791506,sku_hierarchical,5553.027731147541,2621.7574709016394,0.7715573770491803,188.26,1018771.97,0.1,4997.724958032787,6108.330504262296
General Tire_Industrial_Portuario/Especial_0047,Industrial | Portuario/Especial,Industrial_|_Portuario/Especial_Community_03,Premium Leader,-0.7682751411310816,-0.7682751411310816,sku_hierarchical,5438.655353441295,2425.0213574898785,1.1812955465587045,291.78000000000003,1537351.7,0.15,4622.857050425101,6254.453656457489
General Tire_Industrial_Portuario/Especial_0069,Industrial | Portuario/Especial,Industrial_|_Portuario/Especial_Community_01,Competitive Fighter,-0.6967507129627536,-0.6967507129627536,sku_hierarchical,5357.810589626556,1995.465179253112,0.496597510373444,119.68,621840.24,0.1,4822.029530663901,5893.591648589212
General Tire_SUV / 4x4_All Terrain (A/T)_0002,SUV / 4x4 | All Terrain (A/T),SUV_/_4x4_|_All_Terrain_(A/T)_Community_01,KVI,-1.252009173297865,-1.2195005443753992,blended_GAM_adjusted,327.61998372093024,107.35186782945738,185.57077519379845,47877.26,15025569.65,0.05,311.2389845348837,344.0009829069768
General Tire_SUV / 4x4_Highway Terrain (H/T)_0025,SUV / 4x4 | Highway Terrain (H/T),SUV_/_4x4_|_Highway_Terrain_(H/T)_Community_03,Competitive Fighter,-1.5986044154646195,-1.570303399224488,blended_GAM_adjusted,233.30150355731223,72.77672450592885,158.97739130434783,40221.28,8919636.57,0.1,209.97135320158102,256.63165391304346
General Tire_SUV / 4x4_Highway Terrain (H/T)_0054,SUV / 4x4 | Highway Terrain (H/T),SUV_/_4x4_|_Highway_Terrain_(H/T)_Community_03,Premium Leader,-1.6700525461638305,-1.6431804925376827,blended_GAM_adjusted,261.1294699588477,69.58886748971193,223.20732510288065,54239.38,13266169.84,0.15,221.96004946502055,300.29889045267487
General Tire_SUV / 4x4_Highway Terrain (H/T)_0078,SUV / 4x4 | Highway Terrain (H/T),SUV_/_4x4_|_Highway_Terrain_(H/T)_Community_01,Premium Leader,-1.6662415252600544,-1.6662415252600544,sku_hierarchical,215.82765439330544,60.60339163179916,174.01096234309625,41588.62,8468145.08,0.15,183.45350623430963,248.20180255230125
General Tire_SUV / 4x4_Mud Terrain (M/T)_0041,SUV / 4x4 | Mud Terrain (M/T),SUV_/_4x4_|_Mud_Terrain_(M/T)_Community_02,Traffic Driver,-0.9006926285375546,-0.9006926285375546,sku_hierarchical,402.7616036885246,99.04580327868852,82.29610655737704,20080.25,7896256.27,0.08,370.54067539344265,434.9825319836066
Goodride_Agrícola_Tractor_0041,Agrícola | Tractor,Agrícola_|_Tractor_Community_03,Competitive Fighter,-0.9356749146042602,-1.0034753887614996,blended_GAM_adjusted,1093.0891395348838,397.0771147286822,90.12627906976743,23252.58,24299279.64,0.1,983.7802255813954,1202.3980534883722
Goodride_Agrícola_Tractor_0061,Agrícola | Tractor,Agrícola_|_Tractor_Community_02,Premium Leader,-1.0128098572512627,-1.0754870569936863,blended_GAM_adjusted,1338.381831330472,387.43894506437766,63.59562231759657,14817.78,18966379.63,0.15,1137.6245566309012,1539.1391060300427
Goodride_Agrícola_Tractor_0067,Agrícola | Tractor,Agrícola_|_Tractor_Community_01,Premium Leader,-0.969707070401016,-0.969707070401016,sku_hierarchical,1042.3841134615384,436.1351407692308,24.970692307692307,6492.38,6461030.26,0.15,886.0264964423076,1198.741730480769
Goodride_Camión_Long Haul_0009,Camión | Long Haul,Camión_|_Long_Haul_Community_01,Competitive Fighter,-0.936751967066786,-0.956681123248692,blended_GAM_adjusted,661.4927433884297,169.79923595041322,161.36181818181817,39049.56,24952341.98,0.1,595.3434690495868,727.6420177272728
Goodride_Camión_Long Haul_0069,Camión | Long Haul,Camión_|_Long_Haul_Community_01,Competitive Fighter,-0.9512552958857224,-0.9714745186440072,blended_GAM_adjusted,610.9779304166666,185.6259995833333,224.415375,53859.69,31656617.11,0.1,549.880137375,672.0757234583333
Goodride_Camión_Long Haul_0071,Camión | Long Haul,Camión_|_Long_Haul_Community_03,Premium Leader,-1.0062192721680283,-1.0062192721680283,sku_hierarchical,708.0405553191489,218.5260676595745,212.4816595744681,49933.19,34406224.01,0.15,601.8344720212765,814.2466386170212
Goodride_Camión_Obras / Mixto_0052,Camión | Obras / Mixto,Camión_|_Obras_/_Mixto_Community_01,Competitive Fighter,-0.8124706880774039,-0.8124706880774039,sku_hierarchical,772.2866334728034,182.15062677824267,51.75133891213389,12368.57,9276403.39,0.1,695.0579701255231,849.5152968200838
Goodride_Camión_Regional_0070,Camión | Regional,Camión_|_Regional_Community_02,Traffic Driver,-0.9554360729208484,-0.9692123484270598,blended_GAM_adjusted,566.7304043290044,201.41504545454544,174.18285714285713,40236.24,21895164.73,0.08,521.391971982684,612.0688366753247
Goodride_Coche_Budget_0069,Coche | Budget,Coche_|_Budget_Community_02,Competitive Fighter,-2.5425089553343505,-2.4925454094951087,blended_GAM_adjusted,101.91647918367347,31.916501632653063,262.355306122449,64277.05,6067767.27,0.1,91.72483126530612,112.10812710204083
Goodride_Coche_Performance_0028,Coche | Performance,Coche_|_Performance_Community_02,Premium Leader,-1.1066170187058644,-1.1148419809599202,blended_GAM_adjusted,414.5762305785124,115.11987520661155,179.9415702479339,43545.86,17437627.64,0.15,352.3897959917355,476.76266516528926
Goodride_Coche_Performance_0076,Coche | Performance,Coche_|_Performance_Community_01,Premium Leader,-1.152833262088972,-1.152833262088972,sku_hierarchical,364.46969471544713,99.55165731707316,301.5439430894309,74179.81,25823724.98,0.15,309.7992405081301,419.1401489227642
Goodride_Coche_Touring_0011,Coche | Touring,Coche_|_Touring_Community_02,Premium Leader,-1.8015597899635167,-1.8343206961941412,blended_GAM_adjusted,161.31183652173914,42.07223434782609,247.09934782608696,56832.85,8742716.89,0.15,137.11506104347828,185.508612
Goodride_Coche_Touring_0051,Coche | Touring,Coche_|_Touring_Community_03,Traffic Driver,-1.7070865989320922,-1.89404864834729,blended_GAM_adjusted,176.66551900826445,42.2996541322314,148.10223140495867,35840.74,5965259.86,0.08,162.5322774876033,190.7987605289256
Goodride_Furgoneta_Reforzado_0013,Furgoneta | Reforzado,Furgoneta_|_Reforzado_Community_03,KVI,-1.0341027066276889,-1.047678105293681,blended_GAM_adjusted,222.0814658333333,71.0505475,118.63745833333334,28472.99,6130515.46,0.05,210.97739254166663,233.185539125
Goodride_Furgoneta_Reforzado_0030,Furgoneta | Reforzado,Furgoneta_|_Reforzado_Community_01,Premium Leader,-1.1069703736901344,-1.128451383991469,blended_GAM_adjusted,260.69464516129034,79.20933588709677,257.2613306451613,63800.81,16048491.66,0.15,221.59044838709679,299.7988419354839
Goodride_Furgoneta_Reforzado_0033,Furgoneta | Reforzado,Furgoneta_|_Reforzado_Community_03,Premium Leader,-1.1260653189234178,-1.1414799698353246,blended_GAM_adjusted,233.49005391304345,79.9544947826087,247.44352173913043,56912.01,12718469.99,0.15,198.46654582608693,268.513562
Goodride_Furgoneta_Standard_0031,Furgoneta | Standard,Furgoneta_|_Standard_Community_03,Competitive Fighter,-1.356888976769944,-1.3165884519577598,blended_GAM_adjusted,175.65299835390945,54.93216255144033,192.99740740740745,46898.37,7865720.8,0.1,158.08769851851852,193.2182981893004
Goodride_Industrial_Construcción Pesada_0017,Industrial | Construcción Pesada,Industrial_|_Construcción_Pesada_Community_01,Competitive Fighter,-0.879741209458463,-0.903240674910195,blended_GAM_adjusted,1879.8859648,601.7714203999999,32.70632,8176.58,14918619.2,0.1,1691.89736832,2067.8745612800003
Goodride_Industrial_Manipulación Ligera_0013,Industrial | Manipulación Ligera,Industrial_|_Manipulación_Ligera_Community_03,Premium Leader,-1.3015323821582936,-1.3011190586633323,blended_GAM_adjusted,287.76271152263377,97.02632263374488,209.74230452674897,50967.38,13913811.42,0.15,244.5983047942387,330.9271182510288
Goodride_Industrial_Manipulación Ligera_0068,Industrial | Manipulación Ligera,Industrial_|_Manipulación_Ligera_Community_01,KVI,-1.2487157623617322,-1.274694423298859,blended_GAM_adjusted,271.77898122448977,90.38201183673468,130.28787755102042,31920.53,8291235.28,0.05,258.19003216326524,285.3679302857143
Goodride_Industrial_Manipulación Ligera_0072,Industrial | Manipulación Ligera,Industrial_|_Manipulación_Ligera_Community_01,Traffic Driver,-1.2308014233705986,-1.2564217975279026,blended_GAM_adjusted,305.30492709163343,96.58171912350598,74.45553784860557,18688.34,5426408.63,0.08,280.88053292430277,329.72932125896415
Goodride_SUV / 4x4_All Terrain (A/T)_0004,SUV / 4x4 | All Terrain (A/T),SUV_/_4x4_|_All_Terrain_(A/T)_Community_02,Premium Leader,-1.3710408432109806,-1.3336471573047777,blended_GAM_adjusted,399.3457266666667,118.8333494117647,232.47968627450985,59282.32,22471842.76,0.15,339.4438676666667,459.2475856666666
Goodride_SUV / 4x4_All Terrain (A/T)_0020,SUV / 4x4 | All Terrain (A/T),SUV_/_4x4_|_All_Terrain_(A/T)_Community_01,Competitive Fighter,-1.2843201089047442,-1.252457698694416,blended_GAM_adjusted,326.8635991769548,104.83453703703704,281.1562551440329,68320.97,21047323.3,0.1,294.1772392592593,359.54995909465026
Goodride_SUV / 4x4_All Terrain (A/T)_0074,SUV / 4x4 | All Terrain (A/T),SUV_/_4x4_|_All_Terrain_(A/T)_Community_01,Competitive Fighter,-1.2769095629405378,-1.2448989418109255,blended_GAM_adjusted,375.6324254310345,83.34299827586207,127.61849137931036,29607.49,10612303.02,0.1,338.06918288793105,413.19566797413796
Goodride_SUV / 4x4_Highway Terrain (H/T)_0019,SUV / 4x4 | Highway Terrain (H/T),SUV_/_4x4_|_Highway_Terrain_(H/T)_Community_01,KVI,-1.581554586511711,-1.581554586511711,sku_hierarchical,230.41529201680672,72.21714453781513,302.5997899159664,72018.75,15547607.43,0.05,218.89452741596637,241.93605661764707
Goodride_SUV / 4x4_Highway Terrain (H/T)_0020,SUV / 4x4 | Highway Terrain (H/T),SUV_/_4x4_|_Highway_Terrain_(H/T)_Community_01,Competitive Fighter,-1.636141520463492,-1.636141520463492,sku_hierarchical,218.2604506224067,74.52923112033196,344.41796680497924,83004.73,17244090.14,0.1,196.43440556016603,240.0864956846474
Goodride_SUV / 4x4_Highway Terrain (H/T)_0065,SUV / 4x4 | Highway Terrain (H/T),SUV_/_4x4_|_Highway_Terrain_(H/T)_Community_03,Competitive Fighter,-1.604958254456076,-1.5767843149957737,blended_GAM_adjusted,236.3653783673469,64.47861061224489,250.4510612244898,61360.51,13655271.16,0.1,212.72884053061222,260.0019162040816
Goodride_SUV / 4x4_Mud Terrain (M/T)_0042,SUV / 4x4 | Mud Terrain (M/T),SUV_/_4x4_|_Mud_Terrain_(M/T)_Community_02,Premium Leader,-1.0610663897104942,-1.0610663897104942,sku_hierarchical,419.17023780487807,141.29123617886177,224.39532520325204,55201.25,22363568.68,0.15,356.29470213414635,482.04577347560974
Goodride_SUV / 4x4_Mud Terrain (M/T)_0043,SUV / 4x4 | Mud Terrain (M/T),SUV_/_4x4_|_Mud_Terrain_(M/T)_Community_02,Traffic Driver,-0.8953501402701999,-0.8953501402701999,sku_hierarchical,418.9998046413502,135.77423375527425,87.407805907173,20715.65,8514699.44,0.08,385.4798202700422,452.51978901265824
Goodride_SUV / 4x4_Mud Terrain (M/T)_0077,SUV / 4x4 | Mud Terrain (M/T),SUV_/_4x4_|_Mud_Terrain_(M/T)_Community_02,KVI,-0.9350999081568132,-0.9350999081568132,sku_hierarchical,417.6310132231405,123.61793636363636,182.77012396694212,44230.37,17945625.74,0.05,396.7494625619834,438.51256388429755
Goodyear_Agrícola_Implementos_0007,Agrícola | Implementos,Agrícola_|_Implementos_Community_02,Competitive Fighter,-1.1980889120035634,-1.18537325262998,blended_GAM_adjusted,636.5903497835498,172.88331731601733,274.8248917748918,63484.55,38111129.07,0.1,572.9313148051948,700.2493847619048
Goodyear_Agrícola_Premium Radial_0017,Agrícola | Premium Radial,Agrícola_|_Premium_Radial_Community_03,Traffic Driver,-0.6996223000157642,-0.6996223000157642,sku_hierarchical,1843.8359788617888,584.099374390244,50.36386178861789,12389.51,22210669.65,0.08,1696.3291005528458,1991.342857170732
Goodyear_Agrícola_Premium Radial_0035,Agrícola | Premium Radial,Agrícola_|_Premium_Radial_Community_02,Traffic Driver,-0.6818974708789184,-0.6818974708789184,sku_hierarchical,1612.9257714876032,495.43876363636366,59.22111570247934,14331.51,22353396.39,0.08,1483.891709768595,1741.9598332066116
Goodyear_Agrícola_Premium Radial_0057,Agrícola | Premium Radial,Agrícola_|_Premium_Radial_Community_02,Premium Leader,-0.8130829196434295,-0.8130829196434295,sku_hierarchical,1807.2909954545453,536.4529417355373,30.322107438016527,7337.95,12822922.53,0.15,1536.1973461363634,2078.384644772727
Goodyear_Agrícola_Premium Radial_0059,Agrícola | Premium Radial,Agrícola_|_Premium_Radial_Community_02,Traffic Driver,-0.6927321336801109,-0.6927321336801109,sku_hierarchical,1758.6287452674896,601.8598794238683,40.62045267489712,9870.77,16902943.74,0.08,1617.9384456460905,1899.319044888889
Goodyear_Agrícola_Premium Radial_0062,Agrícola | Premium Radial,Agrícola_|_Premium_Radial_Community_01,Traffic Driver,-0.687232043364402,-0.687232043364402,sku_hierarchical,1863.2423420833331,568.9583891666666,86.17379166666666,20681.71,37834139.65,0.08,1714.1829547166665,2012.30172945
Goodyear_Agrícola_Premium Radial_0076,Agrícola | Premium Radial,Agrícola_|_Premium_Radial_Community_02,Competitive Fighter,-0.7538424651422152,-0.7538424651422152,sku_hierarchical,1732.7911456431534,746.1502605809129,12.445560165975104,2999.38,5049640.07,0.1,1559.5120310788382,1906.070260207469
Goodyear_Agrícola_Tractor_0031,Agrícola | Tractor,Agrícola_|_Tractor_Community_02,Premium Leader,-0.960971410376872,-1.022611841181808,blended_GAM_adjusted,1205.7259039525693,362.12076166007904,50.91252964426878,12880.87,14947160.48,0.15,1024.867018359684,1386.5847895454547
Goodyear_Agrícola_Tractor_0037,Agrícola | Tractor,Agrícola_|_Tractor_Community_02,Premium Leader,-0.9579237335778092,-1.0195032108467637,blended_GAM_adjusted,1330.0552885714287,343.540246122449,76.70783673469387,18793.42,24009318.09,0.15,1130.5469952857143,1529.563581857143
Goodyear_Agrícola_Tractor_0058,Agrícola | Tractor,Agrícola_|_Tractor_Community_03,Traffic Driver,-0.8884385781629136,-0.955294325591326,blended_GAM_adjusted,1236.6030928270045,369.8061835443038,37.76839662447258,8951.11,10733648.38,0.08,1137.674845400844,1335.531340253165
Goodyear_Camión_Long Haul_0012,Camión | Long Haul,Camión_|_Long_Haul_Community_01,Competitive Fighter,-0.939949520474644,-0.9599426277247072,blended_GAM_adjusted,669.8185025531915,222.9397574468085,190.4441276595745,44754.37,29012794.02,0.1,602.8366522978723,736.8003528085106
Goodyear_Camión_Long Haul_0047,Camión | Long Haul,Camión_|_Long_Haul_Community_03,Traffic Driver,-0.8700638260791842,-0.8700638260791842,sku_hierarchical,647.5887897959184,186.964746122449,67.95926530612245,16650.02,10449905.96,0.08,595.7816866122449,699.3958929795918
Goodyear_Camión_Long Haul_0073,Camión | Long Haul,Camión_|_Long_Haul_Community_01,Premium Leader,-1.0090669718733896,-1.0304424281514275,blended_GAM_adjusted,678.0844179166667,213.55876333333333,182.50179166666663,43800.43,28686404.83,0.15,576.3717552291666,779.7970806041666
Goodyear_Camión_Obras / Mixto_0014,Camión | Obras / Mixto,Camión_|_Obras_/_Mixto_Community_03,Premium Leader,-0.8366805106905557,-0.8366805106905557,sku_hierarchical,742.4282000000001,216.55549082969432,60.62703056768559,13883.59,10010596.0,0.15,631.06397,853.79243
Goodyear_Camión_Obras / Mixto_0027,Camión | Obras / Mixto,Camión_|_Obras_/_Mixto_Community_01,Premium Leader,-0.8480002575227777,-0.8480002575227777,sku_hierarchical,767.8736739837398,234.7853406504065,202.11272357723576,49719.73,37077010.35,0.15,652.6926228861788,883.0547250813007
Goodyear_Camión_Obras / Mixto_0030,Camión | Obras / Mixto,Camión_|_Obras_/_Mixto_Community_03,Traffic Driver,-0.7566947751087022,-0.7566947751087022,sku_hierarchical,669.2526566523605,209.57011158798284,73.17231759656653,17049.15,11073396.44,0.08,615.7124441201718,722.7928691845494
Goodyear_Camión_Obras / Mixto_0053,Camión | Obras / Mixto,Camión_|_Obras_/_Mixto_Community_03,Competitive Fighter,-0.817291396702468,-0.817291396702468,sku_hierarchical,687.322439914163,262.7079240343348,94.91214592274676,22114.53,14778244.12,0.1,618.5901959227467,756.0546839055794
Goodyear_Camión_Regional_0015,Camión | Regional,Camión_|_Regional_Community_03,Premium Leader,-1.1181660060212848,-1.0700779894792256,blended_GAM_adjusted,627.2360020576132,173.807641563786,130.5175308641975,31715.76,19080099.75,0.15,533.1506017489712,721.3214023662551
Goodyear_Camión_Regional_0040,Camión | Regional,Camión_|_Regional_Community_02,Traffic Driver,-1.001416650292062,-1.0161125373456976,blended_GAM_adjusted,618.226,142.50427029288704,112.73719665271966,26944.19,16110317.95,0.08,568.76792,667.68408
Goodyear_Camión_Regional_0053,Camión | Regional,Camión_|_Regional_Community_03,Traffic Driver,-0.9815948989841669,-0.9307754603013652,blended_GAM_adjusted,601.668812033195,198.42266887966804,71.180622406639,17154.53,9967362.54,0.08,553.5353070705394,649.8023169958506
Goodyear_Camión_Regional_0077,Camión | Regional,Camión_|_Regional_Community_02,KVI,-1.039811481452675,-1.0552752651295232,blended_GAM_adjusted,592.257942798354,184.41688230452675,150.18975308641976,36496.11,20822993.08,0.05,562.6450456584362,621.8708399382717
Goodyear_Coche_Budget_0003,Coche | Budget,Coche_|_Budget_Community_01,Competitive Fighter,-2.501840014217705,-2.695674873198329,blended_GAM_adjusted,119.3980096,27.4800124,113.51532,28378.83,3090331.3,0.1,107.45820864,131.33781056
Goodyear_Coche_Budget_0019,Coche | Budget,Coche_|_Budget_Community_03,KVI,-2.47790892954099,-2.5715359319095743,blended_GAM_adjusted,94.61786842105263,27.08640283400809,73.32789473684211,18111.99,1574067.96,0.05,89.88697499999999,99.34876184210528
Goodyear_Coche_Budget_0048,Coche | Budget,Coche_|_Budget_Community_03,Competitive Fighter,-2.4933119154537637,-2.587246977540603,blended_GAM_adjusted,116.25182449799198,32.538128915662654,151.1332530120482,37632.18,4058921.51,0.1,104.62664204819278,127.87700694779119
Goodyear_Coche_Budget_0054,Coche | Budget,Coche_|_Budget_Community_03,KVI,-2.453086053014061,-2.5462165978521067,blended_GAM_adjusted,97.34963448275862,23.77702068965517,117.44103448275862,27246.32,2459663.93,0.05,92.48215275862069,102.21711620689655
Goodyear_Coche_Budget_0073,Coche | Budget,Coche_|_Budget_Community_01,KVI,-2.4868362911698547,-2.6803710756895223,blended_GAM_adjusted,106.85841012658229,31.50262151898734,193.34540084388183,45822.86,4608935.54,0.05,101.51548962025316,112.20133063291141
Goodyear_Coche_Eco_0038,Coche | Eco,Coche_|_Eco_Community_02,Premium Leader,-1.4781933540731882,-1.4528781545496312,blended_GAM_adjusted,197.80418016528927,51.148880165289256,244.5026859504132,59169.65,11095730.0,0.15,168.13355314049588,227.47480719008263
Goodyear_Coche_Eco_0054,Coche | Eco,Coche_|_Eco_Community_02,Traffic Driver,-1.3686038960095244,-1.341096907324694,blended_GAM_adjusted,198.68098589211615,50.37070539419087,162.7919502074689,39232.86,7404989.07,0.08,182.78650702074688,214.57546476348546
Goodyear_Coche_Performance_0012,Coche | Performance,Coche_|_Performance_Community_02,Premium Leader,-1.1921835512831296,-1.2021198441887309,blended_GAM_adjusted,395.6113624472574,98.56611308016878,209.14637130801688,49567.69,18599336.68,0.15,336.2696580801688,454.953066814346
Goodyear_Coche_Performance_0013,Coche | Performance,Coche_|_Performance_Community_02,Traffic Driver,-0.9937091705485896,-0.9996759758395,blended_GAM_adjusted,385.6658626506024,129.03939477911646,54.42289156626506,13551.3,5063919.32,0.08,354.8125936385542,416.5191316626506
Goodyear_Coche_Performance_0024,Coche | Performance,Coche_|_Performance_Community_01,KVI,-1.0193990667184556,-1.0193990667184556,sku_hierarchical,344.9142118367347,115.44938775510204,206.6548163265306,50630.43,16893868.16,0.05,327.6685012448979,362.15992242857146
Goodyear_Coche_Performance_0032,Coche | Performance,Coche_|_Performance_Community_01,Traffic Driver,-1.0057017171576477,-1.0057017171576477,sku_hierarchical,369.81051306122447,121.0389024489796,71.02371428571429,17400.81,6197127.6,0.08,340.22567201632654,399.39535410612245
Goodyear_Coche_Performance_0071,Coche | Performance,Coche_|_Performance_Community_02,Traffic Driver,-0.9956827278686552,-1.0016890043059667,blended_GAM_adjusted,329.14350375,105.5342325,198.3850833333333,47612.42,15164799.36,0.08,302.81202344999997,355.47498405
Goodyear_Coche_Performance_0075,Coche | Performance,Coche_|_Performance_Community_01,KVI,-1.0216431594776247,-1.0216431594776247,sku_hierarchical,357.5631636752137,87.19424743589744,93.62760683760683,21908.86,7576846.75,0.05,339.68500549145296,375.4413218589744
Goodyear_Coche_Touring_0008,Coche | Touring,Coche_|_Touring_Community_01,Competitive Fighter,-1.7587049078149113,-1.8212990206900403,blended_GAM_adjusted,155.100447107438,41.782328099173554,461.25165289256194,111622.9,16170333.4,0.1,139.5904023966942,170.6104918181818
Goodyear_Coche_Touring_0043,Coche | Touring,Coche_|_Touring_Community_02,Premium Leader,-1.8632011960515005,-1.8971949304038849,blended_GAM_adjusted,151.54279786324787,43.11425555555556,221.72923076923075,51884.64,7355986.27,0.15,128.8113781837607,174.27421754273504
Goodyear_Coche_Touring_0053,Coche | Touring,Coche_|_Touring_Community_02,Competitive Fighter,-1.76192262940172,-1.7938907924211087,blended_GAM_adjusted,152.7638451882845,44.23348619246862,320.6440167364017,76633.92,11064866.94,0.1,137.48746066945606,168.04022970711296
Goodyear_Coche_Touring_0076,Coche | Touring,Coche_|_Touring_Community_01,Premium Leader,-1.8446584213885373,-1.9089716045351388,blended_GAM_adjusted,161.8670995951417,48.53262874493928,204.5825101214575,50531.88,7700861.9,0.15,137.58703465587044,186.14716453441292
Goodyear_Furgoneta_Reforzado_0012,Furgoneta | Reforzado,Furgoneta_|_Reforzado_Community_02,KVI,-1.0303564525542663,-1.0670925561681277,blended_GAM_adjusted,221.772755982906,60.15306495726495,147.01260683760682,34400.95,7289542.93,0.05,210.6841181837607,232.86139378205132
Goodyear_Furgoneta_Reforzado_0074,Furgoneta | Reforzado,Furgoneta_|_Reforzado_Community_02,Competitive Fighter,-1.0685688151355528,-1.1060691660010398,blended_GAM_adjusted,241.56384439834025,66.1723908713693,129.20095435684647,31137.43,7144622.31,0.1,217.40745995850622,265.7202288381743
Goodyear_Furgoneta_Reforzado_0075,Furgoneta | Reforzado,Furgoneta_|_Reforzado_Community_03,Premium Leader,-1.106230522921811,-1.1212484779136858,blended_GAM_adjusted,235.41127590361447,75.69590843373494,201.18847389558232,50095.93,11262452.23,0.15,200.0995845180723,270.7229672891566
Goodyear_Furgoneta_Standard_0030,Furgoneta | Standard,Furgoneta_|_Standard_Community_03,Competitive Fighter,-1.3805587290211094,-1.3407315992539484,blended_GAM_adjusted,191.83199491525423,46.33721694915254,68.64805084745763,16200.94,2992156.3,0.1,172.6487954237288,211.01519440677967
Goodyear_Furgoneta_Standard_0048,Furgoneta | Standard,Furgoneta_|_Standard_Community_01,Premium Leader,-1.385619009842301,-1.386287880063824,blended_GAM_adjusted,180.86207685950413,49.81014049586777,164.5070661157025,39810.71,6872338.47,0.15,153.7327653305785,207.99138838842973
Goodyear_Furgoneta_Standard_0071,Furgoneta | Standard,Furgoneta_|_Standard_Community_01,Competitive Fighter,-1.3667901121406432,-1.367082404408133,blended_GAM_adjusted,188.51732311111112,59.56548355555555,278.55337777777777,62674.51,11311160.51,0.1,169.66559080000002,207.36905542222226
Goodyear_Furgoneta_Standard_0072,Furgoneta | Standard,Furgoneta_|_Standard_Community_01,KVI,-1.3430312311332222,-1.3428483457805636,blended_GAM_adjusted,195.87208902439025,59.21194146341463,293.34617886178864,72163.16,13561533.51,0.05,186.07848457317073,205.66569347560977
Goodyear_Industrial_Construcción Pesada_0004,Industrial | Construcción Pesada,Industrial_|_Construcción_Pesada_Community_03,Traffic Driver,-0.822525001943112,-0.822525001943112,sku_hierarchical,1801.8301458167327,624.0346306772908,20.331314741035857,5103.16,8880674.25,0.08,1657.6837341513942,1945.9765574820715
Goodyear_Industrial_Construcción Pesada_0014,Industrial | Construcción Pesada,Industrial_|_Construcción_Pesada_Community_02,Traffic Driver,-0.8077064281099668,-0.8657398061923303,blended_GAM_adjusted,2050.424922270742,672.585025327511,12.6417903930131,2894.97,5752278.22,0.08,1886.3909284890829,2214.4589160524015
Goodyear_Industrial_Construcción Pesada_0053,Industrial | Construcción Pesada,Industrial_|_Construcción_Pesada_Community_02,KVI,-0.8598225814831242,-0.9188982826329508,blended_GAM_adjusted,1823.0762497925311,824.5005771784232,16.33933609958506,3937.78,6945368.0,0.05,1731.9224373029044,1914.2300622821579
Goodyear_Industrial_Manipulación Ligera_0009,Industrial | Manipulación Ligera,Industrial_|_Manipulación_Ligera_Community_03,Competitive Fighter,-1.2619397237837493,-1.2607345471212972,blended_GAM_adjusted,318.0061956862745,80.95992274509803,126.50180392156862,32257.96,9775924.41,0.1,286.20557611764707,349.806815254902
Goodyear_Industrial_Manipulación Ligera_0058,Industrial | Manipulación Ligera,Industrial_|_Manipulación_Ligera_Community_02,Traffic Driver,-1.2266468438249531,-1.2358977407153553,blended_GAM_adjusted,314.52117161016946,100.38846271186442,357.6537288135593,84406.28,25148794.86,0.08,289.35947788135593,339.68286533898305
Goodyear_Industrial_Manipulación Ligera_0066,Industrial | Manipulación Ligera,Industrial_|_Manipulación_Ligera_Community_01,Competitive Fighter,-1.286305749560995,-1.313036210242107,blended_GAM_adjusted,336.034611965812,82.77934188034187,262.26311965811965,61369.57,19519630.08,0.1,302.43115076923084,369.63807316239325
Goodyear_Industrial_Portuario/Especial_0023,Industrial | Portuario/Especial,Industrial_|_Portuario/Especial_Community_01,Premium Leader,-0.7067207129892291,-0.7067207129892291,sku_hierarchical,5596.766155102041,2947.7678257142857,0.7207346938775511,176.58,964433.51,0.15,4757.251231836734,6436.281078367347
Goodyear_Industrial_Portuario/Especial_0025,Industrial | Portuario/Especial,Industrial_|_Portuario/Especial_Community_02,Competitive Fighter,-0.6777008314829975,-0.6777008314829975,sku_hierarchical,4862.7677196,2327.9659456000004,0.99188,247.97,1176927.04,0.1,4376.490947640001,5349.044491560001
Goodyear_Industrial_Portuario/Especial_0032,Industrial | Portuario/Especial,Industrial_|_Portuario/Especial_Community_01,Premium Leader,-0.726559791719409,-0.726559791719409,sku_hierarchical,4786.689131983806,2363.8366194331984,0.6695141700404859,165.37,763407.37,0.15,4068.685762186235,5504.692501781376
Goodyear_SUV / 4x4_All Terrain (A/T)_0073,SUV / 4x4 | All Terrain (A/T),SUV_/_4x4_|_All_Terrain_(A/T)_Community_03,Competitive Fighter,-1.29092051942203,-1.2669687492672574,blended_GAM_adjusted,317.9275405063291,97.43217594936708,443.74261603375527,105167.0,32154942.9,0.1,286.1347864556962,349.720294556962
Goodyear_SUV / 4x4_All Terrain (A/T)_0078,SUV / 4x4 | All Terrain (A/T),SUV_/_4x4_|_All_Terrain_(A/T)_Community_03,Traffic Driver,-1.2176060223326477,-1.1921879622360871,blended_GAM_adjusted,351.01917222222227,93.05349957264956,124.47910256410256,29128.11,9918005.69,0.08,322.9376384444445,379.10070600000006
Goodyear_SUV / 4x4_Highway Terrain (H/T)_0001,SUV / 4x4 | Highway Terrain (H/T),SUV_/_4x4_|_Highway_Terrain_(H/T)_Community_02,Competitive Fighter,-1.634287508861722,-1.646250461768724,blended_GAM_adjusted,237.13560526315788,60.941246929824565,223.98149122807015,51067.78,11584944.7,0.1,213.4220447368421,260.8491657894737
Goodyear_SUV / 4x4_Highway Terrain (H/T)_0040,SUV / 4x4 | Highway Terrain (H/T),SUV_/_4x4_|_Highway_Terrain_(H/T)_Community_01,Premium Leader,-1.6517383587527303,-1.6517383587527303,sku_hierarchical,226.3893404255319,62.86345361702127,428.6809361702128,100740.02,21425107.76,0.15,192.43093936170212,260.3477414893617
Goodyear_SUV / 4x4_Highway Terrain (H/T)_0072,SUV / 4x4 | Highway Terrain (H/T),SUV_/_4x4_|_Highway_Terrain_(H/T)_Community_01,Competitive Fighter,-1.6236475536176245,-1.6236475536176245,sku_hierarchical,214.11049641434263,73.4960047808765,364.19996015936255,91414.19,18527139.92,0.1,192.69944677290837,235.52154605577692
Goodyear_SUV / 4x4_Highway Terrain (H/T)_0073,SUV / 4x4 | Highway Terrain (H/T),SUV_/_4x4_|_Highway_Terrain_(H/T)_Community_01,Traffic Driver,-1.5718949856526,-1.5718949856526,sku_hierarchical,224.00384089068825,60.25147408906883,112.4621862348178,27778.16,5955543.87,0.08,206.0835336194332,241.92414816194332
Goodyear_SUV / 4x4_Mud Terrain (M/T)_0004,SUV / 4x4 | Mud Terrain (M/T),SUV_/_4x4_|_Mud_Terrain_(M/T)_Community_01,Premium Leader,-1.0143164311344168,-0.9878202300193528,blended_GAM_adjusted,417.38763246753246,122.88621774891774,164.292683982684,37951.61,15353605.89,0.15,354.7794875974026,479.9957773376623
Goodyear_SUV / 4x4_Mud Terrain (M/T)_0007,SUV / 4x4 | Mud Terrain (M/T),SUV_/_4x4_|_Mud_Terrain_(M/T)_Community_02,Premium Leader,-0.9892846452524964,-0.9892846452524964,sku_hierarchical,401.6739240174672,123.3158462882096,313.089344978166,71697.46,28035718.59,0.15,341.4228354148471,461.9250126200872
Goodyear_SUV / 4x4_Mud Terrain (M/T)_0045,SUV / 4x4 | Mud Terrain (M/T),SUV_/_4x4_|_Mud_Terrain_(M/T)_Community_01,Traffic Driver,-0.8971099453554001,-0.8682696145247558,blended_GAM_adjusted,364.7279073469388,126.42520571428572,87.06204081632653,21330.2,7430425.2,0.08,335.54967475918374,393.90613993469395
Goodyear_SUV / 4x4_Mud Terrain (M/T)_0065,SUV / 4x4 | Mud Terrain (M/T),SUV_/_4x4_|_Mud_Terrain_(M/T)_Community_02,KVI,-0.9307007663715728,-0.9307007663715728,sku_hierarchical,452.8340212244898,91.35150326530612,98.316,24087.42,10605600.46,0.05,430.19232016326526,475.4757222857143
Hankook_Agrícola_Implementos_0006,Agrícola | Implementos,Agrícola_|_Implementos_Community_02,Premium Leader,-1.210974721055266,-1.1985167778627168,blended_GAM_adjusted,636.54262875,209.17674958333333,130.925,31422.0,18952226.33,0.15,541.0612344374999,732.0240230624999
Hankook_Agrícola_Implementos_0010,Agrícola | Implementos,Agrícola_|_Implementos_Community_02,KVI,-1.1488723884755745,-1.135172398631431,blended_GAM_adjusted,644.6425466386555,168.50086092436973,124.45121848739495,29619.39,18570907.03,0.05,612.4104193067227,676.8746739705883
Hankook_Agrícola_Implementos_0013,Agrícola | Implementos,Agrícola_|_Implementos_Community_02,Premium Leader,-1.2393041565287202,-1.22741280204564,blended_GAM_adjusted,654.8827186234819,208.27030404858297,134.79615384615386,33294.65,20786955.05,0.15,556.6503108299596,753.1151264170041
Hankook_Agrícola_Implementos_0024,Agrícola | Implementos,Agrícola_|_Implementos_Community_01,Premium Leader,-1.2402095987800288,-1.2147249744542996,blended_GAM_adjusted,559.5447573770491,208.0004782786885,158.09081967213118,38574.16,20120822.18,0.15,475.61304377049174,643.4764709836064
Hankook_Agrícola_Implementos_0046,Agrícola | Implementos,Agrícola_|_Implementos_Community_01,Competitive Fighter,-1.1924642999732458,-1.1660247696713808,blended_GAM_adjusted,631.139076923077,188.93571052631577,232.0847368421053,57324.93,34638274.39,0.1,568.0251692307694,694.2529846153848
Hankook_Agrícola_Implementos_0049,Agrícola | Implementos,Agrícola_|_Implementos_Community_01,KVI,-1.1513357364704515,-1.1240736348985303,blended_GAM_adjusted,663.4360217573222,170.7646280334728,255.76355648535565,61127.49,38411729.05,0.05,630.2642206694561,696.6078228451884
Hankook_Agrícola_Premium Radial_0070,Agrícola | Premium Radial,Agrícola_|_Premium_Radial_Community_01,KVI,-0.7048542943739996,-0.7048542943739996,sku_hierarchical,2047.4178232067509,650.8077164556962,12.55071729957806,2974.52,5898921.38,0.05,1945.0469320464133,2149.7887143670887
Hankook_Agrícola_Tractor_0003,Agrícola | Tractor,Agrícola_|_Tractor_Community_03,Premium Leader,-0.987688245253494,-1.056528986023718,blended_GAM_adjusted,1188.3913967479675,374.23688699186994,82.5571138211382,20309.05,23207688.39,0.15,1010.1326872357723,1366.6501062601626
Hankook_Agrícola_Tractor_0017,Agrícola | Tractor,Agrícola_|_Tractor_Community_03,Competitive Fighter,-0.948204005030359,-1.0162550609961205,blended_GAM_adjusted,1124.8558928870293,291.24424937238496,170.12518828451883,40659.92,44305167.94,0.1,1012.3703035983264,1237.3414821757324
Hankook_Agrícola_Tractor_0019,Agrícola | Tractor,Agrícola_|_Tractor_Community_01,Competitive Fighter,-0.9356174932568804,-0.9356174932568804,sku_hierarchical,1104.1714857142856,300.08261026785715,104.14486607142858,23328.45,24929909.44,0.1,993.754337142857,1214.5886342857143
Hankook_Agrícola_Tractor_0020,Agrícola | Tractor,Agrícola_|_Tractor_Community_03,Competitive Fighter,-0.9444987399305198,-1.0124756905942842,blended_GAM_adjusted,1141.4898661157024,281.29598512396694,43.614669421487605,10554.75,11528796.53,0.1,1027.340879504132,1255.6388527272727
Hankook_Agrícola_Tractor_0030,Agrícola | Tractor,Agrícola_|_Tractor_Community_01,KVI,-0.9003286661395182,-0.9003286661395182,sku_hierarchical,1162.73257991453,343.5563047008547,50.68858974358974,11861.13,13271484.29,0.05,1104.5959509188035,1220.8692089102567
Hankook_Agrícola_Tractor_0033,Agrícola | Tractor,Agrícola_|_Tractor_Community_01,KVI,-0.9004605860182987,-0.9004605860182987,sku_hierarchical,1066.5331270491804,292.9576270491803,76.02782786885247,18550.79,19174892.13,0.05,1013.2064706967213,1119.8597834016396
Hankook_Agrícola_Tractor_0059,Agrícola | Tractor,Agrícola_|_Tractor_Community_01,Traffic Driver,-0.8782329165656355,-0.8782329165656355,sku_hierarchical,1078.971576419214,359.5230030567685,116.62532751091705,26707.2,27751709.54,0.08,992.6538503056769,1165.2893025327512
Hankook_Agrícola_Tractor_0060,Agrícola | Tractor,Agrícola_|_Tractor_Community_01,Premium Leader,-0.9482759857726684,-0.9482759857726684,sku_hierarchical,1076.7536293617022,357.3792834042553,23.213702127659577,5455.22,5707343.52,0.15,915.2405849574469,1238.2666737659574
Hankook_Camión_Long Haul_0015,Camión | Long Haul,Camión_|_Long_Haul_Community_03,Competitive Fighter,-0.9408097771308008,-0.9408097771308008,sku_hierarchical,675.942233877551,218.0941183673469,208.944693877551,51191.45,33562825.59,0.1,608.3480104897959,743.5364572653061
Hankook_Camión_Long Haul_0051,Camión | Long Haul,Camión_|_Long_Haul_Community_03,Traffic Driver,-0.8820971782462164,-0.8820971782462164,sku_hierarchical,641.1217349794239,197.92154609053495,109.17814814814815,26530.29,16591233.55,0.08,589.8319961810699,692.4114737777778
Hankook_Camión_Long Haul_0055,Camión | Long Haul,Camión_|_Long_Haul_Community_03,Competitive Fighter,-0.9337950085691534,-0.9337950085691534,sku_hierarchical,652.3758857740586,214.97005230125524,166.5758158995816,39811.62,25144593.59,0.1,587.1382971966527,717.6134743514646
Hankook_Camión_Regional_0009,Camión | Regional,Camión_|_Regional_Community_01,Competitive Fighter,-1.053627487407246,-1.053627487407246,sku_hierarchical,621.2238071428571,174.18453035714285,145.955625,32694.06,19518329.27,0.1,559.1014264285715,683.3461878571429
Hankook_Camión_Regional_0012,Camión | Regional,Camión_|_Regional_Community_02,Competitive Fighter,-1.0637316725790116,-1.0796738600783862,blended_GAM_adjusted,638.5630195918367,168.52459142857143,79.35044897959185,19440.86,11925504.48,0.1,574.7067176326531,702.4193215510204
Hankook_Camión_Regional_0025,Camión | Regional,Camión_|_Regional_Community_03,Premium Leader,-1.125166428733077,-1.0772184206452535,blended_GAM_adjusted,664.8791537848605,176.5474266932271,153.09689243027887,38427.32,24522281.16,0.15,565.1472807171314,764.6110268525895
Hankook_Camión_Regional_0046,Camión | Regional,Camión_|_Regional_Community_03,Competitive Fighter,-1.0522382456149268,-1.0028316738647405,blended_GAM_adjusted,580.8147131914893,177.04332680851064,90.02140425531914,21155.03,11874615.67,0.1,522.7332418723404,638.8961845106382
Hankook_Camión_Regional_0059,Camión | Regional,Camión_|_Regional_Community_01,Premium Leader,-1.149888274877703,-1.149888274877703,sku_hierarchical,629.6542807228915,182.78617871485943,65.28449799196787,16255.84,9750337.98,0.15,535.2061386144577,724.1024228313252
Hankook_Coche_Budget_0049,Coche | Budget,Coche_|_Budget_Community_02,Traffic Driver,-2.4553283041452936,-2.403621145282271,blended_GAM_adjusted,99.21300441767067,30.13681807228916,204.05493975903616,50809.68,4713853.95,0.08,91.27596406425702,107.15004477108434
Hankook_Coche_Budget_0059,Coche | Budget,Coche_|_Budget_Community_01,Premium Leader,-2.566272621260083,-2.761396132381555,blended_GAM_adjusted,95.98757510204082,29.316418367346937,426.6093469387755,104519.29,9174264.17,0.15,81.5894388367347,110.38571136734694
Hankook_Coche_Eco_0003,Coche | Eco,Coche_|_Eco_Community_01,Traffic Driver,-1.4086898052342527,-1.3524413499454793,blended_GAM_adjusted,168.5396038961039,59.64541255411255,237.4761471861472,54856.99,8813533.33,0.08,155.0564355844156,182.02277220779223
Hankook_Coche_Eco_0045,Coche | Eco,Coche_|_Eco_Community_01,Competitive Fighter,-1.4519156021358055,-1.3965316627850637,blended_GAM_adjusted,180.86102701612904,60.11015967741936,209.81951612903225,52035.24,9029427.62,0.1,162.77492431451614,198.94712971774197
Hankook_Coche_Performance_0004,Coche | Performance,Coche_|_Performance_Community_02,Competitive Fighter,-1.0727341810913544,-1.0802814865931205,blended_GAM_adjusted,409.74612638297873,111.03809063829787,54.7331914893617,12862.3,5077462.84,0.1,368.7715137446809,450.72073902127664
Hankook_Coche_Performance_0015,Coche | Performance,Coche_|_Performance_Community_02,Traffic Driver,-1.015091720453163,-1.021486176742165,blended_GAM_adjusted,368.8585044897959,79.7798506122449,163.09632653061223,39958.6,14149229.31,0.08,339.34982413061226,398.3671848489796
Hankook_Coche_Performance_0016,Coche | Performance,Coche_|_Performance_Community_02,Competitive Fighter,-1.0963623276840773,-1.1043821961176974,blended_GAM_adjusted,395.9706410041841,99.74267029288704,354.9927196652719,84843.26,32069360.72,0.1,356.3735769037657,435.5677051046025
Hankook_Coche_Performance_0034,Coche | Performance,Coche_|_Performance_Community_02,Competitive Fighter,-1.0627733754869504,-1.070121464876628,blended_GAM_adjusted,366.0265350649351,95.1857134199134,237.2096103896104,54795.42,18944575.54,0.1,329.4238815584416,402.62918857142864
Hankook_Coche_Touring_0000,Coche | Touring,Coche_|_Touring_Community_02,KVI,-1.742670072029432,-1.7742531839013749,blended_GAM_adjusted,159.85664516129032,51.5633564516129,318.2610483870968,78928.74,11916251.56,0.05,151.8638129032258,167.84947741935483
Hankook_Coche_Touring_0024,Coche | Touring,Coche_|_Touring_Community_02,Competitive Fighter,-1.7602133604758294,-1.7921473381167004,blended_GAM_adjusted,167.9173079831933,44.42767478991596,287.26542016806724,68369.17,10654876.08,0.1,151.12557718487398,184.70903878151265
Hankook_Coche_Touring_0066,Coche | Touring,Coche_|_Touring_Community_01,Premium Leader,-1.8388597567399576,-1.9030569665935877,blended_GAM_adjusted,158.97541489361703,50.33309106382979,312.25331914893616,73379.53,10779925.97,0.15,135.12910265957447,182.82172712765956
Hankook_Coche_Touring_0069,Coche | Touring,Coche_|_Touring_Community_02,Competitive Fighter,-1.764012704849122,-1.7960226693774588,blended_GAM_adjusted,168.7936625,53.84706125,191.5735,45977.64,7265007.37,0.1,151.91429625,185.67302875000001
Hankook_Coche_Touring_0077,Coche | Touring,Coche_|_Touring_Community_01,KVI,-1.7376308100358138,-1.7998034409553607,blended_GAM_adjusted,175.98178975409837,39.13733237704918,185.45266393442623,45250.45,7502874.74,0.05,167.18270026639345,184.7808792418033
Hankook_Furgoneta_Reforzado_0022,Furgoneta | Reforzado,Furgoneta_|_Reforzado_Community_01,Competitive Fighter,-1.0744064559420123,-1.0952361878883845,blended_GAM_adjusted,243.5707858870968,59.06403064516129,154.98375,38435.97,9039971.93,0.1,219.21370729838713,267.92786447580653
Hankook_Furgoneta_Reforzado_0044,Furgoneta | Reforzado,Furgoneta_|_Reforzado_Community_03,Premium Leader,-1.1028947548290258,-1.1178459944590449,blended_GAM_adjusted,231.4949302521009,63.114590336134455,240.66680672268907,57278.7,12623970.19,0.15,196.77069071428573,266.219169789916
Hankook_Furgoneta_Standard_0000,Furgoneta | Standard,Furgoneta_|_Standard_Community_02,Traffic Driver,-1.2853744844346735,-1.2234370769326417,blended_GAM_adjusted,183.106068558952,52.96711834061136,194.9016593886463,44632.48,7855368.1,0.08,168.45758307423583,197.75455404366815
Hankook_Furgoneta_Standard_0062,Furgoneta | Standard,Furgoneta_|_Standard_Community_02,Premium Leader,-1.403535232106442,-1.343961039557845,blended_GAM_adjusted,174.9152259414226,48.10409832635983,248.0391213389121,59281.35,9983229.19,0.15,148.6779420502092,201.15250983263596
Hankook_Industrial_Construcción Pesada_0009,Industrial | Construcción Pesada,Industrial_|_Construcción_Pesada_Community_02,Traffic Driver,-0.8240826570335745,-0.8824435596944101,blended_GAM_adjusted,1932.4125607594935,613.8602021097047,23.319198312236285,5526.65,10377978.09,0.08,1777.819555898734,2087.005565620253
Hankook_Industrial_Construcción Pesada_0032,Industrial | Construcción Pesada,Industrial_|_Construcción_Pesada_Community_03,Competitive Fighter,-0.8798627388319858,-0.8798627388319858,sku_hierarchical,1886.14025625,601.6028224999999,51.89720833333333,12455.33,22675821.17,0.1,1697.526230625,2074.7542818750003
Hankook_Industrial_Construcción Pesada_0078,Industrial | Construcción Pesada,Industrial_|_Construcción_Pesada_Community_03,Premium Leader,-0.8991451827528264,-0.8991451827528264,sku_hierarchical,1874.800144104804,585.5539467248909,48.93052401746725,11205.09,20218706.32,0.15,1593.5801224890834,2156.0201657205243
Hankook_Industrial_Portuario/Especial_0044,Industrial | Portuario/Especial,Industrial_|_Portuario/Especial_Community_03,Premium Leader,-0.6989924624070989,-0.6989924624070989,sku_hierarchical,5458.687958565737,2824.909639442231,0.5669322709163347,142.3,757762.25,0.15,4639.884764780876,6277.491152350597
Hankook_SUV / 4x4_All Terrain (A/T)_0041,SUV / 4x4 | All Terrain (A/T),SUV_/_4x4_|_All_Terrain_(A/T)_Community_03,Traffic Driver,-1.151034316971331,-1.1242848227675442,blended_GAM_adjusted,346.41934331983805,100.41383400809715,77.09275303643724,19041.91,6323578.39,0.08,318.705795854251,374.1328907854251
Hankook_SUV / 4x4_Highway Terrain (H/T)_0013,SUV / 4x4 | Highway Terrain (H/T),SUV_/_4x4_|_Highway_Terrain_(H/T)_Community_03,Premium Leader,-1.6680150850728372,-1.64110228222487,blended_GAM_adjusted,195.70062025316452,77.3545194092827,506.1208016877637,119950.63,22225354.57,0.15,166.34552721518983,225.05571329113917
Hankook_SUV / 4x4_Highway Terrain (H/T)_0032,SUV / 4x4 | Highway Terrain (H/T),SUV_/_4x4_|_Highway_Terrain_(H/T)_Community_02,Premium Leader,-1.6536569867692317,-1.6660073292343835,blended_GAM_adjusted,239.06460916666668,61.68047708333334,262.8344583333333,63080.27,14207168.52,0.15,203.20491779166667,274.92430054166664
Hankook_SUV / 4x4_Highway Terrain (H/T)_0045,SUV / 4x4 | Highway Terrain (H/T),SUV_/_4x4_|_Highway_Terrain_(H/T)_Community_02,Premium Leader,-1.6550399855700688,-1.6674179880112376,blended_GAM_adjusted,238.3652691304348,72.89021956521738,231.2327826086957,53183.54,11655613.69,0.15,202.61047876086957,274.12005949999997
Hankook_SUV / 4x4_Mud Terrain (M/T)_0002,SUV / 4x4 | Mud Terrain (M/T),SUV_/_4x4_|_Mud_Terrain_(M/T)_Community_02,Competitive Fighter,-0.9575653152073784,-0.9575653152073784,sku_hierarchical,386.3268291497976,141.06254655870447,227.44692307692307,56179.39,21094018.75,0.1,347.6941462348179,424.9595120647774
Hankook_SUV / 4x4_Mud Terrain (M/T)_0058,SUV / 4x4 | Mud Terrain (M/T),SUV_/_4x4_|_Mud_Terrain_(M/T)_Community_01,Competitive Fighter,-0.9668467592526756,-0.9394011646999768,blended_GAM_adjusted,484.7533583333333,117.06238833333332,279.27341666666666,67025.62,31648770.99,0.1,436.2780225,533.2286941666667
Hifly_Agrícola_Premium Radial_0010,Agrícola | Premium Radial,Agrícola_|_Premium_Radial_Community_01,Premium Leader,-0.7666211128776044,-0.7666211128776044,sku_hierarchical,1808.5547346613544,535.4289067729084,24.20342629482072,6075.06,10680201.81,0.15,1537.271524462151,2079.8379448605574
Hifly_Agrícola_Tractor_0016,Agrícola | Tractor,Agrícola_|_Tractor_Community_01,KVI,-0.8931641620730852,-0.8931641620730852,sku_hierarchical,1033.1318753036437,298.76537368421054,133.98562753036435,33094.45,33056561.48,0.05,981.4752815384614,1084.7884690688259
Hifly_Agrícola_Tractor_0049,Agrícola | Tractor,Agrícola_|_Tractor_Community_03,KVI,-0.900401993495303,-0.9674970092303632,blended_GAM_adjusted,1278.8350440816328,382.68353102040817,46.220775510204085,11324.09,13817669.13,0.05,1214.893291877551,1342.7767962857145
Hifly_Agrícola_Tractor_0065,Agrícola | Tractor,Agrícola_|_Tractor_Community_01,Premium Leader,-0.959142097530702,-0.959142097530702,sku_hierarchical,1125.4417441295548,324.473783805668,83.50607287449392,20626.0,22240307.72,0.15,956.6254825101215,1294.258005748988
Hifly_Camión_Long Haul_0010,Camión | Long Haul,Camión_|_Long_Haul_Community_03,Traffic Driver,-0.8650712233407863,-0.8650712233407863,sku_hierarchical,726.7215227467811,184.70161974248927,54.21163090128755,12631.31,8985871.76,0.08,668.5838009270387,784.8592445665237
Hifly_Camión_Long Haul_0046,Camión | Long Haul,Camión_|_Long_Haul_Community_03,Competitive Fighter,-0.934793514623579,-0.934793514623579,sku_hierarchical,672.6759730290457,174.83808672199171,49.979087136929465,12044.96,7824161.28,0.1,605.4083757261412,739.9435703319504
Hifly_Camión_Obras / Mixto_0068,Camión | Obras / Mixto,Camión_|_Obras_/_Mixto_Community_03,Traffic Driver,-0.7785237315571356,-0.7785237315571356,sku_hierarchical,694.3629599999999,261.57205,89.59382608695653,20606.58,13881510.39,0.08,638.8139232,749.9119968
Hifly_Coche_Budget_0028,Coche | Budget,Coche_|_Budget_Community_01,Premium Leader,-2.56802216369578,-2.763180665665966,blended_GAM_adjusted,102.46228571428573,27.12616693877551,222.05008163265305,54402.27,5164198.19,0.15,87.09294285714286,117.83162857142858
Hifly_Coche_Eco_0018,Coche | Eco,Coche_|_Eco_Community_02,Traffic Driver,-1.3710452717613792,-1.3435871105915862,blended_GAM_adjusted,193.2681466942149,48.85285702479339,85.06099173553719,20584.76,3729943.74,0.08,177.8066949586777,208.7295984297521
Hifly_Coche_Eco_0019,Coche | Eco,Coche_|_Eco_Community_01,Competitive Fighter,-1.4366968215571685,-1.3810085065948534,blended_GAM_adjusted,179.69555454545454,43.31688268398268,99.19017316017316,22912.93,3905786.04,0.1,161.72599909090908,197.66511
Hifly_Coche_Performance_0049,Coche | Performance,Coche_|_Performance_Community_02,Premium Leader,-1.135756594335614,-1.144564348102265,blended_GAM_adjusted,347.56716095617526,100.41785378486055,149.19776892430278,37448.64,12318454.69,0.15,295.43208681274893,399.7022350996015
Hifly_Coche_Touring_0019,Coche | Touring,Coche_|_Touring_Community_02,Competitive Fighter,-1.7835331717802303,-1.8159335456471892,blended_GAM_adjusted,168.92128803418805,40.04944871794872,141.31042735042735,33066.64,5284273.06,0.1,152.02915923076924,185.81341683760687
Hifly_Coche_Touring_0037,Coche | Touring,Coche_|_Touring_Community_03,Traffic Driver,-1.6347310975155775,-1.820246036902445,blended_GAM_adjusted,152.50555060240964,53.74368875502008,98.07329317269075,24420.25,3493194.11,0.08,140.30510655421688,164.70599465060243
Hifly_Coche_Touring_0071,Coche | Touring,Coche_|_Touring_Community_01,Traffic Driver,-1.7161566743888528,-1.7778998225954608,blended_GAM_adjusted,151.07289653679652,39.31541861471861,105.15662337662336,24291.18,3442958.39,0.08,138.9870648138528,163.15872825974026
Hifly_Furgoneta_Standard_0027,Furgoneta | Standard,Furgoneta_|_Standard_Community_01,Traffic Driver,-1.3230687354275752,-1.3224866001608035,blended_GAM_adjusted,186.26952259414227,48.83227740585775,361.7007949790796,86446.49,15482001.69,0.08,171.3679607866109,201.17108440167368
Hifly_Furgoneta_Standard_0045,Furgoneta | Standard,Furgoneta_|_Standard_Community_02,Premium Leader,-1.435638538723471,-1.3767064123072144,blended_GAM_adjusted,167.695021686747,59.68741526104418,245.63184738955823,61162.33,9699053.06,0.15,142.54076843373494,192.84927493975903
Hifly_Furgoneta_Standard_0060,Furgoneta | Standard,Furgoneta_|_Standard_Community_02,KVI,-1.336967218857813,-1.2760616660442434,blended_GAM_adjusted,176.33051769547325,46.011731275720166,107.82296296296296,26200.98,4367676.17,0.05,167.51399181069957,185.14704358024693
Hifly_Industrial_Construcción Pesada_0045,Industrial | Construcción Pesada,Industrial_|_Construcción_Pesada_Community_03,Premium Leader,-0.9299223639211608,-0.9299223639211608,sku_hierarchical,1878.3036104166667,565.7352691666667,49.75683333333333,11941.64,21632516.33,0.15,1596.5580688541668,2160.0491519791667
Hifly_Industrial_Construcción Pesada_0058,Industrial | Construcción Pesada,Industrial_|_Construcción_Pesada_Community_01,Competitive Fighter,-0.8722252721025553,-0.8955744188071693,blended_GAM_adjusted,1803.405879757085,658.5452562753036,44.86927125506072,11082.71,19117536.53,0.1,1623.0652917813763,1983.7464677327935
Hifly_Industrial_Manipulación Ligera_0020,Industrial | Manipulación Ligera,Industrial_|_Manipulación_Ligera_Community_01,Premium Leader,-1.3420746692945626,-1.3699205083703458,blended_GAM_adjusted,294.1768,104.34406764705882,291.8227731092437,69453.82,19573715.27,0.15,250.05028000000001,338.30332
Hifly_Industrial_Manipulación Ligera_0033,Industrial | Manipulación Ligera,Industrial_|_Manipulación_Ligera_Community_01,Traffic Driver,-1.2103088894972174,-1.2355194129770537,blended_GAM_adjusted,288.857612145749,75.57048097165992,140.2468016194332,34640.96,9488296.06,0.08,265.74900317408907,311.9662211174089
Hifly_Industrial_Manipulación Ligera_0044,Industrial | Manipulación Ligera,Industrial_|_Manipulación_Ligera_Community_02,Premium Leader,-1.3583405541981706,-1.370225325296037,blended_GAM_adjusted,325.495627755102,104.56059020408163,73.52175510204081,18012.829999999998,5613808.5,0.15,276.6712835918367,374.3199719183673
Hifly_Industrial_Manipulación Ligera_0057,Industrial | Manipulación Ligera,Industrial_|_Manipulación_Ligera_Community_01,KVI,-1.2538553263864682,-1.2799367786040896,blended_GAM_adjusted,301.51937543103446,101.15543275862068,299.6184051724138,69511.47,19934212.28,0.05,286.4434066594827,316.5953442025862
Hifly_Industrial_Portuario/Especial_0073,Industrial | Portuario/Especial,Industrial_|_Portuario/Especial_Community_01,Traffic Driver,-0.6373826540336226,-0.6373826540336226,sku_hierarchical,5430.231497046414,2197.4459210970463,1.559831223628692,369.68,1947015.9,0.08,4995.8129772827015,5864.650016810127
Hifly_SUV / 4x4_All Terrain (A/T)_0017,SUV / 4x4 | All Terrain (A/T),SUV_/_4x4_|_All_Terrain_(A/T)_Community_01,Traffic Driver,-1.2346033863187704,-1.2017466416567228,blended_GAM_adjusted,377.3172273913044,118.69434565217392,215.9094782608696,49659.18,17971849.9,0.08,347.1318492000001,407.5026055826088
Hifly_SUV / 4x4_Highway Terrain (H/T)_0007,SUV / 4x4 | Highway Terrain (H/T),SUV_/_4x4_|_Highway_Terrain_(H/T)_Community_03,KVI,-1.5950450456037522,-1.566672841966403,blended_GAM_adjusted,251.1329155462185,64.35471302521009,154.99785714285713,36889.49,8887988.47,0.05,238.57626976890757,263.68956132352946
Hifly_SUV / 4x4_Highway Terrain (H/T)_0059,SUV / 4x4 | Highway Terrain (H/T),SUV_/_4x4_|_Highway_Terrain_(H/T)_Community_01,Premium Leader,-1.6535190494538337,-1.6535190494538337,sku_hierarchical,224.33121129032256,70.22683346774194,297.6857661290323,73826.07,15794847.22,0.15,190.68152959677417,257.98089298387094
Kumho_Agrícola_Implementos_0001,Agrícola | Implementos,Agrícola_|_Implementos_Community_02,Traffic Driver,-1.1209678363525095,-1.106709755465905,blended_GAM_adjusted,618.218056302521,200.9040147058824,110.38,26270.44,15690298.22,0.08,568.7606117983192,667.6755008067227
Kumho_Agrícola_Implementos_0003,Agrícola | Implementos,Agrícola_|_Implementos_Community_02,Premium Leader,-1.2150103431327763,-1.2026331123817773,blended_GAM_adjusted,683.6819363636363,195.30174025974023,107.40017316017315,24809.44,16212520.59,0.15,581.1296459090909,786.2342268181817
Kumho_Agrícola_Implementos_0005,Agrícola | Implementos,Agrícola_|_Implementos_Community_01,Premium Leader,-1.221639474840509,-1.1957834480359892,blended_GAM_adjusted,739.2236966804978,180.50064481327803,75.9026141078838,18292.53,12875828.48,0.15,628.3401421784231,850.1072511825724
Kumho_Agrícola_Implementos_0050,Agrícola | Implementos,Agrícola_|_Implementos_Community_02,Premium Leader,-1.2481804950083153,-1.236466667294827,blended_GAM_adjusted,533.5649747933884,165.56685330578514,252.6761157024793,61147.62,31069241.77,0.15,453.5302285743801,613.5997210123966
Kumho_Agrícola_Premium Radial_0031,Agrícola | Premium Radial,Agrícola_|_Premium_Radial_Community_02,Competitive Fighter,-0.7618759652854182,-0.7618759652854182,sku_hierarchical,1914.6988525862068,682.40055,17.95793103448276,4166.24,7782397.27,0.1,1723.2289673275861,2106.168737844828
Kumho_Agrícola_Premium Radial_0034,Agrícola | Premium Radial,Agrícola_|_Premium_Radial_Community_02,KVI,-0.7024279980354722,-0.7024279980354722,sku_hierarchical,1749.5745245762712,612.1895419491526,22.462542372881355,5301.16,8928877.68,0.05,1662.0957983474575,1837.0532508050849
Kumho_Agrícola_Premium Radial_0049,Agrícola | Premium Radial,Agrícola_|_Premium_Radial_Community_01,Premium Leader,-0.8238441136962849,-0.8238441136962849,sku_hierarchical,2036.871524680851,678.0867204255319,28.713659574468085,6747.71,13236260.06,0.15,1731.3407959787235,2342.4022533829784
Kumho_Agrícola_Premium Radial_0058,Agrícola | Premium Radial,Agrícola_|_Premium_Radial_Community_03,Competitive Fighter,-0.7538155700397735,-0.7538155700397735,sku_hierarchical,1885.2454275303644,594.7342271255061,43.291174089068825,10692.92,19540610.81,0.1,1696.720884777328,2073.769970283401
Kumho_Agrícola_Tractor_0001,Agrícola | Tractor,Agrícola_|_Tractor_Community_01,Competitive Fighter,-0.9426201959517544,-0.9426201959517544,sku_hierarchical,1083.649233198381,340.10723117408907,80.38789473684211,19855.81,20712630.54,0.1,975.2843098785428,1192.0141565182191
Kumho_Agrícola_Tractor_0005,Agrícola | Tractor,Agrícola_|_Tractor_Community_02,Premium Leader,-0.9747971560887998,-1.0367141018079742,blended_GAM_adjusted,1263.3503766129031,300.8203899193548,95.7625806451613,23749.12,28989295.23,0.15,1073.8478201209675,1452.8529331048385
Kumho_Agrícola_Tractor_0024,Agrícola | Tractor,Agrícola_|_Tractor_Community_02,Competitive Fighter,-0.9384075142711408,-0.9995966671539618,blended_GAM_adjusted,1269.2955113445378,315.9747218487395,47.18596638655463,11230.26,13773531.39,0.1,1142.365960210084,1396.2250624789917
Kumho_Camión_Long Haul_0013,Camión | Long Haul,Camión_|_Long_Haul_Community_01,Premium Leader,-1.0234393720541417,-1.0451022763357949,blended_GAM_adjusted,687.3859402489627,169.13160373443984,151.77526970954355,36577.84,24234847.6,0.15,584.2780492116183,790.493831286307
Kumho_Camión_Long Haul_0074,Camión | Long Haul,Camión_|_Long_Haul_Community_03,Traffic Driver,-0.776513249940466,-0.776513249940466,sku_hierarchical,682.8023008097166,186.3615384615385,89.27396761133603,22050.67,14802410.31,0.08,628.1781167449393,737.426484874494
Kumho_Camión_Obras / Mixto_0012,Camión | Obras / Mixto,Camión_|_Obras_/_Mixto_Community_01,Premium Leader,-0.8634730803204586,-0.8634730803204586,sku_hierarchical,792.8386071713148,239.4540498007968,106.25059760956177,26668.9,20546943.75,0.15,673.9128160956176,911.764398247012
Kumho_Camión_Obras / Mixto_0021,Camión | Obras / Mixto,Camión_|_Obras_/_Mixto_Community_01,Competitive Fighter,-0.8125345943451184,-0.8125345943451184,sku_hierarchical,798.2433567999999,204.9219688,162.27536,40568.84,31413676.56,0.1,718.4190211199999,878.06769248
Kumho_Camión_Obras / Mixto_0038,Camión | Obras / Mixto,Camión_|_Obras_/_Mixto_Community_03,Premium Leader,-0.9019956553378012,-0.9019956553378012,sku_hierarchical,764.7432906382978,252.0486438297872,94.10021276595744,22113.55,16307156.25,0.15,650.0317970425531,879.4547842340424
Kumho_Camión_Obras / Mixto_0065,Camión | Obras / Mixto,Camión_|_Obras_/_Mixto_Community_01,Competitive Fighter,-0.8152210413930306,-0.8152210413930306,sku_hierarchical,806.8960310344827,257.41634568965515,108.17775862068966,25097.24,19777484.09,0.1,726.2064279310345,887.585634137931
Kumho_Camión_Obras / Mixto_0074,Camión | Obras / Mixto,Camión_|_Obras_/_Mixto_Community_02,Competitive Fighter,-0.8111928877512855,-0.8111928877512855,sku_hierarchical,839.2395541501976,260.02050158102764,94.3105533596838,23860.57,19426897.27,0.1,755.3155987351779,923.1635095652174
Kumho_Camión_Regional_0071,Camión | Regional,Camión_|_Regional_Community_01,KVI,-1.039718491710134,-1.039718491710134,sku_hierarchical,652.4514770491803,174.67132336065575,161.93934426229507,39513.2,24764018.18,0.05,619.8289031967213,685.0740509016393
Kumho_Coche_Budget_0012,Coche | Budget,Coche_|_Budget_Community_01,Competitive Fighter,-2.536746471078961,-2.7312794591968106,blended_GAM_adjusted,98.63665661157025,27.301021487603307,202.3385123966942,48965.92,4364421.62,0.1,88.77299095041322,108.50032227272727
Kumho_Coche_Eco_0010,Coche | Eco,Coche_|_Eco_Community_02,Premium Leader,-1.4820890169207188,-1.4568517306541124,blended_GAM_adjusted,208.20339692982452,57.81455789473684,140.92026315789474,32129.82,6421461.29,0.15,176.97288739035085,239.4339064692982
Kumho_Coche_Eco_0022,Coche | Eco,Coche_|_Eco_Community_02,Premium Leader,-1.4988831675873568,-1.4739817643340831,blended_GAM_adjusted,209.708812749004,48.86484741035856,278.80844621513944,69980.92,13688617.0,0.15,178.2524908366534,241.16513466135459
Kumho_Coche_Performance_0052,Coche | Performance,Coche_|_Performance_Community_01,Competitive Fighter,-1.057505890645377,-1.057505890645377,sku_hierarchical,331.5339383966245,93.47022658227849,202.45417721518987,47981.64,15247869.01,0.1,298.38054455696204,364.687332236287
Kumho_Coche_Touring_0005,Coche | Touring,Coche_|_Touring_Community_01,KVI,-1.7547236836438094,-1.8172381720355164,blended_GAM_adjusted,148.0680205128205,42.3319876068376,354.06047008547006,82850.15,11493295.58,0.05,140.66461948717946,155.47142153846156
Kumho_Furgoneta_Reforzado_0071,Furgoneta | Reforzado,Furgoneta_|_Reforzado_Community_02,Competitive Fighter,-1.0758199276999558,-1.1134653008167308,blended_GAM_adjusted,246.24707203389832,81.1146343220339,131.51292372881355,31037.05,7302821.87,0.1,221.6223648305085,270.8717792372882
Kumho_Furgoneta_Standard_0052,Furgoneta | Standard,Furgoneta_|_Standard_Community_03,Premium Leader,-1.4287744904927493,-1.3899116759550212,blended_GAM_adjusted,186.90932023809523,49.49156507936508,191.34809523809523,48219.72,8480241.11,0.15,158.87292220238095,214.9457182738095
Kumho_Furgoneta_Standard_0078,Furgoneta | Standard,Furgoneta_|_Standard_Community_02,Competitive Fighter,-1.3647210749772969,-1.3043705992861168,blended_GAM_adjusted,158.30265226337448,49.38424115226338,203.9335390946502,49555.85,7415503.03,0.1,142.47238703703704,174.13291748971196
Kumho_Industrial_Construcción Pesada_0002,Industrial | Construcción Pesada,Industrial_|_Construcción_Pesada_Community_03,KVI,-0.8627925655548073,-0.8627925655548073,sku_hierarchical,1822.9112988188976,603.7329267716535,71.75511811023621,18225.8,32253756.95,0.05,1731.7657338779527,1914.0568637598426
Kumho_Industrial_Construcción Pesada_0062,Industrial | Construcción Pesada,Industrial_|_Construcción_Pesada_Community_03,Competitive Fighter,-0.8852902657772523,-0.8852902657772523,sku_hierarchical,2055.267484126984,528.8116809523809,46.47027777777778,11710.51,23377755.71,0.1,1849.7407357142856,2260.7942325396825
Kumho_Industrial_Construcción Pesada_0071,Industrial | Construcción Pesada,Industrial_|_Construcción_Pesada_Community_03,Competitive Fighter,-0.8656126164497565,-0.8656126164497565,sku_hierarchical,1779.249381322957,636.2645252918288,47.73505836575875,12267.91,20923446.74,0.1,1601.3244431906614,1957.174319455253
Kumho_Industrial_Manipulación Ligera_0008,Industrial | Manipulación Ligera,Industrial_|_Manipulación_Ligera_Community_01,Premium Leader,-1.3505712239654892,-1.378586994134691,blended_GAM_adjusted,292.9001132743363,89.71764690265486,261.4362831858407,59084.6,16448988.27,0.15,248.96509628318586,336.8351302654867
Kumho_Industrial_Manipulación Ligera_0017,Industrial | Manipulación Ligera,Industrial_|_Manipulación_Ligera_Community_01,Competitive Fighter,-1.2753021384599512,-1.3018125269190424,blended_GAM_adjusted,305.44956887966805,99.30677178423235,330.153112033195,79566.9,23145724.46,0.1,274.90461199170124,335.99452576763485
Kumho_Industrial_Manipulación Ligera_0048,Industrial | Manipulación Ligera,Industrial_|_Manipulación_Ligera_Community_03,Premium Leader,-1.3306307449964203,-1.330799388758222,blended_GAM_adjusted,319.2434858369099,101.49769699570815,270.1442060085837,62943.6,18917565.74,0.15,271.35696296137337,367.13000871244634
Kumho_Industrial_Manipulación Ligera_0062,Industrial | Manipulación Ligera,Industrial_|_Manipulación_Ligera_Community_02,Competitive Fighter,-1.2721908673594993,-1.2823526447205924,blended_GAM_adjusted,329.8382068669528,89.1224356223176,309.00454935622315,71998.06,22817876.64,0.1,296.85438618025756,362.8220275536481
Kumho_Industrial_Portuario/Especial_0010,Industrial | Portuario/Especial,Industrial_|_Portuario/Especial_Community_03,Competitive Fighter,-0.6773191312767023,-0.6773191312767023,sku_hierarchical,5549.181815019762,2332.4890881422925,1.578181818181818,399.28,2165931.23,0.1,4994.263633517786,6104.099996521739
Kumho_Industrial_Portuario/Especial_0050,Industrial | Portuario/Especial,Industrial_|_Portuario/Especial_Community_03,Traffic Driver,-0.6439962232172353,-0.6439962232172353,sku_hierarchical,5492.917927888447,2091.1171804780874,0.2811553784860558,70.57000000000001,376557.77,0.08,5053.484493657371,5932.3513621195225
Kumho_Industrial_Portuario/Especial_0065,Industrial | Portuario/Especial,Industrial_|_Portuario/Especial_Community_03,Competitive Fighter,-0.6761323239150206,-0.6761323239150206,sku_hierarchical,5584.710692083333,2898.807368333333,0.87575,210.18,1146415.59,0.1,5026.239622874999,6143.181761291667
Kumho_SUV / 4x4_All Terrain (A/T)_0035,SUV / 4x4 | All Terrain (A/T),SUV_/_4x4_|_All_Terrain_(A/T)_Community_03,Premium Leader,-1.310613172751552,-1.2870552556633696,blended_GAM_adjusted,345.39086746987954,109.9504935742972,136.55257028112447,34001.59,11217005.26,0.15,293.5822373493976,397.19949759036143
Kumho_SUV / 4x4_All Terrain (A/T)_0056,SUV / 4x4 | All Terrain (A/T),SUV_/_4x4_|_All_Terrain_(A/T)_Community_01,Competitive Fighter,-1.2920745623534289,-1.2603672412120746,blended_GAM_adjusted,350.302845814978,105.93209427312776,239.38229074889867,54339.78,18269583.05,0.1,315.27256123348025,385.33313039647584
Kumho_SUV / 4x4_All Terrain (A/T)_0076,SUV / 4x4 | All Terrain (A/T),SUV_/_4x4_|_All_Terrain_(A/T)_Community_01,Traffic Driver,-1.1938460618549434,-1.1601741707036193,blended_GAM_adjusted,368.9002280851064,97.65971276595744,76.24974468085105,17918.69,6411488.1,0.08,339.3882098382979,398.41224633191496
Kumho_SUV / 4x4_Highway Terrain (H/T)_0009,SUV / 4x4 | Highway Terrain (H/T),SUV_/_4x4_|_Highway_Terrain_(H/T)_Community_01,Premium Leader,-1.722402584656689,-1.722402584656689,sku_hierarchical,231.41653115384617,71.35569961538461,197.46930769230767,51342.02,11259564.48,0.15,196.70405148076924,266.1290108269231
Kumho_SUV / 4x4_Mud Terrain (M/T)_0014,SUV / 4x4 | Mud Terrain (M/T),SUV_/_4x4_|_Mud_Terrain_(M/T)_Community_01,Traffic Driver,-0.9082048070503624,-0.8795863734536175,blended_GAM_adjusted,391.0563971311475,142.9278762295082,44.09762295081967,10759.82,4075048.04,0.08,359.7718853606557,422.3409089016393
Kumho_SUV / 4x4_Mud Terrain (M/T)_0067,SUV / 4x4 | Mud Terrain (M/T),SUV_/_4x4_|_Mud_Terrain_(M/T)_Community_02,Premium Leader,-0.9902127886952052,-0.9902127886952052,sku_hierarchical,419.8198034042553,129.67579191489364,374.4808510638298,88003.0,35799670.94,0.15,356.846832893617,482.7927739148936
Linglong_Agrícola_Implementos_0053,Agrícola | Implementos,Agrícola_|_Implementos_Community_01,Premium Leader,-1.218746348603294,-1.19283245927403,blended_GAM_adjusted,686.207425108225,163.301529004329,170.97883116883116,39496.11,25966981.91,0.15,583.2763113419912,789.1385388744587
Linglong_Agrícola_Premium Radial_0063,Agrícola | Premium Radial,Agrícola_|_Premium_Radial_Community_03,Competitive Fighter,-0.7259985190187823,-0.7259985190187823,sku_hierarchical,2121.135769262295,539.0994823770492,41.47684426229508,10120.35,20882404.9,0.1,1909.0221923360657,2333.2493461885247
Linglong_Agrícola_Tractor_0055,Agrícola | Tractor,Agrícola_|_Tractor_Community_03,Premium Leader,-0.9553690857618534,-1.0235634433422447,blended_GAM_adjusted,1075.305124110672,301.8615687747035,121.50806324110673,30741.54,32010550.83,0.15,914.0093554940712,1236.6008927272728
Linglong_Camión_Long Haul_0001,Camión | Long Haul,Camión_|_Long_Haul_Community_01,Competitive Fighter,-0.9312452539418116,-0.9510642758612182,blended_GAM_adjusted,662.5699336134454,181.5234600840336,48.91957983193277,11642.86,7528004.19,0.1,596.3129402521009,728.82692697479
Linglong_Camión_Long Haul_0023,Camión | Long Haul,Camión_|_Long_Haul_Community_01,Competitive Fighter,-0.9451616637469822,-0.9652590138624922,blended_GAM_adjusted,645.821505907173,149.69719198312237,69.85548523206751,16555.75,10378137.78,0.1,581.2393553164557,710.4036564978903
Linglong_Camión_Long Haul_0057,Camión | Long Haul,Camión_|_Long_Haul_Community_01,Premium Leader,-1.0486625640416716,-1.0708299321630754,blended_GAM_adjusted,613.12914,167.61795360000002,208.47072,52117.68,30821902.52,0.15,521.159769,705.0985109999999
Linglong_Camión_Long Haul_0060,Camión | Long Haul,Camión_|_Long_Haul_Community_03,KVI,-0.8965725928581526,-0.8965725928581526,sku_hierarchical,715.3027950413223,201.59421776859503,238.96429752066115,57829.36,40190692.79,0.05,679.5376552892561,751.0679347933884
Linglong_Camión_Obras / Mixto_0054,Camión | Obras / Mixto,Camión_|_Obras_/_Mixto_Community_02,Competitive Fighter,-0.8221410519766739,-0.8221410519766739,sku_hierarchical,695.4818983606557,241.3866426229508,172.0420901639344,41978.27,28241875.09,0.1,625.9337085245901,765.0300881967213
Linglong_Camión_Regional_0069,Camión | Regional,Camión_|_Regional_Community_01,Competitive Fighter,-1.0440029909701125,-1.0440029909701125,sku_hierarchical,590.5618048582995,189.00885708502025,151.0752631578947,37315.59,21306659.1,0.1,531.5056243724696,649.6179853441296
Linglong_Coche_Budget_0055,Coche | Budget,Coche_|_Budget_Community_01,Competitive Fighter,-2.543314419841448,-2.7379787669345474,blended_GAM_adjusted,97.46583080168776,31.46640506329114,224.84168776371308,53287.48,4734744.26,0.1,87.71924772151898,107.21241388185655
Linglong_Coche_Budget_0065,Coche | Budget,Coche_|_Budget_Community_03,Premium Leader,-2.6083339943162667,-2.7045694979803563,blended_GAM_adjusted,99.28328093385214,30.061190272373544,293.0728404669261,75319.72,6651654.66,0.15,84.39078879377432,114.17577307392995
Linglong_Coche_Eco_0009,Coche | Eco,Coche_|_Eco_Community_02,Competitive Fighter,-1.4372611459556135,-1.4111273022697053,blended_GAM_adjusted,159.95775934959352,60.01594430894309,443.31024390243897,109054.32,16648818.72,0.1,143.96198341463418,175.95353528455288
Linglong_Coche_Eco_0025,Coche | Eco,Coche_|_Eco_Community_01,Competitive Fighter,-1.4233995036695666,-1.3674452423494996,blended_GAM_adjusted,192.5877690376569,52.65678326359833,99.18677824267782,23705.64,4349606.2,0.1,173.3289921338912,211.84654594142262
Linglong_Coche_Eco_0059,Coche | Eco,Coche_|_Eco_Community_01,Traffic Driver,-1.353630394177096,-1.2962807506671794,blended_GAM_adjusted,157.45890416666668,52.03167208333333,256.7825,61627.8,9289904.6,0.08,144.86219183333336,170.05561650000004
Linglong_Coche_Performance_0005,Coche | Performance,Coche_|_Performance_Community_02,Competitive Fighter,-1.0879151412685633,-1.0957660659738733,blended_GAM_adjusted,384.2871785123967,94.16781363636365,183.19235537190085,44332.55,16381720.61,0.1,345.85846066115704,422.7158963636364
Linglong_Coche_Performance_0025,Coche | Performance,Coche_|_Performance_Community_01,Premium Leader,-1.1002778674883078,-1.1002778674883078,sku_hierarchical,361.7360340336134,106.96159957983194,93.03525210084034,22142.39,7731070.68,0.15,307.4756289285714,415.9964391386554
Linglong_Coche_Performance_0026,Coche | Performance,Coche_|_Performance_Community_02,Premium Leader,-1.151163603219025,-1.160279497163344,blended_GAM_adjusted,369.9586723577236,101.58834186991872,243.45040650406503,59888.8,21068768.93,0.15,314.464871504065,425.4524732113821
Linglong_Coche_Touring_0018,Coche | Touring,Coche_|_Touring_Community_02,Traffic Driver,-1.694985598520126,-1.7256150209218823,blended_GAM_adjusted,160.91232094017093,41.92245683760684,199.36982905982907,46652.54,7160342.95,0.08,148.03933526495726,173.78530661538463
Linglong_Furgoneta_Reforzado_0056,Furgoneta | Reforzado,Furgoneta_|_Reforzado_Community_01,Traffic Driver,-1.0241078593228308,-1.043931619336819,blended_GAM_adjusted,223.5861359649123,81.62829692982456,254.77118421052631,58087.83,12441055.91,0.08,205.69924508771933,241.4730268421053
Linglong_Furgoneta_Standard_0016,Furgoneta | Standard,Furgoneta_|_Standard_Community_01,KVI,-1.3441217772384328,-1.3439607028078784,blended_GAM_adjusted,169.23424074074074,59.46539218106996,219.52666666666667,53344.98,8626179.48,0.05,160.7725287037037,177.6959527777778
Linglong_Industrial_Manipulación Ligera_0025,Industrial | Manipulación Ligera,Industrial_|_Manipulación_Ligera_Community_02,Premium Leader,-1.3173098863196144,-1.3283740440599097,blended_GAM_adjusted,345.3016633620689,102.38698620689657,185.8739224137931,43122.75,14264748.35,0.15,293.50641385775856,397.09691286637917
Linglong_Industrial_Manipulación Ligera_0063,Industrial | Manipulación Ligera,Industrial_|_Manipulación_Ligera_Community_01,Competitive Fighter,-1.2666324626539127,-1.2929694575968829,blended_GAM_adjusted,278.69630431034483,87.27291249999999,436.0763793103448,101169.72,26880329.97,0.1,250.82667387931036,306.56593474137935
Linglong_Industrial_Manipulación Ligera_0067,Industrial | Manipulación Ligera,Industrial_|_Manipulación_Ligera_Community_03,Premium Leader,-1.340192297355878,-1.3405521721648683,blended_GAM_adjusted,328.5227378486056,87.56703426294821,179.7651394422311,45121.05,14142132.02,0.15,279.24432717131475,377.8011485258964
Linglong_Industrial_Portuario/Especial_0045,Industrial | Portuario/Especial,Industrial_|_Portuario/Especial_Community_03,Competitive Fighter,-0.6792525436035151,-0.6792525436035151,sku_hierarchical,4589.620177685951,2021.28138553719,0.5253719008264462,127.14,564248.11,0.1,4130.658159917356,5048.582195454546
Linglong_SUV / 4x4_All Terrain (A/T)_0031,SUV / 4x4 | All Terrain (A/T),SUV_/_4x4_|_All_Terrain_(A/T)_Community_03,Competitive Fighter,-1.2721866614169863,-1.247860214102113,blended_GAM_adjusted,361.4631526970954,97.88948796680498,285.7915352697095,68875.76,23718549.73,0.1,325.31683742738585,397.60946796680497
Linglong_SUV / 4x4_All Terrain (A/T)_0038,SUV / 4x4 | All Terrain (A/T),SUV_/_4x4_|_All_Terrain_(A/T)_Community_02,Premium Leader,-1.311766136649404,-1.2731869566119691,blended_GAM_adjusted,380.69992530612245,115.40013183673469,213.87330612244895,52398.96,18877755.68,0.15,323.5949365102041,437.8049141020408
Linglong_SUV / 4x4_All Terrain (A/T)_0067,SUV / 4x4 | All Terrain (A/T),SUV_/_4x4_|_All_Terrain_(A/T)_Community_01,Competitive Fighter,-1.280650693445604,-1.248714894926093,blended_GAM_adjusted,331.426898340249,92.49752946058092,225.5414937759336,54355.5,17255551.39,0.1,298.2842085062241,364.5695881742739
Linglong_SUV / 4x4_Highway Terrain (H/T)_0048,SUV / 4x4 | Highway Terrain (H/T),SUV_/_4x4_|_Highway_Terrain_(H/T)_Community_03,KVI,-1.5830672195551625,-1.5544554593968416,blended_GAM_adjusted,223.23445676855897,79.10018908296942,309.1108296943232,70786.38,14935074.5,0.05,212.07273393013102,234.39617960698692
Linglong_SUV / 4x4_Highway Terrain (H/T)_0058,SUV / 4x4 | Highway Terrain (H/T),SUV_/_4x4_|_Highway_Terrain_(H/T)_Community_03,Premium Leader,-1.665661499451118,-1.6387016248907165,blended_GAM_adjusted,227.634898015873,72.74113531746032,148.29940476190475,37371.45,8013773.54,0.15,193.48966331349206,261.7801327182539
Linglong_SUV / 4x4_Highway Terrain (H/T)_0076,SUV / 4x4 | Highway Terrain (H/T),SUV_/_4x4_|_Highway_Terrain_(H/T)_Community_01,Competitive Fighter,-1.63339844813585,-1.63339844813585,sku_hierarchical,230.75620700389103,67.89614941634241,86.81373540856032,22311.13,4824466.11,0.1,207.68058630350194,253.83182770428016
Linglong_SUV / 4x4_Highway Terrain (H/T)_0077,SUV / 4x4 | Highway Terrain (H/T),SUV_/_4x4_|_Highway_Terrain_(H/T)_Community_03,Traffic Driver,-1.549356399495179,-1.5200704229356583,blended_GAM_adjusted,212.7335546184739,57.85284939759036,133.399437751004,33216.46,6652467.34,0.08,195.714870248996,229.75223898795184
Mazzini_Agrícola_Premium Radial_0040,Agrícola | Premium Radial,Agrícola_|_Premium_Radial_Community_02,Competitive Fighter,-0.730711755276827,-0.730711755276827,sku_hierarchical,1525.9533606060604,586.8651779220779,24.993376623376623,5773.47,8477495.03,0.1,1373.3580245454543,1678.5486966666665
Mazzini_Agrícola_Premium Radial_0067,Agrícola | Premium Radial,Agrícola_|_Premium_Radial_Community_02,Premium Leader,-0.7867683822196838,-0.7867683822196838,sku_hierarchical,1803.2904532188843,637.829321888412,35.41261802575107,8251.14,14391511.43,0.15,1532.7968852360516,2073.7840212017168
Mazzini_Camión_Long Haul_0008,Camión | Long Haul,Camión_|_Long_Haul_Community_01,Premium Leader,-0.9733752521354356,-0.9940368740187148,blended_GAM_adjusted,645.490132421875,212.558600390625,166.002734375,42496.7,26303699.17,0.15,548.6666125585938,742.3136522851562
Mazzini_Camión_Long Haul_0066,Camión | Long Haul,Camión_|_Long_Haul_Community_03,KVI,-0.9051696952200784,-0.9051696952200784,sku_hierarchical,577.4401640495868,166.45020909090908,69.10206611570248,16722.7,9476798.23,0.05,548.5681558471074,606.3121722520661
Mazzini_Camión_Obras / Mixto_0059,Camión | Obras / Mixto,Camión_|_Obras_/_Mixto_Community_01,Traffic Driver,-0.7626925019365262,-0.7626925019365262,sku_hierarchical,788.26304092827,238.3834367088608,72.48810126582279,17179.68,13253263.47,0.08,725.2019976540084,851.3240842025317
Mazzini_Camión_Regional_0019,Camión | Regional,Camión_|_Regional_Community_02,Premium Leader,-1.1142247310405504,-1.1311767797091556,blended_GAM_adjusted,591.0558158730158,161.8002,109.31464285714286,27547.29,15415336.7,0.15,502.3974434920634,679.7141882539681
Mazzini_Camión_Regional_0043,Camión | Regional,Camión_|_Regional_Community_02,Competitive Fighter,-1.059238897058067,-1.0750912290470227,blended_GAM_adjusted,691.466216194332,167.12071497975708,68.62481781376519,16950.33,11333487.1,0.1,622.3195945748988,760.6128378137653
Mazzini_Coche_Eco_0058,Coche | Eco,Coche_|_Eco_Community_02,Traffic Driver,-1.4076433396393833,-1.3809171398271505,blended_GAM_adjusted,199.8915539748954,57.3219410041841,270.3087029288703,64603.78,12283934.97,0.08,183.90022965690378,215.88287829288706
Mazzini_Coche_Performance_0006,Coche | Performance,Coche_|_Performance_Community_01,Premium Leader,-1.1699392699773916,-1.1699392699773916,sku_hierarchical,333.6720190677966,116.70076313559322,165.98080508474575,39171.47,12583916.3,0.15,283.6212162076271,383.7228219279661
Mazzini_Coche_Performance_0009,Coche | Performance,Coche_|_Performance_Community_02,Competitive Fighter,-1.0993687523450588,-1.1074487492718987,blended_GAM_adjusted,354.5095140495868,102.42810743801653,245.2726859504132,59355.99,20177509.75,0.1,319.0585626446281,389.9604654545455
Mazzini_Coche_Performance_0043,Coche | Performance,Coche_|_Performance_Community_01,Premium Leader,-1.1299829244421538,-1.1299829244421538,sku_hierarchical,368.9344046808511,123.8267659574468,134.48034042553192,31602.88,11183791.15,0.15,313.59424397872345,424.2745653829788
Mazzini_Coche_Performance_0051,Coche | Performance,Coche_|_Performance_Community_01,Premium Leader,-1.1326856312705986,-1.1326856312705986,sku_hierarchical,359.42623658536587,104.94327195121951,126.04589430894308,31007.29,10695586.45,0.15,305.51230109756096,413.3401720731707
Mazzini_Coche_Performance_0078,Coche | Performance,Coche_|_Performance_Community_02,Premium Leader,-1.1559741860793284,-1.1651862916808535,blended_GAM_adjusted,404.6435603112841,117.84744357976656,163.78575875486382,42092.94,16173997.17,0.15,343.94702626459144,465.3400943579767
Mazzini_Coche_Touring_0030,Coche | Touring,Coche_|_Touring_Community_01,Premium Leader,-1.7978514324728412,-1.8612284758411288,blended_GAM_adjusted,154.4024075949367,42.20744388185653,275.91886075949367,65392.77,9392380.03,0.15,131.2420464556962,177.56276873417718
Mazzini_Coche_Touring_0041,Coche | Touring,Coche_|_Touring_Community_01,Premium Leader,-1.7937827500903276,-1.8570784198109649,blended_GAM_adjusted,164.80387510548525,52.059172151898736,164.4731223628692,38980.13,6047073.53,0.15,140.08329383966245,189.52445637130802
Mazzini_Furgoneta_Reforzado_0016,Furgoneta | Reforzado,Furgoneta_|_Reforzado_Community_01,Premium Leader,-1.0971120529342224,-1.1183958968204388,blended_GAM_adjusted,278.3933376033058,65.98900041322314,232.57177685950413,56282.37,15061785.11,0.15,236.6343369628099,320.15233824380164
Mazzini_Furgoneta_Reforzado_0036,Furgoneta | Reforzado,Furgoneta_|_Reforzado_Community_01,KVI,-1.0514990254562635,-1.0718706087929208,blended_GAM_adjusted,254.74556024096387,66.98334096385543,242.81642570281124,60461.29,14843503.5,0.05,242.00828222891568,267.48283825301206
Mazzini_Furgoneta_Reforzado_0069,Furgoneta | Reforzado,Furgoneta_|_Reforzado_Community_03,Competitive Fighter,-1.0808576871886226,-1.0953681854658337,blended_GAM_adjusted,224.24213359683796,61.37663320158103,88.87818181818182,22486.18,4855680.43,0.1,201.81792023715417,246.66634695652178
Mazzini_Furgoneta_Standard_0035,Furgoneta | Standard,Furgoneta_|_Standard_Community_03,Competitive Fighter,-1.369709438418017,-1.3296653228387942,blended_GAM_adjusted,175.35875829787233,47.67034297872341,132.6983829787234,31184.12,5236796.42,0.1,157.8228824680851,192.89463412765957
Mazzini_Industrial_Construcción Pesada_0075,Industrial | Construcción Pesada,Industrial_|_Construcción_Pesada_Community_01,Competitive Fighter,-0.8857947754329255,-0.9094153122041468,blended_GAM_adjusted,1669.2019975,611.1040366666667,40.974375,9833.85,15786876.82,0.1,1502.2817977500001,1836.1221972500002
Mazzini_Industrial_Manipulación Ligera_0021,Industrial | Manipulación Ligera,Industrial_|_Manipulación_Ligera_Community_02,KVI,-1.2601198741207524,-1.2700402316170707,blended_GAM_adjusted,322.3647245833333,85.14025416666667,233.67766666666665,56082.64,16999448.56,0.05,306.2464883541667,338.4829608125
Mazzini_Industrial_Manipulación Ligera_0040,Industrial | Manipulación Ligera,Industrial_|_Manipulación_Ligera_Community_03,Traffic Driver,-1.2154539690776551,-1.2133190773210811,blended_GAM_adjusted,288.327755982906,104.83998034188036,156.15893162393164,36541.19,10044770.92,0.08,265.2615355042735,311.3939764615385
Mazzini_Industrial_Manipulación Ligera_0043,Industrial | Manipulación Ligera,Industrial_|_Manipulación_Ligera_Community_01,Competitive Fighter,-1.283926226513433,-1.3106090967335935,blended_GAM_adjusted,331.78460608695656,84.91586695652173,69.15878260869566,15906.52,5030610.3,0.1,298.6061454782609,364.96306669565223
Mazzini_Industrial_Portuario/Especial_0033,Industrial | Portuario/Especial,Industrial_|_Portuario/Especial_Community_01,Competitive Fighter,-0.6725806730350998,-0.6725806730350998,sku_hierarchical,6136.030764135021,2240.140316877637,0.3415189873417721,80.94,483437.87,0.1,5522.427687721519,6749.633840548524
Mazzini_Industrial_Portuario/Especial_0034,Industrial | Portuario/Especial,Industrial_|_Portuario/Especial_Community_03,Competitive Fighter,-0.6694509784617294,-0.6694509784617294,sku_hierarchical,5655.687477500001,2711.6810037500004,1.497083333333333,359.3,1984928.9,0.1,5090.118729750001,6221.256225250001
Mazzini_Industrial_Portuario/Especial_0048,Industrial | Portuario/Especial,Industrial_|_Portuario/Especial_Community_01,Premium Leader,-0.7033310287875927,-0.7033310287875927,sku_hierarchical,5105.839946963563,2817.4413340080973,0.808582995951417,199.72,999309.58,0.15,4339.963954919029,5871.715939008097
Mazzini_Industrial_Portuario/Especial_0071,Industrial | Portuario/Especial,Industrial_|_Portuario/Especial_Community_01,Premium Leader,-0.7267300961583678,-0.7267300961583678,sku_hierarchical,4619.822817948718,2609.879056837606,0.9341452991452992,218.59,978747.17,0.15,3926.84939525641,5312.796240641025
Mazzini_Industrial_Portuario/Especial_0077,Industrial | Portuario/Especial,Industrial_|_Portuario/Especial_Community_03,Premium Leader,-0.7158413793638556,-0.7158413793638556,sku_hierarchical,4963.04652244898,2631.8873093877555,0.7269795918367348,178.11,863178.05,0.15,4218.589544081633,5707.503500816327
Mazzini_SUV / 4x4_All Terrain (A/T)_0037,SUV / 4x4 | All Terrain (A/T),SUV_/_4x4_|_All_Terrain_(A/T)_Community_01,Competitive Fighter,-1.2583459800135777,-1.2259640872254265,blended_GAM_adjusted,345.0658784552845,78.04105000000001,76.3409756097561,18779.88,6193457.71,0.1,310.5592906097561,379.572466300813
Mazzini_SUV / 4x4_Highway Terrain (H/T)_0003,SUV / 4x4 | Highway Terrain (H/T),SUV_/_4x4_|_Highway_Terrain_(H/T)_Community_01,Competitive Fighter,-1.6197779081283958,-1.6197779081283958,sku_hierarchical,245.6241615044248,62.72360088495575,149.5327876106195,33794.41,7926694.33,0.1,221.0617453539823,270.1865776548673
Mazzini_SUV / 4x4_Mud Terrain (M/T)_0012,SUV / 4x4 | Mud Terrain (M/T),SUV_/_4x4_|_Mud_Terrain_(M/T)_Community_01,KVI,-0.9411314919176929,-0.9131715920182945,blended_GAM_adjusted,442.91012751937984,138.41527596899223,235.7427906976744,60821.64,26353320.32,0.05,420.7646211434108,465.0556338953489
Mazzini_SUV / 4x4_Mud Terrain (M/T)_0063,SUV / 4x4 | Mud Terrain (M/T),SUV_/_4x4_|_Mud_Terrain_(M/T)_Community_02,KVI,-0.9406839074774576,-0.9406839074774576,sku_hierarchical,442.3208447698744,149.19186025104602,49.46581589958159,11822.33,5108259.57,0.05,420.20480253138066,464.4368870083681
Michelin_Agrícola_Implementos_0016,Agrícola | Implementos,Agrícola_|_Implementos_Community_02,Competitive Fighter,-1.1823232983338154,-1.1692923266868371,blended_GAM_adjusted,652.2446217213115,207.38343852459016,159.3991393442623,38893.39,24319978.23,0.1,587.0201595491804,717.4690838934428
Michelin_Agrícola_Implementos_0037,Agrícola | Implementos,Agrícola_|_Implementos_Community_01,Premium Leader,-1.2049204675527592,-1.1787300606024844,blended_GAM_adjusted,643.3252447154471,154.61696422764228,61.253292682926826,15068.31,9073107.12,0.15,546.82645800813,739.824031422764
Michelin_Agrícola_Implementos_0038,Agrícola | Implementos,Agrícola_|_Implementos_Community_01,Competitive Fighter,-1.1910270351835877,-1.1645587595859297,blended_GAM_adjusted,694.4042525862069,197.69213060344828,36.36056034482758,8435.65,5585221.32,0.1,624.9638273275863,763.8446778448276
Michelin_Agrícola_Implementos_0051,Agrícola | Implementos,Agrícola_|_Implementos_Community_02,Traffic Driver,-1.1284902276052808,-1.1143825945437318,blended_GAM_adjusted,581.1825246861926,155.15174769874474,108.0636820083682,25827.22,14508897.15,0.08,534.6879227112971,627.677126661088
Michelin_Agrícola_Implementos_0066,Agrícola | Implementos,Agrícola_|_Implementos_Community_01,Premium Leader,-1.1979691007183215,-1.1716396664313582,blended_GAM_adjusted,671.663603896104,202.17760692640687,130.26774891774892,30091.85,19293297.16,0.15,570.9140633116883,772.4131444805195
Michelin_Agrícola_Tractor_0007,Agrícola | Tractor,Agrícola_|_Tractor_Community_01,Competitive Fighter,-0.9198581218296852,-0.9198581218296852,sku_hierarchical,1179.467490625,334.63813794642857,84.4290625,18912.11,21601004.83,0.1,1061.5207415625,1297.4142396875002
Michelin_Agrícola_Tractor_0018,Agrícola | Tractor,Agrícola_|_Tractor_Community_03,Competitive Fighter,-0.920226879038214,-0.9877183924841322,blended_GAM_adjusted,1204.346324291498,370.0888870445344,46.2334008097166,11419.65,13302988.01,0.1,1083.911691862348,1324.7809567206477
Michelin_Agrícola_Tractor_0036,Agrícola | Tractor,Agrícola_|_Tractor_Community_01,Traffic Driver,-0.852242969626636,-0.852242969626636,sku_hierarchical,1148.6026491735538,357.40901900826447,89.34429752066116,21621.32,23849309.65,0.08,1056.7144372396695,1240.4908611074381
Michelin_Agrícola_Tractor_0038,Agrícola | Tractor,Agrícola_|_Tractor_Community_02,Premium Leader,-0.961042079024198,-1.02268392320208,blended_GAM_adjusted,1241.8315220408165,315.5915269387756,64.60461224489795,15828.13,18972014.61,0.15,1055.5567937346939,1428.1062503469389
Michelin_Agrícola_Tractor_0045,Agrícola | Tractor,Agrícola_|_Tractor_Community_01,KVI,-0.8926308093874369,-0.8926308093874369,sku_hierarchical,1048.2084871369295,300.9014211618257,158.9849377593361,38315.37,38288113.73,0.05,995.798062780083,1100.618911493776
Michelin_Agrícola_Tractor_0047,Agrícola | Tractor,Agrícola_|_Tractor_Community_03,Premium Leader,-0.9899124037687737,-1.0587976277093032,blended_GAM_adjusted,1195.5201908,380.2592452,91.20376,22800.94,25819698.75,0.15,1016.1921621799999,1374.8482194199999
Michelin_Agrícola_Tractor_0053,Agrícola | Tractor,Agrícola_|_Tractor_Community_03,Premium Leader,-0.9706842755629376,-1.0391849369393509,blended_GAM_adjusted,1176.1808105042016,367.7732478991596,105.70323529411765,25157.37,28352530.97,0.15,999.7536889285714,1352.6079320798317
Michelin_Camión_Long Haul_0006,Camión | Long Haul,Camión_|_Long_Haul_Community_01,Traffic Driver,-0.8843803326510532,-0.9032620561446446,blended_GAM_adjusted,666.3400857142857,171.2293542857143,88.80604081632653,21757.48,14032783.96,0.08,613.0328788571429,719.6472925714286
Michelin_Camión_Long Haul_0035,Camión | Long Haul,Camión_|_Long_Haul_Community_03,Competitive Fighter,-0.9593270050025088,-0.9593270050025088,sku_hierarchical,660.1267664031622,169.7572790513834,200.1901581027668,50648.11,32372511.3,0.1,594.114089762846,726.1394430434784
Michelin_Camión_Long Haul_0044,Camión | Long Haul,Camión_|_Long_Haul_Community_03,Premium Leader,-1.058052956217762,-1.058052956217762,sku_hierarchical,732.0895297872341,225.02999659574468,105.60506382978724,24817.19,17405871.09,0.15,622.276100319149,841.9029592553192
Michelin_Camión_Obras / Mixto_0029,Camión | Obras / Mixto,Camión_|_Obras_/_Mixto_Community_01,Competitive Fighter,-0.8276384516660007,-0.8276384516660007,sku_hierarchical,695.429035483871,223.88290927419357,121.75891129032256,30196.21,20476541.18,0.1,625.8861319354838,764.9719390322581
Michelin_Camión_Obras / Mixto_0050,Camión | Obras / Mixto,Camión_|_Obras_/_Mixto_Community_01,Competitive Fighter,-0.8187521510266894,-0.8187521510266894,sku_hierarchical,790.8325116,242.0885392,142.6946,35673.65,27391984.31,0.1,711.74926044,869.91576276
Michelin_Camión_Regional_0005,Camión | Regional,Camión_|_Regional_Community_03,Competitive Fighter,-1.0671466618297074,-1.0180382584038166,blended_GAM_adjusted,614.4548682608696,182.65301782608697,168.16013043478262,38676.83,22733617.45,0.1,553.0093814347827,675.9003550869567
Michelin_Camión_Regional_0011,Camión | Regional,Camión_|_Regional_Community_01,Competitive Fighter,-1.0755827511760263,-1.0755827511760263,sku_hierarchical,656.5681858921163,221.32628630705395,64.98195020746888,15660.65,9886916.89,0.1,590.9113673029046,722.2250044813279
Michelin_Coche_Budget_0033,Coche | Budget,Coche_|_Budget_Community_02,Premium Leader,-2.5760921862952078,-2.5268003050751826,blended_GAM_adjusted,97.17581896551724,29.967835344827588,259.39,60178.48,5257241.64,0.15,82.59944612068965,111.75219181034481
Michelin_Coche_Budget_0035,Coche | Budget,Coche_|_Budget_Community_01,Competitive Fighter,-2.495068379750628,-2.688767806041911,blended_GAM_adjusted,99.90078262711864,23.61088220338983,128.84512711864406,30407.45,2825709.84,0.1,89.91070436440678,109.89086088983052
Michelin_Coche_Eco_0015,Coche | Eco,Coche_|_Eco_Community_01,Competitive Fighter,-1.4562057809552733,-1.4009076451809204,blended_GAM_adjusted,180.11170416666667,54.81648833333333,407.084625,97700.31,16936467.06,0.1,162.10053375,198.12287458333336
Michelin_Coche_Eco_0053,Coche | Eco,Coche_|_Eco_Community_01,Premium Leader,-1.4700021450690297,-1.4149799365769518,blended_GAM_adjusted,197.21088375,61.60957583333333,181.82141666666664,43637.14,8135221.6,0.15,167.6292511875,226.79251631249997
Michelin_Coche_Eco_0062,Coche | Eco,Coche_|_Eco_Community_02,Premium Leader,-1.5594602366404982,-1.5357703747682874,blended_GAM_adjusted,173.0977569105691,56.76101056910569,504.3339430894309,124066.15,20152291.26,0.15,147.13309337398374,199.06242044715447
Michelin_Coche_Performance_0021,Coche | Performance,Coche_|_Performance_Community_02,Traffic Driver,-1.0085675086428512,-1.0148314806956469,blended_GAM_adjusted,347.9067892116183,113.43353236514524,154.8657676348548,37322.65,12264424.48,0.08,320.0742460746888,375.73933234854775
Michelin_Coche_Performance_0031,Coche | Performance,Coche_|_Performance_Community_01,Traffic Driver,-0.9978885514543722,-0.9978885514543722,sku_hierarchical,369.42765541666665,113.666255,48.63808333333333,11673.14,4146451.56,0.08,339.87344298333335,398.98186785
Michelin_Coche_Touring_0009,Coche | Touring,Coche_|_Touring_Community_01,Premium Leader,-1.878972125889508,-1.943971583126129,blended_GAM_adjusted,168.1879289256198,45.23170165289256,235.69987603305788,57039.37,9040629.8,0.15,142.9597395867768,193.41611826446274
Michelin_Coche_Touring_0035,Coche | Touring,Coche_|_Touring_Community_01,Competitive Fighter,-1.76009520974011,-1.822717128653743,blended_GAM_adjusted,149.34189349593495,45.03308292682927,156.7911788617886,38570.63,5356867.22,0.1,134.40770414634147,164.27608284552846
Michelin_Coche_Touring_0036,Coche | Touring,Coche_|_Touring_Community_02,Competitive Fighter,-1.7787450054814895,-1.8110496160224736,blended_GAM_adjusted,167.3656912,42.5491296,230.97692,57744.23,9107929.88,0.1,150.62912208,184.10226032
Michelin_Coche_Touring_0040,Coche | Touring,Coche_|_Touring_Community_01,Traffic Driver,-1.678904719094442,-1.7399028281951614,blended_GAM_adjusted,175.12079437751004,43.35188795180723,96.34413654618471,23989.69,3910839.37,0.08,161.11113082730924,189.13045792771086
Michelin_Coche_Touring_0056,Coche | Touring,Coche_|_Touring_Community_01,Premium Leader,-1.890309871307176,-1.9555360834521505,blended_GAM_adjusted,169.25439789915967,49.318904201680674,245.06436974789915,58325.32,9212797.32,0.15,143.86623821428572,194.6425575840336
Michelin_Coche_Touring_0072,Coche | Touring,Coche_|_Touring_Community_01,Traffic Driver,-1.7262195980131207,-1.788164004692214,blended_GAM_adjusted,154.66062903225807,44.05419838709677,134.76306451612902,33421.24,4865528.13,0.08,142.28777870967744,167.03347935483873
Michelin_Furgoneta_Reforzado_0026,Furgoneta | Reforzado,Furgoneta_|_Reforzado_Community_03,KVI,-1.0507701010899588,-1.0646788476451965,blended_GAM_adjusted,249.62384780701757,56.70116754385965,80.66153508771929,18390.83,4436708.17,0.05,237.14265541666668,262.10504019736845
Michelin_Furgoneta_Reforzado_0027,Furgoneta | Reforzado,Furgoneta_|_Reforzado_Community_03,Premium Leader,-1.097573332958235,-1.1124181441508385,blended_GAM_adjusted,257.4815870967742,72.48095201612902,346.89665322580646,86030.37,21068614.75,0.15,218.85934903225808,296.10382516129033
Michelin_Furgoneta_Reforzado_0035,Furgoneta | Reforzado,Furgoneta_|_Reforzado_Community_02,Competitive Fighter,-1.086217413664415,-1.1240707365004792,blended_GAM_adjusted,275.8676092050209,65.348420083682,203.49589958158995,48635.52,12861050.46,0.1,248.28084828451884,303.45437012552304
Michelin_Furgoneta_Reforzado_0039,Furgoneta | Reforzado,Furgoneta_|_Reforzado_Community_01,Competitive Fighter,-1.087080337132155,-1.1081635467023296,blended_GAM_adjusted,250.9264132231405,76.27522727272726,164.02533057851238,39694.13,9460233.82,0.1,225.83377190082643,276.01905454545454
Michelin_Furgoneta_Reforzado_0061,Furgoneta | Reforzado,Furgoneta_|_Reforzado_Community_03,Competitive Fighter,-1.0679687335002137,-1.0822214527036564,blended_GAM_adjusted,258.8223278481013,76.1273641350211,194.22396624472572,46031.08,11484086.89,0.1,232.94009506329115,284.7045606329114
Michelin_Furgoneta_Reforzado_0079,Furgoneta | Reforzado,Furgoneta_|_Reforzado_Community_02,Premium Leader,-1.170009217054249,-1.2095383759581098,blended_GAM_adjusted,250.83349919028345,68.36246315789474,245.7182995951417,60692.42,14321909.23,0.15,213.20847431174093,288.45852406882597
Michelin_Furgoneta_Standard_0022,Furgoneta | Standard,Furgoneta_|_Standard_Community_01,Premium Leader,-1.4032322388963312,-1.4042533736989349,blended_GAM_adjusted,177.18362416666665,60.00745875,273.9317916666667,65743.63,10920782.23,0.15,150.60608054166664,203.76116779166662
Michelin_Furgoneta_Standard_0028,Furgoneta | Standard,Furgoneta_|_Standard_Community_03,KVI,-1.3349586120135644,-1.2942194799062523,blended_GAM_adjusted,173.47006136363638,52.58086909090909,175.44418181818182,38597.72,6311846.12,0.05,164.79655829545456,182.1435644318182
Michelin_Furgoneta_Standard_0055,Furgoneta | Standard,Furgoneta_|_Standard_Community_02,Premium Leader,-1.4633404303802715,-1.404962341797151,blended_GAM_adjusted,172.7008256,51.4094864,339.5754,84893.85,14067287.61,0.15,146.79570176,198.60594944
Michelin_Furgoneta_Standard_0067,Furgoneta | Standard,Furgoneta_|_Standard_Community_02,Traffic Driver,-1.2860649352764928,-1.2241413367912968,blended_GAM_adjusted,161.78330081632652,59.88758979591837,58.52889795918367,14339.58,2237406.36,0.08,148.8406367510204,174.72596488163265
Michelin_Furgoneta_Standard_0069,Furgoneta | Standard,Furgoneta_|_Standard_Community_02,Competitive Fighter,-1.361759807966606,-1.3013501069352122,blended_GAM_adjusted,163.26309958333334,54.17996416666666,345.4555833333333,82909.34,12878431.72,0.1,146.93678962500002,179.5894095416667
Michelin_Industrial_Construcción Pesada_0031,Industrial | Construcción Pesada,Industrial_|_Construcción_Pesada_Community_03,Competitive Fighter,-0.8763276751323138,-0.8763276751323138,sku_hierarchical,1822.002825630252,552.901144117647,58.39319327731092,13897.58,24512174.78,0.1,1639.8025430672267,2004.2031081932773
Michelin_Industrial_Construcción Pesada_0076,Industrial | Construcción Pesada,Industrial_|_Construcción_Pesada_Community_03,Competitive Fighter,-0.8605108427616801,-0.8605108427616801,sku_hierarchical,1846.2318841666668,638.3436208333334,55.02341666666667,13205.62,23077207.43,0.1,1661.6086957500002,2030.8550725833336
Michelin_Industrial_Manipulación Ligera_0002,Industrial | Manipulación Ligera,Industrial_|_Manipulación_Ligera_Community_01,Traffic Driver,-1.2448877968597174,-1.270789898486804,blended_GAM_adjusted,309.08721072961373,81.46887296137339,127.73669527896996,29762.65,8828210.52,0.08,284.36023387124465,333.8141875879829
Michelin_Industrial_Manipulación Ligera_0016,Industrial | Manipulación Ligera,Industrial_|_Manipulación_Ligera_Community_01,Premium Leader,-1.3037943199817357,-1.3308745520712622,blended_GAM_adjusted,309.8113713114754,97.66530081967213,149.9125819672131,36578.67,10771484.72,0.15,263.3396656147541,356.2830770081967
Michelin_Industrial_Manipulación Ligera_0036,Industrial | Manipulación Ligera,Industrial_|_Manipulación_Ligera_Community_03,Premium Leader,-1.3087074332418196,-1.3084376107685287,blended_GAM_adjusted,297.6510241666667,91.25443125,222.50875,53402.1,15140931.54,0.15,253.00337054166667,342.29867779166665
Michelin_Industrial_Manipulación Ligera_0069,Industrial | Manipulación Ligera,Industrial_|_Manipulación_Ligera_Community_02,Competitive Fighter,-1.283868341235431,-1.2942636680740427,blended_GAM_adjusted,339.0318670886076,104.91623206751056,248.94443037974685,58999.83,19173952.66,0.1,305.12868037974687,372.9350537974684
Michelin_Industrial_Portuario/Especial_0007,Industrial | Portuario/Especial,Industrial_|_Portuario/Especial_Community_02,Traffic Driver,-0.6413939224670568,-0.6413939224670568,sku_hierarchical,5155.139725514403,2401.193654320988,0.6112345679012345,148.53,753459.71,0.08,4742.728547473251,5567.550903555555
Michelin_Industrial_Portuario/Especial_0019,Industrial | Portuario/Especial,Industrial_|_Portuario/Especial_Community_01,Competitive Fighter,-0.6848193411912232,-0.6848193411912232,sku_hierarchical,6170.662656118143,2370.0251565400845,1.3221940928270042,313.36,1875341.28,0.1,5553.596390506329,6787.728921729958
Michelin_Industrial_Portuario/Especial_0036,Industrial | Portuario/Especial,Industrial_|_Portuario/Especial_Community_01,Traffic Driver,-0.6437978428911529,-0.6437978428911529,sku_hierarchical,5648.818812653061,2512.3468620408166,0.4900408163265306,120.06,660266.09,0.08,5196.913307640817,6100.724317665306
Michelin_Industrial_Portuario/Especial_0037,Industrial | Portuario/Especial,Industrial_|_Portuario/Especial_Community_01,Traffic Driver,-0.6014016760972135,-0.6014016760972135,sku_hierarchical,5527.196983261802,2374.6336,0.3564377682403433,83.05,451246.45,0.08,5085.021224600859,5969.372741922747
Michelin_Industrial_Portuario/Especial_0061,Industrial | Portuario/Especial,Industrial_|_Portuario/Especial_Community_02,Traffic Driver,-0.6434421886502654,-0.6434421886502654,sku_hierarchical,5152.77132952756,2646.123669685039,0.614251968503937,156.02,783408.87,0.08,4740.549623165355,5564.9930358897645
Michelin_Industrial_Portuario/Especial_0076,Industrial | Portuario/Especial,Industrial_|_Portuario/Especial_Community_01,Traffic Driver,-0.6180189287264838,-0.6180189287264838,sku_hierarchical,5864.92118649789,2229.7988278481016,0.2451476793248945,58.1,332331.63,0.08,5395.727491578059,6334.114881417721
Michelin_SUV / 4x4_All Terrain (A/T)_0005,SUV / 4x4 | All Terrain (A/T),SUV_/_4x4_|_All_Terrain_(A/T)_Community_01,Premium Leader,-1.3319667181636488,-1.3010572401384988,blended_GAM_adjusted,347.79747149122807,100.8496105263158,334.9121052631579,76359.96,25223130.08,0.15,295.62785076754386,399.96709221491227
Michelin_SUV / 4x4_All Terrain (A/T)_0013,SUV / 4x4 | All Terrain (A/T),SUV_/_4x4_|_All_Terrain_(A/T)_Community_03,Premium Leader,-1.3555601755724265,-1.3329011985406614,blended_GAM_adjusted,368.91717302904567,95.57578215767636,141.05091286307052,33993.27,11820428.77,0.15,313.5795970746888,424.25474898340246
Michelin_SUV / 4x4_All Terrain (A/T)_0043,SUV / 4x4 | All Terrain (A/T),SUV_/_4x4_|_All_Terrain_(A/T)_Community_02,Competitive Fighter,-1.3018337282790735,-1.2630559000742323,blended_GAM_adjusted,347.08648393574293,118.143640562249,230.51108433734944,57397.26,18868550.71,0.1,312.37783554216867,381.79513232931725
Michelin_SUV / 4x4_Highway Terrain (H/T)_0049,SUV / 4x4 | Highway Terrain (H/T),SUV_/_4x4_|_Highway_Terrain_(H/T)_Community_01,Competitive Fighter,-1.6105538391469334,-1.6105538391469334,sku_hierarchical,236.04237851239668,69.14558719008265,218.50582644628105,52878.41,11879687.1,0.1,212.438140661157,259.6466163636364
Michelin_SUV / 4x4_Highway Terrain (H/T)_0053,SUV / 4x4 | Highway Terrain (H/T),SUV_/_4x4_|_Highway_Terrain_(H/T)_Community_01,Premium Leader,-1.6390627064590284,-1.6390627064590284,sku_hierarchical,241.24603723849373,72.35291213389122,280.79472803347284,67109.94,15523798.57,0.15,205.05913165271966,277.43294282426774
Michelin_SUV / 4x4_Highway Terrain (H/T)_0079,SUV / 4x4 | Highway Terrain (H/T),SUV_/_4x4_|_Highway_Terrain_(H/T)_Community_01,Competitive Fighter,-1.5963447620665423,-1.5963447620665423,sku_hierarchical,232.9603681632653,64.1028436734694,172.3221224489796,42218.92,9300218.03,0.1,209.66433134693875,256.2564049795918
Michelin_SUV / 4x4_Mud Terrain (M/T)_0021,SUV / 4x4 | Mud Terrain (M/T),SUV_/_4x4_|_Mud_Terrain_(M/T)_Community_02,Competitive Fighter,-0.9872321700761802,-0.9872321700761802,sku_hierarchical,369.8711106557377,113.43823524590164,95.21450819672133,23232.34,8172537.19,0.1,332.88399959016397,406.8582217213115
Michelin_SUV / 4x4_Mud Terrain (M/T)_0036,SUV / 4x4 | Mud Terrain (M/T),SUV_/_4x4_|_Mud_Terrain_(M/T)_Community_02,Premium Leader,-1.0005887961844788,-1.0005887961844788,sku_hierarchical,402.2145871794871,123.337352991453,226.0498717948718,52895.67,20503368.82,0.15,341.882399102564,462.54677525641017
Minerva_Agrícola_Implementos_0012,Agrícola | Implementos,Agrícola_|_Implementos_Community_02,Premium Leader,-1.2421945049866288,-1.2303609574727066,blended_GAM_adjusted,608.7173798387097,192.361252016129,71.49157258064515,17729.91,10192458.41,0.15,517.4097728629032,700.0249868145161
Minerva_Agrícola_Premium Radial_0055,Agrícola | Premium Radial,Agrícola_|_Premium_Radial_Community_02,Competitive Fighter,-0.7183723116267821,-0.7183723116267821,sku_hierarchical,1620.4397536885244,632.2568479508196,69.86495901639344,17047.05,26732645.08,0.1,1458.395778319672,1782.483729057377
Minerva_Agrícola_Tractor_0023,Agrícola | Tractor,Agrícola_|_Tractor_Community_03,KVI,-0.886638734733735,-0.9534584852935638,blended_GAM_adjusted,1063.350836437247,356.1503708502024,28.38226720647773,7010.42,7242148.13,0.05,1010.1832946153845,1116.5183782591093
Minerva_Agrícola_Tractor_0071,Agrícola | Tractor,Agrícola_|_Tractor_Community_03,Competitive Fighter,-0.9437460047279644,-1.011707900687678,blended_GAM_adjusted,1117.8040729508198,343.4297676229508,59.82327868852459,14596.88,15606091.38,0.1,1006.0236656557378,1229.584480245902
Minerva_Camión_Obras / Mixto_0006,Camión | Obras / Mixto,Camión_|_Obras_/_Mixto_Community_03,Traffic Driver,-0.7780854111081597,-0.7780854111081597,sku_hierarchical,702.3285452755906,226.05936929133856,165.14728346456695,41947.41,28648508.57,0.08,646.1422616535434,758.5148288976379
Minerva_Camión_Regional_0021,Camión | Regional,Camión_|_Regional_Community_02,Premium Leader,-1.0912595371374212,-1.1077522819279635,blended_GAM_adjusted,543.3877679999999,175.68901422222223,168.80435555555556,37980.98,19752914.49,0.15,461.87960279999993,624.8959331999998
Minerva_Camión_Regional_0036,Camión | Regional,Camión_|_Regional_Community_01,Traffic Driver,-1.0091568897747665,-1.0091568897747665,sku_hierarchical,610.8522105932203,165.34966779661016,82.2564406779661,19412.52,11448434.48,0.08,561.9840337457628,659.720387440678
Minerva_Coche_Budget_0007,Coche | Budget,Coche_|_Budget_Community_01,Competitive Fighter,-2.5421070853418573,-2.736747285744965,blended_GAM_adjusted,90.11419523809523,33.02967261904762,360.4551984126985,90834.71,7323201.01,0.1,81.10277571428571,99.12561476190477
Minerva_Coche_Budget_0038,Coche | Budget,Coche_|_Budget_Community_03,Competitive Fighter,-2.4942946963442862,-2.5882494140489363,blended_GAM_adjusted,101.68644331983806,29.502062348178136,200.21862348178135,49454.0,4641615.12,0.1,91.51779898785426,111.85508765182188
Minerva_Coche_Budget_0052,Coche | Budget,Coche_|_Budget_Community_02,Premium Leader,-2.557707462751954,-2.508047887061064,blended_GAM_adjusted,95.99537782101169,28.86509571984436,323.94287937743195,83253.32,7161585.15,0.15,81.59607114785993,110.39468449416343
Minerva_Coche_Performance_0000,Coche | Performance,Coche_|_Performance_Community_02,Traffic Driver,-0.9927787667657512,-0.9987269639810048,blended_GAM_adjusted,363.1198516129032,103.4680875,58.886008064516126,14603.73,5091812.15,0.08,334.0702634838709,392.16943974193543
Minerva_Coche_Performance_0077,Coche | Performance,Coche_|_Performance_Community_01,Premium Leader,-1.137415475736654,-1.137415475736654,sku_hierarchical,343.7082453125,95.760466796875,358.2607421875,91714.75,30105718.82,0.15,292.152008515625,395.264482109375
Minerva_Furgoneta_Standard_0014,Furgoneta | Standard,Furgoneta_|_Standard_Community_02,Traffic Driver,-1.328043497176411,-1.2669594699292137,blended_GAM_adjusted,191.3441909090909,50.03546126482213,173.1809881422925,43814.79,8062717.44,0.08,176.03665563636363,206.6517261818182
Minerva_Furgoneta_Standard_0074,Furgoneta | Standard,Furgoneta_|_Standard_Community_02,Premium Leader,-1.4050185821376988,-1.345474056589727,blended_GAM_adjusted,186.2217854771784,53.9618132780083,153.83892116182574,37075.18,6598325.65,0.15,158.28851765560162,214.15505329875515
Minerva_Industrial_Construcción Pesada_0023,Industrial | Construcción Pesada,Industrial_|_Construcción_Pesada_Community_03,Traffic Driver,-0.8480286063866724,-0.8480286063866724,sku_hierarchical,1852.8255637860084,602.7667131687243,66.32905349794238,16117.96,29021598.48,0.08,1704.5995186831278,2001.0516088888892
Minerva_Industrial_Construcción Pesada_0055,Industrial | Construcción Pesada,Industrial_|_Construcción_Pesada_Community_02,Competitive Fighter,-0.8758112953365073,-0.9352067707634016,blended_GAM_adjusted,2000.2705346938776,673.4467220408163,42.27448979591837,10357.25,20010630.67,0.1,1800.2434812244899,2200.2975881632656
Minerva_Industrial_Manipulación Ligera_0047,Industrial | Manipulación Ligera,Industrial_|_Manipulación_Ligera_Community_01,KVI,-1.2477674170046016,-1.2737271110345856,blended_GAM_adjusted,322.8995577235773,83.48656910569106,130.45963414634147,32093.07,9898314.58,0.05,306.7545798373984,339.04453560975617
Minerva_Industrial_Manipulación Ligera_0070,Industrial | Manipulación Ligera,Industrial_|_Manipulación_Ligera_Community_02,Traffic Driver,-1.2236586431328351,-1.232849776009395,blended_GAM_adjusted,284.6247348547718,95.37500456431536,242.42165975103737,58423.62,15925418.66,0.08,261.8547560663901,307.3947136431536
Minerva_Industrial_Manipulación Ligera_0075,Industrial | Manipulación Ligera,Industrial_|_Manipulación_Ligera_Community_03,Premium Leader,-1.29739901125969,-1.2969030203467569,blended_GAM_adjusted,348.3395,93.96757439024393,230.18731707317076,56626.08,18847885.64,0.15,296.088575,400.590425
Minerva_SUV / 4x4_Highway Terrain (H/T)_0036,SUV / 4x4 | Highway Terrain (H/T),SUV_/_4x4_|_Highway_Terrain_(H/T)_Community_01,KVI,-1.5864407413944288,-1.5864407413944288,sku_hierarchical,226.831174501992,56.6184438247012,146.85310756972112,36860.13,7959276.4,0.05,215.48961577689238,238.1727332270916
Minerva_SUV / 4x4_Mud Terrain (M/T)_0000,SUV / 4x4 | Mud Terrain (M/T),SUV_/_4x4_|_Mud_Terrain_(M/T)_Community_02,Premium Leader,-1.0094230018794033,-1.0094230018794033,sku_hierarchical,443.9307372,138.84895319999998,190.00036,47500.09,20304015.61,0.15,377.34112662,510.52034777999995
Minerva_SUV / 4x4_Mud Terrain (M/T)_0020,SUV / 4x4 | Mud Terrain (M/T),SUV_/_4x4_|_Mud_Terrain_(M/T)_Community_01,KVI,-0.9343512161278305,-0.9062557107126348,blended_GAM_adjusted,471.6892871900826,140.62280041322313,116.4742561983471,28186.77,12834956.1,0.05,448.1048228305785,495.27375154958673
Minerva_SUV / 4x4_Mud Terrain (M/T)_0037,SUV / 4x4 | Mud Terrain (M/T),SUV_/_4x4_|_Mud_Terrain_(M/T)_Community_01,Premium Leader,-1.0209467072006109,-0.9945831116068709,blended_GAM_adjusted,401.0448375,111.25131893939394,159.19791666666666,42028.25,16350774.69,0.15,340.888111875,461.201563125
Minerva_SUV / 4x4_Mud Terrain (M/T)_0069,SUV / 4x4 | Mud Terrain (M/T),SUV_/_4x4_|_Mud_Terrain_(M/T)_Community_02,Competitive Fighter,-0.9606434118857776,-0.9606434118857776,sku_hierarchical,429.7810201754386,135.27079912280703,245.3858771929825,55947.98,23357257.42,0.1,386.80291815789474,472.7591221929825
Nexen_Agrícola_Implementos_0002,Agrícola | Implementos,Agrícola_|_Implementos_Community_01,Premium Leader,-1.2425976542603654,-1.2171607910442428,blended_GAM_adjusted,736.4344500000001,173.730131779661,149.19254237288138,35209.44,24538444.35,0.15,625.9692825000001,846.8996175
Nexen_Agrícola_Implementos_0035,Agrícola | Implementos,Agrícola_|_Implementos_Community_02,Traffic Driver,-1.124806172533687,-1.1106248583707063,blended_GAM_adjusted,622.0708321568627,205.06609019607845,139.51913725490195,35577.38,21443153.79,0.08,572.3051655843137,671.8364987294118
Nexen_Agrícola_Implementos_0045,Agrícola | Implementos,Agrícola_|_Implementos_Community_01,Traffic Driver,-1.1171361011035803,-1.089190006824322,blended_GAM_adjusted,625.7913858299595,209.3215643724696,46.760850202429154,11549.93,6960313.48,0.08,575.7280749635628,675.8546966963563
Nexen_Agrícola_Premium Radial_0014,Agrícola | Premium Radial,Agrícola_|_Premium_Radial_Community_02,Premium Leader,-0.7749109045635151,-0.7749109045635151,sku_hierarchical,1822.9881810126583,621.3951008438818,33.9737552742616,8051.78,14238077.57,0.15,1549.5399538607594,2096.4364081645567
Nexen_Agrícola_Premium Radial_0029,Agrícola | Premium Radial,Agrícola_|_Premium_Radial_Community_02,KVI,-0.7187954176228483,-0.7187954176228483,sku_hierarchical,1751.4839883064517,640.161133467742,56.83911290322581,14096.1,23905229.11,0.05,1663.909788891129,1839.0581877217744
Nexen_Agrícola_Premium Radial_0039,Agrícola | Premium Radial,Agrícola_|_Premium_Radial_Community_02,Traffic Driver,-0.5953311165659768,-0.5953311165659768,sku_hierarchical,1796.3936364016736,570.4899133891213,36.3994560669456,8699.47,15325318.33,0.08,1652.6821454895398,1940.1051273138075
Nexen_Agrícola_Premium Radial_0054,Agrícola | Premium Radial,Agrícola_|_Premium_Radial_Community_02,Traffic Driver,-0.6983548574171586,-0.6983548574171586,sku_hierarchical,1743.4202076,702.8553336,15.04204,3760.51,6372517.55,0.08,1603.946590992,1882.893824208
Nexen_Agrícola_Tractor_0008,Agrícola | Tractor,Agrícola_|_Tractor_Community_03,Competitive Fighter,-0.9405790891861078,-1.008477646834984,blended_GAM_adjusted,1082.9574808,350.0875868,95.4168,23854.2,24814085.44,0.1,974.66173272,1191.25322888
Nexen_Agrícola_Tractor_0042,Agrícola | Tractor,Agrícola_|_Tractor_Community_03,Traffic Driver,-0.8706368580219465,-0.9371365710475396,blended_GAM_adjusted,1125.4916360869563,400.0947239130435,20.76195652173913,4775.25,5196381.42,0.08,1035.4523052,1215.5309669739129
Nexen_Agrícola_Tractor_0064,Agrícola | Tractor,Agrícola_|_Tractor_Community_03,Traffic Driver,-0.8752570015620439,-0.9418491174584388,blended_GAM_adjusted,1149.6183795833335,351.67226708333334,76.03704166666667,18248.89,20100746.98,0.08,1057.6489092166669,1241.5878499500002
Nexen_Agrícola_Tractor_0078,Agrícola | Tractor,Agrícola_|_Tractor_Community_02,Traffic Driver,-0.8769491094223882,-0.9369090942082342,blended_GAM_adjusted,1172.1341402489627,396.5168576763485,76.02485477178423,18321.99,20723875.22,0.08,1078.3634090290457,1265.9048714688797
Nexen_Camión_Long Haul_0003,Camión | Long Haul,Camión_|_Long_Haul_Community_03,KVI,-0.9131065590351276,-0.9131065590351276,sku_hierarchical,680.8244506276151,177.6074481171548,201.86811715481173,48246.48,32058947.11,0.05,646.7832280962343,714.8656731589958
Nexen_Camión_Long Haul_0045,Camión | Long Haul,Camión_|_Long_Haul_Community_01,KVI,-0.8924192053103724,-0.9114617062571504,blended_GAM_adjusted,624.8520124481328,211.3027124481328,160.69850622406636,38728.34,23511831.7,0.05,593.609411825726,656.0946130705395
Nexen_Camión_Long Haul_0070,Camión | Long Haul,Camión_|_Long_Haul_Community_01,Premium Leader,-0.9802690500504126,-1.0010685478919914,blended_GAM_adjusted,697.669106640625,170.56404453125,118.21859375,30263.96,20394429.99,0.15,593.0187406445312,802.3194726367187
Nexen_Camión_Obras / Mixto_0001,Camión | Obras / Mixto,Camión_|_Obras_/_Mixto_Community_03,Premium Leader,-0.8479642770504184,-0.8479642770504184,sku_hierarchical,770.1699577405857,229.8940150627615,129.32468619246862,30908.6,23119244.83,0.15,654.6444640794978,885.6954514016735
Nexen_Camión_Obras / Mixto_0069,Camión | Obras / Mixto,Camión_|_Obras_/_Mixto_Community_03,Premium Leader,-0.8750117532090683,-0.8750117532090683,sku_hierarchical,737.3116427385892,282.8282813278008,35.14726141078838,8470.49,6033794.8,0.15,626.7148963278008,847.9083891493775
Nexen_Camión_Obras / Mixto_0076,Camión | Obras / Mixto,Camión_|_Obras_/_Mixto_Community_02,Traffic Driver,-0.7807052031749637,-0.7807052031749637,sku_hierarchical,785.4428915254236,282.1375563559322,41.43601694915254,9778.9,7458412.16,0.08,722.6074602033898,848.2783228474576
Nexen_Camión_Obras / Mixto_0077,Camión | Obras / Mixto,Camión_|_Obras_/_Mixto_Community_01,Traffic Driver,-0.7653635853902976,-0.7653635853902976,sku_hierarchical,758.1326076923076,257.3276724696356,124.09242914979758,30650.83,22514803.22,0.08,697.481999076923,818.7832163076922
Nexen_Camión_Regional_0016,Camión | Regional,Camión_|_Regional_Community_02,Traffic Driver,-0.9315592608861332,-0.94485800015165,blended_GAM_adjusted,602.2814582608696,158.38997565217392,63.76582608695652,14666.14,8564863.26,0.08,554.0989416000001,650.4639749217392
Nexen_Camión_Regional_0057,Camión | Regional,Camión_|_Regional_Community_03,Competitive Fighter,-1.0839596832551712,-1.0351875402577897,blended_GAM_adjusted,638.3710464435146,158.7387472803347,142.76255230125523,34120.25,20855382.83,0.1,574.5339417991631,702.2081510878661
Nexen_Coche_Budget_0004,Coche | Budget,Coche_|_Budget_Community_02,Premium Leader,-2.581029403498345,-2.531836266622383,blended_GAM_adjusted,108.10967307692307,32.212486324786326,190.7092735042735,44625.97,4412242.36,0.15,91.8932221153846,124.32612403846153
Nexen_Coche_Budget_0047,Coche | Budget,Coche_|_Budget_Community_03,Competitive Fighter,-2.5480943036606725,-2.6431250135116504,blended_GAM_adjusted,98.5408658227848,32.157710548523205,451.597341772152,107028.57,9665221.89,0.1,88.68677924050631,108.39495240506328
Nexen_Coche_Eco_0051,Coche | Eco,Coche_|_Eco_Community_01,Competitive Fighter,-1.4215235577605512,-1.365531777522304,blended_GAM_adjusted,165.85284291666667,48.5729675,290.4942916666667,69718.63,11007272.03,0.1,149.26755862500002,182.43812720833336
Nexen_Coche_Eco_0060,Coche | Eco,Coche_|_Eco_Community_01,KVI,-1.4176843974572604,-1.3616158340129474,blended_GAM_adjusted,200.8724024489796,49.672066122448975,217.73469387755105,53345.0,10118084.85,0.05,190.82878232653061,210.9160225714286
Nexen_Coche_Eco_0067,Coche | Eco,Coche_|_Eco_Community_02,Traffic Driver,-1.3951523539098185,-1.368176334382994,blended_GAM_adjusted,201.42181673469383,59.41618163265306,185.3617959183673,45413.64,8751034.68,0.08,185.30807139591835,217.53556207346935
Nexen_Coche_Performance_0050,Coche | Performance,Coche_|_Performance_Community_01,Premium Leader,-1.1171911008480766,-1.1171911008480766,sku_hierarchical,394.9777604255319,91.62513361702128,100.78434042553192,23684.32,9024464.55,0.15,335.7310963617021,454.2244244893617
Nexen_Coche_Touring_0023,Coche | Touring,Coche_|_Touring_Community_01,Premium Leader,-1.84922647328188,-1.913631017466348,blended_GAM_adjusted,180.60627936507936,47.0771376984127,195.5892857142857,49288.5,8452757.17,0.15,153.51533746031745,207.69722126984124
Nexen_Coche_Touring_0070,Coche | Touring,Coche_|_Touring_Community_01,Competitive Fighter,-1.7795378534538022,-1.842548625241709,blended_GAM_adjusted,171.76651234042555,40.03921659574468,120.41970212765958,28298.63,4665456.37,0.1,154.589861106383,188.94316357446812
Nexen_Furgoneta_Reforzado_0038,Furgoneta | Reforzado,Furgoneta_|_Reforzado_Community_01,Premium Leader,-1.1265874581411974,-1.1484608101315534,blended_GAM_adjusted,256.7338593220339,77.00834406779661,234.5856779661017,55362.22,13522253.71,0.15,218.22378042372878,295.2439382203389
Nexen_Furgoneta_Reforzado_0043,Furgoneta | Reforzado,Furgoneta_|_Reforzado_Community_03,Competitive Fighter,-1.0533786030808208,-1.0673395196758757,blended_GAM_adjusted,223.21825588235296,53.90934747899159,154.42974789915965,36754.28,7920923.75,0.1,200.89643029411766,245.5400814705883
Nexen_Furgoneta_Reforzado_0053,Furgoneta | Reforzado,Furgoneta_|_Reforzado_Community_03,Premium Leader,-1.155743250104397,-1.1717514596399232,blended_GAM_adjusted,245.2809713080169,62.60332658227848,170.28535864978903,40357.63,9494348.38,0.15,208.48882561181435,282.0731170042194
Nexen_Furgoneta_Standard_0047,Furgoneta | Standard,Furgoneta_|_Standard_Community_03,Premium Leader,-1.450187431008357,-1.4117528752809407,blended_GAM_adjusted,181.43837848101265,57.19899282700422,245.2781434599156,58130.92,9915868.77,0.15,154.22262170886074,208.65413525316453
Nexen_Industrial_Construcción Pesada_0007,Industrial | Construcción Pesada,Industrial_|_Construcción_Pesada_Community_01,Premium Leader,-0.9228336476336934,-0.94719496184893,blended_GAM_adjusted,1939.6906680497923,610.2755804979254,61.1,14725.1,27391597.99,0.15,1648.7370678423233,2230.644268257261
Nexen_Industrial_Construcción Pesada_0059,Industrial | Construcción Pesada,Industrial_|_Construcción_Pesada_Community_01,Traffic Driver,-0.8386639960578569,-0.8613419172415768,blended_GAM_adjusted,1870.453528215768,661.1461796680499,22.483195020746887,5418.45,9872794.6,0.08,1720.8172459585066,2020.0898104730297
Nexen_Industrial_Construcción Pesada_0061,Industrial | Construcción Pesada,Industrial_|_Construcción_Pesada_Community_01,KVI,-0.855963017301326,-0.8789869189099153,blended_GAM_adjusted,1741.2625726495726,628.6198115384615,17.924358974358974,4194.3,7059098.2,0.05,1654.1994440170938,1828.3257012820513
Nexen_Industrial_Manipulación Ligera_0037,Industrial | Manipulación Ligera,Industrial_|_Manipulación_Ligera_Community_02,Competitive Fighter,-1.2886426759920442,-1.2991334895257882,blended_GAM_adjusted,339.64226270491804,93.42490040983608,213.9115163934426,52194.41,16833500.6,0.1,305.67803643442625,373.6064889754099
Nexen_SUV / 4x4_All Terrain (A/T)_0007,SUV / 4x4 | All Terrain (A/T),SUV_/_4x4_|_All_Terrain_(A/T)_Community_01,Premium Leader,-1.35404816903701,-1.3235803200293272,blended_GAM_adjusted,311.0542947368421,118.86975910931174,270.27955465587047,66759.05,19904740.19,0.15,264.3961505263158,357.7124389473684
Nexen_SUV / 4x4_All Terrain (A/T)_0021,SUV / 4x4 | All Terrain (A/T),SUV_/_4x4_|_All_Terrain_(A/T)_Community_01,KVI,-1.2425757918047038,-1.209878495252375,blended_GAM_adjusted,357.4505959349594,84.21376585365854,81.16069105691057,19965.53,6817661.76,0.05,339.5780661382114,375.32312573170736
Nexen_SUV / 4x4_All Terrain (A/T)_0024,SUV / 4x4 | All Terrain (A/T),SUV_/_4x4_|_All_Terrain_(A/T)_Community_01,Competitive Fighter,-1.254090473206492,-1.2216234702821989,blended_GAM_adjusted,345.05742890625,106.394176953125,117.7852734375,30153.03,9907952.12,0.1,310.55168601562497,379.563171796875
Nexen_SUV / 4x4_All Terrain (A/T)_0025,SUV / 4x4 | All Terrain (A/T),SUV_/_4x4_|_All_Terrain_(A/T)_Community_03,Competitive Fighter,-1.2621968464106674,-1.2376706027956674,blended_GAM_adjusted,365.8039431451613,94.58575887096774,172.2775,42724.82,14972842.76,0.1,329.2235488306452,402.3843374596775
Nexen_SUV / 4x4_All Terrain (A/T)_0040,SUV / 4x4 | All Terrain (A/T),SUV_/_4x4_|_All_Terrain_(A/T)_Community_04,Traffic Driver,-1.2133717305494236,-1.2165984007961157,blended_GAM_adjusted,316.3366459016394,118.57514918032788,227.9831967213115,55627.9,16817534.88,0.08,291.0297142295082,341.64357757377053
Nexen_SUV / 4x4_Highway Terrain (H/T)_0011,SUV / 4x4 | Highway Terrain (H/T),SUV_/_4x4_|_Highway_Terrain_(H/T)_Community_01,Competitive Fighter,-1.610688602467894,-1.610688602467894,sku_hierarchical,238.42634136546184,71.77786827309237,302.84574297188755,75408.59,16812287.14,0.1,214.58370722891567,262.26897550200806
Nexen_SUV / 4x4_Mud Terrain (M/T)_0048,SUV / 4x4 | Mud Terrain (M/T),SUV_/_4x4_|_Mud_Terrain_(M/T)_Community_01,Traffic Driver,-0.8993819906193052,-0.8705871006939392,blended_GAM_adjusted,441.4058922764228,107.80029552845528,70.95044715447155,17453.81,7543269.19,0.08,406.09342089430896,476.71836365853665
Nokian_Agrícola_Implementos_0011,Agrícola | Implementos,Agrícola_|_Implementos_Community_02,Premium Leader,-1.2319365613375004,-1.2198978549505957,blended_GAM_adjusted,645.4626016736402,215.42413933054397,160.92246861924687,38460.47,23885918.78,0.15,548.6432114225942,742.2819919246862
Nokian_Agrícola_Implementos_0014,Agrícola | Implementos,Agrícola_|_Implementos_Community_01,Premium Leader,-1.255552813617996,-1.230375053589026,blended_GAM_adjusted,708.6915781659388,196.5487148471616,82.367903930131,18862.25,12665145.45,0.15,602.387841441048,814.9953148908296
Nokian_Agrícola_Implementos_0067,Agrícola | Implementos,Agrícola_|_Implementos_Community_01,Competitive Fighter,-1.1643593872087326,-1.1373577586515773,blended_GAM_adjusted,568.9217089361701,169.64340936170214,218.72374468085107,51400.08,27920522.55,0.1,512.0295380425531,625.8138798297872
Nokian_Agrícola_Implementos_0068,Agrícola | Implementos,Agrícola_|_Implementos_Community_02,Premium Leader,-1.2760433783413585,-1.2648868082945308,blended_GAM_adjusted,683.7589351239669,198.0748694214876,181.78723140495867,43992.51,28314463.17,0.15,581.1950948553718,786.3227753925619
Nokian_Agrícola_Implementos_0078,Agrícola | Implementos,Agrícola_|_Implementos_Community_01,Competitive Fighter,-1.1860839667011338,-1.1595168297338263,blended_GAM_adjusted,645.3737133333333,180.31697291666663,125.73741666666666,30176.98,18302470.89,0.1,580.836342,709.9110846666666
Nokian_Agrícola_Implementos_0079,Agrícola | Implementos,Agrícola_|_Implementos_Community_02,Premium Leader,-1.2608889566735002,-1.2494292981933155,blended_GAM_adjusted,622.6448748953975,200.0448610878661,187.4571548117155,44802.26,26381406.78,0.15,529.2481436610879,716.041606129707
Nokian_Agrícola_Premium Radial_0008,Agrícola | Premium Radial,Agrícola_|_Premium_Radial_Community_01,KVI,-0.7037811384863112,-0.7037811384863112,sku_hierarchical,1923.898258158996,672.7389719665272,18.62606694560669,4451.63,8318162.51,0.05,1827.7033452510461,2020.0931710669458
Nokian_Agrícola_Tractor_0025,Agrícola | Tractor,Agrícola_|_Tractor_Community_03,Premium Leader,-0.9795339474173794,-1.0482116022308812,blended_GAM_adjusted,1214.4376690987124,386.41907854077255,62.7019313304721,14609.55,16985959.98,0.15,1032.2720187339055,1396.603319463519
Nokian_Agrícola_Tractor_0026,Agrícola | Tractor,Agrícola_|_Tractor_Community_02,Competitive Fighter,-0.9435740126646124,-1.004866495515303,blended_GAM_adjusted,1188.9119823045269,354.418170781893,24.448395061728394,5940.96,6901114.73,0.1,1070.0207840740743,1307.8031805349797
Nokian_Agrícola_Tractor_0032,Agrícola | Tractor,Agrícola_|_Tractor_Community_01,Premium Leader,-0.9510771719769197,-0.9510771719769197,sku_hierarchical,1082.5581125,352.4262702586207,85.54038793103447,19845.37,20904657.3,0.15,920.1743956250001,1244.941829375
Nokian_Camión_Long Haul_0007,Camión | Long Haul,Camión_|_Long_Haul_Community_03,KVI,-0.9067024533216558,-0.9067024533216558,sku_hierarchical,751.8154708,221.9336488,156.96884,39242.21,28731140.6,0.05,714.22469726,789.40624434
Nokian_Camión_Long Haul_0058,Camión | Long Haul,Camión_|_Long_Haul_Community_03,Premium Leader,-1.0082180074213185,-1.0082180074213185,sku_hierarchical,693.9455582978723,207.3883,145.31897872340426,34149.96,22973334.08,0.15,589.8537245531915,798.037392042553
Nokian_Camión_Long Haul_0078,Camión | Long Haul,Camión_|_Long_Haul_Community_03,Competitive Fighter,-0.9372658914666198,-0.9372658914666198,sku_hierarchical,683.2765081632654,158.6209004081633,97.82689795918368,23967.59,15942606.08,0.1,614.9488573469389,751.604158979592
Nokian_Camión_Obras / Mixto_0033,Camión | Obras / Mixto,Camión_|_Obras_/_Mixto_Community_02,Competitive Fighter,-0.82058396109803,-0.82058396109803,sku_hierarchical,736.8402992031873,228.6888565737052,124.23501992031872,31182.99,22433552.51,0.1,663.1562692828686,810.5243291235062
Nokian_Camión_Obras / Mixto_0071,Camión | Obras / Mixto,Camión_|_Obras_/_Mixto_Community_01,Traffic Driver,-0.7762238656864376,-0.7762238656864376,sku_hierarchical,779.6611887966806,207.4958062240664,102.2546887966805,24643.38,18694640.79,0.08,717.2882936929461,842.0340839004151
Nokian_Camión_Regional_0031,Camión | Regional,Camión_|_Regional_Community_03,Premium Leader,-1.18323540518941,-1.1364487766307134,blended_GAM_adjusted,631.3981333333334,181.9778961038961,162.51402597402597,37540.74,22597306.65,0.15,536.6884133333333,726.1078533333333
Nokian_Camión_Regional_0054,Camión | Regional,Camión_|_Regional_Community_03,Premium Leader,-1.1086003381282885,-1.0603210082283692,blended_GAM_adjusted,583.1205253012048,160.715078313253,111.8713654618474,27855.97,15589014.92,0.15,495.65244650602403,670.5886040963854
Nokian_Camión_Regional_0064,Camión | Regional,Camión_|_Regional_Community_02,Competitive Fighter,-1.0835348580067117,-1.09987310921464,blended_GAM_adjusted,593.5124278969956,179.71087639484978,93.01751072961376,21673.08,12483431.33,0.1,534.1611851072961,652.8636706866953
Nokian_Camión_Regional_0076,Camión | Regional,Camión_|_Regional_Community_02,Traffic Driver,-1.0039777388758535,-1.018724847701165,blended_GAM_adjusted,626.7710911290322,166.0743879032258,143.9020564516129,35687.71,21537195.16,0.08,576.6294038387097,676.9127784193548
Nokian_Coche_Budget_0002,Coche | Budget,Coche_|_Budget_Community_01,KVI,-2.477413065731261,-2.6707593857421568,blended_GAM_adjusted,98.40954649122808,27.41694166666667,191.83008771929823,43737.26,3903343.15,0.05,93.48906916666668,103.33002381578949
Nokian_Coche_Budget_0058,Coche | Budget,Coche_|_Budget_Community_01,Competitive Fighter,-2.500366860240942,-2.694172256142032,blended_GAM_adjusted,93.10071687242798,31.586806172839506,423.9859259259259,103028.58,8745729.21,0.1,83.79064518518518,102.41078855967079
Nokian_Coche_Performance_0033,Coche | Performance,Coche_|_Performance_Community_01,Competitive Fighter,-1.0944382634133034,-1.0944382634133034,sku_hierarchical,365.1235556962025,110.15775864978905,183.42675105485236,43472.14,15325149.23,0.1,328.6112001265823,401.6359112658228
Nokian_Coche_Performance_0039,Coche | Performance,Coche_|_Performance_Community_01,Premium Leader,-1.1037613929875405,-1.1037613929875405,sku_hierarchical,346.07813781512607,118.09331344537816,223.4142857142857,53172.6,17717013.54,0.15,294.16641714285714,397.98985848739494
Nokian_Coche_Performance_0040,Coche | Performance,Coche_|_Performance_Community_02,Premium Leader,-1.1685382852493418,-1.1780016728342673,blended_GAM_adjusted,349.6815086065574,121.99940081967212,265.2050819672131,64710.04,21612243.42,0.15,297.22928231557376,402.13373489754093
Nokian_Coche_Touring_0050,Coche | Touring,Coche_|_Touring_Community_02,Premium Leader,-1.7873968829532974,-1.8198745310437172,blended_GAM_adjusted,150.9939093220339,50.83948855932204,261.28775423728814,61663.91,8822093.96,0.15,128.3448229237288,173.64299572033894
Nokian_Coche_Touring_0063,Coche | Touring,Coche_|_Touring_Community_01,Competitive Fighter,-1.758136338397203,-1.820719079883978,blended_GAM_adjusted,165.78156470588235,46.35194201680672,127.94340336134454,30450.53,4720642.4,0.1,149.20340823529412,182.3597211764706
Nokian_Furgoneta_Reforzado_0037,Furgoneta | Reforzado,Furgoneta_|_Reforzado_Community_02,Competitive Fighter,-1.058925684322681,-1.0962331725719106,blended_GAM_adjusted,235.74867357723576,75.28575325203252,265.23337398373985,65247.41,14868581.83,0.1,212.1738062195122,259.32354093495934
Nokian_Furgoneta_Reforzado_0046,Furgoneta | Reforzado,Furgoneta_|_Reforzado_Community_03,Competitive Fighter,-1.053026884914471,-1.066980767146199,blended_GAM_adjusted,279.4452008547009,65.68543760683761,75.26205128205127,17611.32,4743722.08,0.1,251.5006807692308,307.389720940171
Nokian_Furgoneta_Reforzado_0072,Furgoneta | Reforzado,Furgoneta_|_Reforzado_Community_03,Competitive Fighter,-1.0635843264742286,-1.0777493575371515,blended_GAM_adjusted,243.2990656779661,77.34362288135594,254.5630508474576,60076.88,14016815.32,0.1,218.9691591101695,267.6289722457627
Nokian_Furgoneta_Standard_0010,Furgoneta | Standard,Furgoneta_|_Standard_Community_01,Premium Leader,-1.4140007751884622,-1.4152372807169085,blended_GAM_adjusted,181.49001293103447,48.508141379310345,442.5860344827586,102679.96,17631944.7,0.15,154.2665109913793,208.71351487068964
Nokian_Furgoneta_Standard_0015,Furgoneta | Standard,Furgoneta_|_Standard_Community_03,Traffic Driver,-1.2755178866064296,-1.2335899399909749,blended_GAM_adjusted,171.30677362204725,58.39869960629922,264.6415354330708,67218.95,10976210.7,0.08,157.60223173228349,185.01131551181103
Nokian_Furgoneta_Standard_0020,Furgoneta | Standard,Furgoneta_|_Standard_Community_01,Traffic Driver,-1.3166114328899745,-1.3159001515724509,blended_GAM_adjusted,184.4914869747899,53.1841180672269,270.4968067226891,64378.24,11367977.14,0.08,169.7321680168067,199.2508059327731
Nokian_Furgoneta_Standard_0032,Furgoneta | Standard,Furgoneta_|_Standard_Community_02,Traffic Driver,-1.2339714238584378,-1.1710059551448808,blended_GAM_adjusted,169.83954083333336,62.49539791666667,51.17108333333333,12281.06,1996977.99,0.08,156.2523775666667,183.42670410000005
Nokian_Furgoneta_Standard_0042,Furgoneta | Standard,Furgoneta_|_Standard_Community_01,Competitive Fighter,-1.3623322222348018,-1.362535356704175,blended_GAM_adjusted,180.27792510288063,50.35284773662551,199.0922633744856,48379.42,8225008.75,0.1,162.25013259259256,198.3057176131687
Nokian_Furgoneta_Standard_0056,Furgoneta | Standard,Furgoneta_|_Standard_Community_03,Competitive Fighter,-1.3618222665777548,-1.3216204075617268,blended_GAM_adjusted,167.58364170212766,58.93518936170213,175.19782978723404,41171.49,6566583.15,0.1,150.8252775319149,184.34200587234045
Nokian_Furgoneta_Standard_0061,Furgoneta | Standard,Furgoneta_|_Standard_Community_02,Premium Leader,-1.4295790380626996,-1.3705257216332276,blended_GAM_adjusted,185.49056666666667,57.781741869918704,300.9878048780488,74043.0,13059468.2,0.15,157.66698166666666,213.31415166666665
Nokian_Furgoneta_Standard_0063,Furgoneta | Standard,Furgoneta_|_Standard_Community_03,KVI,-1.3472658245029188,-1.306772836645394,blended_GAM_adjusted,185.3408740585774,45.44413598326359,237.45489539748957,56751.72,10173385.34,0.05,176.07383035564854,194.6079177615063
Nokian_Industrial_Construcción Pesada_0018,Industrial | Construcción Pesada,Industrial_|_Construcción_Pesada_Community_02,KVI,-0.8610659586017975,-0.9201665272939976,blended_GAM_adjusted,1920.3425479674795,660.5770817073171,56.02654471544716,13782.53,25503247.31,0.05,1824.3254205691055,2016.3596753658535
Nokian_Industrial_Construcción Pesada_0021,Industrial | Construcción Pesada,Industrial_|_Construcción_Pesada_Community_03,KVI,-0.8610545515159009,-0.8610545515159009,sku_hierarchical,1839.736687878788,769.8781575757577,26.75212121212121,6179.74,10977342.53,0.05,1747.7498534848485,1931.7235222727275
Nokian_Industrial_Construcción Pesada_0034,Industrial | Construcción Pesada,Industrial_|_Construcción_Pesada_Community_03,Premium Leader,-0.8938935476669936,-0.8938935476669936,sku_hierarchical,1988.2929703703703,622.3777497942388,47.46296296296296,11533.5,22092360.11,0.15,1690.0490248148146,2286.5369159259258
Nokian_Industrial_Construcción Pesada_0047,Industrial | Construcción Pesada,Industrial_|_Construcción_Pesada_Community_01,Competitive Fighter,-0.8898260553158663,-0.9135272176847464,blended_GAM_adjusted,2026.0105129707115,577.8052238493724,27.54945606694561,6584.32,12787468.05,0.1,1823.4094616736404,2228.611564267783
Nokian_Industrial_Manipulación Ligera_0003,Industrial | Manipulación Ligera,Industrial_|_Manipulación_Ligera_Community_01,Traffic Driver,-1.2322884221723456,-1.2579385363056843,blended_GAM_adjusted,311.8054869198312,97.53985063291138,382.31029535864974,90607.54,26962808.87,0.08,286.8610479662447,336.74992587341774
Nokian_Industrial_Manipulación Ligera_0014,Industrial | Manipulación Ligera,Industrial_|_Manipulación_Ligera_Community_03,Premium Leader,-1.305845929342625,-1.3055188767913504,blended_GAM_adjusted,343.24235234042555,78.2211714893617,84.42642553191489,19840.21,6413593.72,0.15,291.7559994893617,394.7287051914894
Nokian_Industrial_Manipulación Ligera_0031,Industrial | Manipulación Ligera,Industrial_|_Manipulación_Ligera_Community_02,Competitive Fighter,-1.2784350568880765,-1.288721718039741,blended_GAM_adjusted,371.51024145299147,91.20892051282053,214.77478632478636,50257.3,17733691.35,0.1,334.35921730769235,408.66126559829064
Nokian_Industrial_Manipulación Ligera_0034,Industrial | Manipulación Ligera,Industrial_|_Manipulación_Ligera_Community_02,Competitive Fighter,-1.282415873413019,-1.292782150895183,blended_GAM_adjusted,292.4055112970711,81.95702635983262,256.51435146443515,61306.93,17100326.95,0.1,263.164960167364,321.6460624267782
Nokian_Industrial_Manipulación Ligera_0059,Industrial | Manipulación Ligera,Industrial_|_Manipulación_Ligera_Community_01,Premium Leader,-1.354727752813827,-1.3828266535599958,blended_GAM_adjusted,346.5966918367347,85.76859102040817,199.89473469387755,48974.21,16017755.34,0.15,294.60718806122446,398.58619561224486
Nokian_Industrial_Manipulación Ligera_0064,Industrial | Manipulación Ligera,Industrial_|_Manipulación_Ligera_Community_03,Premium Leader,-1.3172948158154771,-1.3171967409936596,blended_GAM_adjusted,290.69831052631577,87.8296906882591,315.29093117408905,77876.86,21506210.17,0.15,247.09356394736838,334.3030571052631
Nokian_Industrial_Manipulación Ligera_0076,Industrial | Manipulación Ligera,Industrial_|_Manipulación_Ligera_CoherentCommunity,Premium Leader,-1.3596229858305755,-1.3596229858305755,sku_hierarchical,338.8394195219124,82.23541434262948,124.31641434262949,31203.42,9865623.31,0.15,288.01350659362555,389.66533245019923
Nokian_Industrial_Portuario/Especial_0004,Industrial | Portuario/Especial,Industrial_|_Portuario/Especial_Community_01,Traffic Driver,-0.6424406954220102,-0.6424406954220102,sku_hierarchical,4493.979220161291,2214.497440725807,0.6931048387096774,171.89,753683.76,0.08,4134.460882548387,4853.497557774194
Nokian_Industrial_Portuario/Especial_0017,Industrial | Portuario/Especial,Industrial_|_Portuario/Especial_Community_01,Competitive Fighter,-0.6883252687262935,-0.6883252687262935,sku_hierarchical,5161.600002892562,2644.83787107438,1.3403719008264463,324.37,1632776.93,0.1,4645.440002603305,5677.760003181818
Nokian_Industrial_Portuario/Especial_0072,Industrial | Portuario/Especial,Industrial_|_Portuario/Especial_Community_02,Premium Leader,-0.7196673544781901,-0.7196673544781901,sku_hierarchical,4894.348768510638,2793.3752489361705,1.9432340425531915,456.66,2168950.64,0.15,4160.196453234043,5628.501083787233
Nokian_SUV / 4x4_All Terrain (A/T)_0019,SUV / 4x4 | All Terrain (A/T),SUV_/_4x4_|_All_Terrain_(A/T)_Community_02,Traffic Driver,-1.2104271293069355,-1.1698211691226517,blended_GAM_adjusted,391.5823131474104,114.00146175298804,126.16956175298806,31668.56,12001175.77,0.08,360.2557280956176,422.90889819920324
Nokian_SUV / 4x4_All Terrain (A/T)_0044,SUV / 4x4 | All Terrain (A/T),SUV_/_4x4_|_All_Terrain_(A/T)_Community_01,Premium Leader,-1.3294752157690792,-1.2985159076960378,blended_GAM_adjusted,336.0921595041322,110.14693801652894,246.7535950413223,59714.37,19082989.37,0.15,285.67833557851236,386.505983429752
Nokian_SUV / 4x4_All Terrain (A/T)_0045,SUV / 4x4 | All Terrain (A/T),SUV_/_4x4_|_All_Terrain_(A/T)_Community_01,Competitive Fighter,-1.2986975511436525,-1.2671226897781025,blended_GAM_adjusted,351.1938913043478,104.55055494071146,279.2169169960475,70641.88,23503617.53,0.1,316.074502173913,386.3132804347826
Nokian_SUV / 4x4_All Terrain (A/T)_0058,SUV / 4x4 | All Terrain (A/T),SUV_/_4x4_|_All_Terrain_(A/T)_Community_01,Traffic Driver,-1.2278406386374978,-1.1948486390218247,blended_GAM_adjusted,334.9221129707113,97.77528326359834,148.2202928870293,35424.65,11429349.61,0.08,308.1283439330544,361.7158820083682
Nokian_SUV / 4x4_All Terrain (A/T)_0064,SUV / 4x4 | All Terrain (A/T),SUV_/_4x4_|_All_Terrain_(A/T)_Community_04,Competitive Fighter,-1.2590959130935404,-1.2632370669911148,blended_GAM_adjusted,344.8067662650602,108.73267349397592,217.14626506024092,54069.42,17936459.42,0.1,310.3260896385542,379.2874428915663
Nokian_SUV / 4x4_Highway Terrain (H/T)_0002,SUV / 4x4 | Highway Terrain (H/T),SUV_/_4x4_|_Highway_Terrain_(H/T)_Community_03,Competitive Fighter,-1.6292269055574653,-1.6015383391191909,blended_GAM_adjusted,264.9410779116466,57.4642265060241,137.94722891566266,34348.86,8575882.35,0.1,238.44697012048192,291.4351857028113
Nokian_SUV / 4x4_Highway Terrain (H/T)_0069,SUV / 4x4 | Highway Terrain (H/T),SUV_/_4x4_|_Highway_Terrain_(H/T)_Community_02,Competitive Fighter,-1.608287201997352,-1.619730148767066,blended_GAM_adjusted,242.40601391304347,61.48416565217392,88.41591304347826,20335.66,4622300.47,0.1,218.1654125217391,266.64661530434785
Nokian_SUV / 4x4_Mud Terrain (M/T)_0050,SUV / 4x4 | Mud Terrain (M/T),SUV_/_4x4_|_Mud_Terrain_(M/T)_Community_01,Premium Leader,-1.000342061536458,-0.9735663730294348,blended_GAM_adjusted,427.3642148594377,103.660259437751,83.71341365461848,20844.64,8519512.43,0.15,363.25958263052206,491.4688470883533
Nokian_SUV / 4x4_Mud Terrain (M/T)_0064,SUV / 4x4 | Mud Terrain (M/T),SUV_/_4x4_|_Mud_Terrain_(M/T)_Community_02,KVI,-0.943878713795384,-0.943878713795384,sku_hierarchical,397.84070921658986,134.31605299539171,197.08391705069124,42767.21,16463087.36,0.05,377.94867375576035,417.73274467741936
Nokian_SUV / 4x4_Mud Terrain (M/T)_0075,SUV / 4x4 | Mud Terrain (M/T),SUV_/_4x4_|_Mud_Terrain_(M/T)_Community_02,Premium Leader,-1.0443475338941497,-1.0443475338941497,sku_hierarchical,467.2682751072962,129.56905278969958,123.4325321888412,28759.78,12851467.66,0.15,397.17803384120174,537.3585163733906
Pirelli_Agrícola_Implementos_0029,Agrícola | Implementos,Agrícola_|_Implementos_Community_01,Premium Leader,-1.25981624431332,-1.2347237528982564,blended_GAM_adjusted,643.9075628458498,190.8912324110672,164.81833992094863,41699.04,25535237.7,0.15,547.3214284189723,740.4936972727272
Pirelli_Agrícola_Implementos_0059,Agrícola | Implementos,Agrícola_|_Implementos_Community_01,Traffic Driver,-1.109128506455837,-1.0810222602836237,blended_GAM_adjusted,594.490972244898,180.52066285714287,108.57073469387754,26599.83,15149843.26,0.08,546.9316944653061,642.0502500244899
Pirelli_Agrícola_Premium Radial_0007,Agrícola | Premium Radial,Agrícola_|_Premium_Radial_Community_03,Traffic Driver,-0.68811434724007,-0.68811434724007,sku_hierarchical,1839.8696911392408,659.1952632911392,34.028270042194094,8064.7,14481447.15,0.08,1692.6801158481017,1987.0592664303801
Pirelli_Agrícola_Premium Radial_0016,Agrícola | Premium Radial,Agrícola_|_Premium_Radial_Community_03,Premium Leader,-0.8419050768688519,-0.8419050768688519,sku_hierarchical,1792.8920085470086,630.5683286324786,63.56867521367521,14875.07,26113908.9,0.15,1523.9582072649573,2061.82580982906
Pirelli_Agrícola_Premium Radial_0053,Agrícola | Premium Radial,Agrícola_|_Premium_Radial_Community_02,Premium Leader,-0.7679816394460939,-0.7679816394460939,sku_hierarchical,1691.1914483333337,539.0582854166666,18.45266666666667,4428.64,7269013.3,0.15,1437.5127310833336,1944.8701655833336
Pirelli_Agrícola_Premium Radial_0056,Agrícola | Premium Radial,Agrícola_|_Premium_Radial_Community_02,Competitive Fighter,-0.7456429130605371,-0.7456429130605371,sku_hierarchical,1808.31687854251,667.2586732793523,46.48044534412956,11480.67,20194525.89,0.1,1627.485190688259,1989.1485663967612
Pirelli_Agrícola_Premium Radial_0064,Agrícola | Premium Radial,Agrícola_|_Premium_Radial_Community_03,Premium Leader,-0.7912371730244929,-0.7912371730244929,sku_hierarchical,1888.99908220339,540.1573148305085,42.63203389830508,10061.16,18424332.88,0.15,1605.6492198728813,2172.3489445338982
Pirelli_Agrícola_Premium Radial_0072,Agrícola | Premium Radial,Agrícola_|_Premium_Radial_Community_02,Premium Leader,-0.7982690839287359,-0.7982690839287359,sku_hierarchical,1801.225293248945,587.8679299578059,68.66725738396624,16274.14,28280436.03,0.15,1531.0414992616033,2071.4090872362867
Pirelli_Agrícola_Premium Radial_0078,Agrícola | Premium Radial,Agrícola_|_Premium_Radial_Community_03,Competitive Fighter,-0.7514398992865742,-0.7514398992865742,sku_hierarchical,1805.519412236287,770.7548447257384,23.551856540084387,5581.79,9773316.77,0.1,1624.9674710126583,1986.0713534599158
Pirelli_Agrícola_Tractor_0070,Agrícola | Tractor,Agrícola_|_Tractor_Community_01,Premium Leader,-1.041422984599086,-1.041422984599086,sku_hierarchical,1043.9762519148935,388.6047889361702,93.19421276595745,21900.64,21988474.62,0.15,887.3798141276594,1200.5726897021275
Pirelli_Agrícola_Tractor_0074,Agrícola | Tractor,Agrícola_|_Tractor_Community_02,Premium Leader,-1.0142047283925837,-1.076909825557833,blended_GAM_adjusted,1369.8455466942148,372.10480454545456,89.89818181818183,21755.36,28470587.4,0.15,1164.3687146900825,1575.322378698347
Pirelli_Agrícola_Tractor_0076,Agrícola | Tractor,Agrícola_|_Tractor_Community_02,Competitive Fighter,-0.9152350338628388,-0.975960737137494,blended_GAM_adjusted,1376.954163948498,428.9068,27.134935622317595,6322.44,8363807.19,0.1,1239.2587475536482,1514.649580343348
Pirelli_Camión_Long Haul_0033,Camión | Long Haul,Camión_|_Long_Haul_Community_03,KVI,-0.8955996705244238,-0.8955996705244238,sku_hierarchical,589.6610813559322,188.86847669491524,168.43711864406782,39751.16,22900207.35,0.05,560.1780272881356,619.1441354237288
Pirelli_Camión_Obras / Mixto_0043,Camión | Obras / Mixto,Camión_|_Obras_/_Mixto_Community_03,Premium Leader,-0.8484567837108397,-0.8484567837108397,sku_hierarchical,762.8856835497835,233.9689220779221,136.45883116883118,31521.99,23243202.54,0.15,648.4528310173159,877.318536082251
Pirelli_Camión_Obras / Mixto_0044,Camión | Obras / Mixto,Camión_|_Obras_/_Mixto_Community_02,Premium Leader,-0.8550257631948838,-0.8550257631948838,sku_hierarchical,754.2850491304348,206.08859478260868,128.01313043478262,29443.02,21343906.47,0.15,641.1422917608695,867.4278065
Pirelli_Camión_Obras / Mixto_0058,Camión | Obras / Mixto,Camión_|_Obras_/_Mixto_Community_03,Competitive Fighter,-0.811712819765377,-0.811712819765377,sku_hierarchical,820.0433531914894,227.7461617021277,51.36434042553192,12070.62,9642918.78,0.1,738.0390178723404,902.0476885106384
Pirelli_Camión_Obras / Mixto_0079,Camión | Obras / Mixto,Camión_|_Obras_/_Mixto_Community_02,KVI,-0.7812725882111714,-0.7812725882111714,sku_hierarchical,738.5394740425533,203.75288127659576,131.46659574468086,30894.65,22120394.21,0.05,701.6125003404255,775.466447744681
Pirelli_Camión_Regional_0024,Camión | Regional,Camión_|_Regional_Community_01,KVI,-1.0111569516327077,-1.0111569516327077,sku_hierarchical,602.6359974789915,182.20896974789915,168.15714285714287,40021.4,23228898.69,0.05,572.5041976050419,632.7677973529411
Pirelli_Camión_Regional_0061,Camión | Regional,Camión_|_Regional_Community_02,Traffic Driver,-0.9933445194821032,-1.0078789639195396,blended_GAM_adjusted,590.3386163934426,182.7489,52.52077868852459,12815.07,7238094.45,0.08,543.1115270819672,637.5657057049181
Pirelli_Camión_Regional_0072,Camión | Regional,Camión_|_Regional_Community_01,Premium Leader,-1.1416382775923466,-1.1416382775923466,sku_hierarchical,647.3191104602511,192.1180330543933,150.93887029288703,36074.39,22513718.8,0.15,550.2212438912134,744.4169770292887
Pirelli_Coche_Budget_0010,Coche | Budget,Coche_|_Budget_Community_03,Premium Leader,-2.564577168132275,-2.659937535272685,blended_GAM_adjusted,90.62263765182186,32.70092429149798,297.12769230769226,73390.54,6113967.81,0.15,77.02924200404858,104.21603329959514
Pirelli_Coche_Budget_0025,Coche | Budget,Coche_|_Budget_Community_02,Premium Leader,-2.571854369719615,-2.5224777321680785,blended_GAM_adjusted,105.279537109375,21.852705859375,140.8304296875,36052.59,3490603.16,0.15,89.48760654296875,121.07146767578124
Pirelli_Coche_Budget_0079,Coche | Budget,Coche_|_Budget_Community_02,Premium Leader,-2.629260816327016,-2.581032307707627,blended_GAM_adjusted,100.3596905882353,28.89194274509804,154.09133333333332,39293.29,3613376.38,0.15,85.305737,115.41364417647058
Pirelli_Coche_Eco_0006,Coche | Eco,Coche_|_Eco_Community_02,KVI,-1.4141319837759898,-1.3875355568464889,blended_GAM_adjusted,187.35049527559056,45.93815984251969,138.16173228346457,35093.08,6266631.5,0.05,177.98297051181103,196.7180200393701
Pirelli_Coche_Eco_0011,Coche | Eco,Coche_|_Eco_Community_02,Traffic Driver,-1.3807909758949093,-1.3535277288077867,blended_GAM_adjusted,199.2720201754386,50.89723421052632,80.7455701754386,18409.99,3495550.42,0.08,183.33025856140353,215.2137817894737
Pirelli_Coche_Eco_0016,Coche | Eco,Coche_|_Eco_Community_02,Premium Leader,-1.4892036223460106,-1.46410862818791,blended_GAM_adjusted,196.67964763948495,49.15427510729614,98.50291845493562,22951.18,4184169.75,0.15,167.1777004935622,226.18159478540767
Pirelli_Coche_Eco_0078,Coche | Eco,Coche_|_Eco_Community_02,Competitive Fighter,-1.440781470814712,-1.4147180336259857,blended_GAM_adjusted,184.2579168032787,52.22794139344263,170.7345491803279,41659.23,7153406.34,0.1,165.83212512295083,202.68370848360658
Pirelli_Coche_Performance_0060,Coche | Performance,Coche_|_Performance_Community_02,KVI,-1.0274946169129793,-1.0341371311311776,blended_GAM_adjusted,338.88224440000005,103.032272,160.10212,40025.53,13052012.78,0.05,321.93813218,355.82635662000007
Pirelli_Furgoneta_Reforzado_0028,Furgoneta | Reforzado,Furgoneta_|_Reforzado_Community_02,Competitive Fighter,-1.0803275118505915,-1.1180630366503792,blended_GAM_adjusted,244.7769107438017,65.83738099173553,224.88714876033055,54422.69,12671936.03,0.1,220.29921966942152,269.25460181818187
Pirelli_Furgoneta_Reforzado_0054,Furgoneta | Reforzado,Furgoneta_|_Reforzado_Community_03,Traffic Driver,-0.987526636400134,-1.0001705136615753,blended_GAM_adjusted,238.0690758474576,77.37785508474576,74.72436440677967,17634.95,4026204.04,0.08,219.023549779661,257.11460191525424
Pirelli_Furgoneta_Standard_0041,Furgoneta | Standard,Furgoneta_|_Standard_Community_03,Competitive Fighter,-1.3564398238768576,-1.3161303160068116,blended_GAM_adjusted,172.82395319148935,63.43838638297873,55.018,12929.23,2107223.58,0.1,155.54155787234043,190.1063485106383
Pirelli_Furgoneta_Standard_0049,Furgoneta | Standard,Furgoneta_|_Standard_Community_03,Competitive Fighter,-1.3793910328007652,-1.3395405491091974,blended_GAM_adjusted,182.3130524590164,49.9002606557377,134.43659836065572,32802.53,5664128.14,0.1,164.08174721311477,200.54435770491807
Pirelli_Industrial_Construcción Pesada_0063,Industrial | Construcción Pesada,Industrial_|_Construcción_Pesada_Community_01,Traffic Driver,-0.8504394585208963,-0.8733528889538771,blended_GAM_adjusted,1819.6462905737703,664.0747102459017,43.065000000000005,10507.86,18306677.88,0.08,1674.0745873278688,1965.217993819672
Pirelli_Industrial_Portuario/Especial_0040,Industrial | Portuario/Especial,Industrial_|_Portuario/Especial_Community_02,Premium Leader,-0.7648480857107168,-0.7648480857107168,sku_hierarchical,4549.538355144033,2497.218088888889,0.94440329218107,229.49,1013724.65,0.15,3867.1076018724275,5231.9691084156375
Pirelli_Industrial_Portuario/Especial_0056,Industrial | Portuario/Especial,Industrial_|_Portuario/Especial_Community_01,KVI,-0.6500802853412719,-0.6500802853412719,sku_hierarchical,5404.569346694215,2368.420651239669,0.3440495867768595,83.26,435396.9,0.05,5134.340879359504,5674.797814028926
Pirelli_Industrial_Portuario/Especial_0068,Industrial | Portuario/Especial,Industrial_|_Portuario/Especial_Community_02,KVI,-0.6652141933123992,-0.6652141933123992,sku_hierarchical,4834.967166528925,2876.172194214876,1.1648760330578511,281.9,1326513.48,0.05,4593.218808202479,5076.715524855372
Pirelli_SUV / 4x4_All Terrain (A/T)_0003,SUV / 4x4 | All Terrain (A/T),SUV_/_4x4_|_All_Terrain_(A/T)_Community_03,KVI,-1.253294408189782,-1.2285901158103645,blended_GAM_adjusted,328.45218298755185,95.04754107883817,252.86128630705397,60939.57,19080829.71,0.05,312.02957383817426,344.87479213692944
Pirelli_SUV / 4x4_All Terrain (A/T)_0046,SUV / 4x4 | All Terrain (A/T),SUV_/_4x4_|_All_Terrain_(A/T)_Community_01,KVI,-1.2446282481279978,-1.2119720007021348,blended_GAM_adjusted,336.47353155737704,107.3404643442623,167.65446721311477,40907.69,13075762.06,0.05,319.6498549795082,353.2972081352459
Pirelli_SUV / 4x4_All Terrain (A/T)_0063,SUV / 4x4 | All Terrain (A/T),SUV_/_4x4_|_All_Terrain_(A/T)_Community_01,Competitive Fighter,-1.2660072084239038,-1.233778540203959,blended_GAM_adjusted,361.7931817073171,94.15831300813008,150.69235772357723,37070.32,12744674.21,0.1,325.6138635365854,397.97249987804884
Pirelli_SUV / 4x4_All Terrain (A/T)_0068,SUV / 4x4 | All Terrain (A/T),SUV_/_4x4_|_All_Terrain_(A/T)_Community_03,Premium Leader,-1.3314624023917545,-1.308321469896376,blended_GAM_adjusted,360.3808064102564,111.81359829059828,262.7287606837607,61478.53,20931574.66,0.15,306.3236854487179,414.43792737179484
Pirelli_SUV / 4x4_Highway Terrain (H/T)_0005,SUV / 4x4 | Highway Terrain (H/T),SUV_/_4x4_|_Highway_Terrain_(H/T)_Community_03,Premium Leader,-1.6490289724823015,-1.621736447382524,blended_GAM_adjusted,239.36457102040816,77.19631591836735,170.3038775510204,41724.45,9467615.73,0.15,203.45988536734694,275.2692566734694
Pirelli_SUV / 4x4_Highway Terrain (H/T)_0037,SUV / 4x4 | Highway Terrain (H/T),SUV_/_4x4_|_Highway_Terrain_(H/T)_Community_01,Competitive Fighter,-1.6210900689255898,-1.6210900689255898,sku_hierarchical,234.4964535864979,67.93600632911392,287.7490717299578,68196.53,15009781.64,0.1,211.04680822784812,257.9460989451477
Pirelli_SUV / 4x4_Highway Terrain (H/T)_0061,SUV / 4x4 | Highway Terrain (H/T),SUV_/_4x4_|_Highway_Terrain_(H/T)_Community_01,Premium Leader,-1.696775146907521,-1.696775146907521,sku_hierarchical,230.7533598173516,74.01421232876713,247.518401826484,54206.53,11780493.23,0.15,196.14035584474885,265.36636378995433
Pirelli_SUV / 4x4_Highway Terrain (H/T)_0066,SUV / 4x4 | Highway Terrain (H/T),SUV_/_4x4_|_Highway_Terrain_(H/T)_Community_01,Traffic Driver,-1.5501297998461032,-1.5501297998461032,sku_hierarchical,265.8074392712551,72.82734048582996,175.41344129554656,43327.12,10998204.45,0.08,244.54284412955468,287.0720344129555
Pirelli_SUV / 4x4_Highway Terrain (H/T)_0067,SUV / 4x4 | Highway Terrain (H/T),SUV_/_4x4_|_Highway_Terrain_(H/T)_Community_03,Competitive Fighter,-1.6107605651899244,-1.5827026719442991,blended_GAM_adjusted,233.76273414634144,60.09839512195122,220.4268699186992,54225.01,11790930.67,0.1,210.3864607317073,257.1390075609756
Pirelli_SUV / 4x4_Highway Terrain (H/T)_0074,SUV / 4x4 | Highway Terrain (H/T),SUV_/_4x4_|_Highway_Terrain_(H/T)_Community_03,Traffic Driver,-1.555783807360372,-1.5266263789581558,blended_GAM_adjusted,220.87385872340425,63.80990765957446,193.80463829787232,45544.09,9460749.33,0.08,203.20395002553192,238.5437674212766
Pirelli_SUV / 4x4_Highway Terrain (H/T)_0075,SUV / 4x4 | Highway Terrain (H/T),SUV_/_4x4_|_Highway_Terrain_(H/T)_Community_01,Competitive Fighter,-1.6081334765523034,-1.6081334765523034,sku_hierarchical,243.4838218106996,66.03506913580247,161.1937037037037,39170.07,9076970.88,0.1,219.13543962962964,267.8322039917696
Pirelli_SUV / 4x4_Mud Terrain (M/T)_0017,SUV / 4x4 | Mud Terrain (M/T),SUV_/_4x4_|_Mud_Terrain_(M/T)_Community_02,Competitive Fighter,-0.9714387757245804,-0.9714387757245804,sku_hierarchical,397.9280149797571,126.95833400809715,261.1566801619433,64505.7,24885259.67,0.1,358.1352134817814,437.72081647773285
Pirelli_SUV / 4x4_Mud Terrain (M/T)_0059,SUV / 4x4 | Mud Terrain (M/T),SUV_/_4x4_|_Mud_Terrain_(M/T)_Community_01,Competitive Fighter,-0.9844161166822448,-0.9573219092781372,blended_GAM_adjusted,414.5296841880342,132.23318760683762,168.17128205128205,39352.08,15649001.42,0.1,373.07671576923076,455.98265260683763
Roadmarch_Agrícola_Implementos_0004,Agrícola | Implementos,Agrícola_|_Implementos_Community_02,Premium Leader,-1.2015659763807125,-1.1889198582946718,blended_GAM_adjusted,614.9766619834711,200.32854628099173,108.84913223140497,26341.49,15486984.34,0.15,522.7301626859504,707.2231612809917
Roadmarch_Agrícola_Implementos_0023,Agrícola | Implementos,Agrícola_|_Implementos_Community_02,Premium Leader,-1.231753568087302,-1.2197112018353933,blended_GAM_adjusted,623.4587319148936,210.41442680851063,48.79114893617021,11465.92,6776032.01,0.15,529.9399221276595,716.9775417021276
Roadmarch_Agrícola_Premium Radial_0011,Agrícola | Premium Radial,Agrícola_|_Premium_Radial_Community_03,Competitive Fighter,-0.7553708086820264,-0.7553708086820264,sku_hierarchical,1800.4241434426228,614.7528922131147,43.50942622950819,10616.3,18598825.68,0.1,1620.3817290983607,1980.4665577868852
Roadmarch_Agrícola_Premium Radial_0027,Agrícola | Premium Radial,Agrícola_|_Premium_Radial_Community_02,Traffic Driver,-0.6596739994719213,-0.6596739994719213,sku_hierarchical,1773.5913628458495,573.7675830039526,63.83608695652174,16150.53,27881160.21,0.08,1631.7040538181816,1915.4786718735177
Roadmarch_Agrícola_Premium Radial_0061,Agrícola | Premium Radial,Agrícola_|_Premium_Radial_Community_01,Traffic Driver,-0.7005809860053921,-0.7005809860053921,sku_hierarchical,1939.6598761702128,562.7305131914894,19.845021276595745,4663.58,8807840.48,0.08,1784.487086076596,2094.83266626383
Roadmarch_Agrícola_Tractor_0012,Agrícola | Tractor,Agrícola_|_Tractor_Community_01,Premium Leader,-1.0830679834998698,-1.0830679834998698,sku_hierarchical,1150.2286916299558,322.5159828193833,84.94929515418502,19283.49,21141713.06,0.15,977.6943878854624,1322.762995374449
Roadmarch_Camión_Long Haul_0014,Camión | Long Haul,Camión_|_Long_Haul_Community_03,Competitive Fighter,-0.9403460222897366,-0.9403460222897366,sku_hierarchical,635.5074669421488,161.82297479338845,73.58504132231405,17807.58,10920274.84,0.1,571.956720247934,699.0582136363637
Roadmarch_Camión_Obras / Mixto_0008,Camión | Obras / Mixto,Camión_|_Obras_/_Mixto_Community_02,Traffic Driver,-0.771537960190998,-0.771537960190998,sku_hierarchical,789.834418442623,220.44918852459017,83.74692622950819,20434.25,15817720.5,0.08,726.6476649672132,853.0211719180329
Roadmarch_Camión_Obras / Mixto_0042,Camión | Obras / Mixto,Camión_|_Obras_/_Mixto_Community_01,Premium Leader,-0.8373941820515605,-0.8373941820515605,sku_hierarchical,768.0571268722467,235.3252149779736,176.18770925110132,39994.61,29795681.25,0.15,652.8485578414097,883.2656959030836
Roadmarch_Camión_Regional_0027,Camión | Regional,Camión_|_Regional_Community_03,Competitive Fighter,-1.0636705762675265,-1.0144926511303922,blended_GAM_adjusted,598.4371103004291,167.95980515021458,93.3351931330472,21747.1,12542159.78,0.1,538.5933992703863,658.2808213304721
Roadmarch_Camión_Regional_0050,Camión | Regional,Camión_|_Regional_Community_02,Competitive Fighter,-1.063123406077101,-1.0790534282464372,blended_GAM_adjusted,617.6542478087649,190.3247374501992,211.95717131474103,53201.25,31847739.49,0.1,555.8888230278884,679.4196725896414
Roadmarch_Camión_Regional_0079,Camión | Regional,Camión_|_Regional_Community_01,Premium Leader,-1.1027295757880524,-1.1027295757880524,sku_hierarchical,655.939144214876,182.82013595041323,68.37322314049587,16546.32,10410989.1,0.15,557.5482725826446,754.3300158471073
Roadmarch_Coche_Budget_0024,Coche | Budget,Coche_|_Budget_Community_01,KVI,-2.470443159009297,-2.6636500808857537,blended_GAM_adjusted,111.78045795918368,28.14734,69.4024081632653,17003.59,1728630.7,0.05,106.1914350612245,117.36948085714286
Roadmarch_Coche_Budget_0057,Coche | Budget,Coche_|_Budget_Community_02,Traffic Driver,-2.414116203628712,-2.361584802755357,blended_GAM_adjusted,94.38317489539747,24.054393723849373,111.80146443514644,26720.55,2317478.56,0.08,86.83252090376568,101.93382888702928
Roadmarch_Coche_Eco_0013,Coche | Eco,Coche_|_Eco_Community_02,Premium Leader,-1.4882498730625509,-1.4631358039187812,blended_GAM_adjusted,173.8321658333333,55.85987583333333,525.8009166666667,126192.22,20592245.63,0.15,147.75734095833332,199.9069907083333
Roadmarch_Coche_Eco_0050,Coche | Eco,Coche_|_Eco_Community_01,Competitive Fighter,-1.468363395228559,-1.413308411739672,blended_GAM_adjusted,159.74155508474576,46.20134618644068,316.1327118644068,74607.32,11158920.72,0.1,143.76739957627117,175.71571059322034
Roadmarch_Coche_Eco_0052,Coche | Eco,Coche_|_Eco_Community_02,Traffic Driver,-1.4100665053238175,-1.3833887688252733,blended_GAM_adjusted,211.5815447257384,63.66160801687764,254.67603375527423,60358.22,12162609.1,0.08,194.65502114767935,228.5080683037975
Roadmarch_Coche_Eco_0066,Coche | Eco,Coche_|_Eco_Community_01,Premium Leader,-1.4725160255467744,-1.4175440946642517,blended_GAM_adjusted,171.4402992,53.7969772,229.74036,57435.09,9295321.64,0.15,145.72425432,197.15634408
Roadmarch_Coche_Eco_0076,Coche | Eco,Coche_|_Eco_Community_01,Competitive Fighter,-1.4572905267873104,-1.4020140859295982,blended_GAM_adjusted,200.81413359683796,56.90556245059288,263.3100395256917,66617.44,12732664.98,0.1,180.73272023715418,220.89554695652177
Roadmarch_Coche_Performance_0003,Coche | Performance,Coche_|_Performance_Community_01,Competitive Fighter,-1.0836567299696014,-1.0836567299696014,sku_hierarchical,375.55424444444446,122.1149128888889,276.1822666666667,62141.01,22169866.13,0.1,337.99882,413.10966888888896
Roadmarch_Coche_Performance_0017,Coche | Performance,Coche_|_Performance_Community_02,Premium Leader,-1.156280968007967,-1.1654992092480652,blended_GAM_adjusted,394.61845284552845,106.04476016260162,166.78443089430894,41028.97,15215282.72,0.15,335.4256849186992,453.8112207723577
Roadmarch_Coche_Performance_0059,Coche | Performance,Coche_|_Performance_Community_01,Traffic Driver,-0.997926607846916,-0.997926607846916,sku_hierarchical,371.59924873949575,92.51552521008404,122.24617647058824,29094.59,10492642.5,0.08,341.8713088403361,401.32718863865546
Roadmarch_Coche_Touring_0047,Coche | Touring,Coche_|_Touring_Community_01,Competitive Fighter,-1.755795298311546,-1.818331218996608,blended_GAM_adjusted,150.9271609375,38.316315234375,158.8442578125,40664.13,5708494.72,0.1,135.83444484375,166.01987703125
Roadmarch_Coche_Touring_0054,Coche | Touring,Coche_|_Touring_Community_02,Premium Leader,-1.7934349038967317,-1.8260333124060204,blended_GAM_adjusted,165.2555846808511,43.183138723404255,114.28672340425533,26857.38,4173773.75,0.15,140.4672469787234,190.04392238297874
Roadmarch_Furgoneta_Standard_0018,Furgoneta | Standard,Furgoneta_|_Standard_Community_03,Competitive Fighter,-1.3825515926338252,-1.3427643201389186,blended_GAM_adjusted,183.21262195121952,60.15894715447155,155.52252032520326,38258.54,6720031.87,0.1,164.89135975609756,201.53388414634148
Roadmarch_Industrial_Construcción Pesada_0006,Industrial | Construcción Pesada,Industrial_|_Construcción_Pesada_Community_02,Competitive Fighter,-0.881607534439076,-0.9411189346480217,blended_GAM_adjusted,1813.7246622881355,775.8950885593221,10.072584745762711,2377.13,4174635.89,0.1,1632.352196059322,1995.0971285169492
Roadmarch_Industrial_Construcción Pesada_0011,Industrial | Construcción Pesada,Industrial_|_Construcción_Pesada_Community_03,Premium Leader,-0.9058526884642696,-0.9058526884642696,sku_hierarchical,1644.618521212121,619.4541177489177,53.36722943722944,12327.83,19688191.05,0.15,1397.9257430303028,1891.3112993939392
Roadmarch_Industrial_Construcción Pesada_0035,Industrial | Construcción Pesada,Industrial_|_Construcción_Pesada_Community_03,Traffic Driver,-0.7847552421910492,-0.7847552421910492,sku_hierarchical,1889.4735564202333,671.5886638132296,13.220505836575876,3397.67,6215235.56,0.08,1738.3156719066146,2040.6314409338522
Roadmarch_Industrial_Construcción Pesada_0038,Industrial | Construcción Pesada,Industrial_|_Construcción_Pesada_Community_02,Competitive Fighter,-0.870684381840637,-0.9299773189976138,blended_GAM_adjusted,1704.4148016806723,647.9809571428572,21.817857142857143,5192.65,8583743.22,0.1,1533.973321512605,1874.8562818487396
Roadmarch_Industrial_Construcción Pesada_0050,Industrial | Construcción Pesada,Industrial_|_Construcción_Pesada_Community_01,KVI,-0.8607988022401768,-0.8839194195475432,blended_GAM_adjusted,1979.3053294871795,643.1541871794872,53.32346153846154,12477.69,23846441.18,0.05,1880.3400630128203,2078.2705959615387
Roadmarch_Industrial_Construcción Pesada_0068,Industrial | Construcción Pesada,Industrial_|_Construcción_Pesada_Community_01,Premium Leader,-0.89634271935011,-0.920174214999675,blended_GAM_adjusted,1782.64521125,553.3720654166666,42.255875,10141.41,17451827.75,0.15,1515.2484295625,2050.0419929375
Roadmarch_Industrial_Manipulación Ligera_0042,Industrial | Manipulación Ligera,Industrial_|_Manipulación_Ligera_Community_02,Premium Leader,-1.3340673856741374,-1.3454666934015234,blended_GAM_adjusted,371.6116180722892,92.3750108433735,313.5271485943775,78068.26,27646907.0,0.15,315.86987536144585,427.3533607831326
Roadmarch_Industrial_Manipulación Ligera_0065,Industrial | Manipulación Ligera,Industrial_|_Manipulación_Ligera_Community_02,Premium Leader,-1.368711460114714,-1.3808036493309117,blended_GAM_adjusted,304.7714382716049,103.7016172839506,213.3144444444445,51835.41,14999182.03,0.15,259.05572253086416,350.4871540123456
Roadmarch_Industrial_Portuario/Especial_0002,Industrial | Portuario/Especial,Industrial_|_Portuario/Especial_Community_02,KVI,-0.6596481071633555,-0.6596481071633555,sku_hierarchical,5177.702726271186,2286.1298305084747,1.2954237288135595,305.72,1544656.22,0.05,4918.817589957626,5436.587862584746
Roadmarch_Industrial_Portuario/Especial_0062,Industrial | Portuario/Especial,Industrial_|_Portuario/Especial_Community_01,Premium Leader,-0.7056473340256064,-0.7056473340256064,sku_hierarchical,5494.266376150627,2507.358451464435,0.9155648535564852,218.82,1174201.57,0.15,4670.126419728033,6318.406332573221
Roadmarch_SUV / 4x4_All Terrain (A/T)_0026,SUV / 4x4 | All Terrain (A/T),SUV_/_4x4_|_All_Terrain_(A/T)_Community_03,Competitive Fighter,-1.2657118946286472,-1.2412559519780066,blended_GAM_adjusted,367.8612400826447,116.26129876033058,145.11752066115704,35118.44,12451529.59,0.1,331.0751160743803,404.6473640909092
Roadmarch_SUV / 4x4_All Terrain (A/T)_0042,SUV / 4x4 | All Terrain (A/T),SUV_/_4x4_|_All_Terrain_(A/T)_Community_01,Competitive Fighter,-1.282484381632519,-1.2505852568767466,blended_GAM_adjusted,360.5304361445783,102.65888795180724,104.16755020080322,25937.72,8877986.91,0.1,324.4773925301205,396.58347975903615
Roadmarch_SUV / 4x4_All Terrain (A/T)_0054,SUV / 4x4 | All Terrain (A/T),SUV_/_4x4_|_All_Terrain_(A/T)_Community_03,Premium Leader,-1.3108751567196266,-1.2873224793108058,blended_GAM_adjusted,356.6687274590164,115.57978360655736,197.45090163934424,48178.02,16422338.12,0.15,303.16841834016395,410.16903657786884
Roadmarch_SUV / 4x4_All Terrain (A/T)_0062,SUV / 4x4 | All Terrain (A/T),SUV_/_4x4_|_All_Terrain_(A/T)_Community_01,Traffic Driver,-1.1211285073138204,-1.086002265071674,blended_GAM_adjusted,329.25054564315354,100.78595933609958,85.1398755186722,20518.71,6479661.74,0.08,302.91050199170127,355.5905892946059
Roadmarch_SUV / 4x4_All Terrain (A/T)_0066,SUV / 4x4 | All Terrain (A/T),SUV_/_4x4_|_All_Terrain_(A/T)_Community_03,Traffic Driver,-1.215989646383714,-1.190539258768175,blended_GAM_adjusted,331.5856672064777,119.33165060728746,130.96546558704455,32348.47,10261262.17,0.08,305.0588138299595,358.11252058299596
Roadmarch_SUV / 4x4_Highway Terrain (H/T)_0015,SUV / 4x4 | Highway Terrain (H/T),SUV_/_4x4_|_Highway_Terrain_(H/T)_Community_03,Traffic Driver,-1.572320557886429,-1.5434938644947338,blended_GAM_adjusted,242.3695778723404,62.411612340425535,67.2711914893617,15808.73,3693016.35,0.08,222.98001164255317,261.7591441021276
Roadmarch_SUV / 4x4_Highway Terrain (H/T)_0024,SUV / 4x4 | Highway Terrain (H/T),SUV_/_4x4_|_Highway_Terrain_(H/T)_Community_03,KVI,-1.591823701556762,-1.5633870710384732,blended_GAM_adjusted,229.6421963562753,74.89650202429151,100.47631578947367,24817.65,5355136.29,0.05,218.1600865384615,241.12430617408907
Sailun_Agrícola_Premium Radial_0021,Agrícola | Premium Radial,Agrícola_|_Premium_Radial_Community_01,Traffic Driver,-0.671421763015874,-0.671421763015874,sku_hierarchical,1921.64033125,649.3642629464285,28.55785714285714,6396.96,12061718.45,0.08,1767.90910475,2075.37155775
Sailun_Agrícola_Premium Radial_0046,Agrícola | Premium Radial,Agrícola_|_Premium_Radial_Community_01,Competitive Fighter,-0.7349344461863504,-0.7349344461863504,sku_hierarchical,1907.461079435484,616.5813161290322,44.59217741935484,11058.86,20530227.7,0.1,1716.7149714919356,2098.2071873790323
Sailun_Agrícola_Premium Radial_0066,Agrícola | Premium Radial,Agrícola_|_Premium_Radial_Community_02,Premium Leader,-0.7665239595119693,-0.7665239595119693,sku_hierarchical,1857.8557012711865,566.5415300847458,42.34618644067797,9993.7,18277283.81,0.15,1579.1773460805084,2136.534056461864
Sailun_Camión_Obras / Mixto_0016,Camión | Obras / Mixto,Camión_|_Obras_/_Mixto_Community_01,Traffic Driver,-0.7700597125781801,-0.7700597125781801,sku_hierarchical,736.0198794871794,203.58600641025643,107.9167094017094,25252.51,18148080.45,0.08,677.1382891282051,794.9014698461539
Sailun_Camión_Obras / Mixto_0019,Camión | Obras / Mixto,Camión_|_Obras_/_Mixto_Community_01,Traffic Driver,-0.7742907888475576,-0.7742907888475576,sku_hierarchical,717.611905490196,186.30512039215685,104.4555294117647,26636.16,18673268.42,0.08,660.2029530509803,775.0208579294117
Sailun_Camión_Obras / Mixto_0036,Camión | Obras / Mixto,Camión_|_Obras_/_Mixto_Community_02,KVI,-0.8007371350762517,-0.8007371350762517,sku_hierarchical,783.2991721311475,222.42865655737705,78.87446721311476,19245.37,14661092.79,0.05,744.1342135245901,822.464130737705
Sailun_Camión_Regional_0030,Camión | Regional,Camión_|_Regional_Community_03,KVI,-1.0411331538423765,-0.9915044802567388,blended_GAM_adjusted,591.5912429184549,161.58306137339056,56.11536480686695,13074.88,7485556.51,0.05,562.0116807725321,621.1708050643776
Sailun_Coche_Eco_0021,Coche | Eco,Coche_|_Eco_Community_02,Competitive Fighter,-1.4228435528320524,-1.3964213572836728,blended_GAM_adjusted,184.28353045267488,45.80933045267489,144.19444444444446,35039.25,6065185.73,0.1,165.8551774074074,202.71188349794238
Sailun_Coche_Eco_0031,Coche | Eco,Coche_|_Eco_Community_02,KVI,-1.4201818083596365,-1.3937063779218082,blended_GAM_adjusted,209.17885648535565,61.98102552301255,226.05405857740584,54026.92,10793499.17,0.05,198.71991366108787,219.63779930962343
Sailun_Coche_Eco_0047,Coche | Eco,Coche_|_Eco_Community_01,Premium Leader,-1.5098444715434671,-1.4556191095808784,blended_GAM_adjusted,180.99206276150628,55.42206945606694,180.24205020920505,43077.85,7244885.83,0.15,153.84325334728032,208.1408721757322
Sailun_Coche_Performance_0030,Coche | Performance,Coche_|_Performance_Community_02,Competitive Fighter,-1.0430095289697652,-1.0499623414290993,blended_GAM_adjusted,382.7094889344263,87.76850368852459,93.48659836065572,22810.73,8395633.4,0.1,344.4385400409837,420.98043782786897
Sailun_Coche_Performance_0055,Coche | Performance,Coche_|_Performance_Community_01,Traffic Driver,-0.9988321242779394,-0.9988321242779394,sku_hierarchical,392.4246034934498,105.0250847161572,123.1885152838428,28210.17,10708746.12,0.08,361.0306352139738,423.8185717729258
Sailun_Coche_Touring_0025,Coche | Touring,Coche_|_Touring_Community_02,Competitive Fighter,-1.777816914239424,-1.8101029629555665,blended_GAM_adjusted,156.4906262295082,48.92632868852459,168.53618852459016,41122.83,6052587.3,0.1,140.84156360655737,172.13968885245902
Sailun_Coche_Touring_0062,Coche | Touring,Coche_|_Touring_Community_01,Competitive Fighter,-1.7821817359592476,-1.8452453853972632,blended_GAM_adjusted,134.2319140077821,45.15220856031128,271.3062645914397,69725.71,8555314.55,0.1,120.8087226070039,147.65510540856033
Sailun_Furgoneta_Reforzado_0047,Furgoneta | Reforzado,Furgoneta_|_Reforzado_Community_03,Premium Leader,-1.103474276466106,-1.1184371065288663,blended_GAM_adjusted,223.2748069958848,63.02056419753087,195.5644444444445,47522.16,10037057.96,0.15,189.7835859465021,256.7660280452675
Sailun_Industrial_Construcción Pesada_0026,Industrial | Construcción Pesada,Industrial_|_Construcción_Pesada_Community_02,Competitive Fighter,-0.8661334833468076,-0.925335402533908,blended_GAM_adjusted,1881.1289511013213,606.9871449339207,22.278149779735685,5057.14,9213140.85,0.1,1693.0160559911892,2069.241846211454
Sailun_Industrial_Construcción Pesada_0057,Industrial | Construcción Pesada,Industrial_|_Construcción_Pesada_Community_03,Premium Leader,-0.926416244968038,-0.926416244968038,sku_hierarchical,1811.769368859649,596.3293385964912,44.71048245614035,10193.99,17875702.97,0.15,1540.0039635307016,2083.534774188596
Sailun_Industrial_Portuario/Especial_0006,Industrial | Portuario/Especial,Industrial_|_Portuario/Especial_Community_01,KVI,-0.6667454927990633,-0.6667454927990633,sku_hierarchical,4764.67641375,2435.359430416667,0.797,191.28,891321.78,0.05,4526.4425930625,5002.910234437501
Sailun_SUV / 4x4_All Terrain (A/T)_0027,SUV / 4x4 | All Terrain (A/T),SUV_/_4x4_|_All_Terrain_(A/T)_Community_03,Competitive Fighter,-1.2898440860792966,-1.265870787257669,blended_GAM_adjusted,379.4581838174274,103.4436070539419,196.5560995850622,47370.02,17390321.89,0.1,341.51236543568467,417.4040021991702
Sailun_SUV / 4x4_Highway Terrain (H/T)_0047,SUV / 4x4 | Highway Terrain (H/T),SUV_/_4x4_|_Highway_Terrain_(H/T)_Community_03,Competitive Fighter,-1.6045561681829492,-1.5763741869971843,blended_GAM_adjusted,234.98203846153845,62.88602793522267,191.65736842105264,47339.37,10485621.16,0.1,211.4838346153846,258.4802423076923
Sailun_SUV / 4x4_Mud Terrain (M/T)_0008,SUV / 4x4 | Mud Terrain (M/T),SUV_/_4x4_|_Mud_Terrain_(M/T)_Community_02,Competitive Fighter,-0.9488230569388112,-0.9488230569388112,sku_hierarchical,396.81750370370366,141.82075432098765,48.28390946502058,11732.99,4475841.98,0.1,357.1357533333333,436.4992540740741
Sailun_SUV / 4x4_Mud Terrain (M/T)_0022,SUV / 4x4 | Mud Terrain (M/T),SUV_/_4x4_|_Mud_Terrain_(M/T)_Community_02,KVI,-0.9417254078994264,-0.9417254078994264,sku_hierarchical,419.2478090128755,115.1217965665236,68.28467811158798,15910.33,6464842.83,0.05,398.2854185622317,440.2101994635193
Sailun_SUV / 4x4_Mud Terrain (M/T)_0049,SUV / 4x4 | Mud Terrain (M/T),SUV_/_4x4_|_Mud_Terrain_(M/T)_Community_01,KVI,-0.9435148814273168,-0.9156026493181108,blended_GAM_adjusted,484.6506683127572,121.80121728395062,147.30263374485597,35794.54,16643581.75,0.05,460.41813489711933,508.8832017283951
Sailun_SUV / 4x4_Mud Terrain (M/T)_0071,SUV / 4x4 | Mud Terrain (M/T),SUV_/_4x4_|_Mud_Terrain_(M/T)_Community_02,Traffic Driver,-0.922702193999482,-0.922702193999482,sku_hierarchical,403.0207658436214,123.92857983539096,69.76707818930042,16953.4,6661865.93,0.08,370.7791045761317,435.26242711111115
Tomket_Agrícola_Premium Radial_0009,Agrícola | Premium Radial,Agrícola_|_Premium_Radial_Community_02,Premium Leader,-0.8014868098677245,-0.8014868098677245,sku_hierarchical,1628.3008185185186,519.8544115226338,50.36074074074074,12237.66,19194388.79,0.15,1384.0556957407407,1872.5459412962962
Tomket_Agrícola_Premium Radial_0030,Agrícola | Premium Radial,Agrícola_|_Premium_Radial_Community_03,Competitive Fighter,-0.7329228959332819,-0.7329228959332819,sku_hierarchical,1809.0172754166667,679.9639870833333,9.405791666666666,2257.39,3935842.33,0.1,1628.1155478750002,1989.9190029583335
Tomket_Agrícola_Premium Radial_0050,Agrícola | Premium Radial,Agrícola_|_Premium_Radial_Community_03,Competitive Fighter,-0.7552436880375625,-0.7552436880375625,sku_hierarchical,1903.4504971193417,584.6736835390947,30.9298353909465,7515.95,13851059.51,0.1,1713.1054474074076,2093.795546831276
Tomket_Agrícola_Premium Radial_0077,Agrícola | Premium Radial,Agrícola_|_Premium_Radial_Community_03,KVI,-0.7139802455202201,-0.7139802455202201,sku_hierarchical,1872.9041506726455,561.3819376681614,57.73210762331839,12874.26,23448259.17,0.05,1779.2589431390131,1966.549358206278
Tomket_Agrícola_Tractor_0054,Agrícola | Tractor,Agrícola_|_Tractor_Community_02,Traffic Driver,-0.8910747191122708,-0.9513172160919144,blended_GAM_adjusted,1223.5416591666665,393.38461875,32.15525,7717.26,9150181.83,0.08,1125.6583264333333,1321.4249919
Tomket_Camión_Long Haul_0025,Camión | Long Haul,Camión_|_Long_Haul_Community_03,KVI,-0.9104104403482244,-0.9104104403482244,sku_hierarchical,705.9801266666667,183.7494783333333,93.41904166666669,22420.57,15399775.68,0.05,670.6811203333333,741.2791330000001
Tomket_Camión_Long Haul_0028,Camión | Long Haul,Camión_|_Long_Haul_Community_03,Competitive Fighter,-0.927978857001478,-0.927978857001478,sku_hierarchical,667.5196310483872,216.5374733870968,172.55,42792.4,27655918.63,0.1,600.7676679435484,734.2715941532259
Tomket_Camión_Long Haul_0031,Camión | Long Haul,Camión_|_Long_Haul_Community_03,Competitive Fighter,-0.9472130454729114,-0.9472130454729114,sku_hierarchical,619.1927308016877,208.88629831223628,248.80042194092823,58965.7,35021540.27,0.1,557.273457721519,681.1120038818566
Tomket_Camión_Long Haul_0050,Camión | Long Haul,Camión_|_Long_Haul_Community_03,Traffic Driver,-0.8833505414503506,-0.8833505414503506,sku_hierarchical,632.8508246861925,199.78145230125523,159.8570711297071,38205.84,23478098.33,0.08,582.2227587112972,683.4788906610879
Tomket_Camión_Long Haul_0077,Camión | Long Haul,Camión_|_Long_Haul_Community_03,Premium Leader,-0.975682832111124,-0.975682832111124,sku_hierarchical,675.1958707964602,187.39279646017695,67.43725663716815,15240.82,9879192.03,0.15,573.9164901769911,776.4752514159292
Tomket_Camión_Regional_0042,Camión | Regional,Camión_|_Regional_Community_03,Premium Leader,-1.099454427180351,-1.0509921790614734,blended_GAM_adjusted,589.74846,146.94621489361705,93.14072340425533,21888.07,12487460.69,0.15,501.28619100000003,678.210729
Tomket_Camión_Regional_0066,Camión | Regional,Camión_|_Regional_Community_03,Competitive Fighter,-1.057017926667458,-1.0077069485383223,blended_GAM_adjusted,590.002097826087,197.7203247826087,153.19734782608694,35235.39,19889700.71,0.1,531.0018880434784,649.0023076086958
Tomket_Camión_Regional_0073,Camión | Regional,Camión_|_Regional_Community_01,Premium Leader,-1.1548298648432422,-1.1548298648432422,sku_hierarchical,625.2537525862069,206.3393456896552,150.61271551724138,34942.15,21189728.11,0.15,531.4656896982759,719.0418154741379
Tomket_Coche_Eco_0002,Coche | Eco,Coche_|_Eco_Community_02,Competitive Fighter,-1.4628785359201877,-1.437257040033571,blended_GAM_adjusted,178.17412489626554,51.19172489626556,362.5527385892116,87375.21,14834130.08,0.1,160.356712406639,195.99153738589212
Tomket_Coche_Eco_0034,Coche | Eco,Coche_|_Eco_Community_01,Premium Leader,-1.498706006879118,-1.444257875623242,blended_GAM_adjusted,191.622016796875,56.073127734375,367.622109375,94111.26,17020708.83,0.15,162.87871427734373,220.36531931640621
Tomket_Coche_Eco_0037,Coche | Eco,Coche_|_Eco_Community_01,Competitive Fighter,-1.45054083633944,-1.3951294016727704,blended_GAM_adjusted,199.1332094262295,43.82076434426229,105.57516393442624,25760.34,4837653.05,0.1,179.21988848360655,219.04653036885247
Tomket_Coche_Performance_0073,Coche | Performance,Coche_|_Performance_Community_02,Traffic Driver,-0.9549406636696546,-0.9601320988229864,blended_GAM_adjusted,420.6536481632653,94.74783714285714,99.91085714285714,24478.16,9990151.41,0.08,387.0013563102041,454.30594001632653
Tomket_Coche_Performance_0079,Coche | Performance,Coche_|_Performance_Community_02,Competitive Fighter,-1.086828921758101,-1.094658122073202,blended_GAM_adjusted,403.4759129166667,101.62711625,139.47579166666668,33474.19,12795331.14,0.1,363.128321625,443.8235042083334
Tomket_Coche_Touring_0057,Coche | Touring,Coche_|_Touring_Community_01,KVI,-1.7267303911885852,-1.7886850137311876,blended_GAM_adjusted,157.28056283185842,54.48752123893805,315.6048230088496,71326.69,10482528.46,0.05,149.41653469026548,165.14459097345136
Tomket_Coche_Touring_0058,Coche | Touring,Coche_|_Touring_Community_01,Competitive Fighter,-1.7706103178947328,-1.833442538971458,blended_GAM_adjusted,154.05039121338913,38.57817949790795,175.7323012552301,42000.02,6064866.06,0.1,138.64535209205022,169.45543033472805
Tomket_Furgoneta_Reforzado_0010,Furgoneta | Reforzado,Furgoneta_|_Reforzado_Community_03,KVI,-1.0326517692953143,-1.0461981492146593,blended_GAM_adjusted,263.7108604938272,70.30391893004115,175.40913580246914,42624.42,10866152.33,0.05,250.52531746913584,276.8964035185186
Tomket_Furgoneta_Reforzado_0041,Furgoneta | Reforzado,Furgoneta_|_Reforzado_Community_03,Traffic Driver,-1.0275388019868976,-1.040982922560074,blended_GAM_adjusted,236.03275731225295,82.3682885375494,314.64893280632407,79606.18,18052037.06,0.08,217.15013672727272,254.9153778972332
Tomket_Furgoneta_Reforzado_0042,Furgoneta | Reforzado,Furgoneta_|_Reforzado_Community_03,Competitive Fighter,-1.0745060102187949,-1.0888894749566091,blended_GAM_adjusted,246.78010642570283,73.29650803212851,224.90807228915665,56002.11,13299883.28,0.1,222.10209578313254,271.4581170682731
Tomket_Industrial_Construcción Pesada_0044,Industrial | Construcción Pesada,Industrial_|_Construcción_Pesada_Community_02,Competitive Fighter,-0.8831071148880396,-0.9426485067059645,blended_GAM_adjusted,1821.8306348178137,560.1102680161944,64.36093117408906,15897.15,28009838.07,0.1,1639.6475713360323,2004.0136982995953
Tomket_Industrial_Construcción Pesada_0074,Industrial | Construcción Pesada,Industrial_|_Construcción_Pesada_Community_02,Competitive Fighter,-0.861873945544919,-0.9209906739759814,blended_GAM_adjusted,1987.4925125506072,728.2183307692308,27.66894736842105,6834.2300000000005,13091113.51,0.1,1788.7432612955465,2186.241763805668
Tomket_Industrial_Manipulación Ligera_0054,Industrial | Manipulación Ligera,Industrial_|_Manipulación_Ligera_Community_01,Competitive Fighter,-1.2693042000926555,-1.2956946297844008,blended_GAM_adjusted,344.0868344,104.8084792,221.06844,55267.11,18036317.64,0.1,309.67815096,378.49551784
Tomket_Industrial_Portuario/Especial_0053,Industrial | Portuario/Especial,Industrial_|_Portuario/Especial_Community_03,Competitive Fighter,-0.6751969913489837,-0.6751969913489837,sku_hierarchical,5762.317279518073,2211.952427710843,0.4669879518072289,116.28,651323.86,0.1,5186.085551566265,6338.54900746988
Tomket_SUV / 4x4_All Terrain (A/T)_0049,SUV / 4x4 | All Terrain (A/T),SUV_/_4x4_|_All_Terrain_(A/T)_Community_01,Premium Leader,-1.3528733929597578,-1.32238204843053,blended_GAM_adjusted,342.5702839506173,113.95006913580248,142.06135802469137,34520.91,11177103.84,0.15,291.18474135802467,393.95582654320987
Tomket_SUV / 4x4_All Terrain (A/T)_0069,SUV / 4x4 | All Terrain (A/T),SUV_/_4x4_|_All_Terrain_(A/T)_Community_03,Premium Leader,-1.3422707820645905,-1.3193460171626687,blended_GAM_adjusted,326.33067521008405,97.87695084033614,216.3312605042017,51486.84,15966933.58,0.15,277.3810739285714,375.2802764915966
Tomket_SUV / 4x4_Highway Terrain (H/T)_0028,SUV / 4x4 | Highway Terrain (H/T),SUV_/_4x4_|_Highway_Terrain_(H/T)_Community_03,Competitive Fighter,-1.638824846276863,-1.6113282386529768,blended_GAM_adjusted,237.30430044642856,53.2517625,201.14379464285716,45056.21,10030206.7,0.1,213.5738704017857,261.03473049107146
Tomket_SUV / 4x4_Mud Terrain (M/T)_0011,SUV / 4x4 | Mud Terrain (M/T),SUV_/_4x4_|_Mud_Terrain_(M/T)_Community_02,Competitive Fighter,-0.9642829114552134,-0.9642829114552134,sku_hierarchical,446.8168719665272,135.0238368200837,250.55719665271965,59883.17,25948502.83,0.1,402.13518476987446,491.49855916317995
Tomket_SUV / 4x4_Mud Terrain (M/T)_0029,SUV / 4x4 | Mud Terrain (M/T),SUV_/_4x4_|_Mud_Terrain_(M/T)_Community_02,Competitive Fighter,-0.9478913060416932,-0.9478913060416932,sku_hierarchical,423.6812559670782,138.78345555555555,143.7385596707819,34928.47,14215648.19,0.1,381.3131303703704,466.049381563786
Tomket_SUV / 4x4_Mud Terrain (M/T)_0034,SUV / 4x4 | Mud Terrain (M/T),SUV_/_4x4_|_Mud_Terrain_(M/T)_Community_01,Competitive Fighter,-0.9527167890179744,-0.9249885950605816,blended_GAM_adjusted,377.2376614107884,112.3115029045643,143.03029045643154,34470.3,12487795.22,0.1,339.51389526970956,414.9614275518673
Tomket_SUV / 4x4_Mud Terrain (M/T)_0046,SUV / 4x4 | Mud Terrain (M/T),SUV_/_4x4_|_Mud_Terrain_(M/T)_Community_02,Premium Leader,-0.9869453493556144,-0.9869453493556144,sku_hierarchical,430.71545085470086,115.37430854700854,93.69012820512822,21923.49,9193373.03,0.15,366.10813322649574,495.32276848290593
Tomket_SUV / 4x4_Mud Terrain (M/T)_0057,SUV / 4x4 | Mud Terrain (M/T),SUV_/_4x4_|_Mud_Terrain_(M/T)_Community_02,Competitive Fighter,-0.9745548318265872,-0.9745548318265872,sku_hierarchical,428.3767864197531,138.16152674897117,61.68181069958848,14988.68,6161897.09,0.1,385.5391077777778,471.21446506172845
Toyo Tires_Agrícola_Implementos_0032,Agrícola | Implementos,Agrícola_|_Implementos_Community_02,Competitive Fighter,-1.1749354755798953,-1.1617567474778383,blended_GAM_adjusted,646.3252645833333,177.77091833333333,165.52445833333334,39725.87,24622545.87,0.1,581.6927381249999,710.9577910416666
Toyo Tires_Agrícola_Implementos_0033,Agrícola | Implementos,Agrícola_|_Implementos_Community_01,KVI,-1.1433147844279226,-1.115892263815151,blended_GAM_adjusted,652.8704962343097,197.38342761506277,141.2759832635983,33764.96,20900078.27,0.05,620.2269714225941,685.5140210460253
Toyo Tires_Agrícola_Implementos_0043,Agrícola | Implementos,Agrícola_|_Implementos_Community_02,KVI,-1.1441247522475062,-1.130329809678802,blended_GAM_adjusted,628.3870250000001,216.8089365079365,142.06313492063492,35799.91,21530809.59,0.05,596.9676737500001,659.8063762500001
Toyo Tires_Agrícola_Implementos_0052,Agrícola | Implementos,Agrícola_|_Implementos_Community_02,Competitive Fighter,-1.1937338923451568,-1.1809311325784055,blended_GAM_adjusted,700.6307488188976,177.48843661417322,111.53889763779527,28330.88,18976112.06,0.1,630.5676739370078,770.6938237007874
Toyo Tires_Agrícola_Premium Radial_0001,Agrícola | Premium Radial,Agrícola_|_Premium_Radial_Community_02,Competitive Fighter,-0.7614712166893601,-0.7614712166893601,sku_hierarchical,1690.3699857723575,656.8870784552846,42.4919918699187,10453.03,17127307.86,0.1,1521.3329871951219,1859.4069843495934
Toyo Tires_Agrícola_Premium Radial_0045,Agrícola | Premium Radial,Agrícola_|_Premium_Radial_Community_03,Premium Leader,-0.7909431196900206,-0.7909431196900206,sku_hierarchical,1846.7039028455283,647.2541544715447,24.27947154471545,5972.75,10614452.45,0.15,1569.698317418699,2123.7094882723572
Toyo Tires_Agrícola_Premium Radial_0069,Agrícola | Premium Radial,Agrícola_|_Premium_Radial_Community_02,Competitive Fighter,-0.7540111684945825,-0.7540111684945825,sku_hierarchical,1697.818352263375,607.8151176954733,72.31395061728395,17572.29,29053646.09,0.1,1528.0365170370374,1867.6001874897124
Toyo Tires_Agrícola_Tractor_0021,Agrícola | Tractor,Agrícola_|_Tractor_Community_01,Traffic Driver,-0.821607826088185,-0.821607826088185,sku_hierarchical,1060.2123833333333,412.2136821138211,28.205934959349594,6938.66,7161857.1,0.08,975.3953926666667,1145.029374
Toyo Tires_Agrícola_Tractor_0048,Agrícola | Tractor,Agrícola_|_Tractor_Community_03,Traffic Driver,-0.8747346904566479,-0.941316360130935,blended_GAM_adjusted,1133.0644052631578,371.3404331983805,73.03441295546558,18039.5,19496436.86,0.08,1042.4192528421052,1223.7095576842105
Toyo Tires_Agrícola_Tractor_0073,Agrícola | Tractor,Agrícola_|_Tractor_Community_01,KVI,-0.8915713108688986,-0.8915713108688986,sku_hierarchical,997.7318398373984,314.045387398374,50.09382113821138,12323.08,11817643.69,0.05,947.8452478455284,1047.6184318292683
Toyo Tires_Camión_Long Haul_0000,Camión | Long Haul,Camión_|_Long_Haul_Community_01,Premium Leader,-1.0232410202936062,-1.0448999575400486,blended_GAM_adjusted,672.7362089068826,219.2722854251012,107.95396761133604,26664.63,17469993.8,0.15,571.8257775708502,773.6466402429148
Toyo Tires_Camión_Obras / Mixto_0004,Camión | Obras / Mixto,Camión_|_Obras_/_Mixto_Community_01,Premium Leader,-0.8408927622255252,-0.8408927622255252,sku_hierarchical,744.0015268398267,238.10666623376625,155.2387878787879,35860.16,25859812.65,0.15,632.4012978138527,855.6017558658007
Toyo Tires_Camión_Obras / Mixto_0017,Camión | Obras / Mixto,Camión_|_Obras_/_Mixto_Community_02,Premium Leader,-0.8586840268630562,-0.8586840268630562,sku_hierarchical,851.1390868525897,228.6286059760956,105.92621513944223,26587.48,22034393.02,0.15,723.4682238247012,978.809949880478
Toyo Tires_Camión_Regional_0020,Camión | Regional,Camión_|_Regional_Community_03,Competitive Fighter,-1.0445710553319607,-0.995011139776115,blended_GAM_adjusted,533.527374893617,189.4673136170213,56.25331914893617,13219.53,6821653.18,0.1,480.1746374042553,586.8801123829787
Toyo Tires_Camión_Regional_0022,Camión | Regional,Camión_|_Regional_Community_03,Premium Leader,-1.1081929305941245,-1.059905452543522,blended_GAM_adjusted,518.8130616,166.9240608,155.56448,38891.12,19282773.75,0.15,440.99110235999996,596.6350208399999
Toyo Tires_Camión_Regional_0034,Camión | Regional,Camión_|_Regional_Community_03,KVI,-1.0314217168614508,-0.9815988145361948,blended_GAM_adjusted,626.9569760162602,196.64698048780488,42.62609756097561,10486.02,6366929.98,0.05,595.6091272154472,658.3048248170733
Toyo Tires_Camión_Regional_0048,Camión | Regional,Camión_|_Regional_Community_03,Traffic Driver,-0.9681706296928732,-0.917082705624246,blended_GAM_adjusted,600.2584425531915,180.1905523404255,78.6772340425532,18489.15,10786270.04,0.08,552.2377671489362,648.2791179574468
Toyo Tires_Coche_Budget_0017,Coche | Budget,Coche_|_Budget_Community_02,Competitive Fighter,-2.509271773558213,-2.458643484083449,blended_GAM_adjusted,106.15086,25.226476734693875,239.34673469387755,58639.95,5818862.39,0.1,95.535774,116.765946
Toyo Tires_Coche_Eco_0026,Coche | Eco,Coche_|_Eco_Community_01,Premium Leader,-1.5210276025882865,-1.4670259032465938,blended_GAM_adjusted,196.91383939393936,56.15999783549784,180.7912121212121,41762.77,7836411.18,0.15,167.37676348484845,226.45091530303023
Toyo Tires_Coche_Eco_0074,Coche | Eco,Coche_|_Eco_Community_02,Traffic Driver,-1.3716598055804297,-1.3442139350870177,blended_GAM_adjusted,200.45428666666663,59.243197083333335,63.54483333333334,15250.76,2946997.53,0.08,184.41794373333332,216.49062959999998
Toyo Tires_Coche_Performance_0046,Coche | Performance,Coche_|_Performance_Community_01,Premium Leader,-1.1319627212497831,-1.1319627212497831,sku_hierarchical,360.8561275720165,117.36256790123456,161.79242798353908,39315.56,13567019.05,0.15,306.727708436214,414.98454670781894
Toyo Tires_Coche_Performance_0062,Coche | Performance,Coche_|_Performance_Community_02,KVI,-1.0367155791839306,-1.043542512647548,blended_GAM_adjusted,384.3823347457627,102.23378813559322,89.3539406779661,21087.53,7704449.0,0.05,365.16321800847453,403.6014514830509
Toyo Tires_Coche_Touring_0021,Coche | Touring,Coche_|_Touring_Community_02,Competitive Fighter,-1.7582440835820694,-1.7901386756850652,blended_GAM_adjusted,161.35885263157894,54.780040890688255,210.6057894736842,52019.63,7835597.78,0.1,145.22296736842105,177.49473789473686
Toyo Tires_Coche_Touring_0029,Coche | Touring,Coche_|_Touring_Community_01,Premium Leader,-1.8354570361454643,-1.8995861915872043,blended_GAM_adjusted,167.5269408560311,51.689869260700384,219.60167315175096,56437.63,8905252.93,0.15,142.39789972762642,192.65598198443575
Toyo Tires_Furgoneta_Reforzado_0001,Furgoneta | Reforzado,Furgoneta_|_Reforzado_Community_02,KVI,-1.0516910081474573,-1.0888538028731822,blended_GAM_adjusted,253.9252578723404,64.47991659574468,190.2553617021277,44710.01,10939182.85,0.05,241.2289949787234,266.6215207659574
Toyo Tires_Furgoneta_Reforzado_0062,Furgoneta | Reforzado,Furgoneta_|_Reforzado_Community_01,Competitive Fighter,-1.0716396263817058,-1.092414021736872,blended_GAM_adjusted,263.81240219298246,73.99379342105264,376.4975438596491,85841.44,21928963.84,0.1,237.43116197368423,290.1936424122807
Toyo Tires_Furgoneta_Reforzado_0063,Furgoneta | Reforzado,Furgoneta_|_Reforzado_Community_01,KVI,-1.0370873025704015,-1.0571706514493415,blended_GAM_adjusted,242.73718089430892,68.42038292682926,333.009674796748,81920.38,19246274.55,0.05,230.60032184959346,254.87403993902439
Toyo Tires_Furgoneta_Reforzado_0070,Furgoneta | Reforzado,Furgoneta_|_Reforzado_Community_01,Premium Leader,-1.098217844875369,-1.1195238046004083,blended_GAM_adjusted,227.59244058577409,79.4337309623431,152.8173640167364,36523.35,7983860.97,0.15,193.45357449790797,261.7313066736402
Toyo Tires_Furgoneta_Standard_0004,Furgoneta | Standard,Furgoneta_|_Standard_Community_02,Premium Leader,-1.3931741980356271,-1.3333927848056135,blended_GAM_adjusted,167.3822294117647,52.53616344537816,319.9707563025209,76153.04,11918977.19,0.15,142.27489500000001,192.4895638235294
Toyo Tires_Furgoneta_Standard_0026,Furgoneta | Standard,Furgoneta_|_Standard_Community_02,Premium Leader,-1.4040924971441076,-1.344529449896264,blended_GAM_adjusted,175.33416244725737,53.55655611814346,282.20611814345995,66882.85,11112849.61,0.15,149.03403808016876,201.63428681434596
Toyo Tires_Furgoneta_Standard_0034,Furgoneta | Standard,Furgoneta_|_Standard_Community_03,Traffic Driver,-1.3139922240302846,-1.272833764163307,blended_GAM_adjusted,176.45190853658536,49.92931544715447,175.73670731707318,43231.23,7192328.5200000005,0.08,162.33575585365855,190.5680612195122
Toyo Tires_Furgoneta_Standard_0050,Furgoneta | Standard,Furgoneta_|_Standard_Community_03,KVI,-1.3368165643027328,-1.2961145912412042,blended_GAM_adjusted,193.608816872428,47.326291769547325,173.88670781893003,42254.47,7800974.13,0.05,183.9283760288066,203.2892577160494
Toyo Tires_Furgoneta_Standard_0057,Furgoneta | Standard,Furgoneta_|_Standard_Community_02,Competitive Fighter,-1.3672627990356097,-1.306963157825596,blended_GAM_adjusted,188.85335677966103,51.40508135593221,223.0704237288136,52644.62,9516699.59,0.1,169.96802110169492,207.73869245762714
Toyo Tires_Industrial_Construcción Pesada_0024,Industrial | Construcción Pesada,Industrial_|_Construcción_Pesada_Community_01,Premium Leader,-0.8909589697631606,-0.9146827904209864,blended_GAM_adjusted,1886.5085365461848,573.4459068273093,31.338192771084337,7803.21,14170003.76,0.15,1603.5322560642571,2169.4848170281125
Toyo Tires_Industrial_Construcción Pesada_0054,Industrial | Construcción Pesada,Industrial_|_Construcción_Pesada_Community_01,Traffic Driver,-0.8215585243352682,-0.8438943360845363,blended_GAM_adjusted,1892.094819047619,672.6701654761905,33.651626984126985,8480.210000000001,15632456.45,0.08,1740.7272335238097,2043.4624045714286
Toyo Tires_Industrial_Portuario/Especial_0015,Industrial | Portuario/Especial,Industrial_|_Portuario/Especial_Community_01,Premium Leader,-0.701324877036368,-0.701324877036368,sku_hierarchical,5525.153048101265,2391.635545991561,0.5813080168776372,137.77,738328.46,0.15,4696.380090886075,6353.926005316454
Toyo Tires_Industrial_Portuario/Especial_0018,Industrial | Portuario/Especial,Industrial_|_Portuario/Especial_Community_02,Competitive Fighter,-0.6962257609133355,-0.6962257609133355,sku_hierarchical,4515.269913502109,2503.715978902954,2.6217299578059072,621.35,2712669.67,0.1,4063.7429221518987,4966.796904852321
Toyo Tires_Industrial_Portuario/Especial_0064,Industrial | Portuario/Especial,Industrial_|_Portuario/Especial_Community_02,KVI,-0.6511774277269358,-0.6511774277269358,sku_hierarchical,5186.658621370968,2312.810218145161,0.6733064516129031,166.98,846011.17,0.05,4927.325690302419,5445.991552439516
Toyo Tires_SUV / 4x4_All Terrain (A/T)_0008,SUV / 4x4 | All Terrain (A/T),SUV_/_4x4_|_All_Terrain_(A/T)_Community_01,Competitive Fighter,-1.2632559087231634,-1.2309722145092037,blended_GAM_adjusted,319.4227636752137,97.99266923076922,404.1823931623931,94578.68,28223224.82,0.1,287.48048730769233,351.3650400427351
Toyo Tires_SUV / 4x4_All Terrain (A/T)_0010,SUV / 4x4 | All Terrain (A/T),SUV_/_4x4_|_All_Terrain_(A/T)_Community_01,Premium Leader,-1.3098485016601085,-1.2784966593048877,blended_GAM_adjusted,362.8259855967078,116.2785316872428,206.1456378600823,50093.39,17471242.08,0.15,308.4020877572016,417.24988343621396
Toyo Tires_SUV / 4x4_Highway Terrain (H/T)_0022,SUV / 4x4 | Highway Terrain (H/T),SUV_/_4x4_|_Highway_Terrain_(H/T)_Community_01,KVI,-1.589546708329838,-1.589546708329838,sku_hierarchical,230.41745546558704,67.32823481781377,619.5073684210527,153018.32,33491928.11,0.05,218.89658269230767,241.9383282388664
Toyo Tires_SUV / 4x4_Highway Terrain (H/T)_0030,SUV / 4x4 | Highway Terrain (H/T),SUV_/_4x4_|_Highway_Terrain_(H/T)_Community_03,Traffic Driver,-1.553732701333115,-1.5245342508103534,blended_GAM_adjusted,213.78824666666665,61.80954083333334,146.89008333333334,35253.62,7066020.69,0.08,196.68518693333334,230.8913064
Toyo Tires_SUV / 4x4_Highway Terrain (H/T)_0063,SUV / 4x4 | Highway Terrain (H/T),SUV_/_4x4_|_Highway_Terrain_(H/T)_Community_01,KVI,-1.5966200141222897,-1.5966200141222897,sku_hierarchical,230.0111508403361,68.10084075630252,183.67882352941172,43715.56,9545551.52,0.05,218.51059329831926,241.5117083823529
Toyo Tires_SUV / 4x4_Highway Terrain (H/T)_0064,SUV / 4x4 | Highway Terrain (H/T),SUV_/_4x4_|_Highway_Terrain_(H/T)_Community_03,Premium Leader,-1.697955667250215,-1.6716416760457955,blended_GAM_adjusted,225.19714603174603,76.39936626984127,252.83416666666668,63714.21,13509436.23,0.15,191.4175741269841,258.9767179365079
Toyo Tires_SUV / 4x4_Mud Terrain (M/T)_0005,SUV / 4x4 | Mud Terrain (M/T),SUV_/_4x4_|_Mud_Terrain_(M/T)_Community_02,Traffic Driver,-0.8841863760816532,-0.8841863760816532,sku_hierarchical,405.4533689956332,132.75959213973798,363.8098253275109,83312.45,32793008.97,0.08,373.01709947598255,437.8896385152839
Tracmax_Agrícola_Implementos_0015,Agrícola | Implementos,Agrícola_|_Implementos_Community_01,KVI,-1.1435710415116735,-1.116153646040577,blended_GAM_adjusted,666.4554446280991,169.679444214876,105.43727272727271,25515.82,16290422.16,0.05,633.1326723966941,699.7782168595041
Tracmax_Agrícola_Implementos_0036,Agrícola | Implementos,Agrícola_|_Implementos_Community_02,Premium Leader,-1.2907959610052908,-1.2799344426117418,blended_GAM_adjusted,647.2922670682731,212.70096787148597,218.5386746987952,54416.13,33809638.44,0.15,550.1984270080321,744.386107128514
Tracmax_Agrícola_Implementos_0042,Agrícola | Implementos,Agrícola_|_Implementos_Community_02,Competitive Fighter,-1.1858865022053535,-1.1729267946358062,blended_GAM_adjusted,673.876278111588,168.98821974248926,209.0738197424893,48714.2,31404717.89,0.1,606.4886503004292,741.2639059227469
Tracmax_Agrícola_Premium Radial_0060,Agrícola | Premium Radial,Agrícola_|_Premium_Radial_Community_02,Premium Leader,-0.7740139226335873,-0.7740139226335873,sku_hierarchical,1575.2126574380163,600.5410785123967,19.071446280991736,4615.29,6996693.93,0.15,1338.930758822314,1811.4945560537187
Tracmax_Agrícola_Tractor_0028,Agrícola | Tractor,Agrícola_|_Tractor_Community_03,Competitive Fighter,-0.945474080920334,-1.013470538403895,blended_GAM_adjusted,1234.2641699570815,303.53184549356223,77.12828326180258,17970.89,21321816.49,0.1,1110.8377529613733,1357.6905869527898
Tracmax_Camión_Long Haul_0018,Camión | Long Haul,Camión_|_Long_Haul_Community_03,Traffic Driver,-0.8838797384417045,-0.8838797384417045,sku_hierarchical,656.6649408071748,222.6258067264574,175.84641255605382,39213.75,24799407.4,0.08,604.1317455426009,709.1981360717489
Tracmax_Camión_Long Haul_0034,Camión | Long Haul,Camión_|_Long_Haul_Community_03,Premium Leader,-1.03469447453298,-1.03469447453298,sku_hierarchical,645.9184948936171,215.5298080851064,166.80310638297874,39198.73,24352562.33,0.15,549.0307206595745,742.8062691276596
Tracmax_Camión_Long Haul_0063,Camión | Long Haul,Camión_|_Long_Haul_Community_03,Premium Leader,-0.989328697733145,-0.989328697733145,sku_hierarchical,620.9494927350427,220.02321623931624,167.87405982905983,39282.53,23634221.74,0.15,527.8070688247863,714.091916645299
Tracmax_Camión_Obras / Mixto_0005,Camión | Obras / Mixto,Camión_|_Obras_/_Mixto_Community_02,KVI,-0.8051429554812809,-0.8051429554812809,sku_hierarchical,728.8918291304348,214.36081782608696,143.71273913043478,33053.93,23398012.12,0.05,692.447237673913,765.3364205869565
Tracmax_Camión_Obras / Mixto_0046,Camión | Obras / Mixto,Camión_|_Obras_/_Mixto_Community_01,Competitive Fighter,-0.8127780416648005,-0.8127780416648005,sku_hierarchical,753.8898619834711,254.576097107438,163.62012396694217,39596.07,29022367.16,0.1,678.500875785124,829.2788481818183
Tracmax_Camión_Obras / Mixto_0047,Camión | Obras / Mixto,Camión_|_Obras_/_Mixto_Community_02,Competitive Fighter,-0.8083150616531615,-0.8083150616531615,sku_hierarchical,682.1132707112971,250.38860836820083,133.795230125523,31977.06,21049640.56,0.1,613.9019436401674,750.3245977824268
Tracmax_Camión_Regional_0014,Camión | Regional,Camión_|_Regional_Community_02,Competitive Fighter,-1.0573611362477064,-1.0731759130204548,blended_GAM_adjusted,650.2956662601625,168.22439390243903,69.49808943089431,17096.53,10788579.08,0.1,585.2660996341463,715.3252328861788
Tracmax_Coche_Budget_0040,Coche | Budget,Coche_|_Budget_Community_01,Traffic Driver,-2.386240429096887,-2.577763296375095,blended_GAM_adjusted,95.20119147286822,31.81618875968992,72.58856589147287,18727.85,1642957.28,0.08,87.58509615503877,102.81728679069768
Tracmax_Coche_Budget_0056,Coche | Budget,Coche_|_Budget_Community_01,Competitive Fighter,-2.514348159354433,-2.708433181237792,blended_GAM_adjusted,106.0205484,26.6752328,194.64704,48661.76,4699497.62,0.1,95.41849356,116.62260324
Tracmax_Coche_Eco_0020,Coche | Eco,Coche_|_Eco_Community_01,Competitive Fighter,-1.4632529888969896,-1.408095797281471,blended_GAM_adjusted,176.9686212244898,62.93366530612245,186.56110204081637,45707.47,7602264.18,0.1,159.27175910204082,194.6654833469388
Tracmax_Coche_Eco_0028,Coche | Eco,Coche_|_Eco_Community_02,Premium Leader,-1.4725477115844063,-1.4471195992110737,blended_GAM_adjusted,188.89063428571427,51.02319469387755,338.07771428571425,82829.04,14956357.08,0.15,160.55703914285712,217.2242294285714
Tracmax_Coche_Performance_0056,Coche | Performance,Coche_|_Performance_Community_01,Competitive Fighter,-1.0455667477876849,-1.0455667477876849,sku_hierarchical,382.7556706122449,108.81136,319.30881632653063,78230.66,28906126.23,0.1,344.4801035510204,421.03123767346943
Tracmax_Coche_Performance_0065,Coche | Performance,Coche_|_Performance_Community_01,KVI,-1.0257162384258869,-1.0257162384258869,sku_hierarchical,359.6422617021277,116.4614770212766,232.9592340425532,54745.42,19029290.13,0.05,341.6601486170213,377.6243747872341
Tracmax_Coche_Performance_0067,Coche | Performance,Coche_|_Performance_Community_02,Competitive Fighter,-1.0868586245038574,-1.0946884188738732,blended_GAM_adjusted,381.8632250996016,104.4217107569721,212.60354581673303,53363.49,19330625.82,0.1,343.67690258964143,420.0495476095618
Tracmax_Coche_Touring_0014,Coche | Touring,Coche_|_Touring_Community_02,KVI,-1.7298067031529238,-1.7611325476473367,blended_GAM_adjusted,153.83950176211454,42.16006916299559,103.19753303964758,23425.84,3366439.44,0.05,146.14752667400882,161.53147685022026
Tracmax_Coche_Touring_0044,Coche | Touring,Coche_|_Touring_Community_02,KVI,-1.7415409935668578,-1.7731015238695491,blended_GAM_adjusted,177.44105278969957,49.5692347639485,244.80351931330472,57039.22,9530742.91,0.05,168.56900015021458,186.31310542918456
Tracmax_Furgoneta_Reforzado_0067,Furgoneta | Reforzado,Furgoneta_|_Reforzado_Community_02,Traffic Driver,-1.0313926656918195,-1.0681494935684317,blended_GAM_adjusted,271.838710373444,70.40261452282158,230.80680497925312,55624.44,14653373.75,0.08,250.09161354356846,293.5858072033195
Tracmax_Furgoneta_Standard_0006,Furgoneta | Standard,Furgoneta_|_Standard_Community_02,Premium Leader,-1.4148677414820672,-1.3555201991209829,blended_GAM_adjusted,180.94661902654863,54.466707964601774,340.0899115044247,76860.31999999999,13225930.12,0.15,153.80462617256634,208.08861188053092
Tracmax_Furgoneta_Standard_0044,Furgoneta | Standard,Furgoneta_|_Standard_Community_01,Competitive Fighter,-1.352398593340491,-1.3524030552319777,blended_GAM_adjusted,193.11184098360656,47.06707581967213,99.85159836065574,24363.79,4482827.84,0.1,173.8006568852459,212.42302508196724
Tracmax_Industrial_Construcción Pesada_0030,Industrial | Construcción Pesada,Industrial_|_Construcción_Pesada_Community_01,Competitive Fighter,-0.8747939119848319,-0.8981944314870913,blended_GAM_adjusted,1806.4759942622952,744.9339299180328,29.68762295081967,7243.78,12661604.11,0.1,1625.8283948360656,1987.1235936885248
Tracmax_Industrial_Construcción Pesada_0033,Industrial | Construcción Pesada,Industrial_|_Construcción_Pesada_Community_03,Premium Leader,-0.9176873511116632,-0.9176873511116632,sku_hierarchical,1924.904317721519,646.8559156118145,41.18274261603376,9760.31,18178487.76,0.15,1636.168670063291,2213.6399653797466
Tracmax_Industrial_Manipulación Ligera_0011,Industrial | Manipulación Ligera,Industrial_|_Manipulación_Ligera_Community_02,Premium Leader,-1.3250975354396597,-1.336317446162356,blended_GAM_adjusted,329.3384464,81.9834764,150.02528,37506.32,11688477.9,0.15,279.93767944,378.73921336
Tracmax_Industrial_Manipulación Ligera_0052,Industrial | Manipulación Ligera,Industrial_|_Manipulación_Ligera_Community_02,Premium Leader,-1.3385687951375107,-1.3500581310541642,blended_GAM_adjusted,305.0622224489796,95.68984612244896,216.62028571428573,53071.97,15544522.81,0.15,259.30288908163266,350.8215558163265
Tracmax_Industrial_Portuario/Especial_0054,Industrial | Portuario/Especial,Industrial_|_Portuario/Especial_Community_03,Premium Leader,-0.7218793480277501,-0.7218793480277501,sku_hierarchical,5235.619584518829,2365.837039330544,2.321046025104603,554.73,2820368.21,0.15,4450.276646841005,6020.962522196653
Tracmax_Industrial_Portuario/Especial_0078,Industrial | Portuario/Especial,Industrial_|_Portuario/Especial_Community_01,KVI,-0.6443468572794435,-0.6443468572794435,sku_hierarchical,5438.612172874494,2452.309891902834,1.6557085020242914,408.96,2152949.87,0.05,5166.681564230769,5710.542781518218
Tracmax_SUV / 4x4_All Terrain (A/T)_0052,SUV / 4x4 | All Terrain (A/T),SUV_/_4x4_|_All_Terrain_(A/T)_Community_01,Premium Leader,-1.308093182938332,-1.2767062342086757,blended_GAM_adjusted,334.31357246963563,113.94666477732794,208.4831983805668,51495.35,16453115.35,0.15,284.1665365991903,384.46060834008097
Tracmax_SUV / 4x4_All Terrain (A/T)_0075,SUV / 4x4 | All Terrain (A/T),SUV_/_4x4_|_All_Terrain_(A/T)_Community_03,Competitive Fighter,-1.2754463757870065,-1.2511851227595334,blended_GAM_adjusted,369.1516914285714,113.95379306122447,221.3433469387755,54229.12,19438291.0,0.1,332.2365222857143,406.06686057142855
Tracmax_SUV / 4x4_Highway Terrain (H/T)_0012,SUV / 4x4 | Highway Terrain (H/T),SUV_/_4x4_|_Highway_Terrain_(H/T)_Community_01,KVI,-1.5796980037060844,-1.5796980037060844,sku_hierarchical,215.92727942386836,65.47769711934157,248.80711934156375,60460.13,12251883.88,0.05,205.13091545267494,226.72364339506177
Tracmax_SUV / 4x4_Highway Terrain (H/T)_0026,SUV / 4x4 | Highway Terrain (H/T),SUV_/_4x4_|_Highway_Terrain_(H/T)_Community_03,Premium Leader,-1.6812998107416073,-1.6546527024070157,blended_GAM_adjusted,251.9864231075697,65.67020637450199,214.66219123505977,53880.21,12888601.77,0.15,214.18845964143424,289.78438657370515
Tracmax_SUV / 4x4_Mud Terrain (M/T)_0019,SUV / 4x4 | Mud Terrain (M/T),SUV_/_4x4_|_Mud_Terrain_(M/T)_Community_02,KVI,-0.9331076787080922,-0.9331076787080922,sku_hierarchical,415.23901023622045,112.26158858267716,144.22661417322834,36633.56,14822092.49,0.05,394.4770597244094,436.0009607480315
Tracmax_SUV / 4x4_Mud Terrain (M/T)_0038,SUV / 4x4 | Mud Terrain (M/T),SUV_/_4x4_|_Mud_Terrain_(M/T)_Community_01,Premium Leader,-1.000017773560726,-0.973235599294188,blended_GAM_adjusted,449.1785869198312,136.1598911392405,87.48852320675105,20734.78,9017031.72,0.15,381.80179888185654,516.5553749578058
Triangle_Agrícola_Implementos_0047,Agrícola | Implementos,Agrícola_|_Implementos_Community_02,Competitive Fighter,-1.160196636277928,-1.1467231313898325,blended_GAM_adjusted,554.7465478991597,212.46962058823527,179.51886554621848,42725.49,22737013.8,0.1,499.27189310924376,610.2212026890758
Triangle_Agrícola_Implementos_0060,Agrícola | Implementos,Agrícola_|_Implementos_Community_02,Traffic Driver,-1.0799386362394114,-1.064859971350545,blended_GAM_adjusted,656.4238212765957,187.46933574468085,90.76234042553192,21329.15,13393214.03,0.08,603.9099155744681,708.9377269787234
Triangle_Agrícola_Premium Radial_0004,Agrícola | Premium Radial,Agrícola_|_Premium_Radial_Community_03,Traffic Driver,-0.6893305709723273,-0.6893305709723273,sku_hierarchical,1707.4805428,540.607422,20.27592,5068.98,8442780.0,0.08,1570.882099376,1844.0789862240001
Triangle_Agrícola_Premium Radial_0037,Agrícola | Premium Radial,Agrícola_|_Premium_Radial_Community_03,Competitive Fighter,-0.7450475732066046,-0.7450475732066046,sku_hierarchical,1802.3983415966384,588.2832407563026,27.17411764705882,6467.44,11331556.52,0.1,1622.1585074369746,1982.6381757563024
Triangle_Agrícola_Tractor_0040,Agrícola | Tractor,Agrícola_|_Tractor_Community_02,Competitive Fighter,-0.9446002921892416,-1.0059133006304246,blended_GAM_adjusted,1340.8224317460315,278.6710222222222,63.88746031746032,16099.64,20528882.66,0.1,1206.7401885714285,1474.9046749206348
Triangle_Agrícola_Tractor_0068,Agrícola | Tractor,Agrícola_|_Tractor_Community_01,Premium Leader,-0.965890291670577,-0.965890291670577,sku_hierarchical,1078.7070348547718,323.7880925311204,124.31165975103735,29959.11,31178719.67,0.15,916.900979626556,1240.5130900829874
Triangle_Camión_Long Haul_0019,Camión | Long Haul,Camión_|_Long_Haul_Community_03,Premium Leader,-0.9637778305007726,-0.9637778305007726,sku_hierarchical,613.7508069958848,194.62592345679013,149.13860082304527,36240.68,21457792.06,0.15,521.688185946502,705.8134280452674
Triangle_Camión_Long Haul_0030,Camión | Long Haul,Camión_|_Long_Haul_Community_01,Traffic Driver,-0.7468230580830857,-0.7629536360853177,blended_GAM_adjusted,703.6537218487395,171.95214159663865,90.82457983193277,21616.25,14939695.82,0.08,647.3614241008403,759.9460195966386
Triangle_Camión_Long Haul_0041,Camión | Long Haul,Camión_|_Long_Haul_Community_03,Traffic Driver,-0.8490938141686516,-0.8490938141686516,sku_hierarchical,669.5425696428572,183.78469732142855,97.09285714285714,21748.8,14163872.58,0.08,615.9791640714286,723.1059752142858
Triangle_Camión_Regional_0055,Camión | Regional,Camión_|_Regional_Community_01,Premium Leader,-1.0984125348702396,-1.0984125348702396,sku_hierarchical,638.5481898785424,165.53698704453438,173.09453441295545,42754.35,26471874.5,0.15,542.765961396761,734.3304183603237
Triangle_Coche_Eco_0004,Coche | Eco,Coche_|_Eco_Community_01,KVI,-1.4136136284322505,-1.3574636496074373,blended_GAM_adjusted,213.09190362903223,60.39751774193548,166.0871370967742,41189.61,8422391.37,0.05,202.43730844758062,223.74649881048384
Triangle_Coche_Eco_0030,Coche | Eco,Coche_|_Eco_Community_01,Premium Leader,-1.473572869133937,-1.4186220751231573,blended_GAM_adjusted,174.03078777292578,57.030661135371176,286.4293013100437,65592.31,10804728.97,0.15,147.92616960698692,200.13540593886464
Triangle_Coche_Eco_0072,Coche | Eco,Coche_|_Eco_Community_02,Premium Leader,-1.5135349822007569,-1.4889266152397511,blended_GAM_adjusted,192.62535877192985,60.65183289473684,130.81565789473686,29825.97,5359988.53,0.15,163.73155495614037,221.5191625877193
Triangle_Coche_Performance_0011,Coche | Performance,Coche_|_Performance_Community_02,Premium Leader,-1.1223755244609843,-1.1309156568301426,blended_GAM_adjusted,371.2722251046025,99.32527782426776,237.81451882845187,56837.67,19877612.72,0.15,315.5813913389121,426.96305887029285
Triangle_Coche_Performance_0020,Coche | Performance,Coche_|_Performance_Community_01,Competitive Fighter,-1.0506467740761891,-1.0506467740761891,sku_hierarchical,396.2639427947598,103.5284537117904,110.78650655021836,25370.11,9748827.06,0.1,356.63754851528387,435.89033707423584
Triangle_Coche_Performance_0048,Coche | Performance,Coche_|_Performance_Community_01,Premium Leader,-1.157190113836131,-1.157190113836131,sku_hierarchical,336.86868735177865,96.27315968379447,165.8569565217391,41961.81,13544000.55,0.15,286.3383842490118,387.3989904545454
Triangle_Coche_Touring_0034,Coche | Touring,Coche_|_Touring_Community_02,Traffic Driver,-1.6707724217448472,-1.7009175806110983,blended_GAM_adjusted,170.65141570247934,45.58661280991736,96.93161157024794,23457.45,3753577.95,0.08,156.999302446281,184.3035289586777
Triangle_Furgoneta_Reforzado_0015,Furgoneta | Reforzado,Furgoneta_|_Reforzado_Community_02,Competitive Fighter,-1.0634184194525973,-1.100815762404425,blended_GAM_adjusted,269.1155427983539,70.98081234567901,92.9367901234568,22583.64,5853759.16,0.1,242.2039885185185,296.0270970781893
Triangle_Furgoneta_Standard_0011,Furgoneta | Standard,Furgoneta_|_Standard_Community_02,Competitive Fighter,-1.359676538002411,-1.2992251715717331,blended_GAM_adjusted,180.3717380753138,54.193664435146445,204.79,48944.81,8524702.88,0.1,162.3345642677824,198.4089118828452
Triangle_Furgoneta_Standard_0068,Furgoneta | Standard,Furgoneta_|_Standard_Community_03,Competitive Fighter,-1.358493052401952,-1.318224609102408,blended_GAM_adjusted,179.26688240343347,53.75484163090129,127.52321888412015,29712.91,5090106.69,0.1,161.34019416309013,197.19357064377684
Triangle_Furgoneta_Standard_0075,Furgoneta | Standard,Furgoneta_|_Standard_Community_02,Traffic Driver,-1.2980386199309135,-1.236354495138806,blended_GAM_adjusted,174.20738512396693,53.25084958677686,61.26276859504132,14825.59,2458891.8,0.08,160.2707943140496,188.1439759338843
Triangle_Industrial_Construcción Pesada_0039,Industrial | Construcción Pesada,Industrial_|_Construcción_Pesada_Community_01,Traffic Driver,-0.8251856130229761,-0.8475939665459985,blended_GAM_adjusted,1954.82531875,500.479958203125,33.3376171875,8534.43,16189670.72,0.08,1798.43929325,2111.21134425
Triangle_Industrial_Construcción Pesada_0066,Industrial | Construcción Pesada,Industrial_|_Construcción_Pesada_Community_02,Premium Leader,-0.8923348070182862,-0.9520607526788158,blended_GAM_adjusted,2095.9753420168067,616.148094117647,51.24235294117647,12195.68,24598494.17,0.15,1781.5790407142856,2410.3716433193276
Triangle_Industrial_Construcción Pesada_0072,Industrial | Construcción Pesada,Industrial_|_Construcción_Pesada_Community_03,KVI,-0.8559079953066817,-0.8559079953066817,sku_hierarchical,1978.373046280992,651.0542900826446,23.384049586776857,5658.94,10840866.93,0.05,1879.4543939669422,2077.2916985950415
Triangle_Industrial_Manipulación Ligera_0079,Industrial | Manipulación Ligera,Industrial_|_Manipulación_Ligera_Community_01,KVI,-1.2489624393499,-1.27494603382679,blended_GAM_adjusted,286.7053118644067,100.59730466101696,336.0473728813559,79307.18,21299535.22,0.05,272.37004627118637,301.0405774576271
Triangle_Industrial_Portuario/Especial_0035,Industrial | Portuario/Especial,Industrial_|_Portuario/Especial_Community_01,Traffic Driver,-0.6091109374736706,-0.6091109374736706,sku_hierarchical,5940.340993675889,2490.0246976284584,0.3721343873517787,94.15,546711.42,0.08,5465.113714181818,6415.568273169961
Triangle_Industrial_Portuario/Especial_0079,Industrial | Portuario/Especial,Industrial_|_Portuario/Especial_Community_03,Competitive Fighter,-0.6899671012892907,-0.6899671012892907,sku_hierarchical,5286.418151948052,2520.028647619048,0.5732034632034632,132.41,687425.99,0.1,4757.776336753247,5815.059967142857
Triangle_SUV / 4x4_All Terrain (A/T)_0051,SUV / 4x4 | All Terrain (A/T),SUV_/_4x4_|_All_Terrain_(A/T)_Community_02,Competitive Fighter,-1.292687468995081,-1.25372671560456,blended_GAM_adjusted,396.0141605042017,106.85890420168067,124.0147899159664,29515.52,11022022.51,0.1,356.41274445378156,435.6155765546219
Triangle_SUV / 4x4_All Terrain (A/T)_0057,SUV / 4x4 | All Terrain (A/T),SUV_/_4x4_|_All_Terrain_(A/T)_Community_03,KVI,-1.2521885342794346,-1.2274621244218098,blended_GAM_adjusted,348.3810794117647,114.35268151260505,186.85424369747895,44471.31,14891540.71,0.05,330.9620254411764,365.80013338235295
Triangle_SUV / 4x4_All Terrain (A/T)_0060,SUV / 4x4 | All Terrain (A/T),SUV_/_4x4_|_All_Terrain_(A/T)_Community_01,Traffic Driver,-1.2116010935073636,-1.1782843029890877,blended_GAM_adjusted,365.97588953974895,108.43029665271966,176.18882845188284,42109.13,14871083.88,0.08,336.69781837656905,395.2539607029289
Triangle_SUV / 4x4_Highway Terrain (H/T)_0042,SUV / 4x4 | Highway Terrain (H/T),SUV_/_4x4_|_Highway_Terrain_(H/T)_Community_03,Premium Leader,-1.64341898117631,-1.6160142562504125,blended_GAM_adjusted,253.83408157894732,69.8775399122807,251.59324561403508,57363.26,13789204.89,0.15,215.75896934210522,291.9091938157894
Triangle_SUV / 4x4_Mud Terrain (M/T)_0027,SUV / 4x4 | Mud Terrain (M/T),SUV_/_4x4_|_Mud_Terrain_(M/T)_Community_01,Premium Leader,-1.014115028209514,-0.987614799035952,blended_GAM_adjusted,398.50120206611575,136.0865723140496,276.3918181818182,66886.82,25369162.66,0.15,338.7260217561984,458.2763823760331
Uniroyal_Agrícola_Implementos_0019,Agrícola | Implementos,Agrícola_|_Implementos_Community_01,Traffic Driver,-1.1051902222710788,-1.0770052104151704,blended_GAM_adjusted,652.7977859574468,188.811725106383,161.78080851063828,38018.49,23779168.9,0.08,600.5739630808511,705.0216088340426
Uniroyal_Agrícola_Implementos_0055,Agrícola | Implementos,Agrícola_|_Implementos_Community_02,Premium Leader,-1.2031564908218708,-1.1905421830246536,blended_GAM_adjusted,611.2021881632653,207.1880159183673,105.6855918367347,25892.97,15103784.98,0.15,519.5218599387755,702.882516387755
Uniroyal_Agrícola_Implementos_0074,Agrícola | Implementos,Agrícola_|_Implementos_Community_01,Competitive Fighter,-1.1642314374141916,-1.1372272498611455,blended_GAM_adjusted,704.6109264227642,189.79957113821135,107.614918699187,26473.27,17794535.56,0.1,634.1498337804878,775.0720190650408
Uniroyal_Agrícola_Premium Radial_0073,Agrícola | Premium Radial,Agrícola_|_Premium_Radial_Community_03,Competitive Fighter,-0.7430183853007136,-0.7430183853007136,sku_hierarchical,1660.2467032520326,637.5516971544715,58.86243902439024,14480.16,23165392.56,0.1,1494.2220329268293,1826.271373577236
Uniroyal_Agrícola_Tractor_0044,Agrícola | Tractor,Agrícola_|_Tractor_Community_02,Competitive Fighter,-0.9373557147692776,-0.9985238316620616,blended_GAM_adjusted,1163.4173383966245,352.3007476793249,166.39025316455695,39434.49,44168189.32,0.1,1047.0756045569622,1279.759072236287
Uniroyal_Camión_Long Haul_0062,Camión | Long Haul,Camión_|_Long_Haul_Community_03,Competitive Fighter,-0.9558039231843232,-0.9558039231843232,sku_hierarchical,703.3282940239044,197.22027450199204,121.54486055776891,30507.76,20919464.21,0.1,632.995464621514,773.6611234262949
Uniroyal_Camión_Obras / Mixto_0075,Camión | Obras / Mixto,Camión_|_Obras_/_Mixto_Community_03,Competitive Fighter,-0.8271403793878914,-0.8271403793878914,sku_hierarchical,846.0810572,253.6893436,188.97368,47243.42,38958219.98,0.1,761.47295148,930.6891629200001
Uniroyal_Camión_Regional_0002,Camión | Regional,Camión_|_Regional_Community_01,Competitive Fighter,-1.0766087950192047,-1.0766087950192047,sku_hierarchical,661.2955602459017,186.14442459016396,143.55266393442622,35026.85,22435229.6,0.1,595.1660042213116,727.4251162704919
Uniroyal_Camión_Regional_0035,Camión | Regional,Camión_|_Regional_Community_03,Competitive Fighter,-1.087040761888758,-1.0383302404640484,blended_GAM_adjusted,627.9418067510549,151.8162223628692,66.83282700421941,15839.38,9638094.34,0.1,565.1476260759493,690.7359874261604
Uniroyal_Camión_Regional_0041,Camión | Regional,Camión_|_Regional_Community_03,Premium Leader,-1.09779534286318,-1.0492999130579588,blended_GAM_adjusted,591.036310460251,172.13385857740587,239.9140167364017,57339.45,32670558.8,0.15,502.3808638912133,679.6917570292886
Uniroyal_Camión_Regional_0063,Camión | Regional,Camión_|_Regional_Community_03,Premium Leader,-1.1031729331968645,-1.054785055198317,blended_GAM_adjusted,644.3801869198312,184.0256261603376,195.22286919831225,46267.82,28650082.52,0.15,547.7231588818565,741.0372149578059
Uniroyal_Coche_Budget_0072,Coche | Budget,Coche_|_Budget_Community_03,Traffic Driver,-2.382099516377102,-2.4738103304824084,blended_GAM_adjusted,92.91390251046025,22.840904184100417,127.10334728033472,30377.7,2537836.86,0.08,85.48079030962343,100.34701471129708
Uniroyal_Coche_Eco_0007,Coche | Eco,Coche_|_Eco_Community_02,KVI,-1.4182976358407549,-1.391784521952549,blended_GAM_adjusted,185.41452094017092,49.49530769230769,161.66555555555556,37829.74,6761058.89,0.05,176.14379489316235,194.68524698717948
Uniroyal_Coche_Eco_0017,Coche | Eco,Coche_|_Eco_Community_01,Traffic Driver,-1.4057647306196428,-1.3494577738385771,blended_GAM_adjusted,192.0593618257261,63.09872780082988,368.2651452282157,88751.9,16310894.14,0.08,176.69461287966803,207.42411077178423
Uniroyal_Coche_Eco_0049,Coche | Eco,Coche_|_Eco_Community_02,Competitive Fighter,-1.4397676797616614,-1.413683966751874,blended_GAM_adjusted,197.37277615062763,57.34218912133891,267.6857322175732,63976.89,12044576.97,0.1,177.63549853556486,217.11005376569042
Uniroyal_Coche_Eco_0056,Coche | Eco,Coche_|_Eco_Community_01,Premium Leader,-1.4879901685525592,-1.433327720530152,blended_GAM_adjusted,178.2011020661157,48.82764090909091,298.5040082644628,72237.97,12093993.51,0.15,151.47093675619834,204.93126737603305
Uniroyal_Coche_Eco_0061,Coche | Eco,Coche_|_Eco_Community_02,Competitive Fighter,-1.4291904731309475,-1.4028952159885455,blended_GAM_adjusted,178.64291458333335,54.85671083333333,399.1164583333333,95787.95,16434716.49,0.1,160.77862312500002,196.5072060416667
Uniroyal_Coche_Performance_0042,Coche | Performance,Coche_|_Performance_Community_02,KVI,-1.0191872475443726,-1.0256636143751987,blended_GAM_adjusted,357.7709427312776,98.19369339207049,184.5013215859031,41881.8,14307793.97,0.05,339.8823955947137,375.6594898678415
Uniroyal_Coche_Performance_0058,Coche | Performance,Coche_|_Performance_Community_01,Premium Leader,-1.1856076066150236,-1.1856076066150236,sku_hierarchical,336.1936439330544,107.5265230125523,156.54564853556485,37414.41,12066966.31,0.15,285.7645973430962,386.6226905230125
Uniroyal_Coche_Performance_0066,Coche | Performance,Coche_|_Performance_Community_01,Competitive Fighter,-1.072940013242963,-1.072940013242963,sku_hierarchical,348.3630512096774,96.29551169354838,68.76858870967742,17054.61,5726441.19,0.1,313.5267460887097,383.1993563306452
Uniroyal_Coche_Performance_0070,Coche | Performance,Coche_|_Performance_Community_01,Competitive Fighter,-1.0757158098604862,-1.0757158098604862,sku_hierarchical,370.42439794238686,113.31104074074076,231.59670781893004,56278.0,19796250.6,0.1,333.38195814814816,407.46683773662556
Uniroyal_Coche_Performance_0074,Coche | Performance,Coche_|_Performance_Community_02,Competitive Fighter,-1.0695839615609215,-1.077068262672079,blended_GAM_adjusted,406.84995951417005,121.7040044534413,159.6140890688259,39424.68,15386512.4,0.1,366.16496356275303,447.5349554655871
Uniroyal_Coche_Touring_0010,Coche | Touring,Coche_|_Touring_Community_03,Traffic Driver,-1.71028216880503,-1.8973081296176864,blended_GAM_adjusted,173.02889322709166,52.95490956175299,205.6635856573705,51621.56,8326390.84,0.08,159.18658176892433,186.87120468525902
Uniroyal_Coche_Touring_0020,Coche | Touring,Coche_|_Touring_Community_01,Competitive Fighter,-1.7835157246864888,-1.8466060538990487,blended_GAM_adjusted,165.6437074074074,39.01912839506173,99.98028806584362,24295.21,3753448.07,0.1,149.07933666666665,182.20807814814813
Uniroyal_Furgoneta_Reforzado_0014,Furgoneta | Reforzado,Furgoneta_|_Reforzado_Community_02,Premium Leader,-1.0862562827583402,-1.1241103829762826,blended_GAM_adjusted,263.3437884,68.8540048,97.15372,24288.43,6146891.74,0.15,223.84222014,302.84535666
Uniroyal_Furgoneta_Reforzado_0025,Furgoneta | Reforzado,Furgoneta_|_Reforzado_Community_03,Traffic Driver,-1.0302344927629237,-1.043732527151621,blended_GAM_adjusted,247.43872157676347,73.35357842323651,322.26489626556014,77665.84,18547494.44,0.08,227.6436238506224,267.2338193029046
Uniroyal_Furgoneta_Reforzado_0049,Furgoneta | Reforzado,Furgoneta_|_Reforzado_Community_03,Premium Leader,-1.1258590709860925,-1.141269596939253,blended_GAM_adjusted,242.591592139738,74.7556231441048,225.64755458515285,51673.29,12025349.43,0.15,206.2028533187773,278.98033096069867
Uniroyal_Furgoneta_Reforzado_0050,Furgoneta | Reforzado,Furgoneta_|_Reforzado_Community_03,Premium Leader,-1.1192584624876918,-1.134536976270884,blended_GAM_adjusted,222.6718290598291,82.5031047008547,258.6338034188034,60520.31,12942147.02,0.15,189.27105470085473,256.07260341880345
Uniroyal_Furgoneta_Reforzado_0064,Furgoneta | Reforzado,Furgoneta_|_Reforzado_Community_01,Premium Leader,-1.1171688402986344,-1.138853819932139,blended_GAM_adjusted,250.4596909090909,79.92489049586776,178.4359917355372,43181.51,10450511.28,0.15,212.89073727272728,288.02864454545454
Uniroyal_Furgoneta_Standard_0023,Furgoneta | Standard,Furgoneta_|_Standard_Community_03,Competitive Fighter,-1.366823412051312,-1.326721575944755,blended_GAM_adjusted,163.19905462184877,53.83306680672269,161.51903361344537,38441.53,5969053.19,0.1,146.8791491596639,179.51896008403367
Uniroyal_Furgoneta_Standard_0073,Furgoneta | Standard,Furgoneta_|_Standard_Community_02,Premium Leader,-1.3922236674576942,-1.332423243616122,blended_GAM_adjusted,158.4761377593361,57.70897136929461,282.04099585062244,67971.88,10176881.42,0.15,134.70471709543568,182.2475584232365
Uniroyal_Industrial_Construcción Pesada_0008,Industrial | Construcción Pesada,Industrial_|_Construcción_Pesada_Community_03,Traffic Driver,-0.8371244662530786,-0.8371244662530786,sku_hierarchical,1775.4516782608696,626.9574114624506,23.479288537549408,5940.26,10155054.0,0.08,1633.4155440000002,1917.4878125217392
Uniroyal_Industrial_Construcción Pesada_0073,Industrial | Construcción Pesada,Industrial_|_Construcción_Pesada_Community_03,Premium Leader,-0.9190987366852506,-0.9190987366852506,sku_hierarchical,1723.8457112,668.2023468000001,50.204800000000006,12551.2,20888401.58,0.15,1465.26885452,1982.4225678799999
Uniroyal_Industrial_Portuario/Especial_0020,Industrial | Portuario/Especial,Industrial_|_Portuario/Especial_Community_01,Premium Leader,-0.7052242691970989,-0.7052242691970989,sku_hierarchical,5559.580487136929,2689.8854705394187,1.2904979253112032,311.01,1671982.31,0.15,4725.64341406639,6393.517560207468
Uniroyal_Industrial_Portuario/Especial_0041,Industrial | Portuario/Especial,Industrial_|_Portuario/Especial_Community_01,Traffic Driver,-0.6226231687936442,-0.6226231687936442,sku_hierarchical,5677.320584033614,1985.3913945378151,0.7350420168067227,174.94,966482.46,0.08,5223.134937310925,6131.506230756304
Uniroyal_Industrial_Portuario/Especial_0070,Industrial | Portuario/Especial,Industrial_|_Portuario/Especial_Community_03,KVI,-0.6486410685348603,-0.6486410685348603,sku_hierarchical,5831.152314049587,2391.6752975206614,0.4677272727272727,113.19,642912.09,0.05,5539.594698347108,6122.709929752067
Uniroyal_SUV / 4x4_All Terrain (A/T)_0028,SUV / 4x4 | All Terrain (A/T),SUV_/_4x4_|_All_Terrain_(A/T)_Community_03,KVI,-1.2468402758741195,-1.222006900848389,blended_GAM_adjusted,379.5965073469388,83.20139551020408,115.15436734693876,28212.82,10279837.6,0.05,360.6166819795918,398.57633271428574
Uniroyal_SUV / 4x4_All Terrain (A/T)_0048,SUV / 4x4 | All Terrain (A/T),SUV_/_4x4_|_All_Terrain_(A/T)_Community_03,Traffic Driver,-1.2425776895251677,-1.2176590627724575,blended_GAM_adjusted,406.18580393013104,104.292584279476,145.9750655021834,33428.29,13045574.06,0.08,373.6909396157206,438.68066824454155
Uniroyal_SUV / 4x4_Highway Terrain (H/T)_0000,SUV / 4x4 | Highway Terrain (H/T),SUV_/_4x4_|_Highway_Terrain_(H/T)_Community_01,Premium Leader,-1.6747991125553183,-1.6747991125553183,sku_hierarchical,237.4848676348548,66.48547883817427,412.984356846473,99529.23,21802045.6,0.15,201.86213748962658,273.107597780083
Uniroyal_SUV / 4x4_Mud Terrain (M/T)_0023,SUV / 4x4 | Mud Terrain (M/T),SUV_/_4x4_|_Mud_Terrain_(M/T)_Community_01,Traffic Driver,-0.9130030395627924,-0.8844805706162961,blended_GAM_adjusted,404.35005210084034,121.28819537815126,242.8690336134454,57802.83,22795257.43,0.08,372.0020479327731,436.6980562689076
Vredestein_Agrícola_Implementos_0030,Agrícola | Implementos,Agrícola_|_Implementos_Community_01,KVI,-1.145741997293385,-1.1183680209379228,blended_GAM_adjusted,711.1696407563026,173.0833605042017,151.56617647058823,36072.75,24453536.81,0.05,675.6111587184874,746.7281227941177
Vredestein_Agrícola_Implementos_0044,Agrícola | Implementos,Agrícola_|_Implementos_Community_01,Traffic Driver,-1.1254549123881996,-1.0976751943346337,blended_GAM_adjusted,680.9990144680851,204.6005663829787,70.30863829787233,16522.53,10840230.54,0.08,626.5190933106383,735.4789356255319
Vredestein_Agrícola_Implementos_0056,Agrícola | Implementos,Agrícola_|_Implementos_Community_01,Competitive Fighter,-1.188471723210694,-1.161952341373578,blended_GAM_adjusted,643.1397781376519,164.64644696356277,58.837651821862345,14532.9,8903070.33,0.1,578.8258003238867,707.4537559514172
Vredestein_Agrícola_Implementos_0062,Agrícola | Implementos,Agrícola_|_Implementos_Community_02,Competitive Fighter,-1.1774200793620118,-1.1642910433355975,blended_GAM_adjusted,626.7824588235294,149.9638411764706,52.85516806722689,12579.53,7520253.31,0.1,564.1042129411765,689.4607047058823
Vredestein_Agrícola_Premium Radial_0015,Agrícola | Premium Radial,Agrícola_|_Premium_Radial_Community_03,KVI,-0.7217692647109588,-0.7217692647109588,sku_hierarchical,1746.4679995726494,616.1609081196581,47.76376068376068,11176.72,19031144.96,0.05,1659.1445995940169,1833.791399551282
Vredestein_Agrícola_Premium Radial_0041,Agrícola | Premium Radial,Agrícola_|_Premium_Radial_Community_03,Traffic Driver,-0.6593502042098668,-0.6593502042098668,sku_hierarchical,1757.576746963563,577.2763514170041,59.46311740890688,14687.39,25152502.33,0.08,1616.970607206478,1898.1828867206482
Vredestein_Agrícola_Tractor_0022,Agrícola | Tractor,Agrícola_|_Tractor_Community_01,Competitive Fighter,-0.9365697625920428,-0.9365697625920428,sku_hierarchical,1101.0355219008263,324.5237074380165,62.49305785123967,15123.32,16005924.31,0.1,990.9319697107437,1211.1390740909092
Vredestein_Agrícola_Tractor_0046,Agrícola | Tractor,Agrícola_|_Tractor_Community_01,Competitive Fighter,-0.949326089639318,-0.949326089639318,sku_hierarchical,1151.5790965665235,392.12002103004295,105.1140772532189,24491.58,27025758.11,0.1,1036.4211869098713,1266.737006223176
Vredestein_Agrícola_Tractor_0066,Agrícola | Tractor,Agrícola_|_Tractor_Community_01,Premium Leader,-0.997655239726192,-0.997655239726192,sku_hierarchical,1175.352660944206,355.5567527896996,76.56768240343348,17840.27,20309765.94,0.15,999.0497618025751,1351.655560085837
Vredestein_Camión_Long Haul_0061,Camión | Long Haul,Camión_|_Long_Haul_Community_01,Traffic Driver,-0.8364798213350763,-0.8544035346023482,blended_GAM_adjusted,653.8771117154811,205.5950460251046,62.301966527196655,14890.17,9408661.38,0.08,601.5669427782426,706.1872806527197
Vredestein_Camión_Obras / Mixto_0007,Camión | Obras / Mixto,Camión_|_Obras_/_Mixto_Community_01,Traffic Driver,-0.7607965004242337,-0.7607965004242337,sku_hierarchical,749.1799508264463,245.22203429752068,38.54727272727273,9328.44,6833224.18,0.08,689.2455547603306,809.114346892562
Vredestein_Camión_Obras / Mixto_0015,Camión | Obras / Mixto,Camión_|_Obras_/_Mixto_Community_02,Traffic Driver,-0.7629022045409936,-0.7629022045409936,sku_hierarchical,784.1923212121211,236.66903419913425,176.87445887445887,40858.0,31120211.49,0.08,721.4569355151515,846.9277069090908
Vredestein_Camión_Obras / Mixto_0024,Camión | Obras / Mixto,Camión_|_Obras_/_Mixto_Community_03,KVI,-0.8001748187227825,-0.8001748187227825,sku_hierarchical,707.6252871244635,232.8104206008584,75.12759656652361,17504.73,11967482.92,0.05,672.2440227682403,743.0065514806868
Vredestein_Camión_Obras / Mixto_0034,Camión | Obras / Mixto,Camión_|_Obras_/_Mixto_Community_02,Traffic Driver,-0.7844343580178944,-0.7844343580178944,sku_hierarchical,768.9716834782608,219.04527478260871,101.9946956521739,23458.78,17588030.94,0.08,707.4539488,830.4894181565218
Vredestein_Camión_Obras / Mixto_0037,Camión | Obras / Mixto,Camión_|_Obras_/_Mixto_Community_01,Premium Leader,-0.8431523648494569,-0.8431523648494569,sku_hierarchical,767.1741323529411,223.41282142857145,161.58067226890756,38456.2,28564946.86,0.15,652.0980125,882.2502522058822
Vredestein_Camión_Obras / Mixto_0064,Camión | Obras / Mixto,Camión_|_Obras_/_Mixto_Community_03,KVI,-0.7942800958580691,-0.7942800958580691,sku_hierarchical,797.1861276,200.0592596,178.4836,44620.9,34479891.28,0.05,757.3268212199999,837.04543398
Vredestein_Camión_Regional_0051,Camión | Regional,Camión_|_Regional_Community_03,Competitive Fighter,-1.0723229229167652,-1.0233180447126156,blended_GAM_adjusted,590.7084447698745,158.0669790794979,182.62200836820085,43646.66,24812653.69,0.1,531.6376002928871,649.779289246862
Vredestein_Coche_Budget_0034,Coche | Budget,Coche_|_Budget_Community_02,KVI,-2.463791443233102,-2.4122535471518347,blended_GAM_adjusted,99.05975864978902,27.726789029535865,56.48818565400844,13387.7,1239760.27,0.05,94.10677071729957,104.01274658227847
Vredestein_Coche_Budget_0070,Coche | Budget,Coche_|_Budget_Community_03,KVI,-2.4623142456801186,-2.5556293543714856,blended_GAM_adjusted,89.31206276150627,28.264607531380754,131.15334728033474,31345.65,2593682.46,0.05,84.84645962343095,93.77766589958159
Vredestein_Coche_Budget_0074,Coche | Budget,Coche_|_Budget_Community_03,Premium Leader,-2.5866913825862725,-2.6824940340157624,blended_GAM_adjusted,87.99515230125523,32.935571129707114,514.1244769874477,122875.75,9811716.91,0.15,74.79587945606694,101.1944251464435
Vredestein_Coche_Eco_0073,Coche | Eco,Coche_|_Eco_Community_01,Traffic Driver,-1.3701037405571754,-1.3130835639748606,blended_GAM_adjusted,195.15972490272367,56.93047120622568,114.15412451361868,29337.61,5430741.98,0.08,179.5469469105058,210.77250289494157
Vredestein_Coche_Performance_0045,Coche | Performance,Coche_|_Performance_Community_01,Competitive Fighter,-1.0469769050830782,-1.0469769050830782,sku_hierarchical,381.8367346666666,95.63386177777778,130.4228,29345.13,10834589.56,0.1,343.6530611999999,420.02040813333326
Vredestein_Coche_Performance_0053,Coche | Performance,Coche_|_Performance_Community_01,KVI,-1.0423203665626788,-1.0423203665626788,sku_hierarchical,419.3856072580645,111.12022338709676,299.7217741935484,74331.0,30117797.99,0.05,398.41632689516126,440.35488762096776
Vredestein_Coche_Touring_0015,Coche | Touring,Coche_|_Touring_Community_01,KVI,-1.7383051920063828,-1.8004913105653413,blended_GAM_adjusted,168.37328541666665,42.37622666666667,171.5546666666667,41173.12,6426949.89,0.05,159.9546211458333,176.7919496875
Vredestein_Coche_Touring_0027,Coche | Touring,Coche_|_Touring_Community_01,Traffic Driver,-1.6653552764547366,-1.726082396702662,blended_GAM_adjusted,161.8132474137931,41.483853448275866,90.26762931034484,20942.09,3212842.21,0.08,148.86818762068967,174.75830720689657
Vredestein_Coche_Touring_0052,Coche | Touring,Coche_|_Touring_Community_01,Premium Leader,-1.8390361418265684,-1.9032368793819303,blended_GAM_adjusted,182.6251280851064,51.71475489361702,140.98761702127658,33132.09,5673092.05,0.15,155.23135887234045,210.01889729787234
Vredestein_Furgoneta_Reforzado_0000,Furgoneta | Reforzado,Furgoneta_|_Reforzado_Community_01,Traffic Driver,-1.0295382669446114,-1.0494706351110354,blended_GAM_adjusted,224.72025506072876,57.970081781376514,115.45352226720648,28517.02,6192876.14,0.08,206.74263465587046,242.6978754655871
Vredestein_Furgoneta_Reforzado_0032,Furgoneta | Reforzado,Furgoneta_|_Reforzado_Community_03,Traffic Driver,-0.985944379655731,-0.9985566117822842,blended_GAM_adjusted,243.10189057377048,72.37583729508198,147.12811475409836,35899.26,8434202.31,0.08,223.65373932786883,262.5500418196721
Vredestein_Furgoneta_Reforzado_0065,Furgoneta | Reforzado,Furgoneta_|_Reforzado_Community_01,Competitive Fighter,-1.0676037979213928,-1.0882974767073528,blended_GAM_adjusted,241.8799210300429,73.7564600858369,232.7902575107296,54240.13,12585750.45,0.1,217.69192892703862,266.0679131330472
Vredestein_Furgoneta_Standard_0051,Furgoneta | Standard,Furgoneta_|_Standard_Community_03,Traffic Driver,-1.23480717285154,-1.1920650119609877,blended_GAM_adjusted,186.78515105485232,60.66042447257384,65.71729957805907,15575.0,2818675.88,0.08,171.84233897046414,201.72796313924053
Vredestein_Furgoneta_Standard_0059,Furgoneta | Standard,Furgoneta_|_Standard_Community_01,KVI,-1.3362960583596153,-1.3359784695514845,blended_GAM_adjusted,182.8495382222222,52.66066533333333,176.3354666666667,39675.48,6918197.99,0.05,173.7070613111111,191.99201513333333
Vredestein_Industrial_Construcción Pesada_0015,Industrial | Construcción Pesada,Industrial_|_Construcción_Pesada_Community_01,Traffic Driver,-0.84862763697249,-0.8715048309745026,blended_GAM_adjusted,2033.1522624472573,615.7321540084389,46.41113924050633,10999.44,21740031.21,0.08,1870.5000814514767,2195.804443443038
Vredestein_Industrial_Construcción Pesada_0046,Industrial | Construcción Pesada,Industrial_|_Construcción_Pesada_Community_03,Premium Leader,-0.903569166804708,-0.903569166804708,sku_hierarchical,1719.8350828571429,649.4505297959183,61.46326530612245,15058.5,24903837.52,0.15,1461.8598204285713,1977.8103452857142
Vredestein_Industrial_Manipulación Ligera_0027,Industrial | Manipulación Ligera,Industrial_|_Manipulación_Ligera_Community_02,KVI,-1.249830473212815,-1.2595450426909742,blended_GAM_adjusted,320.2477724137931,101.62551422413792,204.43267241379309,47428.38,14316732.05,0.05,304.23538379310344,336.26016103448273
Vredestein_Industrial_Manipulación Ligera_0035,Industrial | Manipulación Ligera,Industrial_|_Manipulación_Ligera_Community_01,KVI,-1.2442656715946576,-1.2701553307164428,blended_GAM_adjusted,287.314170940171,98.18426837606836,268.8644017094017,62914.27,17217340.0,0.05,272.9484623931624,301.67987948717956
Vredestein_Industrial_Manipulación Ligera_0039,Industrial | Manipulación Ligera,Industrial_|_Manipulación_Ligera_Community_02,Competitive Fighter,-1.2760550985277352,-1.286294160512193,blended_GAM_adjusted,321.49695169491525,97.7995906779661,182.14483050847457,42986.18,13095526.84,0.1,289.34725652542375,353.6466468644068
Vredestein_Industrial_Manipulación Ligera_0073,Industrial | Manipulación Ligera,Industrial_|_Manipulación_Ligera_Community_02,KVI,-1.2535432099434407,-1.2633320341562126,blended_GAM_adjusted,331.6921136,88.9197108,160.17551999999998,40043.88,12801999.64,0.05,315.10750792,348.27671928000007
Vredestein_Industrial_Portuario/Especial_0014,Industrial | Portuario/Especial,Industrial_|_Portuario/Especial_Community_03,Competitive Fighter,-0.6728254041490526,-0.6728254041490526,sku_hierarchical,5340.233290869565,2356.8674539130434,0.5925652173913043,136.29,704798.25,0.1,4806.209961782609,5874.256619956523
Vredestein_Industrial_Portuario/Especial_0021,Industrial | Portuario/Especial,Industrial_|_Portuario/Especial_Community_01,Premium Leader,-0.7151762560481876,-0.7151762560481876,sku_hierarchical,5187.563858333333,2466.2086929166667,1.24375,298.5,1500488.44,0.15,4409.429279583333,5965.6984370833325
Vredestein_Industrial_Portuario/Especial_0027,Industrial | Portuario/Especial,Industrial_|_Portuario/Especial_Community_03,Competitive Fighter,-0.6715148217289834,-0.6715148217289834,sku_hierarchical,5727.701150207469,2586.4823543568464,0.8402074688796681,202.49,1130775.4,0.1,5154.9310351867225,6300.471265228217
Vredestein_Industrial_Portuario/Especial_0063,Industrial | Portuario/Especial,Industrial_|_Portuario/Especial_Community_02,Premium Leader,-0.7199343677378521,-0.7199343677378521,sku_hierarchical,5170.817947698744,2209.49130041841,1.1869874476987448,283.69,1419758.87,0.15,4395.195255543933,5946.440639853556
Vredestein_SUV / 4x4_All Terrain (A/T)_0022,SUV / 4x4 | All Terrain (A/T),SUV_/_4x4_|_All_Terrain_(A/T)_Community_02,Premium Leader,-1.325829675693717,-1.2875317664371686,blended_GAM_adjusted,388.5207907949791,96.11517949790796,269.1475732217573,64326.27,24029229.77,0.15,330.24267217573225,446.79890941422593
Vredestein_SUV / 4x4_All Terrain (A/T)_0029,SUV / 4x4 | All Terrain (A/T),SUV_/_4x4_|_All_Terrain_(A/T)_Community_02,KVI,-1.249349461981191,-1.209521948450392,blended_GAM_adjusted,363.4259479338843,95.4386776859504,290.32028925619835,70257.51,24191717.98,0.05,345.25465053719006,381.5972453305785
Vredestein_SUV / 4x4_Highway Terrain (H/T)_0033,SUV / 4x4 | Highway Terrain (H/T),SUV_/_4x4_|_Highway_Terrain_(H/T)_Community_01,Premium Leader,-1.69921421161457,-1.69921421161457,sku_hierarchical,225.94786557377049,78.2906344262295,278.4322950819672,67937.48,14423535.19,0.15,192.05568573770492,259.840045409836
Vredestein_SUV / 4x4_Highway Terrain (H/T)_0043,SUV / 4x4 | Highway Terrain (H/T),SUV_/_4x4_|_Highway_Terrain_(H/T)_Community_03,Traffic Driver,-1.5188850578284574,-1.488989654435603,blended_GAM_adjusted,227.10732777777775,72.82604658119658,86.01863247863248,20128.36,4351890.15,0.08,208.93874155555554,245.275914
Vredestein_SUV / 4x4_Mud Terrain (M/T)_0047,SUV / 4x4 | Mud Terrain (M/T),SUV_/_4x4_|_Mud_Terrain_(M/T)_Community_01,Competitive Fighter,-0.9677214619777832,-0.9402933614795864,blended_GAM_adjusted,430.82042573839664,122.05915443037976,47.62286919831224,11286.62,4723235.91,0.1,387.738383164557,473.90246831223635
Vredestein_SUV / 4x4_Mud Terrain (M/T)_0060,SUV / 4x4 | Mud Terrain (M/T),SUV_/_4x4_|_Mud_Terrain_(M/T)_Community_01,Competitive Fighter,-0.9576085613526322,-0.9299782028419328,blended_GAM_adjusted,425.5166995918368,139.2314975510204,202.4264897959184,49594.49,20420367.55,0.1,382.9650296326531,468.0683695510205
Wanli_Agrícola_Implementos_0008,Agrícola | Implementos,Agrícola_|_Implementos_Community_02,Traffic Driver,-1.1306705599735003,-1.1166065335593158,blended_GAM_adjusted,621.9104489795918,177.1912057142857,68.20877551020409,16711.15,10002146.85,0.08,572.1576130612245,671.6632848979592
Wanli_Agrícola_Implementos_0022,Agrícola | Implementos,Agrícola_|_Implementos_Community_01,Premium Leader,-1.199547460980533,-1.1732495938988137,blended_GAM_adjusted,524.351189626556,200.13704273858923,188.6531950207469,45465.42,22691919.94,0.15,445.6985111825726,603.0038680705394
Wanli_Agrícola_Implementos_0025,Agrícola | Implementos,Agrícola_|_Implementos_Community_01,KVI,-1.1323491486037505,-1.1047073152744955,blended_GAM_adjusted,701.6272136170213,172.3840655319149,147.2847659574468,34611.92,23148745.64,0.05,666.5458529361703,736.7085742978724
Wanli_Agrícola_Implementos_0061,Agrícola | Implementos,Agrícola_|_Implementos_Community_01,Premium Leader,-1.2302161513129235,-1.2045316580378522,blended_GAM_adjusted,629.2737785123967,195.9439673553719,103.27537190082644,24992.64,15068239.48,0.15,534.8827117355372,723.6648452892562
Wanli_Agrícola_Implementos_0063,Agrícola | Implementos,Agrícola_|_Implementos_Community_02,Traffic Driver,-1.0910510031840517,-1.076194585634078,blended_GAM_adjusted,628.0892754166667,151.95550708333334,80.346875,19283.25,11664099.83,0.08,577.8421333833335,678.3364174500001
Wanli_Agrícola_Implementos_0065,Agrícola | Implementos,Agrícola_|_Implementos_Community_01,Premium Leader,-1.2167134914200777,-1.1907589449471492,blended_GAM_adjusted,618.2129020920502,215.8834435146444,215.35878661087867,51470.75,30392676.11,0.15,525.4809667782426,710.9448374058577
Wanli_Agrícola_Premium Radial_0006,Agrícola | Premium Radial,Agrícola_|_Premium_Radial_Community_03,Premium Leader,-0.7710399502163263,-0.7710399502163263,sku_hierarchical,1703.4835197478992,528.2388411764706,57.20554621848739,13614.92,22376972.59,0.15,1447.9609917857142,1959.006047710084
Wanli_Agrícola_Premium Radial_0052,Agrícola | Premium Radial,Agrícola_|_Premium_Radial_Community_01,Premium Leader,-0.8077968945231319,-0.8077968945231319,sku_hierarchical,1984.945620614035,509.2697539473684,20.53820175438597,4682.71,9006299.84,0.15,1687.2037775219299,2282.68746370614
Wanli_Agrícola_Premium Radial_0071,Agrícola | Premium Radial,Agrícola_|_Premium_Radial_Community_02,Premium Leader,-0.8491526725996147,-0.8491526725996147,sku_hierarchical,1596.09939958159,636.2448631799164,48.414267782426776,11571.01,17959564.27,0.15,1356.6844896443515,1835.5143095188284
Wanli_Agrícola_Premium Radial_0074,Agrícola | Premium Radial,Agrícola_|_Premium_Radial_Community_01,KVI,-0.715300228203326,-0.715300228203326,sku_hierarchical,1937.7976282786883,611.8031159836066,39.694754098360654,9685.52,17998116.04,0.05,1840.9077468647538,2034.6875096926228
Wanli_Agrícola_Tractor_0015,Agrícola | Tractor,Agrícola_|_Tractor_Community_02,KVI,-0.8964227867446509,-0.9567722450769424,blended_GAM_adjusted,1193.417872874494,322.269520242915,108.09149797570848,26698.6,30650552.93,0.05,1133.7469792307693,1253.0887665182186
Wanli_Agrícola_Tractor_0043,Agrícola | Tractor,Agrícola_|_Tractor_Community_02,Premium Leader,-0.982302846547837,-1.0443699060761922,blended_GAM_adjusted,1287.9410933333334,363.6533120833333,128.93925,30945.42,38209131.97,0.15,1094.7499293333333,1481.1322573333332
Wanli_Agrícola_Tractor_0079,Agrícola | Tractor,Agrícola_|_Tractor_Community_01,Premium Leader,-1.0419400427857657,-1.0419400427857657,sku_hierarchical,1105.9656659574468,333.794650212766,64.21663829787234,15090.91,16087053.8,0.15,940.0708160638297,1271.8605158510638
Wanli_Camión_Obras / Mixto_0002,Camión | Obras / Mixto,Camión_|_Obras_/_Mixto_Community_02,Premium Leader,-0.8349448568845019,-0.8349448568845019,sku_hierarchical,793.6886420833333,217.44469541666663,51.973125,12473.55,9618218.67,0.15,674.6353457708333,912.7419383958332
Wanli_Camión_Obras / Mixto_0060,Camión | Obras / Mixto,Camión_|_Obras_/_Mixto_Community_03,Competitive Fighter,-0.8283146684845981,-0.8283146684845981,sku_hierarchical,716.1028257936507,260.8488420634921,129.95134920634922,32747.74,22638420.44,0.1,644.4925432142857,787.7131083730159
Wanli_Camión_Obras / Mixto_0070,Camión | Obras / Mixto,Camión_|_Obras_/_Mixto_Community_02,Competitive Fighter,-0.8195580315425804,-0.8195580315425804,sku_hierarchical,812.8553887029288,238.4007493723849,42.00196652719665,10038.47,7925195.14,0.1,731.569849832636,894.1409275732218
Wanli_Camión_Regional_0017,Camión | Regional,Camión_|_Regional_Community_03,KVI,-1.0288008768834556,-0.97892555775864,blended_GAM_adjusted,655.0450300847458,201.270443220339,94.54411016949152,22312.41,14139832.16,0.05,622.2927785805085,687.7972815889831
Wanli_Coche_Budget_0027,Coche | Budget,Coche_|_Budget_Community_03,KVI,-2.4533916102063875,-2.54652826618828,blended_GAM_adjusted,109.49506270491804,28.35242581967213,130.14237704918034,31754.74,3186607.1,0.05,104.02030956967214,114.96981584016395
Wanli_Coche_Eco_0001,Coche | Eco,Coche_|_Eco_Community_01,Premium Leader,-1.4952669345573706,-1.4407500218550595,blended_GAM_adjusted,170.82319917695474,55.57923744855967,161.6671193415638,39285.11,6296673.01,0.15,145.19971930041152,196.44667905349795
Wanli_Coche_Eco_0079,Coche | Eco,Coche_|_Eco_Community_02,Premium Leader,-1.4755865318119643,-1.4502191958431832,blended_GAM_adjusted,180.43517603305784,63.55621652892562,275.8809504132232,66763.19,11333166.17,0.15,153.36989962809918,207.5004524380165
Wanli_Coche_Performance_0072,Coche | Performance,Coche_|_Performance_Community_01,Premium Leader,-1.1135048933057208,-1.1135048933057208,sku_hierarchical,359.41145193798445,118.62917131782946,194.7736434108527,50251.6,17161615.169999998,0.15,305.4997341472868,413.3231697286821
Wanli_Coche_Touring_0004,Coche | Touring,Coche_|_Touring_Community_02,Competitive Fighter,-1.7700709819241789,-1.8022021119940164,blended_GAM_adjusted,160.72448177966103,45.0129656779661,191.55343220338983,45206.61,6817044.39,0.1,144.65203360169494,176.79692995762716
Wanli_Coche_Touring_0013,Coche | Touring,Coche_|_Touring_Community_03,Premium Leader,-1.8385526330620383,-2.028144003159835,blended_GAM_adjusted,154.85134125000002,47.121476666666666,259.788875,62349.33,8902368.17,0.15,131.62364006250002,178.07904243750002
Wanli_Furgoneta_Reforzado_0011,Furgoneta | Reforzado,Furgoneta_|_Reforzado_Community_03,Premium Leader,-1.091216096287783,-1.1059337627469772,blended_GAM_adjusted,249.850231640625,68.319409765625,200.6969921875,51378.43,12354468.48,0.15,212.37269689453123,287.32776638671874
Wanli_Furgoneta_Reforzado_0059,Furgoneta | Reforzado,Furgoneta_|_Reforzado_Community_02,Premium Leader,-1.0953838319903322,-1.1334204831929144,blended_GAM_adjusted,241.79036131687243,79.11260493827162,279.01662551440324,67801.04,15639081.89,0.15,205.52180711934156,278.0589155144033
Wanli_Furgoneta_Reforzado_0077,Furgoneta | Reforzado,Furgoneta_|_Reforzado_Community_02,Competitive Fighter,-1.055720059674728,-1.0929634354309985,blended_GAM_adjusted,217.19164958333332,55.78901458333333,152.49883333333335,36599.72,7648762.77,0.1,195.472484625,238.91081454166667
Wanli_Furgoneta_Standard_0017,Furgoneta | Standard,Furgoneta_|_Standard_Community_01,Competitive Fighter,-1.3553801688935831,-1.3554442622961318,blended_GAM_adjusted,180.4719740425532,50.579297872340426,181.13621276595745,42567.01,7303356.24,0.1,162.42477663829789,198.51917144680854
Wanli_Furgoneta_Standard_0025,Furgoneta | Standard,Furgoneta_|_Standard_Community_02,Premium Leader,-1.4667682562309037,-1.408458724164796,blended_GAM_adjusted,184.805283127572,56.44714650205761,265.45539094650206,64505.66,11363844.7,0.15,157.0844906584362,212.52607559670778
Wanli_Industrial_Construcción Pesada_0042,Industrial | Construcción Pesada,Industrial_|_Construcción_Pesada_Community_02,Premium Leader,-0.9225020531295226,-0.9828313437122772,blended_GAM_adjusted,2119.466056,618.121979111111,22.00555555555556,4951.25,10047604.34,0.15,1801.5461476,2437.3859644
Wanli_Industrial_Manipulación Ligera_0018,Industrial | Manipulación Ligera,Industrial_|_Manipulación_Ligera_Community_01,Competitive Fighter,-1.2785907039114246,-1.3051668636795453,blended_GAM_adjusted,307.2540995967741,86.31491693548386,253.63411290322583,62901.26,18337135.58,0.1,276.5286896370967,337.97950955645155
Wanli_Industrial_Manipulación Ligera_0060,Industrial | Manipulación Ligera,Industrial_|_Manipulación_Ligera_Community_02,Competitive Fighter,-1.300628774381808,-1.3113593098833474,blended_GAM_adjusted,318.351098046875,99.2956328125,148.2914453125,37962.61,11430468.77,0.1,286.5159882421875,350.18620785156253
Wanli_SUV / 4x4_All Terrain (A/T)_0050,SUV / 4x4 | All Terrain (A/T),SUV_/_4x4_|_All_Terrain_(A/T)_Community_01,Premium Leader,-1.3314122951523168,-1.3004917286669402,blended_GAM_adjusted,382.06962612244894,89.28826285714285,266.5429387755102,65303.02,23756771.52,0.15,324.7591822040816,439.38007004081624
Wanli_SUV / 4x4_All Terrain (A/T)_0055,SUV / 4x4 | All Terrain (A/T),SUV_/_4x4_|_All_Terrain_(A/T)_Community_03,Premium Leader,-1.3391938208419936,-1.3162075167156202,blended_GAM_adjusted,330.1116419354839,107.78234596774192,133.07790322580644,33003.32,10328438.18,0.15,280.5948956451613,379.6283882258064
Wanli_SUV / 4x4_Highway Terrain (H/T)_0008,SUV / 4x4 | Highway Terrain (H/T),SUV_/_4x4_|_Highway_Terrain_(H/T)_Community_02,KVI,-1.5857326901135416,-1.5967245466455795,blended_GAM_adjusted,239.5851583333333,67.28149875,226.54604166666667,54371.05,12289040.52,0.05,227.60590041666663,251.56441625
Wanli_SUV / 4x4_Highway Terrain (H/T)_0010,SUV / 4x4 | Highway Terrain (H/T),SUV_/_4x4_|_Highway_Terrain_(H/T)_Community_01,Competitive Fighter,-1.6121717051227282,-1.6121717051227282,sku_hierarchical,233.9090587755102,74.29021020408163,228.9434693877551,56091.15,12263325.42,0.1,210.5181528979592,257.29996465306124
Wanli_SUV / 4x4_Highway Terrain (H/T)_0034,SUV / 4x4 | Highway Terrain (H/T),SUV_/_4x4_|_Highway_Terrain_(H/T)_Community_01,Traffic Driver,-1.562551298099122,-1.562551298099122,sku_hierarchical,251.77343387096772,82.48000645161291,47.46560483870967,11771.47,2788431.73,0.08,231.6315591612903,271.91530858064516
Wanli_SUV / 4x4_Highway Terrain (H/T)_0038,SUV / 4x4 | Highway Terrain (H/T),SUV_/_4x4_|_Highway_Terrain_(H/T)_Community_03,Traffic Driver,-1.553549747711546,-1.524347638116353,blended_GAM_adjusted,228.89262276422764,76.35075,248.39158536585367,61104.33,13189391.89,0.08,210.58121294308944,247.20403258536587
Wanli_SUV / 4x4_Highway Terrain (H/T)_0044,SUV / 4x4 | Highway Terrain (H/T),SUV_/_4x4_|_Highway_Terrain_(H/T)_Community_01,Traffic Driver,-1.5686380768020816,-1.5686380768020816,sku_hierarchical,236.82964958677684,78.21010578512397,268.96520661157024,65089.58,14316819.48,0.08,217.8832776198347,255.776021553719
Wanli_SUV / 4x4_Highway Terrain (H/T)_0057,SUV / 4x4 | Highway Terrain (H/T),SUV_/_4x4_|_Highway_Terrain_(H/T)_Community_01,Competitive Fighter,-1.6206970940989704,-1.6206970940989704,sku_hierarchical,225.1342283950617,65.32507777777778,118.15275720164608,28711.12,5995362.49,0.1,202.62080555555553,247.64765123456792
Wanli_SUV / 4x4_Mud Terrain (M/T)_0033,SUV / 4x4 | Mud Terrain (M/T),SUV_/_4x4_|_Mud_Terrain_(M/T)_Community_01,Premium Leader,-1.0085230198784791,-0.9819109505382964,blended_GAM_adjusted,444.9244533898305,116.60691059322032,122.19177966101694,28837.26,12364276.98,0.15,378.1857853813559,511.663121398305
Wanli_SUV / 4x4_Mud Terrain (M/T)_0074,SUV / 4x4 | Mud Terrain (M/T),SUV_/_4x4_|_Mud_Terrain_(M/T)_Community_01,Traffic Driver,-0.9253580563553996,-0.8970826877447554,blended_GAM_adjusted,445.0859004065041,136.25021707317072,80.93426829268293,19909.83,8494852.17,0.08,409.4790283739838,480.69277243902445
Westlake_Agrícola_Implementos_0026,Agrícola | Implementos,Agrícola_|_Implementos_Community_01,Competitive Fighter,-1.1898711450769346,-1.1633797516771431,blended_GAM_adjusted,704.9017156626506,190.0213465863454,47.4910843373494,11825.28,7931726.9,0.1,634.4115440963856,775.3918872289157
Westlake_Agrícola_Premium Radial_0024,Agrícola | Premium Radial,Agrícola_|_Premium_Radial_Community_02,Traffic Driver,-0.6901809285564304,-0.6901809285564304,sku_hierarchical,1803.1592885106384,609.0445085106383,62.87825531914893,14776.39,26027960.8,0.08,1658.9065454297875,1947.4120315914895
Westlake_Agrícola_Premium Radial_0043,Agrícola | Premium Radial,Agrícola_|_Premium_Radial_Community_03,Premium Leader,-0.833988028076426,-0.833988028076426,sku_hierarchical,1985.8220045833332,520.3462341666667,49.049625,11771.91,22557525.52,0.15,1687.9487038958332,2283.695305270833
Westlake_Agrícola_Tractor_0011,Agrícola | Tractor,Agrícola_|_Tractor_Community_02,Competitive Fighter,-0.9114221023194502,-0.9720715469632376,blended_GAM_adjusted,1205.268189539749,346.08832426778247,45.53740585774059,10883.44,12595146.3,0.1,1084.7413705857741,1325.795008493724
Westlake_Agrícola_Tractor_0034,Agrícola | Tractor,Agrícola_|_Tractor_Community_03,Competitive Fighter,-0.9264172694892372,-0.994032590744176,blended_GAM_adjusted,1281.401735483871,348.6625346774194,93.11032258064516,23091.36,28363242.16,0.1,1153.261561935484,1409.5419090322584
Westlake_Camión_Long Haul_0039,Camión | Long Haul,Camión_|_Long_Haul_Community_01,Premium Leader,-1.005436478047704,-1.0267393244492289,blended_GAM_adjusted,661.9947560165975,179.67781784232363,227.2947717842324,54778.04,34880835.83,0.15,562.6955426141079,761.2939694190871
Westlake_Camión_Long Haul_0054,Camión | Long Haul,Camión_|_Long_Haul_Community_01,Premium Leader,-1.005278899433102,-1.0265785942623344,blended_GAM_adjusted,691.9293202380952,211.67128611111116,99.68222222222224,25119.92,16854998.0,0.15,588.139922202381,795.7187182738095
Westlake_Camión_Obras / Mixto_0025,Camión | Obras / Mixto,Camión_|_Obras_/_Mixto_Community_01,Traffic Driver,-0.7721143853318322,-0.7721143853318322,sku_hierarchical,711.1239785714286,240.6753008403361,86.84991596638655,20670.28,14388610.56,0.08,654.2340602857143,768.0138968571429
Westlake_Camión_Obras / Mixto_0035,Camión | Obras / Mixto,Camión_|_Obras_/_Mixto_Community_02,KVI,-0.7975550003736389,-0.7975550003736389,sku_hierarchical,725.7861586206898,264.67792974137933,99.74676724137932,23141.25,16258095.61,0.05,689.4968506896553,762.0754665517243
Westlake_Coche_Budget_0022,Coche | Budget,Coche_|_Budget_Community_02,Premium Leader,-2.586269054510088,-2.537180710654361,blended_GAM_adjusted,95.24842107438018,28.435805371900827,333.8749173553719,80797.73,6863333.9,0.15,80.96115791322315,109.53568423553719
Westlake_Coche_Budget_0075,Coche | Budget,Coche_|_Budget_Community_01,Competitive Fighter,-2.520677661970624,-2.714889273906307,blended_GAM_adjusted,94.9136313559322,30.105537288135597,211.40334745762712,49891.19,4366637.53,0.1,85.42226822033898,104.40499449152543
Westlake_Coche_Budget_0076,Coche | Budget,Coche_|_Budget_Community_03,Premium Leader,-2.6128657210654387,-2.709191859264512,blended_GAM_adjusted,101.77083306772909,25.51600637450199,172.403187250996,43273.2,4038586.21,0.15,86.50520810756971,117.03645802788844
Westlake_Coche_Performance_0061,Coche | Performance,Coche_|_Performance_Community_02,Traffic Driver,-0.9439508001345904,-0.9489224380172208,blended_GAM_adjusted,389.68971,97.74244458333332,145.02158333333333,34805.18,13128476.28,0.08,358.5145332,420.8648868
Westlake_Coche_Touring_0042,Coche | Touring,Coche_|_Touring_Community_03,Premium Leader,-1.885755527385433,-2.0762909553696978,blended_GAM_adjusted,153.6513468879668,41.51369419087137,331.60029045643154,79915.67,11275933.07,0.15,130.60364485477177,176.69904892116182
Westlake_Furgoneta_Reforzado_0002,Furgoneta | Reforzado,Furgoneta_|_Reforzado_Community_02,KVI,-1.047724714629337,-1.0848081834846994,blended_GAM_adjusted,252.38410085470085,66.8156358974359,147.72094017094017,34566.7,8458796.69,0.05,239.7648958119658,265.0033058974359
Westlake_Furgoneta_Reforzado_0078,Furgoneta | Reforzado,Furgoneta_|_Reforzado_Community_01,Competitive Fighter,-1.0614194514545376,-1.0819894433111603,blended_GAM_adjusted,253.36852903225807,80.88307661290322,318.1133064516129,78892.1,19191142.27,0.1,228.03167612903226,278.7053819354839
Westlake_Furgoneta_Standard_0007,Furgoneta | Standard,Furgoneta_|_Standard_Community_01,Premium Leader,-1.4142612949832758,-1.415503010907618,blended_GAM_adjusted,169.41097095435686,59.79265560165975,283.5046887966805,68324.63,10938758.71,0.15,143.99932531120334,194.82261659751038
Westlake_Industrial_Manipulación Ligera_0038,Industrial | Manipulación Ligera,Industrial_|_Manipulación_Ligera_Community_03,Competitive Fighter,-1.2881578482309728,-1.2874770340574653,blended_GAM_adjusted,321.03302480314966,95.68880787401577,253.181062992126,64307.99,19731920.6,0.1,288.9297223228347,353.13632728346465
Westlake_Industrial_Manipulación Ligera_0049,Industrial | Manipulación Ligera,Industrial_|_Manipulación_Ligera_Community_02,Traffic Driver,-1.213891237791472,-1.2228870225612043,blended_GAM_adjusted,341.4127224489796,83.42577795918368,155.16910204081634,38016.43,12528782.21,0.08,314.0997046530612,368.72574024489796
Westlake_Industrial_Portuario/Especial_0038,Industrial | Portuario/Especial,Industrial_|_Portuario/Especial_Community_01,Competitive Fighter,-0.684655846011357,-0.684655846011357,sku_hierarchical,5940.82018940678,2566.172547881356,2.0932627118644067,494.01,2828025.1,0.1,5346.738170466102,6534.902208347458
Westlake_Industrial_Portuario/Especial_0046,Industrial | Portuario/Especial,Industrial_|_Portuario/Especial_Community_03,Competitive Fighter,-0.6751101334428766,-0.6751101334428766,sku_hierarchical,5549.966707407408,2278.5235547325105,0.785843621399177,190.96,1030162.49,0.1,4994.9700366666675,6104.963378148149
Westlake_SUV / 4x4_All Terrain (A/T)_0015,SUV / 4x4 | All Terrain (A/T),SUV_/_4x4_|_All_Terrain_(A/T)_Community_03,Premium Leader,-1.3133886038218232,-1.2898861953550462,blended_GAM_adjusted,375.44023869565217,93.11068173913044,61.48321739130434,14141.14,5054819.45,0.15,319.1242028913043,431.75627449999996
Westlake_SUV / 4x4_Highway Terrain (H/T)_0006,SUV / 4x4 | Highway Terrain (H/T),SUV_/_4x4_|_Highway_Terrain_(H/T)_Community_03,Competitive Fighter,-1.601200553592697,-1.572951460115127,blended_GAM_adjusted,230.8301305785124,76.80836818181818,128.14830578512397,31011.89,6664821.55,0.1,207.74711752066116,253.91314363636369
Westlake_SUV / 4x4_Highway Terrain (H/T)_0050,SUV / 4x4 | Highway Terrain (H/T),SUV_/_4x4_|_Highway_Terrain_(H/T)_Community_03,Premium Leader,-1.7821006193797082,-1.7574695272178782,blended_GAM_adjusted,256.0328435555556,71.88378355555555,260.4735111111111,58606.54,14140241.65,0.15,217.62791702222225,294.4377700888889
Westlake_SUV / 4x4_Highway Terrain (H/T)_0070,SUV / 4x4 | Highway Terrain (H/T),SUV_/_4x4_|_Highway_Terrain_(H/T)_Community_03,Competitive Fighter,-1.6249884463831183,-1.5972151107613568,blended_GAM_adjusted,251.0316208695652,60.14287478260869,280.6409565217391,64547.42,15503305.95,0.1,225.9284587826087,276.13478295652175
Westlake_SUV / 4x4_Highway Terrain (H/T)_0071,SUV / 4x4 | Highway Terrain (H/T),SUV_/_4x4_|_Highway_Terrain_(H/T)_Community_03,Competitive Fighter,-1.608484815569247,-1.580381407331208,blended_GAM_adjusted,253.2705417355372,62.5405132231405,92.30256198347108,22337.22,5401607.74,0.1,227.9434875619835,278.59759590909096
Westlake_SUV / 4x4_Mud Terrain (M/T)_0032,SUV / 4x4 | Mud Terrain (M/T),SUV_/_4x4_|_Mud_Terrain_(M/T)_Community_01,Premium Leader,-1.0114992512520962,-0.984946706539386,blended_GAM_adjusted,438.7196510460251,110.47826694560668,167.58041841004186,40051.72,17013995.82,0.15,372.9117033891213,504.5275987029288
Westlake_SUV / 4x4_Mud Terrain (M/T)_0062,SUV / 4x4 | Mud Terrain (M/T),SUV_/_4x4_|_Mud_Terrain_(M/T)_Community_01,Premium Leader,-1.0633205189331651,-1.0378043995740764,blended_GAM_adjusted,401.2584264957265,125.49255555555555,193.14807692307693,45196.65,17238584.24,0.15,341.0696625213675,461.44719047008545
Westlake_SUV / 4x4_Mud Terrain (M/T)_0072,SUV / 4x4 | Mud Terrain (M/T),SUV_/_4x4_|_Mud_Terrain_(M/T)_Community_01,Premium Leader,-0.9998149487067428,-0.9730287179431256,blended_GAM_adjusted,451.5238025210084,110.55293571428572,171.962268907563,40927.02,17909798.54,0.15,383.7952321428571,519.2523728991596
Yokohama_Agrícola_Implementos_0039,Agrícola | Implementos,Agrícola_|_Implementos_Community_01,Competitive Fighter,-1.1594236703913026,-1.1323233274977984,blended_GAM_adjusted,612.9140250996015,202.16178047808765,136.67083665338643,34304.38,20248183.55,0.1,551.6226225896414,674.2054276095618
Yokohama_Agrícola_Implementos_0041,Agrícola | Implementos,Agrícola_|_Implementos_Community_01,Premium Leader,-1.2018755097718978,-1.1756242036660058,blended_GAM_adjusted,616.67823125,217.36453458333327,118.472875,28433.49,16605615.32,0.15,524.1764965624999,709.1799659374999
Yokohama_Agrícola_Premium Radial_0068,Agrícola | Premium Radial,Agrícola_|_Premium_Radial_Community_02,Premium Leader,-0.8239034405237782,-0.8239034405237782,sku_hierarchical,1846.570263636364,629.563423553719,72.29037190082644,17494.27,31439778.27,0.15,1569.5847240909093,2123.555803181818
Yokohama_Agrícola_Tractor_0035,Agrícola | Tractor,Agrícola_|_Tractor_Community_01,Traffic Driver,-0.8624382825539896,-0.8624382825539896,sku_hierarchical,1085.5893881355933,353.39318898305083,107.17771186440676,25293.94,26581125.32,0.08,998.7422370847459,1172.4365391864408
Yokohama_Camión_Long Haul_0002,Camión | Long Haul,Camión_|_Long_Haul_Community_01,Premium Leader,-0.9595621684833334,-0.9799475286935704,blended_GAM_adjusted,666.15684609375,172.523411328125,81.195078125,20785.94,13378827.53,0.15,566.2333191796874,766.0803730078125
Yokohama_Camión_Long Haul_0004,Camión | Long Haul,Camión_|_Long_Haul_Community_01,Premium Leader,-0.9670371804695178,-0.9875720409194786,blended_GAM_adjusted,644.9793875518671,187.33732406639007,140.24605809128633,33799.3,21093550.87,0.15,548.2324794190871,741.7262956846472
Yokohama_Camión_Long Haul_0022,Camión | Long Haul,Camión_|_Long_Haul_Community_03,Traffic Driver,-0.8828097432793716,-0.8828097432793716,sku_hierarchical,624.5261427983538,183.8985534979424,148.93703703703702,36191.7,21874460.53,0.08,574.5640513744855,674.4882342222222
Yokohama_Camión_Long Haul_0042,Camión | Long Haul,Camión_|_Long_Haul_Community_01,Traffic Driver,-0.83633103538587,-0.8542517729341578,blended_GAM_adjusted,662.4176119341564,199.06550823045268,192.14469135802472,46691.16,30114287.04,0.08,609.424202979424,715.411020888889
Yokohama_Camión_Obras / Mixto_0051,Camión | Obras / Mixto,Camión_|_Obras_/_Mixto_Community_02,Premium Leader,-0.8492309753853099,-0.8492309753853099,sku_hierarchical,772.5887826612902,194.0625443548387,64.495,15994.76,12002172.31,0.15,656.7004652620967,888.4771000604837
Yokohama_Camión_Obras / Mixto_0063,Camión | Obras / Mixto,Camión_|_Obras_/_Mixto_Community_01,KVI,-0.7965118382599845,-0.7965118382599845,sku_hierarchical,821.2150601593625,268.31781434262945,49.81123505976096,12502.62,9958350.65,0.05,780.1543071513943,862.2758131673306
Yokohama_Camión_Obras / Mixto_0067,Camión | Obras / Mixto,Camión_|_Obras_/_Mixto_Community_02,KVI,-0.7952931412584576,-0.7952931412584576,sku_hierarchical,778.068787815126,258.8929331932773,122.00084033613446,29036.2,22069772.52,0.05,739.1653484243697,816.9722272058824
Yokohama_Camión_Regional_0003,Camión | Regional,Camión_|_Regional_Community_03,Premium Leader,-1.1095318755690653,-1.0612711764179616,blended_GAM_adjusted,614.1435666666667,179.3199329113924,184.415611814346,43706.5,25729483.59,0.15,522.0220316666667,706.2651016666667
Yokohama_Camión_Regional_0013,Camión | Regional,Camión_|_Regional_Community_01,Premium Leader,-1.1414617166692953,-1.1414617166692953,sku_hierarchical,584.446986,197.6019044,133.43692,33359.23,18830131.96,0.15,496.77993810000004,672.1140339
Yokohama_Camión_Regional_0018,Camión | Regional,Camión_|_Regional_Community_02,Competitive Fighter,-1.08387837222328,-1.10022349371554,blended_GAM_adjusted,613.0325865800866,174.2200380952381,133.7978787878788,30907.31,18333859.17,0.1,551.7293279220779,674.3358452380953
Yokohama_Camión_Regional_0037,Camión | Regional,Camión_|_Regional_Community_01,KVI,-1.0351319897432505,-1.0351319897432505,sku_hierarchical,624.4476623966941,183.38385165289256,79.08190082644629,19137.82,11501940.46,0.05,593.2252792768594,655.6700455165288
Yokohama_Camión_Regional_0058,Camión | Regional,Camión_|_Regional_Community_01,Traffic Driver,-0.9946297436981562,-0.9946297436981562,sku_hierarchical,601.1720338912135,183.55206652719664,127.2226359832636,30406.21,17861043.2,0.08,553.0782711799164,649.2657966025106
Yokohama_Coche_Budget_0021,Coche | Budget,Coche_|_Budget_Community_02,Competitive Fighter,-2.504756896239754,-2.45403830921862,blended_GAM_adjusted,101.30838547008548,28.892059401709403,227.80568376068376,53306.53,5015383.09,0.1,91.17754692307693,111.43922401709403
Yokohama_Coche_Budget_0026,Coche | Budget,Coche_|_Budget_Community_03,KVI,-2.454019417018587,-2.547168629136723,blended_GAM_adjusted,103.53618493723847,28.667007949790797,98.71221757322176,23592.22,2273318.63,0.05,98.35937569037655,108.7129941841004
Yokohama_Coche_Budget_0031,Coche | Budget,Coche_|_Budget_Community_01,Traffic Driver,-2.434273428385716,-2.626756955649701,blended_GAM_adjusted,102.74083869565216,28.334260434782607,209.7675217391304,48246.53,4532736.74,0.08,94.52157159999999,110.96010579130434
Yokohama_Coche_Budget_0039,Coche | Budget,Coche_|_Budget_Community_02,Competitive Fighter,-2.5356381469908484,-2.4855371849847367,blended_GAM_adjusted,98.54217736625516,27.19635802469136,450.78267489711936,109540.19,9723198.69,0.1,88.68795962962965,108.39639510288069
Yokohama_Coche_Budget_0050,Coche | Budget,Coche_|_Budget_Community_02,Premium Leader,-2.59285242088207,-2.543895744353782,blended_GAM_adjusted,96.02662765957449,26.000823829787237,192.13540425531917,45151.82,4015265.02,0.15,81.62263351063831,110.43062180851065
Yokohama_Coche_Eco_0039,Coche | Eco,Coche_|_Eco_Community_02,KVI,-1.424118163414469,-1.3977214600777377,blended_GAM_adjusted,189.59944435146448,47.06660836820084,108.00769874476988,25813.84,4721832.42,0.05,180.11947213389126,199.0794165690377
Yokohama_Coche_Performance_0027,Coche | Performance,Coche_|_Performance_Community_02,Competitive Fighter,-1.0886379638153922,-1.0965033449716388,blended_GAM_adjusted,362.9271653061225,105.6967587755102,241.80395918367347,59241.97,20589786.57,0.1,326.63444877551024,399.21988183673477
Yokohama_Coche_Performance_0029,Coche | Performance,Coche_|_Performance_Community_02,Premium Leader,-1.1390199798017124,-1.1478930012776851,blended_GAM_adjusted,378.3365012145749,94.850195951417,161.4987854251012,39890.2,14344643.66,0.15,321.5860260323887,435.08697639676114
Yokohama_Coche_Performance_0047,Coche | Performance,Coche_|_Performance_Community_01,Premium Leader,-1.1278258068291005,-1.1278258068291005,sku_hierarchical,336.735768907563,107.38782268907563,241.01016806722689,57360.42,18494502.58,0.15,286.22540357142856,387.24613424369744
Yokohama_Coche_Performance_0054,Coche | Performance,Coche_|_Performance_Community_02,KVI,-1.0335523724138655,-1.0403160417420816,blended_GAM_adjusted,382.6485015748032,94.31479133858268,174.92385826771655,44430.66,16074803.42,0.05,363.516076496063,401.7809266535434
Yokohama_Coche_Performance_0069,Coche | Performance,Coche_|_Performance_Community_01,KVI,-1.0229140512020989,-1.0229140512020989,sku_hierarchical,386.50707269076304,118.98935903614458,237.6870682730924,59184.08,22131127.88,0.05,367.1817190562249,405.8324263253012
Yokohama_Furgoneta_Reforzado_0060,Furgoneta | Reforzado,Furgoneta_|_Reforzado_Community_01,Premium Leader,-1.0936661662268865,-1.1148810923789558,blended_GAM_adjusted,252.36306875,75.90291,229.07795833333333,54978.71,13321740.42,0.15,214.5086084375,290.2175290625
Yokohama_Furgoneta_Standard_0076,Furgoneta | Standard,Furgoneta_|_Standard_Community_03,Competitive Fighter,-1.3813885332983509,-1.3415779996167343,blended_GAM_adjusted,165.20040173160174,50.30370086580086,190.3105627705628,43961.74,6976825.01,0.1,148.68036155844158,181.72044190476194
Yokohama_Furgoneta_Standard_0077,Furgoneta | Standard,Furgoneta_|_Standard_Community_02,Traffic Driver,-1.3034265998060242,-1.2418502346114189,blended_GAM_adjusted,189.3782495726496,52.95232564102564,233.5923504273504,54660.61,9811352.3,0.08,174.22798960683764,204.52850953846158
Yokohama_Industrial_Construcción Pesada_0000,Industrial | Construcción Pesada,Industrial_|_Construcción_Pesada_Community_03,Premium Leader,-0.9049847723077884,-0.9049847723077884,sku_hierarchical,1770.5342367521368,608.8612367521367,53.85897435897436,12603.0,21482880.66,0.15,1504.9541012393163,2036.1143722649572
Yokohama_Industrial_Construcción Pesada_0027,Industrial | Construcción Pesada,Industrial_|_Construcción_Pesada_Community_01,Competitive Fighter,-0.8631143071026095,-0.8862812345072244,blended_GAM_adjusted,1948.763256355932,696.1896567796609,11.16728813559322,2635.48,4978829.6,0.1,1753.8869307203388,2143.6395819915256
Yokohama_Industrial_Construcción Pesada_0052,Industrial | Construcción Pesada,Industrial_|_Construcción_Pesada_Community_01,Competitive Fighter,-0.8743172988195052,-0.8977082860584581,blended_GAM_adjusted,1945.30199916318,559.0200962343097,20.97991631799163,5014.2,9308748.51,0.1,1750.771799246862,2139.832199079498
Yokohama_Industrial_Manipulación Ligera_0030,Industrial | Manipulación Ligera,Industrial_|_Manipulación_Ligera_Community_01,Premium Leader,-1.315307850732446,-1.342618353436987,blended_GAM_adjusted,315.55013162393163,98.13178504273505,212.17641025641024,49649.28,14930966.55,0.15,268.2176118803419,362.88265136752136
Yokohama_Industrial_Manipulación Ligera_0045,Industrial | Manipulación Ligera,Industrial_|_Manipulación_Ligera_Community_01,Traffic Driver,-1.2424815429330562,-1.2683355194816095,blended_GAM_adjusted,333.7367180327869,91.23367295081968,74.09286885245902,18078.66,5753922.55,0.08,307.03778059016395,360.4356554754099
Yokohama_Industrial_Manipulación Ligera_0061,Industrial | Manipulación Ligera,Industrial_|_Manipulación_Ligera_Community_03,Traffic Driver,-1.20880080880262,-1.206532853840545,blended_GAM_adjusted,332.4748259574468,88.70444212765958,173.96510638297875,40881.8,12898434.35,0.08,305.8768398808511,359.07281203404256
Yokohama_Industrial_Portuario/Especial_0000,Industrial | Portuario/Especial,Industrial_|_Portuario/Especial_Community_03,Premium Leader,-0.748807200769897,-0.748807200769897,sku_hierarchical,5085.655141563786,2228.7757444444446,1.322716049382716,321.42,1587279.74,0.15,4322.806870329218,5848.503412798354
Yokohama_Industrial_Portuario/Especial_0024,Industrial | Portuario/Especial,Industrial_|_Portuario/Especial_Community_01,Premium Leader,-0.7264020164477683,-0.7264020164477683,sku_hierarchical,4774.341436514523,2698.175544813278,0.53701244813278,129.42,603232.22,0.15,4058.190221037344,5490.492651991701
Yokohama_Industrial_Portuario/Especial_0049,Industrial | Portuario/Especial,Industrial_|_Portuario/Especial_Community_02,Premium Leader,-0.7385137703079165,-0.7385137703079165,sku_hierarchical,4493.808093415638,2893.0456736625515,1.7769958847736629,431.81,1888292.41,0.15,3819.736879403292,5167.879307427983
Yokohama_Industrial_Portuario/Especial_0051,Industrial | Portuario/Especial,Industrial_|_Portuario/Especial_Community_02,Competitive Fighter,-0.6763185446159367,-0.6763185446159367,sku_hierarchical,4603.824384210526,2776.702319736842,1.6046491228070177,365.86,1636078.4,0.1,4143.441945789474,5064.206822631579
Yokohama_Industrial_Portuario/Especial_0066,Industrial | Portuario/Especial,Industrial_|_Portuario/Especial_Community_03,Competitive Fighter,-0.6824935685143552,-0.6824935685143552,sku_hierarchical,5184.670007142857,2852.1827732142856,2.2786607142857145,510.42,2588577.32,0.1,4666.203006428571,5703.137007857143
Yokohama_Industrial_Portuario/Especial_0067,Industrial | Portuario/Especial,Industrial_|_Portuario/Especial_Community_01,Traffic Driver,-0.624940926228922,-0.624940926228922,sku_hierarchical,5225.639366806722,2357.131259243697,0.9585714285714284,228.14,1163827.02,0.08,4807.588217462185,5643.69051615126
Yokohama_SUV / 4x4_All Terrain (A/T)_0030,SUV / 4x4 | All Terrain (A/T),SUV_/_4x4_|_All_Terrain_(A/T)_Community_03,KVI,-1.2449785711767,-1.2201079620570203,blended_GAM_adjusted,371.686712,109.5330836,284.50488,71126.22,25649646.71,0.05,353.10237639999997,390.27104760000003
Yokohama_SUV / 4x4_All Terrain (A/T)_0036,SUV / 4x4 | All Terrain (A/T),SUV_/_4x4_|_All_Terrain_(A/T)_Community_03,Premium Leader,-1.3669380300569842,-1.3445066101149106,blended_GAM_adjusted,354.30282112068966,91.73542068965516,123.51387931034483,28655.22,9790419.92,0.15,301.1573979525862,407.4482442887931
Yokohama_SUV / 4x4_All Terrain (A/T)_0047,SUV / 4x4 | All Terrain (A/T),SUV_/_4x4_|_All_Terrain_(A/T)_Community_03,Competitive Fighter,-1.2944297323067069,-1.2705481464096275,blended_GAM_adjusted,329.79771711711714,97.16729864864864,72.75747747747748,16152.16,5140012.68,0.1,296.81794540540545,362.7774888288289
Yokohama_SUV / 4x4_Highway Terrain (H/T)_0017,SUV / 4x4 | Highway Terrain (H/T),SUV_/_4x4_|_Highway_Terrain_(H/T)_Community_02,Traffic Driver,-1.5488151435076989,-1.5590686491076202,blended_GAM_adjusted,240.7500333333333,55.94866578947369,94.7942105263158,21613.08,4849291.26,0.08,221.49003066666666,260.010036
Yokohama_SUV / 4x4_Highway Terrain (H/T)_0023,SUV / 4x4 | Highway Terrain (H/T),SUV_/_4x4_|_Highway_Terrain_(H/T)_Community_01,Competitive Fighter,-1.6057785168331755,-1.6057785168331755,sku_hierarchical,214.6376337662338,79.22722943722944,232.2984415584416,53660.94,10876585.15,0.1,193.1738703896104,236.1013971428572
Yokohama_SUV / 4x4_Highway Terrain (H/T)_0035,SUV / 4x4 | Highway Terrain (H/T),SUV_/_4x4_|_Highway_Terrain_(H/T)_Community_03,KVI,-1.5796888239962104,-1.551009495926711,blended_GAM_adjusted,229.45142337662335,60.30658268398269,162.84757575757575,37617.79,8132156.57,0.05,217.9788522077922,240.92399454545452
Yokohama_SUV / 4x4_Highway Terrain (H/T)_0046,SUV / 4x4 | Highway Terrain (H/T),SUV_/_4x4_|_Highway_Terrain_(H/T)_Community_03,Competitive Fighter,-1.6204146895844362,-1.5925498788267014,blended_GAM_adjusted,224.74649139344265,62.20666803278689,390.2472131147541,95220.32,20011972.84,0.1,202.2718422540984,247.22114053278693
Yokohama_SUV / 4x4_Highway Terrain (H/T)_0051,SUV / 4x4 | Highway Terrain (H/T),SUV_/_4x4_|_Highway_Terrain_(H/T)_Community_03,Competitive Fighter,-1.6030727619587657,-1.5748611126485168,blended_GAM_adjusted,228.5998923694779,60.89508955823293,77.14305220883534,19208.62,4137588.67,0.1,205.73990313253012,251.45988160642574
Yokohama_SUV / 4x4_Mud Terrain (M/T)_0006,SUV / 4x4 | Mud Terrain (M/T),SUV_/_4x4_|_Mud_Terrain_(M/T)_Community_01,KVI,-0.939915996774035,-0.9119317869717636,blended_GAM_adjusted,434.7320431034483,130.3471754310345,342.0142672413793,79347.31,33207336.61,0.05,412.99544094827587,456.4686452586207
Yokohama_SUV / 4x4_Mud Terrain (M/T)_0039,SUV / 4x4 | Mud Terrain (M/T),SUV_/_4x4_|_Mud_Terrain_(M/T)_Community_01,Premium Leader,-1.0070362772650674,-0.9803944730726164,blended_GAM_adjusted,451.75674556962025,141.8508270042194,216.41822784810128,51291.12,22215670.13,0.15,383.9932337341772,519.5202574050633
Yokohama_SUV / 4x4_Mud Terrain (M/T)_0073,SUV / 4x4 | Mud Terrain (M/T),SUV_/_4x4_|_Mud_Terrain_(M/T)_Community_02,KVI,-0.9412907096955322,-0.9412907096955322,sku_hierarchical,409.7567052419355,118.3094943548387,188.40112903225807,46723.48,18448501.22,0.05,389.2688699798387,430.2445405040323
