sku,impact,risk,revenue,segment
BFGoodrich_Agrícola_Implementos_0021,0.03434068479146541,0.3143015668434604,27776747.27,⚠️ VOLATILE (small + risky)
BFGoodrich_Agrícola_Implementos_0069,0.010398478570477024,0.3033500449232596,16713430.95,low
BFGoodrich_Agrícola_Implementos_0072,0.011114171590420073,0.32947955421662406,17356433.07,⚠️ VOLATILE (small + risky)
BFGoodrich_Agrícola_Premium Radial_0047,0.03065876585856826,0.2671173224243979,20017969.25,low
BFGoodrich_Agrícola_Premium Radial_0065,0.0125663387444796,0.2651752547269186,15475154.05,low
BFGoodrich_Agrícola_Tractor_0069,0.10645280997870529,0.2912634823041632,36468860.48,🟢 CORE (big + stable)
BFGoodrich_Camión_Long Haul_0026,0.05948452064638182,0.2657474597979645,31819461.07,🟢 CORE (big + stable)
BFGoodrich_Camión_Long Haul_0037,0.026668207420144058,0.2986424576927437,23232698.1,low
BFGoodrich_Camión_Long Haul_0059,0.015108606300765092,0.24957970221000547,19675370.11,low
BFGoodrich_Camión_Long Haul_0068,0.04560490364057411,0.25381565471672207,28442793.79,low
BFGoodrich_Camión_Long Haul_0076,0.020092344335719697,0.2902197856956128,21973809.73,low
BFGoodrich_Camión_Obras / Mixto_0009,0.011748330670984127,0.2783990490360423,9194105.74,low
BFGoodrich_Camión_Obras / Mixto_0010,0.07942626162221539,0.2401658661874388,45371772.2,🟢 CORE (big + stable)
BFGoodrich_Camión_Obras / Mixto_0011,0.07521509791591663,0.271792403748597,43030256.25,🟢 CORE (big + stable)
BFGoodrich_Camión_Obras / Mixto_0031,0.1269345887355544,0.22669293967192455,39818438.44,🟢 CORE (big + stable)
BFGoodrich_Camión_Obras / Mixto_0049,0.03900932327714781,0.2619598910433835,23846671.11,low
BFGoodrich_Camión_Regional_0032,0.031007405132512992,0.30654155877299766,18586721.34,low
BFGoodrich_Camión_Regional_0039,0.04255362040567137,0.2774016496757177,22732719.54,low
BFGoodrich_Coche_Budget_0001,0.11782762185213125,0.4562952749938424,14547349.97,🔥 CRITICAL (big + risky)
BFGoodrich_Coche_Budget_0018,0.03739752239063155,0.31301806801807586,6708099.14,⚠️ VOLATILE (small + risky)
BFGoodrich_Coche_Budget_0029,0.009715839729871105,0.35147064960653196,2702316.5,⚠️ VOLATILE (small + risky)
BFGoodrich_Coche_Budget_0045,0.016174047017253612,0.3725336802198993,4701469.609999999,⚠️ VOLATILE (small + risky)
BFGoodrich_Coche_Eco_0027,0.02249411442372672,0.3529971196653206,10733616.14,⚠️ VOLATILE (small + risky)
BFGoodrich_Coche_Eco_0029,0.011603905368386116,0.3570846309657795,9399418.28,⚠️ VOLATILE (small + risky)
BFGoodrich_Coche_Eco_0035,0.043438182991224976,0.2776413280306836,14774135.48,low
BFGoodrich_Coche_Eco_0063,0.011118367606317459,0.3309313081293987,9309271.57,⚠️ VOLATILE (small + risky)
BFGoodrich_Coche_Eco_0069,0.038476672893677476,0.390703235579991,13320225.08,⚠️ VOLATILE (small + risky)
BFGoodrich_Coche_Eco_0071,0.04126226204667374,0.3473339744242357,14222846.42,⚠️ VOLATILE (small + risky)
BFGoodrich_Coche_Performance_0001,0.010475781352101102,0.3249069764639875,12365631.63,⚠️ VOLATILE (small + risky)
BFGoodrich_Coche_Performance_0022,0.036892116321752565,0.29066467038226046,20887547.67,low
BFGoodrich_Coche_Performance_0037,0.007050545798966549,0.26690026054969124,9692900.49,low
BFGoodrich_Coche_Performance_0041,0.04305218739841533,0.25430028296972573,21144473.81,low
BFGoodrich_Coche_Touring_0028,0.03148699398602363,0.37035730794512794,9922100.36,⚠️ VOLATILE (small + risky)
BFGoodrich_Coche_Touring_0065,0.021163928145412573,0.3226895467769334,8542735.14,⚠️ VOLATILE (small + risky)
BFGoodrich_Coche_Touring_0067,0.02574456824910495,0.372231418800876,9154132.37,⚠️ VOLATILE (small + risky)
BFGoodrich_Coche_Touring_0068,0.038499498415046164,0.3488107519427021,10916320.06,⚠️ VOLATILE (small + risky)
BFGoodrich_Coche_Touring_0079,0.010991177023667443,0.3917345179677103,7012690.34,⚠️ VOLATILE (small + risky)
BFGoodrich_Furgoneta_Reforzado_0008,0.09338231770353286,0.23935390173802668,18605093.53,🟢 CORE (big + stable)
BFGoodrich_Furgoneta_Reforzado_0034,0.012241274540386681,0.28259140189095266,8791432.74,low
BFGoodrich_Furgoneta_Reforzado_0076,0.012329173642318617,0.2626978977345107,8860125.51,low
BFGoodrich_Furgoneta_Standard_0038,0.03230410730429419,0.2944738715380533,8935805.31,low
BFGoodrich_Furgoneta_Standard_0058,0.05331857364665097,0.3574039401059571,14436045.32,⚠️ VOLATILE (small + risky)
BFGoodrich_Industrial_Construcción Pesada_0013,0.014245082021128693,0.2825080471813318,15581802.85,low
BFGoodrich_Industrial_Construcción Pesada_0020,0.0562116082374395,0.27123883752207384,25566788.67,low
BFGoodrich_Industrial_Construcción Pesada_0025,0.009542960854712674,0.28822931348295444,11352765.61,low
BFGoodrich_Industrial_Construcción Pesada_0037,0.10846114267114633,0.2479455391017455,26476280.7,🟢 CORE (big + stable)
BFGoodrich_Industrial_Construcción Pesada_0056,0.05925531056077646,0.2682167680609525,26838424.67,🟢 CORE (big + stable)
BFGoodrich_Industrial_Construcción Pesada_0067,0.03300497010983354,0.2594629231919292,14533870.94,low
BFGoodrich_Industrial_Manipulación Ligera_0000,0.012013973361031523,0.2828819480152026,11347012.61,low
BFGoodrich_Industrial_Portuario/Especial_0003,0.08790237299276035,0.26949406450281943,2090001.44,🟢 CORE (big + stable)
BFGoodrich_Industrial_Portuario/Especial_0013,0.10575903711575713,0.25285028346839605,2512483.11,🟢 CORE (big + stable)
BFGoodrich_Industrial_Portuario/Especial_0028,0.010564978048919496,0.2417065478267976,624509.77,low
BFGoodrich_Industrial_Portuario/Especial_0031,0.09388989580555533,0.25070367171048424,2233149.68,🟢 CORE (big + stable)
BFGoodrich_SUV / 4x4_All Terrain (A/T)_0011,0.04182018401460606,0.31571475642520863,18305570.28,⚠️ VOLATILE (small + risky)
BFGoodrich_SUV / 4x4_All Terrain (A/T)_0033,0.020292135074617534,0.312058906291632,14317613.0,⚠️ VOLATILE (small + risky)
BFGoodrich_SUV / 4x4_All Terrain (A/T)_0061,0.016211563706668222,0.2796677081895821,13732557.68,low
BFGoodrich_SUV / 4x4_All Terrain (A/T)_0071,0.040057131461075764,0.27169329743357556,19085107.3,low
BFGoodrich_SUV / 4x4_Mud Terrain (M/T)_0028,0.05842254272029947,0.2700702070116579,35750932.06,low
BFGoodrich_SUV / 4x4_Mud Terrain (M/T)_0030,0.009901939846353423,0.30493370820456495,14917337.66,low
BFGoodrich_SUV / 4x4_Mud Terrain (M/T)_0053,0.03222142623286853,0.35477877213536774,21851314.36,⚠️ VOLATILE (small + risky)
BFGoodrich_SUV / 4x4_Mud Terrain (M/T)_0054,0.007608778252482759,0.23846649214197083,10918689.3,low
Bridgestone_Agrícola_Implementos_0076,0.05235538540599526,0.29312888709320273,42028794.660000004,low
Bridgestone_Agrícola_Premium Radial_0003,0.03956535865316859,0.2853831396807908,21371117.37,low
Bridgestone_Agrícola_Premium Radial_0018,0.11077613645878034,0.2641279722391048,26636436.07,🟢 CORE (big + stable)
Bridgestone_Agrícola_Premium Radial_0026,0.05104715274405775,0.27457740695252447,23841855.830000002,low
Bridgestone_Agrícola_Premium Radial_0051,0.010126959242276887,0.2892465849190327,12483106.17,low
Bridgestone_Agrícola_Premium Radial_0075,0.06077601624627489,0.284417161373448,30127105.03,🟢 CORE (big + stable)
Bridgestone_Agrícola_Tractor_0004,0.06758201385160356,0.36732509989414763,36167461.31,🔥 CRITICAL (big + risky)
Bridgestone_Agrícola_Tractor_0010,0.05566706125095842,0.27945895303641805,35973824.37,low
Bridgestone_Agrícola_Tractor_0027,0.034752159151421234,0.27671444313184845,28991227.51,low
Bridgestone_Agrícola_Tractor_0056,0.033392839413409064,0.2808183021553083,28576535.07,low
Bridgestone_Camión_Long Haul_0079,0.061380584710953,0.2315250354787161,26170455.95,🟢 CORE (big + stable)
Bridgestone_Camión_Obras / Mixto_0026,0.027369341880032465,0.28387443452671557,22772504.76,low
Bridgestone_Camión_Obras / Mixto_0039,0.054033865734717884,0.23330383344447359,30845338.04,low
Bridgestone_Camión_Regional_0004,0.011792372037139922,0.22792571689926983,14858773.56,low
Bridgestone_Camión_Regional_0033,0.07804162564570502,0.3147190811665267,33619112.88,🔥 CRITICAL (big + risky)
Bridgestone_Camión_Regional_0060,0.010618339049964197,0.28566718531688146,13826484.86,low
Bridgestone_Coche_Budget_0011,0.01784086639291487,0.4487553239187622,4328727.81,⚠️ VOLATILE (small + risky)
Bridgestone_Coche_Budget_0036,0.0652040324649991,0.3619988979677761,7331771.72,🔥 CRITICAL (big + risky)
Bridgestone_Coche_Budget_0063,0.07102576874725526,0.41009049171886747,8061413.12,🔥 CRITICAL (big + risky)
Bridgestone_Coche_Performance_0002,0.05023607751674924,0.3218171976088748,27845001.75,⚠️ VOLATILE (small + risky)
Bridgestone_Coche_Performance_0010,0.005177326305538672,0.2889220234700439,7122640.4799999995,low
Bridgestone_Coche_Performance_0023,0.050246558258368365,0.3222618144723258,27836202.34,⚠️ VOLATILE (small + risky)
Bridgestone_Coche_Performance_0068,0.008098523287450435,0.2759440471155238,11158830.69,low
Bridgestone_Coche_Touring_0002,0.06315305471472273,0.3150007265193212,17770156.98,🔥 CRITICAL (big + risky)
Bridgestone_Coche_Touring_0007,0.03386538694607093,0.31297770546888637,9942616.22,⚠️ VOLATILE (small + risky)
Bridgestone_Coche_Touring_0045,0.08459231335609897,0.3362104063143475,19875227.16,🔥 CRITICAL (big + risky)
Bridgestone_Coche_Touring_0048,0.05696738864137881,0.3403795366858548,13417076.13,⚠️ VOLATILE (small + risky)
Bridgestone_Coche_Touring_0059,0.05316331376789887,0.3209708673704663,14892761.48,⚠️ VOLATILE (small + risky)
Bridgestone_Coche_Touring_0075,0.05893730174009112,0.3820067210499461,13926133.85,⚠️ VOLATILE (small + risky)
Bridgestone_Furgoneta_Reforzado_0005,0.06766791244693603,0.32451390451258055,19568078.84,🔥 CRITICAL (big + risky)
Bridgestone_Furgoneta_Reforzado_0073,0.06299577037651503,0.24715681635518835,18154439.83,🟢 CORE (big + stable)
Bridgestone_Furgoneta_Standard_0009,0.036404829981100256,0.33083941211692214,12148627.67,⚠️ VOLATILE (small + risky)
Bridgestone_Furgoneta_Standard_0012,0.012845677750716107,0.3365770619738512,8482720.32,⚠️ VOLATILE (small + risky)
Bridgestone_Furgoneta_Standard_0013,0.069801661311792,0.2883216292084377,18519268.96,🟢 CORE (big + stable)
Bridgestone_Furgoneta_Standard_0019,0.009090666324177552,0.31331595262241707,5997315.64,⚠️ VOLATILE (small + risky)
Bridgestone_Furgoneta_Standard_0021,0.018375373659095584,0.3084993289391473,8221453.08,low
Bridgestone_Furgoneta_Standard_0065,0.07759372222524305,0.3206500144918354,14134163.17,🔥 CRITICAL (big + risky)
Bridgestone_Furgoneta_Standard_0066,0.009775743994129223,0.27851451227119045,4429474.35,low
Bridgestone_Industrial_Construcción Pesada_0016,0.008331912251272661,0.2839497866207084,9916322.93,low
Bridgestone_Industrial_Manipulación Ligera_0004,0.024059281179427978,0.2932419132721384,17197217.79,low
Bridgestone_Industrial_Manipulación Ligera_0005,0.04764117187918556,0.27462014091041503,20285682.5,low
Bridgestone_Industrial_Manipulación Ligera_0007,0.012657653974990576,0.2786458717763983,11963108.43,low
Bridgestone_Industrial_Manipulación Ligera_0056,0.036982124776009914,0.30439697241774133,19182768.0,low
Bridgestone_Industrial_Portuario/Especial_0043,0.038402920704382115,0.23570823346685274,1376566.32,low
Bridgestone_Industrial_Portuario/Especial_0074,0.07508584190386713,0.2490025377999426,1909816.73,🟢 CORE (big + stable)
Bridgestone_SUV / 4x4_All Terrain (A/T)_0012,0.006310441709769526,0.3411349200180777,6673449.77,⚠️ VOLATILE (small + risky)
Bridgestone_SUV / 4x4_All Terrain (A/T)_0072,0.03371603087017267,0.3187801316738555,16881380.93,⚠️ VOLATILE (small + risky)
Bridgestone_SUV / 4x4_Highway Terrain (H/T)_0039,0.03276516859089731,0.34770205934596754,14810156.45,⚠️ VOLATILE (small + risky)
Bridgestone_SUV / 4x4_Highway Terrain (H/T)_0056,0.04529717129929513,0.3516088025744847,13915322.17,⚠️ VOLATILE (small + risky)
Bridgestone_SUV / 4x4_Mud Terrain (M/T)_0009,0.03786107308741182,0.30455229963957003,22122849.16,low
Bridgestone_SUV / 4x4_Mud Terrain (M/T)_0040,0.038805924901933186,0.26258823652266144,23981381.06,low
Bridgestone_SUV / 4x4_Mud Terrain (M/T)_0066,0.054160743133517555,0.3074060561858615,33269780.63,low
Continental_Agrícola_Implementos_0040,0.03553687727347118,0.2772742387634787,24440808.56,low
Continental_Agrícola_Implementos_0071,0.0059175900804205855,0.35470658771882396,11788933.59,⚠️ VOLATILE (small + risky)
Continental_Agrícola_Premium Radial_0002,0.045869595639088864,0.22821889487794284,22540319.52,low
Continental_Agrícola_Premium Radial_0005,0.01455129866033093,0.26775314695254715,16864908.09,low
Continental_Agrícola_Tractor_0072,0.054294626252244606,0.2563049933012426,28930399.82,low
Continental_Camión_Long Haul_0040,0.07034491589722827,0.22977021635119013,27623112.77,🟢 CORE (big + stable)
Continental_Camión_Long Haul_0064,0.0431009171426394,0.2640072802315631,28318615.84,low
Continental_Camión_Obras / Mixto_0018,0.013363402838550559,0.2430943572140705,18545152.15,low
Continental_Camión_Obras / Mixto_0020,0.132815310168427,0.28404974794137255,73510248.59,🟢 CORE (big + stable)
Continental_Camión_Obras / Mixto_0057,0.050118161889893244,0.2559048288264879,28644439.15,low
Continental_Camión_Obras / Mixto_0066,0.010971420221391855,0.25379215694745855,15122014.07,low
Continental_Camión_Obras / Mixto_0073,0.05411890444425812,0.25849574120356605,29905112.4,low
Continental_Camión_Regional_0008,0.06688498683059883,0.27859221015115343,35035741.87,🟢 CORE (big + stable)
Continental_Camión_Regional_0045,0.009899036080334071,0.22836018248101692,12867189.31,low
Continental_Camión_Regional_0047,0.09139751240518584,0.2683879710115116,39352809.88,🟢 CORE (big + stable)
Continental_Camión_Regional_0049,0.014046513012477514,0.2571732903822861,15041768.65,low
Continental_Camión_Regional_0067,0.0834641522674941,0.2618520725500934,35970284.16,🟢 CORE (big + stable)
Continental_Coche_Budget_0006,0.04022802177241423,0.34562260001299666,6368503.18,⚠️ VOLATILE (small + risky)
Continental_Coche_Budget_0009,0.011051950249438508,0.36552420540338554,3361646.13,⚠️ VOLATILE (small + risky)
Continental_Coche_Budget_0015,0.008665766980751067,0.4429157085514424,3272083.86,⚠️ VOLATILE (small + risky)
Continental_Coche_Budget_0046,0.03870613050006413,0.4998875284926171,6478355.94,⚠️ VOLATILE (small + risky)
Continental_Coche_Budget_0053,0.014096546421507351,0.40250567040359025,4798663.4,⚠️ VOLATILE (small + risky)
Continental_Coche_Eco_0005,0.043654676233324675,0.29097583360481616,16025158.39,low
Continental_Coche_Eco_0012,0.014180003734711129,0.32306886178318484,9642803.24,⚠️ VOLATILE (small + risky)
Continental_Coche_Eco_0024,0.03774246770101226,0.3289031891415111,13113380.5,⚠️ VOLATILE (small + risky)
Continental_Coche_Eco_0040,0.04158309016885765,0.2533708792746317,15306427.370000001,low
Continental_Coche_Eco_0055,0.006184218756167873,0.37918131230911206,5234206.1,⚠️ VOLATILE (small + risky)
Continental_Coche_Eco_0057,0.009256788176347857,0.34229947019988377,7821644.36,⚠️ VOLATILE (small + risky)
Continental_Coche_Eco_0070,0.014209072517582109,0.34552219018010455,9425063.72,⚠️ VOLATILE (small + risky)
Continental_Coche_Touring_0012,0.19482737181291837,0.31622467573527585,9797730.73,🔥 CRITICAL (big + risky)
Continental_Coche_Touring_0031,0.026553318522111537,0.2389896005390109,8964025.17,low
Continental_Coche_Touring_0049,0.01703478317486513,0.3346512812716354,7937651.25,⚠️ VOLATILE (small + risky)
Continental_Coche_Touring_0064,0.04401032895806405,0.3263754841597781,12340634.7,⚠️ VOLATILE (small + risky)
Continental_Coche_Touring_0074,0.04005508576359068,0.2814825892814259,10126684.03,low
Continental_Furgoneta_Reforzado_0003,0.10281793096290327,0.2680286570977947,20442345.09,🟢 CORE (big + stable)
Continental_Furgoneta_Reforzado_0007,0.060818940253374566,0.269749020638049,12840232.76,🟢 CORE (big + stable)
Continental_Furgoneta_Reforzado_0009,0.05989571544971966,0.25950399043048433,12663693.05,🟢 CORE (big + stable)
Continental_Furgoneta_Reforzado_0029,0.01050952349622555,0.2491216875336616,8837704.28,low
Continental_Furgoneta_Reforzado_0031,0.006035403289719192,0.27927899411916407,4342301.6,low
Continental_Furgoneta_Standard_0005,0.05881662513544926,0.3410729706809286,15760045.3,⚠️ VOLATILE (small + risky)
Continental_Furgoneta_Standard_0033,0.09778642429617852,0.2925340477348355,18805610.06,🟢 CORE (big + stable)
Continental_Furgoneta_Standard_0037,0.07631032579370797,0.38479509315977434,14727455.15,🔥 CRITICAL (big + risky)
Continental_Industrial_Construcción Pesada_0028,0.029221108541734382,0.2569491127135688,18965477.33,low
Continental_Industrial_Construcción Pesada_0040,0.04228807468378276,0.2663823100944053,20741846.46,low
Continental_Industrial_Construcción Pesada_0048,0.011458574080607187,0.22070750083232898,13622989.33,low
Continental_Industrial_Construcción Pesada_0077,0.08335790660140026,0.27020621937667544,37800464.92,🟢 CORE (big + stable)
Continental_Industrial_Manipulación Ligera_0022,0.03056086893766204,0.2823505876174405,17022574.22,low
Continental_Industrial_Manipulación Ligera_0041,0.009256951417136377,0.3322814836155067,8740878.93,⚠️ VOLATILE (small + risky)
Continental_Industrial_Manipulación Ligera_0046,0.08341201019509742,0.2762068721417018,31604030.19,🟢 CORE (big + stable)
Continental_Industrial_Manipulación Ligera_0051,0.011341844322543752,0.3363580399309847,9502964.03,⚠️ VOLATILE (small + risky)
Continental_Industrial_Portuario/Especial_0008,0.09027973483114446,0.27877542783749043,2297515.55,🟢 CORE (big + stable)
Continental_Industrial_Portuario/Especial_0042,0.02672599764848351,0.26334967995739317,1103695.97,low
Continental_Industrial_Portuario/Especial_0059,0.031386990717270746,0.30004079045594334,1308635.1300000001,low
Continental_SUV / 4x4_All Terrain (A/T)_0000,0.03928812692288629,0.2619629262688019,17264422.89,low
Continental_SUV / 4x4_All Terrain (A/T)_0032,0.11820373020254944,0.2810277408354467,26038221.53,🟢 CORE (big + stable)
Continental_SUV / 4x4_Highway Terrain (H/T)_0014,0.07286013570130688,0.2810494296680072,14774212.02,🟢 CORE (big + stable)
Continental_SUV / 4x4_Highway Terrain (H/T)_0021,0.054507026054419025,0.2652491766639567,13837011.74,low
Continental_SUV / 4x4_Highway Terrain (H/T)_0029,0.030392699674729445,0.3297486594569975,11665333.43,⚠️ VOLATILE (small + risky)
Continental_SUV / 4x4_Highway Terrain (H/T)_0041,0.05453991389162958,0.3336363236598694,16830620.14,⚠️ VOLATILE (small + risky)
Continental_SUV / 4x4_Mud Terrain (M/T)_0013,0.007168803062781851,0.2736571262059026,10309815.78,low
Continental_SUV / 4x4_Mud Terrain (M/T)_0025,0.03569850026782861,0.3114343992367359,22916432.73,⚠️ VOLATILE (small + risky)
Continental_SUV / 4x4_Mud Terrain (M/T)_0035,0.04589176640204567,0.2778738125171626,26495028.17,low
Continental_SUV / 4x4_Mud Terrain (M/T)_0068,0.04965218429022084,0.34382221486440917,28741448.52,⚠️ VOLATILE (small + risky)
Cooper Tires_Agrícola_Implementos_0031,0.055036140366287754,0.311737612790716,35975359.49,⚠️ VOLATILE (small + risky)
Cooper Tires_Agrícola_Premium Radial_0023,0.03885867624948412,0.29173719697277056,21374083.08,low
Cooper Tires_Agrícola_Premium Radial_0036,0.006631421940357498,0.25949087548619604,8156512.48,low
Cooper Tires_Agrícola_Tractor_0013,0.05720877920068777,0.27888810533057823,36947751.87,low
Cooper Tires_Agrícola_Tractor_0052,0.009738929453842747,0.2336745619228376,15662722.290000001,low
Cooper Tires_Camión_Long Haul_0017,0.08034179502466673,0.2753274061841019,42133322.77,🟢 CORE (big + stable)
Cooper Tires_Camión_Long Haul_0032,0.017961112866362216,0.22935076499667262,13963148.59,low
Cooper Tires_Camión_Long Haul_0049,0.04602720800740558,0.2850401171606305,29854844.11,low
Cooper Tires_Camión_Long Haul_0067,0.06071161252745014,0.2670145987848099,39379328.36,🟢 CORE (big + stable)
Cooper Tires_Camión_Long Haul_0072,0.011206138295504433,0.23952974142576827,14595289.63,low
Cooper Tires_Camión_Obras / Mixto_0040,0.026503897668912587,0.25869285603245973,20032173.34,low
Cooper Tires_Camión_Obras / Mixto_0041,0.028332466752965118,0.2297503499976212,22942449.93,low
Cooper Tires_Camión_Regional_0075,0.058954245863198224,0.2573008410774297,30850699.990000002,low
Cooper Tires_Coche_Budget_0008,0.07294022773952079,0.4287018065301598,8124933.07,🔥 CRITICAL (big + risky)
Cooper Tires_Coche_Eco_0043,0.04949351266208495,0.3080899423601183,16795835.8,low
Cooper Tires_Coche_Touring_0017,0.028493332965386288,0.3322244880828784,9541470.74,⚠️ VOLATILE (small + risky)
Cooper Tires_Coche_Touring_0032,0.03254617716657732,0.3782540039090322,9763614.52,⚠️ VOLATILE (small + risky)
Cooper Tires_Coche_Touring_0033,0.020863092939991716,0.2959899785693796,8585371.59,low
Cooper Tires_Coche_Touring_0038,0.010530495599428003,0.31582100156678017,6160064.11,⚠️ VOLATILE (small + risky)
Cooper Tires_Coche_Touring_0073,0.03918818182854868,0.339251908231841,11249348.27,⚠️ VOLATILE (small + risky)
Cooper Tires_Coche_Touring_0078,0.012773967902452233,0.31463724242278124,7303313.52,⚠️ VOLATILE (small + risky)
Cooper Tires_Furgoneta_Reforzado_0018,0.06260347858696307,0.2601361271666948,21169312.23,🟢 CORE (big + stable)
Cooper Tires_Furgoneta_Reforzado_0068,0.05899027159434458,0.264917604680959,19976297.09,🟢 CORE (big + stable)
Cooper Tires_Furgoneta_Standard_0040,0.055795714987387994,0.28807893276021174,12120586.36,low
Cooper Tires_Industrial_Construcción Pesada_0019,0.10761455807333666,0.2741645522630173,26244774.04,🟢 CORE (big + stable)
Cooper Tires_Industrial_Construcción Pesada_0029,0.007628965287896984,0.26646157829026235,8610287.35,low
Cooper Tires_Industrial_Construcción Pesada_0079,0.07644500900527183,0.2383920052296652,36558768.17,🟢 CORE (big + stable)
Cooper Tires_Industrial_Manipulación Ligera_0055,0.013273652504366703,0.29854238734737837,10989949.48,low
Cooper Tires_Industrial_Manipulación Ligera_0078,0.03453115015576752,0.3909648831107131,15845524.59,⚠️ VOLATILE (small + risky)
Cooper Tires_Industrial_Portuario/Especial_0012,0.025337088255701922,0.23607579662247666,1253505.92,low
Cooper Tires_Industrial_Portuario/Especial_0058,0.011755359666320584,0.2539108288471608,694661.54,low
Cooper Tires_SUV / 4x4_All Terrain (A/T)_0009,0.006252648667011389,0.28920458983438474,6601622.21,low
Cooper Tires_SUV / 4x4_All Terrain (A/T)_0018,0.033098292534775225,0.28603280312958523,16861380.51,low
Cooper Tires_SUV / 4x4_All Terrain (A/T)_0059,0.21787650318555207,0.313590293067611,41798707.39,🔥 CRITICAL (big + risky)
Cooper Tires_SUV / 4x4_Highway Terrain (H/T)_0016,0.01635135911712999,0.38366216129019814,10497677.38,⚠️ VOLATILE (small + risky)
Cooper Tires_SUV / 4x4_Highway Terrain (H/T)_0060,0.1014221513915834,0.29791517961038105,19532805.4,🟢 CORE (big + stable)
Cooper Tires_SUV / 4x4_Highway Terrain (H/T)_0068,0.006933045224930667,0.3371520027657985,4698946.43,⚠️ VOLATILE (small + risky)
Cooper Tires_SUV / 4x4_Mud Terrain (M/T)_0016,0.016681831928579898,0.2701204437855979,18112647.2,low
Cooper Tires_SUV / 4x4_Mud Terrain (M/T)_0061,0.010951611382340503,0.27366464403747354,15380874.61,low
Dunlop_Agrícola_Implementos_0009,0.005741561220707856,0.31708292853887016,9364978.57,⚠️ VOLATILE (small + risky)
Dunlop_Agrícola_Implementos_0057,0.05231820332830625,0.32750933083367123,34287717.67,⚠️ VOLATILE (small + risky)
Dunlop_Agrícola_Implementos_0058,0.04750316139423543,0.29559541974174736,38017891.64,low
Dunlop_Agrícola_Premium Radial_0028,0.06366163714847617,0.29759153764857876,28789961.31,🟢 CORE (big + stable)
Dunlop_Agrícola_Premium Radial_0044,0.014815714365845724,0.24607610807517438,16377042.7,low
Dunlop_Agrícola_Tractor_0006,0.042527326032157246,0.30608465866030093,24312966.68,low
Dunlop_Agrícola_Tractor_0009,0.0816266070698064,0.2304766527336254,43256364.25,🟢 CORE (big + stable)
Dunlop_Agrícola_Tractor_0029,0.05171867421072307,0.2697786951049989,33860349.71,low
Dunlop_Agrícola_Tractor_0057,0.09161007585425866,0.2699993990778628,59162178.63,🟢 CORE (big + stable)
Dunlop_Camión_Long Haul_0005,0.05723682928495972,0.23651205557148344,25719425.98,low
Dunlop_Camión_Long Haul_0021,0.09353994462324884,0.26779814335715607,29779952.4,🟢 CORE (big + stable)
Dunlop_Camión_Long Haul_0024,0.09661259349705349,0.2588467139181209,31025618.36,🟢 CORE (big + stable)
Dunlop_Camión_Long Haul_0038,0.005706731451288675,0.32178999124839025,9225304.02,⚠️ VOLATILE (small + risky)
Dunlop_Camión_Long Haul_0043,0.01158025032422058,0.2841063734108635,18490312.62,low
Dunlop_Camión_Long Haul_0075,0.04677201557127167,0.27859796562177996,30382297.32,low
Dunlop_Camión_Obras / Mixto_0003,0.0976853795920523,0.2804993733286057,30732193.2,🟢 CORE (big + stable)
Dunlop_Camión_Obras / Mixto_0023,0.018693975632763104,0.2391121553692801,21418863.1,low
Dunlop_Camión_Obras / Mixto_0048,0.025613276448479275,0.2728751073401843,22778729.56,low
Dunlop_Coche_Budget_0014,0.07763709643591402,0.3888821778455628,11778304.75,🔥 CRITICAL (big + risky)
Dunlop_Coche_Budget_0042,0.04343780137381069,0.4561755890265289,5904552.28,⚠️ VOLATILE (small + risky)
Dunlop_Coche_Budget_0043,0.0512980139913832,0.4485163325044234,7030754.31,⚠️ VOLATILE (small + risky)
Dunlop_Coche_Eco_0075,0.06229326130434964,0.3065987833369162,22867373.240000002,🟢 CORE (big + stable)
Dunlop_Coche_Performance_0008,0.03650165408678253,0.2994756838187931,18603662.57,low
Dunlop_Coche_Performance_0035,0.00952080048759569,0.27291134141281986,12996562.41,low
Dunlop_Coche_Performance_0038,0.03484999599449125,0.31972859476558324,19963737.86,⚠️ VOLATILE (small + risky)
Dunlop_Coche_Performance_0044,0.010366806125792457,0.27714981439954983,13517804.39,low
Dunlop_Coche_Touring_0026,0.037561613278088296,0.3609580147460816,10203116.01,⚠️ VOLATILE (small + risky)
Dunlop_Coche_Touring_0055,0.04706286521827256,0.3618193734343238,11341210.88,⚠️ VOLATILE (small + risky)
Dunlop_Coche_Touring_0060,0.011629263046762388,0.37833329197087645,7273098.21,⚠️ VOLATILE (small + risky)
Dunlop_Furgoneta_Reforzado_0021,0.062157552391742296,0.24991402684074215,20969876.62,🟢 CORE (big + stable)
Dunlop_Furgoneta_Reforzado_0057,0.08053441587797439,0.3009992679213176,23282353.42,🟢 CORE (big + stable)
Dunlop_Furgoneta_Standard_0008,0.05571533463532733,0.27296537901122636,10840887.31,low
Dunlop_Furgoneta_Standard_0039,0.015601911972230976,0.28614175581726886,9522270.08,low
Dunlop_Furgoneta_Standard_0046,0.026105062436216808,0.2761213788752559,11131356.0,low
Dunlop_Furgoneta_Standard_0053,0.06350377058468748,0.21025087947844923,12220090.31,🟢 CORE (big + stable)
Dunlop_Industrial_Construcción Pesada_0001,0.08361587060742391,0.23060901387245136,20429615.330000002,🟢 CORE (big + stable)
Dunlop_Industrial_Construcción Pesada_0012,0.08748465522853478,0.28189813932598934,39705745.15,🟢 CORE (big + stable)
Dunlop_Industrial_Construcción Pesada_0022,0.008483750350617493,0.30052506809833346,10104710.67,low
Dunlop_Industrial_Construcción Pesada_0041,0.02010131053984628,0.2682711123481336,20213444.56,low
Dunlop_Industrial_Construcción Pesada_0043,0.02769680369311667,0.2808243102324014,21601779.0,low
Dunlop_Industrial_Construcción Pesada_0070,0.11779146081732968,0.21976708620357485,28686893.47,🟢 CORE (big + stable)
Dunlop_Industrial_Manipulación Ligera_0006,0.012928097123243217,0.2837973995572352,12202979.01,low
Dunlop_Industrial_Manipulación Ligera_0029,0.06458381220555978,0.3077399390827989,24488002.33,🟢 CORE (big + stable)
Dunlop_Industrial_Manipulación Ligera_0032,0.0703921978743118,0.2770335938290714,24616544.330000002,🟢 CORE (big + stable)
Dunlop_Industrial_Manipulación Ligera_0071,0.07598614557592344,0.31399393654170094,28869508.09,🔥 CRITICAL (big + risky)
Dunlop_Industrial_Manipulación Ligera_0074,0.060579156522529924,0.2706728846239766,20381273.42,🟢 CORE (big + stable)
Dunlop_Industrial_Portuario/Especial_0026,0.04387318094982977,0.2263765525647936,1551945.36,low
Dunlop_Industrial_Portuario/Especial_0030,0.01540660137492337,0.2658242546266806,953105.63,low
Dunlop_SUV / 4x4_All Terrain (A/T)_0001,0.010399430970093921,0.28427809686378575,10975381.36,low
Dunlop_SUV / 4x4_All Terrain (A/T)_0006,0.039944136780039684,0.2743231546421726,17705690.33,low
Dunlop_SUV / 4x4_All Terrain (A/T)_0070,0.03296637888480557,0.2776908337329421,15891024.31,low
Dunlop_SUV / 4x4_All Terrain (A/T)_0077,0.029313278671420983,0.29255314768683227,16337174.64,low
Dunlop_SUV / 4x4_Highway Terrain (H/T)_0055,0.06507422246457145,0.35495389226875174,19437655.47,🔥 CRITICAL (big + risky)
Dunlop_SUV / 4x4_Mud Terrain (M/T)_0003,0.041685976981386014,0.20496094790346886,25543483.34,low
Dunlop_SUV / 4x4_Mud Terrain (M/T)_0018,0.07582285031750925,0.28556012454254653,43816208.31,🟢 CORE (big + stable)
Dunlop_SUV / 4x4_Mud Terrain (M/T)_0024,0.004382376614188011,0.23399854954712596,6675532.11,low
Dunlop_SUV / 4x4_Mud Terrain (M/T)_0051,0.05100942690742737,0.3221100617054283,29450772.330000002,⚠️ VOLATILE (small + risky)
Falken_Agrícola_Implementos_0034,0.05107821019764414,0.2983279018010786,40773721.72,low
Falken_Agrícola_Premium Radial_0000,0.03516893469166654,0.28673457870835944,20514111.38,low
Falken_Agrícola_Premium Radial_0022,0.0978743850007237,0.3081131072261244,43952816.9,🟢 CORE (big + stable)
Falken_Agrícola_Tractor_0002,0.013140677334890926,0.21809852046164913,17115322.98,low
Falken_Agrícola_Tractor_0077,0.03669936803786915,0.28805187358580914,28902216.26,low
Falken_Camión_Long Haul_0029,0.05519123858436286,0.3027898811430327,30356163.43,low
Falken_Camión_Long Haul_0048,0.03801891564185441,0.2848221537394065,25918419.72,low
Falken_Camión_Obras / Mixto_0032,0.08560177738180595,0.2705442630578365,27575778.95,🟢 CORE (big + stable)
Falken_Camión_Obras / Mixto_0055,0.018649827994645794,0.23599371300339392,20058506.81,low
Falken_Camión_Obras / Mixto_0062,0.044582754815670006,0.2252879794496223,25577890.4,low
Falken_Camión_Regional_0000,0.07074101626039841,0.26673033415565145,30478739.0,🟢 CORE (big + stable)
Falken_Camión_Regional_0052,0.014072129771984349,0.2918841233903397,10925718.59,low
Falken_Coche_Budget_0005,0.05882649534218069,0.40397189565053876,6829010.87,⚠️ VOLATILE (small + risky)
Falken_Coche_Budget_0044,0.01078815766600271,0.4904167579725796,3985765.3,⚠️ VOLATILE (small + risky)
Falken_Coche_Budget_0064,0.05237497607126883,0.4199127902272237,8197931.98,⚠️ VOLATILE (small + risky)
Falken_Coche_Budget_0068,0.030647014475886032,0.3855275807309686,6307148.21,⚠️ VOLATILE (small + risky)
Falken_Coche_Eco_0000,0.009752306543103731,0.308779397213628,8677420.31,low
Falken_Coche_Eco_0032,0.04695461430390434,0.3333545940447531,15997971.19,⚠️ VOLATILE (small + risky)
Falken_Coche_Eco_0036,0.0411218912404655,0.29915681726711324,15139733.43,low
Falken_Coche_Eco_0077,0.04003684916593625,0.2669713529501831,13589817.53,low
Falken_Coche_Performance_0007,0.04828962062521066,0.288215249233692,26667020.91,low
Falken_Coche_Performance_0014,0.015309954611197463,0.2602694847065611,14834081.06,low
Falken_Coche_Performance_0057,0.036221069288630316,0.26162701425887136,18036255.89,low
Falken_Coche_Touring_0039,0.05822254680075766,0.31226060365710984,13661611.3,⚠️ VOLATILE (small + risky)
Falken_Furgoneta_Reforzado_0006,0.035539218293171776,0.2857204515416531,14380412.18,low
Falken_Furgoneta_Reforzado_0045,0.0782307337738361,0.26933376230240375,22626761.18,🟢 CORE (big + stable)
Falken_Furgoneta_Reforzado_0048,0.04919534690426166,0.33831502478153225,12075144.44,⚠️ VOLATILE (small + risky)
Falken_Furgoneta_Reforzado_0051,0.07103266923558968,0.28193376286006583,23999650.11,🟢 CORE (big + stable)
Falken_Furgoneta_Standard_0054,0.06963884453757381,0.30601197833538585,18480793.32,🟢 CORE (big + stable)
Falken_Industrial_Construcción Pesada_0003,0.011171565251048962,0.24533629425008255,12607537.31,low
Falken_Industrial_Construcción Pesada_0005,0.07769935437865216,0.27741559868210086,18961039.79,🟢 CORE (big + stable)
Falken_Industrial_Construcción Pesada_0010,0.07488592106105192,0.31640163399197974,34049575.41,🔥 CRITICAL (big + risky)
Falken_Industrial_Construcción Pesada_0060,0.07097257911356082,0.25647842457600944,32203679.05,🟢 CORE (big + stable)
Falken_Industrial_Manipulación Ligera_0001,0.0629721526917841,0.33495880362647673,21201695.75,🔥 CRITICAL (big + risky)
Falken_Industrial_Manipulación Ligera_0015,0.08349666460530868,0.3071332484499543,29191127.98,🟢 CORE (big + stable)
Falken_Industrial_Manipulación Ligera_0019,0.008696828512736132,0.31237899046580225,8229222.72,⚠️ VOLATILE (small + risky)
Falken_Industrial_Manipulación Ligera_0026,0.016126434280712035,0.3015545453146193,14551818.16,low
Falken_Industrial_Manipulación Ligera_0077,0.053613183112830566,0.3038309273787773,21077647.67,low
Falken_Industrial_Portuario/Especial_0029,0.0342040200232894,0.28123849999737294,1350718.08,low
Falken_Industrial_Portuario/Especial_0039,0.015923173312163624,0.29537573624552127,942504.45,low
Falken_Industrial_Portuario/Especial_0060,0.004949395127619881,0.2715420795153798,436745.94,low
Falken_Industrial_Portuario/Especial_0075,0.07248543332128692,0.23194052241348403,2569917.48,🟢 CORE (big + stable)
Falken_SUV / 4x4_All Terrain (A/T)_0023,0.053241022230398706,0.3112827087667511,22600174.87,⚠️ VOLATILE (small + risky)
Falken_SUV / 4x4_All Terrain (A/T)_0034,0.10415570295737105,0.25558862592690973,24851938.14,🟢 CORE (big + stable)
Falken_SUV / 4x4_All Terrain (A/T)_0079,0.03734937769984093,0.2755717727385166,16560872.36,low
Falken_SUV / 4x4_Highway Terrain (H/T)_0031,0.01559867488857431,0.2868542998139465,10323510.36,low
Falken_SUV / 4x4_Highway Terrain (H/T)_0052,0.08275188364384899,0.2654541095092797,12047133.68,🟢 CORE (big + stable)
Falken_SUV / 4x4_Mud Terrain (M/T)_0015,0.009221722559885506,0.28814595685370753,13300865.14,low
Falken_SUV / 4x4_Mud Terrain (M/T)_0044,0.0061320557540751885,0.31055607633152343,9359479.31,⚠️ VOLATILE (small + risky)
Falken_SUV / 4x4_Mud Terrain (M/T)_0055,0.04911025905710109,0.2539582375478228,28366039.93,low
Falken_SUV / 4x4_Mud Terrain (M/T)_0079,0.04635455642919712,0.32266358567740866,26810712.27,⚠️ VOLATILE (small + risky)
Firestone_Agrícola_Implementos_0000,0.01438534624534214,0.31430856259103285,21539519.52,⚠️ VOLATILE (small + risky)
Firestone_Agrícola_Implementos_0064,0.033883787975042864,0.31826536876194605,27426805.64,⚠️ VOLATILE (small + risky)
Firestone_Agrícola_Implementos_0070,0.012604120166076158,0.3075766516253369,21281759.41,low
Firestone_Agrícola_Implementos_0073,0.008432687628541047,0.26210525873784174,16720432.36,low
Firestone_Agrícola_Premium Radial_0013,0.01908779996394659,0.2656447102601447,18208648.18,low
Firestone_Agrícola_Tractor_0014,0.024085629515581033,0.22193982701740192,20908592.5,low
Firestone_Agrícola_Tractor_0039,0.08490366813087073,0.310619615482053,45206130.93,🔥 CRITICAL (big + risky)
Firestone_Camión_Long Haul_0052,0.14389401486013687,0.23978639669764304,45041076.17,🟢 CORE (big + stable)
Firestone_Camión_Obras / Mixto_0028,0.07288574501623968,0.26612395439870506,41592351.58,🟢 CORE (big + stable)
Firestone_Camión_Regional_0001,0.02295325900605944,0.261368337183902,19853505.19,low
Firestone_Camión_Regional_0029,0.03135788485506751,0.2283898887134128,18844499.71,low
Firestone_Camión_Regional_0038,0.006167748933330513,0.2506862735138075,8009486.42,low
Firestone_Camión_Regional_0056,0.008443842623214792,0.28914750097860353,9065569.49,low
Firestone_Camión_Regional_0068,0.08859784798604488,0.248492803842311,27547103.75,🟢 CORE (big + stable)
Firestone_Coche_Budget_0023,0.09959318594709451,0.40148456445053843,12294890.3,🔥 CRITICAL (big + risky)
Firestone_Coche_Budget_0061,0.018100384625974388,0.49564105905590505,5304708.08,⚠️ VOLATILE (small + risky)
Firestone_Coche_Budget_0067,0.09830887805206924,0.5107434109586946,11043927.14,🔥 CRITICAL (big + risky)
Firestone_Coche_Eco_0008,0.03115361063644067,0.32983854442671556,12510218.72,⚠️ VOLATILE (small + risky)
Firestone_Coche_Eco_0033,0.06017650128863597,0.27389380082529613,22102897.2,🟢 CORE (big + stable)
Firestone_Coche_Eco_0042,0.07049405550460812,0.33006586775652114,25894563.42,🔥 CRITICAL (big + risky)
Firestone_Coche_Eco_0048,0.04794730312776508,0.2855282714542403,16244040.620000001,low
Firestone_Coche_Eco_0064,0.01000125141665456,0.32217944144858934,8108934.5,⚠️ VOLATILE (small + risky)
Firestone_Coche_Eco_0068,0.014804036072472644,0.2883040125107955,9536889.39,low
Firestone_Coche_Performance_0018,0.008320362103385711,0.28810712389076143,10186250.9,low
Firestone_Coche_Touring_0016,0.04841195772158754,0.3591562995642385,11524925.55,⚠️ VOLATILE (small + risky)
Firestone_Coche_Touring_0046,0.025184869589158804,0.2661294441750991,8853761.34,low
Firestone_Furgoneta_Reforzado_0004,0.032382852636882446,0.3238251174477909,14552142.48,⚠️ VOLATILE (small + risky)
Firestone_Furgoneta_Reforzado_0017,0.06695802547830593,0.2679398708543993,19360282.62,🟢 CORE (big + stable)
Firestone_Furgoneta_Reforzado_0024,0.02453969779649801,0.28757009369373265,13737021.290000001,low
Firestone_Furgoneta_Reforzado_0040,0.04697488394174707,0.2882064972611041,16453572.73,low
Firestone_Furgoneta_Standard_0002,0.0691019057646765,0.25792842665817667,13260311.1,🟢 CORE (big + stable)
Firestone_Furgoneta_Standard_0029,0.08273241862927705,0.2373285971949335,21912205.41,🟢 CORE (big + stable)
Firestone_Furgoneta_Standard_0036,0.06978306468902118,0.34425664333729183,13027653.040000001,🔥 CRITICAL (big + risky)
Firestone_Industrial_Construcción Pesada_0049,0.05524738429627204,0.2856286233977545,26753121.669999998,low
Firestone_Industrial_Construcción Pesada_0065,0.052120119233761045,0.32300749452737787,23646581.18,⚠️ VOLATILE (small + risky)
Firestone_Industrial_Construcción Pesada_0069,0.009990883767655737,0.22472261990452352,11263953.26,low
Firestone_Industrial_Manipulación Ligera_0010,0.10594483962448191,0.2646264855934899,37038651.63,🟢 CORE (big + stable)
Firestone_SUV / 4x4_All Terrain (A/T)_0014,0.008654014749046384,0.2983102665076384,8809017.08,low
Firestone_SUV / 4x4_All Terrain (A/T)_0016,0.06099386714461128,0.27452023204997045,25922216.57,🟢 CORE (big + stable)
Firestone_SUV / 4x4_Mud Terrain (M/T)_0010,0.03874334533119713,0.26544407170059003,23650416.54,low
Fulda_Agrícola_Implementos_0017,0.013847328743091273,0.3035366001459336,19597443.33,low
Fulda_Agrícola_Implementos_0018,0.0538769171178466,0.32686854806746285,43006379.53,⚠️ VOLATILE (small + risky)
Fulda_Agrícola_Implementos_0027,0.06658125913726444,0.29340919560880435,53216832.43,🟢 CORE (big + stable)
Fulda_Agrícola_Implementos_0048,0.04399392028581941,0.3509391056643379,28875891.42,⚠️ VOLATILE (small + risky)
Fulda_Agrícola_Implementos_0077,0.006180328532408741,0.24804565741356774,12291322.11,low
Fulda_Agrícola_Premium Radial_0025,0.1354539734868423,0.27397488763873323,32575603.26,🟢 CORE (big + stable)
Fulda_Agrícola_Premium Radial_0033,0.06906448035926466,0.27433811666168095,17982660.67,🟢 CORE (big + stable)
Fulda_Camión_Long Haul_0020,0.035708100604095065,0.29891043476888846,25384404.82,low
Fulda_Camión_Obras / Mixto_0022,0.10868606598957743,0.25538938561545244,62097602.65,🟢 CORE (big + stable)
Fulda_Camión_Obras / Mixto_0045,0.008554738126257079,0.24807879361973922,6697687.1,low
Fulda_Camión_Obras / Mixto_0072,0.0069861712198147664,0.25258743709213677,9633193.0,low
Fulda_Camión_Obras / Mixto_0078,0.04162496115680706,0.24983104742504275,24496070.77,low
Fulda_Camión_Regional_0007,0.11354678802423067,0.2794845155338782,48874821.24,🟢 CORE (big + stable)
Fulda_Camión_Regional_0023,0.039889352139891615,0.2792522347731871,21368817.98,low
Fulda_Camión_Regional_0028,0.10182183886724468,0.25248581134161935,43911455.21,🟢 CORE (big + stable)
Fulda_Camión_Regional_0044,0.012737953790257746,0.2503019825506061,9850310.24,low
Fulda_Camión_Regional_0065,0.07553131773542937,0.2566761106980202,32477474.82,🟢 CORE (big + stable)
Fulda_Coche_Budget_0000,0.012394019395909613,0.34779595053357715,3761175.62,⚠️ VOLATILE (small + risky)
Fulda_Coche_Budget_0016,0.08684909513284546,0.38588033079697437,13169664.39,🔥 CRITICAL (big + risky)
Fulda_Coche_Budget_0037,0.06648795412039024,0.4738331326613261,10140255.68,🔥 CRITICAL (big + risky)
Fulda_Coche_Budget_0051,0.07087476191771426,0.38252317738229547,8092632.18,🔥 CRITICAL (big + risky)
Fulda_Coche_Budget_0066,0.0885982645683667,0.4920845212929583,10909662.43,🔥 CRITICAL (big + risky)
Fulda_Coche_Eco_0023,0.05669936625392706,0.3246033683709571,19249990.84,⚠️ VOLATILE (small + risky)
Fulda_Coche_Eco_0041,0.04678596104991147,0.3687505993649353,17197716.54,⚠️ VOLATILE (small + risky)
Fulda_Coche_Eco_0065,0.005634479463838544,0.2742049849135659,4754766.75,low
Fulda_Coche_Performance_0036,0.017181872389623275,0.29591651377697026,16319276.97,low
Fulda_Furgoneta_Reforzado_0019,0.09006196444695005,0.2213528552168874,17882303.21,🟢 CORE (big + stable)
Fulda_Furgoneta_Reforzado_0020,0.030616624931637592,0.25985961279370723,13936204.35,low
Fulda_Furgoneta_Reforzado_0023,0.015047059122745994,0.22033307287590095,7451326.21,low
Fulda_Furgoneta_Reforzado_0052,0.012128369992781626,0.2962812718732767,10057792.27,low
Fulda_Furgoneta_Reforzado_0058,0.010211790838612216,0.27337169629084895,7339054.82,low
Fulda_Furgoneta_Standard_0001,0.11095678193509363,0.24279636153010756,21331406.75,🟢 CORE (big + stable)
Fulda_Industrial_Construcción Pesada_0051,0.05335376155963655,0.249202976152695,24456929.47,low
Fulda_Industrial_Manipulación Ligera_0012,0.05585952878162469,0.3112299802721331,19024492.53,⚠️ VOLATILE (small + risky)
Fulda_Industrial_Manipulación Ligera_0023,0.011730088953008463,0.25992798515335436,10206213.34,low
Fulda_Industrial_Manipulación Ligera_0028,0.054577138924406014,0.2754703938615147,21114151.75,low
Fulda_Industrial_Manipulación Ligera_0053,0.07500551655594517,0.3293428009229401,25269658.94,🔥 CRITICAL (big + risky)
Fulda_Industrial_Portuario/Especial_0009,0.06617286559464627,0.22608178923537922,1611844.06,🟢 CORE (big + stable)
Fulda_Industrial_Portuario/Especial_0052,0.059030441235826306,0.22650219106303016,2091047.12,🟢 CORE (big + stable)
Fulda_Industrial_Portuario/Especial_0055,0.10006693342397413,0.23408069691163072,2544235.71,🟢 CORE (big + stable)
Fulda_Industrial_Portuario/Especial_0057,0.03723446524101532,0.2639614865610831,1377970.69,low
Fulda_SUV / 4x4_All Terrain (A/T)_0039,0.010760249986563974,0.29065027820305367,10910774.2,low
Fulda_SUV / 4x4_All Terrain (A/T)_0065,0.007877509271258328,0.265934521860287,8303321.63,low
Fulda_SUV / 4x4_Highway Terrain (H/T)_0018,0.2563600013333229,0.29094539145122833,17222047.29,🟢 CORE (big + stable)
Fulda_SUV / 4x4_Highway Terrain (H/T)_0062,0.04908142821056282,0.2820460361955323,13248325.22,low
Fulda_SUV / 4x4_Mud Terrain (M/T)_0026,0.009037810959597891,0.2921353556014399,13785859.65,low
Fulda_SUV / 4x4_Mud Terrain (M/T)_0031,0.009013272713417324,0.2971247900987552,12947577.46,low
Fulda_SUV / 4x4_Mud Terrain (M/T)_0056,0.051433850258456974,0.22056791580496093,31409243.21,low
Fulda_SUV / 4x4_Mud Terrain (M/T)_0076,0.052604869244976024,0.2715478057045692,32184053.06,low
Fulda_SUV / 4x4_Mud Terrain (M/T)_0078,0.013803121168970596,0.22722919209936054,17667188.82,low
GT Radial_Agrícola_Premium Radial_0020,0.022382680531263688,0.24589399026351555,19040792.85,low
GT Radial_Agrícola_Premium Radial_0032,0.008627834891881667,0.25292552117543154,9616255.7,low
GT Radial_Agrícola_Premium Radial_0038,0.06283902089963889,0.2641819969445576,28070992.88,🟢 CORE (big + stable)
GT Radial_Agrícola_Premium Radial_0048,0.011074027506662969,0.2635488700020215,12307680.45,low
GT Radial_Agrícola_Premium Radial_0079,0.01231258971121368,0.25786384186493594,7363723.5,low
GT Radial_Agrícola_Tractor_0050,0.01225402138964968,0.361779009490932,19694746.23,⚠️ VOLATILE (small + risky)
GT Radial_Camión_Long Haul_0011,0.0753362730347111,0.2906314463507729,39444774.3,🟢 CORE (big + stable)
GT Radial_Camión_Long Haul_0027,0.061830210589299994,0.2581935349365872,40181970.92,🟢 CORE (big + stable)
GT Radial_Camión_Long Haul_0053,0.008842569952304561,0.2872631946336076,14272464.22,low
GT Radial_Camión_Long Haul_0056,0.01093957910734305,0.2749829383254704,14260491.69,low
GT Radial_Camión_Obras / Mixto_0000,0.011756735041936788,0.25919051483191197,16216762.95,low
GT Radial_Camión_Obras / Mixto_0013,0.015193948473910888,0.2560527347553313,20070681.07,low
GT Radial_Camión_Obras / Mixto_0056,0.03535880404425259,0.25849613517316605,24568551.169999998,low
GT Radial_Camión_Regional_0006,0.04722844628140238,0.28322535431150014,24657458.88,low
GT Radial_Camión_Regional_0062,0.056356660996028964,0.2969416465658417,25378312.34,low
GT Radial_Coche_Budget_0020,0.07804249009187139,0.33361254011541275,11853543.86,🔥 CRITICAL (big + risky)
GT Radial_Coche_Budget_0041,0.14621839996830996,0.4735279208075022,17983438.3,🔥 CRITICAL (big + risky)
GT Radial_Coche_Budget_0060,0.01034490831421964,0.3667381679878495,3780765.68,⚠️ VOLATILE (small + risky)
GT Radial_Coche_Budget_0071,0.05266681221258839,0.4294849225224264,8323957.38,⚠️ VOLATILE (small + risky)
GT Radial_Coche_Budget_0077,0.06693821189708822,0.38881932631398025,7557302.3,🔥 CRITICAL (big + risky)
GT Radial_Coche_Eco_0014,0.005104065735084804,0.2785750387103577,4671936.02,low
GT Radial_Coche_Performance_0019,0.03071139345334627,0.3106239952561702,16943189.57,⚠️ VOLATILE (small + risky)
GT Radial_Coche_Touring_0003,0.028602441215983168,0.3236778296817559,9391315.63,⚠️ VOLATILE (small + risky)
GT Radial_Coche_Touring_0006,0.03850087757636722,0.3416273766194205,11008170.47,⚠️ VOLATILE (small + risky)
GT Radial_Coche_Touring_0061,0.02286716250644001,0.35535191661392856,8745128.23,⚠️ VOLATILE (small + risky)
GT Radial_Furgoneta_Reforzado_0055,0.013194832129607452,0.20972466644643298,10955180.26,low
GT Radial_Furgoneta_Standard_0003,0.04989855027529198,0.35795532878894565,13567450.84,⚠️ VOLATILE (small + risky)
GT Radial_Furgoneta_Standard_0043,0.03648801106071557,0.3489489148985015,12201564.53,⚠️ VOLATILE (small + risky)
GT Radial_Furgoneta_Standard_0079,0.04274973575707703,0.3175214311220181,9509000.06,⚠️ VOLATILE (small + risky)
GT Radial_Industrial_Construcción Pesada_0036,0.022380068427154152,0.23776124555508465,20628253.22,low
GT Radial_Industrial_Construcción Pesada_0064,0.01059636938842635,0.273488936117467,6422372.56,low
GT Radial_Industrial_Manipulación Ligera_0050,0.026301425901261815,0.28224482587494754,16232746.07,low
GT Radial_Industrial_Portuario/Especial_0001,0.0193410981990068,0.250470196844764,1010491.3099999999,low
GT Radial_Industrial_Portuario/Especial_0005,0.04915496632236747,0.2550897525812887,1742496.38,low
GT Radial_SUV / 4x4_All Terrain (A/T)_0053,0.006108937383517482,0.2809596206477522,6234742.7299999995,low
GT Radial_SUV / 4x4_Highway Terrain (H/T)_0004,0.01007088113039216,0.3328117709722911,7449594.13,⚠️ VOLATILE (small + risky)
GT Radial_SUV / 4x4_Highway Terrain (H/T)_0027,0.07706098235417448,0.36027434054740426,15589939.01,🔥 CRITICAL (big + risky)
GT Radial_SUV / 4x4_Mud Terrain (M/T)_0001,0.06805966991379452,0.25022640651230926,41851919.05,🟢 CORE (big + stable)
GT Radial_SUV / 4x4_Mud Terrain (M/T)_0052,0.04169767421117552,0.23369667288175147,25483804.17,low
GT Radial_SUV / 4x4_Mud Terrain (M/T)_0070,0.033588484869639945,0.3254608931503357,20358966.95,⚠️ VOLATILE (small + risky)
General Tire_Agrícola_Implementos_0020,0.005913762721047504,0.30740171805660066,11781926.66,low
General Tire_Agrícola_Implementos_0028,0.0639227694806983,0.33089455950544133,50920804.64,🔥 CRITICAL (big + risky)
General Tire_Agrícola_Implementos_0054,0.0467197090079277,0.3635517035862674,37457127.9,⚠️ VOLATILE (small + risky)
General Tire_Agrícola_Implementos_0075,0.04972984201865135,0.2630753449852676,32437611.32,low
General Tire_Agrícola_Premium Radial_0012,0.05162833164702469,0.2577857153295106,25554603.67,low
General Tire_Agrícola_Premium Radial_0019,0.10159824346873542,0.2687749669641104,24519727.13,🟢 CORE (big + stable)
General Tire_Agrícola_Premium Radial_0042,0.062102781811975996,0.28122500112007703,30821133.54,🟢 CORE (big + stable)
General Tire_Agrícola_Tractor_0000,0.02241384631214116,0.26862617394251925,18957639.69,low
General Tire_Agrícola_Tractor_0051,0.12439908582969272,0.31240413431439146,42668979.49,🔥 CRITICAL (big + risky)
General Tire_Agrícola_Tractor_0062,0.01919947156702025,0.27869629268120255,16359368.23,low
General Tire_Agrícola_Tractor_0063,0.013820707826709374,0.24935876340754212,17440574.64,low
General Tire_Agrícola_Tractor_0075,0.034107550302526796,0.24549721132570182,22231876.34,low
General Tire_Camión_Long Haul_0016,0.00613578117292409,0.24377158140037344,7990758.6,low
General Tire_Camión_Long Haul_0036,0.006898238083103757,0.25951378463918434,11129291.28,low
General Tire_Camión_Long Haul_0065,0.1123179296459955,0.2659483825137001,35168175.54,🟢 CORE (big + stable)
General Tire_Camión_Obras / Mixto_0061,0.07067222874675394,0.2586757963755613,39131755.67,🟢 CORE (big + stable)
General Tire_Camión_Regional_0010,0.01328737752992323,0.27729521171152643,15925074.28,low
General Tire_Camión_Regional_0026,0.04498514890158605,0.24153963974013928,23473077.35,low
General Tire_Camión_Regional_0074,0.10486455452143717,0.31219073228130895,32594332.91,🔥 CRITICAL (big + risky)
General Tire_Camión_Regional_0078,0.036014156804758016,0.23721964823488947,19681499.830000002,low
General Tire_Coche_Budget_0013,0.03747329017810534,0.5251201954724405,5745464.87,⚠️ VOLATILE (small + risky)
General Tire_Coche_Budget_0030,0.01494693368516529,0.3048871033259908,4446889.86,low
General Tire_Coche_Budget_0032,0.11099073791787825,0.47350607125297506,16890259.43,🔥 CRITICAL (big + risky)
General Tire_Coche_Budget_0062,0.011851589231786306,0.3359068838830684,3292178.72,⚠️ VOLATILE (small + risky)
General Tire_Coche_Budget_0078,0.04301978414577179,0.358355016132427,5947523.96,⚠️ VOLATILE (small + risky)
General Tire_Coche_Eco_0044,0.03690581394559039,0.31222388087410813,14084251.88,⚠️ VOLATILE (small + risky)
General Tire_Coche_Eco_0046,0.00734315100986287,0.3419952415580842,6215652.05,⚠️ VOLATILE (small + risky)
General Tire_Coche_Performance_0063,0.007295455331074836,0.2771088592299884,10046002.53,low
General Tire_Coche_Performance_0064,0.06857337925387881,0.30579063901882286,33761945.35,🟢 CORE (big + stable)
General Tire_Coche_Touring_0001,0.03844327932450555,0.24820463591146336,4187397.59,low
General Tire_Coche_Touring_0022,0.06203333062803012,0.3671397634451894,17385268.09,🔥 CRITICAL (big + risky)
General Tire_Furgoneta_Reforzado_0066,0.05845370119748496,0.3299736682563538,19760264.85,⚠️ VOLATILE (small + risky)
General Tire_Furgoneta_Standard_0024,0.04074496390336779,0.28134702108693377,12525203.92,low
General Tire_Furgoneta_Standard_0064,0.01808658509458497,0.26157348806419667,7789363.91,low
General Tire_Furgoneta_Standard_0070,0.01735141193705138,0.3128311277620575,7874766.16,⚠️ VOLATILE (small + risky)
General Tire_Industrial_Manipulación Ligera_0024,0.007835318585917114,0.2780178791351879,6561594.16,low
General Tire_Industrial_Portuario/Especial_0011,0.008051224064984805,0.21167059130425286,476293.01,low
General Tire_Industrial_Portuario/Especial_0016,0.05436311358434304,0.2029726177673536,1923370.26,low
General Tire_Industrial_Portuario/Especial_0022,0.03496623729964114,0.24018045844747649,1330566.98,low
General Tire_Industrial_Portuario/Especial_0047,0.0779565366996812,0.22100757448680003,1979518.83,🟢 CORE (big + stable)
General Tire_Industrial_Portuario/Especial_0069,0.009288436059745017,0.20170597679296445,817394.85,low
General Tire_SUV / 4x4_All Terrain (A/T)_0002,0.044736974453260483,0.26087005394628926,18658481.11,low
General Tire_SUV / 4x4_Highway Terrain (H/T)_0025,0.024557248399050633,0.3487999593007786,11670724.71,⚠️ VOLATILE (small + risky)
General Tire_SUV / 4x4_Highway Terrain (H/T)_0054,0.06010555032285563,0.30053283921843105,17955545.57,🟢 CORE (big + stable)
General Tire_SUV / 4x4_Highway Terrain (H/T)_0078,0.018105802735262126,0.2905960405837417,11665219.32,low
General Tire_SUV / 4x4_Mud Terrain (M/T)_0041,0.007228418703631552,0.22511510316005892,10405163.87,low
Goodride_Agrícola_Tractor_0041,0.05616661192990612,0.30655595456735424,29838287.55,low
Goodride_Agrícola_Tractor_0061,0.07416830650030058,0.2774140840424242,26685264.07,🟢 CORE (big + stable)
Goodride_Agrícola_Tractor_0067,0.004943951842325122,0.2561384797620092,7975248.12,low
Goodride_Camión_Long Haul_0009,0.10562515106032741,0.23937977979219988,33021993.22,🟢 CORE (big + stable)
Goodride_Camión_Long Haul_0069,0.06468050456735595,0.21087445688620007,41993464.98,🟢 CORE (big + stable)
Goodride_Camión_Long Haul_0071,0.09118664740652259,0.334038515400764,47692232.07,🔥 CRITICAL (big + risky)
Goodride_Camión_Obras / Mixto_0052,0.01580301437449906,0.3173412241046771,12370388.620000001,⚠️ VOLATILE (small + risky)
Goodride_Camión_Regional_0070,0.07079684016782646,0.27244296619938496,30502100.68,🟢 CORE (big + stable)
Goodride_Coche_Budget_0069,0.06937247624773629,0.4192420273445805,8638788.87,🔥 CRITICAL (big + risky)
Goodride_Coche_Performance_0028,0.0418593558177229,0.2601182001066833,23397583.46,low
Goodride_Coche_Performance_0076,0.0686577131092697,0.2991818556019727,33767960.28,🟢 CORE (big + stable)
Goodride_Coche_Touring_0011,0.054637256157291265,0.30697714649640334,12796567.5,low
Goodride_Coche_Touring_0051,0.09130806274641104,0.39428834162798093,8255940.65,🔥 CRITICAL (big + risky)
Goodride_Furgoneta_Reforzado_0013,0.00988365999880879,0.2966029491990334,8297537.14,low
Goodride_Furgoneta_Reforzado_0030,0.07132347312356345,0.26655064141016593,20581445.83,🟢 CORE (big + stable)
Goodride_Furgoneta_Reforzado_0033,0.0528293276766932,0.29240486337937494,17859943.66,low
Goodride_Furgoneta_Standard_0031,0.05276955670179322,0.3129504537319696,10524419.35,⚠️ VOLATILE (small + risky)
Goodride_Industrial_Construcción Pesada_0017,0.03348237948013687,0.2636497669743054,19065562.97,low
Goodride_Industrial_Manipulación Ligera_0013,0.03748202258692533,0.2734345861485423,18749037.71,low
Goodride_Industrial_Manipulación Ligera_0068,0.013349466415907466,0.29107429364188697,11036800.78,low
Goodride_Industrial_Manipulación Ligera_0072,0.008420271137473215,0.26858486360436934,7052390.01,low
Goodride_SUV / 4x4_All Terrain (A/T)_0004,0.14388038813128592,0.36608279517852604,28676916.68,🔥 CRITICAL (big + risky)
Goodride_SUV / 4x4_All Terrain (A/T)_0020,0.0689003037593257,0.28476041616455455,28120456.490000002,🟢 CORE (big + stable)
Goodride_SUV / 4x4_All Terrain (A/T)_0074,0.018597840683321543,0.283712486793115,14747693.34,low
Goodride_SUV / 4x4_Highway Terrain (H/T)_0019,0.08016013235568804,0.3369763791334889,21821450.55,🔥 CRITICAL (big + risky)
Goodride_SUV / 4x4_Highway Terrain (H/T)_0020,0.0876792353976658,0.3368034781266972,23773130.53,🔥 CRITICAL (big + risky)
Goodride_SUV / 4x4_Highway Terrain (H/T)_0065,0.06251421132624801,0.31088174487679804,18680834.36,🔥 CRITICAL (big + risky)
Goodride_SUV / 4x4_Mud Terrain (M/T)_0042,0.05110805380780184,0.2791584570670246,29478914.96,low
Goodride_SUV / 4x4_Mud Terrain (M/T)_0043,0.008194219841033187,0.27459020829391795,11764449.15,low
Goodride_SUV / 4x4_Mud Terrain (M/T)_0077,0.04164182409847496,0.2949049444720614,24066999.27,low
Goodyear_Agrícola_Implementos_0007,0.06775596442165543,0.35567737573659736,54394647.0,🔥 CRITICAL (big + risky)
Goodyear_Agrícola_Premium Radial_0017,0.06473299091788572,0.24642905124050124,29040326.91,🟢 CORE (big + stable)
Goodyear_Agrícola_Premium Radial_0035,0.05920544803632079,0.2424172482660659,29377680.66,🟢 CORE (big + stable)
Goodyear_Agrícola_Premium Radial_0057,0.015316468350034425,0.27522775817689127,17167336.6,low
Goodyear_Agrícola_Premium Radial_0059,0.04055288830962105,0.24243522197915554,22270270.86,low
Goodyear_Agrícola_Premium Radial_0062,0.20914738566870267,0.2594062449802048,50385618.25,🟢 CORE (big + stable)
Goodyear_Agrícola_Premium Radial_0076,0.0054815064248415375,0.2826721555678396,6759901.9799999995,low
Goodyear_Agrícola_Tractor_0031,0.02197767497651304,0.28428510609929825,18715928.58,low
Goodyear_Agrícola_Tractor_0037,0.09233954427957139,0.30135006955051163,31744490.22,🟢 CORE (big + stable)
Goodyear_Agrícola_Tractor_0058,0.011022574016289465,0.3163740855007144,14614086.59,⚠️ VOLATILE (small + risky)
Goodyear_Camión_Long Haul_0012,0.061971130571148614,0.25861459839170337,40160764.02,🟢 CORE (big + stable)
Goodyear_Camión_Long Haul_0047,0.010504086425390673,0.2468284640394576,13648867.66,low
Goodyear_Camión_Long Haul_0073,0.12333448966980153,0.2881787546794612,38625706.35,🟢 CORE (big + stable)
Goodyear_Camión_Obras / Mixto_0014,0.010135479158492179,0.21731793462864676,13958604.13,low
Goodyear_Camión_Obras / Mixto_0027,0.08706505685167623,0.2559885876603822,48196467.87,🟢 CORE (big + stable)
Goodyear_Camión_Obras / Mixto_0030,0.0110637472144657,0.29850592299844597,15255652.33,low
Goodyear_Camión_Obras / Mixto_0053,0.019987562034268613,0.2521093147414998,20419534.45,low
Goodyear_Camión_Regional_0015,0.04829911717350037,0.2950002340904899,25247049.51,low
Goodyear_Camión_Regional_0040,0.042176879271243986,0.2729487765689234,22072349.97,low
Goodyear_Camión_Regional_0053,0.010265357714634769,0.26161326211231156,13199126.28,low
Goodyear_Camión_Regional_0077,0.06536166195043534,0.27328541663521333,28137456.9,🟢 CORE (big + stable)
Goodyear_Coche_Budget_0003,0.011711161950080044,0.4209575566983148,4182005.64,⚠️ VOLATILE (small + risky)
Goodyear_Coche_Budget_0019,0.005621167165876892,0.41669326648507166,2124110.18,⚠️ VOLATILE (small + risky)
Goodyear_Coche_Budget_0048,0.03961821611051266,0.432595619063894,5668206.55,⚠️ VOLATILE (small + risky)
Goodyear_Coche_Budget_0054,0.013655369646414017,0.39915656870131705,3733002.5100000002,⚠️ VOLATILE (small + risky)
Goodyear_Coche_Budget_0073,0.040344803614179345,0.4377555566999351,6980835.9,⚠️ VOLATILE (small + risky)
Goodyear_Coche_Eco_0038,0.040707611800741506,0.37043796717185185,15155705.92,⚠️ VOLATILE (small + risky)
Goodyear_Coche_Eco_0054,0.01342233953188234,0.2759441428204231,10107991.35,low
Goodyear_Coche_Performance_0012,0.04623213015720463,0.24577489045249393,25501054.44,low
Goodyear_Coche_Performance_0013,0.0047054345143679585,0.24814238853949752,6476459.17,low
Goodyear_Coche_Performance_0024,0.039965045283500415,0.3228537194985649,22141221.18,⚠️ VOLATILE (small + risky)
Goodyear_Coche_Performance_0032,0.006604350732027255,0.25647322545196843,8087613.23,low
Goodyear_Coche_Performance_0071,0.03692094444999056,0.28137456737973543,20421734.31,low
Goodyear_Coche_Performance_0075,0.008601366937087587,0.2518802565961544,10501489.48,low
Goodyear_Coche_Touring_0008,0.07920636118038876,0.3017307073028637,22244854.23,🟢 CORE (big + stable)
Goodyear_Coche_Touring_0043,0.041914648307028395,0.29329332180847106,10710842.0,low
Goodyear_Coche_Touring_0053,0.06599534815191284,0.3502582590748235,15532456.91,🔥 CRITICAL (big + risky)
Goodyear_Coche_Touring_0076,0.0351409734059885,0.3618056744814816,10201267.75,⚠️ VOLATILE (small + risky)
Goodyear_Furgoneta_Reforzado_0012,0.02345220252921957,0.23956483382558882,10079428.33,low
Goodyear_Furgoneta_Reforzado_0074,0.02063457648098947,0.25233992243141223,9557097.52,low
Goodyear_Furgoneta_Reforzado_0075,0.03919796988168462,0.2582781009463744,14679187.23,low
Goodyear_Furgoneta_Standard_0030,0.008677968017116441,0.31920418359271535,4160503.52,⚠️ VOLATILE (small + risky)
Goodyear_Furgoneta_Standard_0048,0.015379359092781666,0.24142304582044036,9412815.17,low
Goodyear_Furgoneta_Standard_0071,0.06171257644502805,0.31060499675031034,16337990.66,🔥 CRITICAL (big + risky)
Goodyear_Furgoneta_Standard_0072,0.06837406320014527,0.24313318656576288,18123957.29,🟢 CORE (big + stable)
Goodyear_Industrial_Construcción Pesada_0004,0.00950509771307595,0.28608796674769915,11324522.56,low
Goodyear_Industrial_Construcción Pesada_0014,0.01328414199719493,0.22231829616170293,8044303.25,low
Goodyear_Industrial_Construcción Pesada_0053,0.015264591901705997,0.2741960020685333,9248829.59,low
Goodyear_Industrial_Manipulación Ligera_0009,0.014170728864335819,0.2655304165766947,12332418.459999999,low
Goodyear_Industrial_Manipulación Ligera_0058,0.09238666652590974,0.3582202935265443,35143227.97,🔥 CRITICAL (big + risky)
Goodyear_Industrial_Manipulación Ligera_0066,0.08134471971868674,0.34324570277787747,27402169.4,🔥 CRITICAL (big + risky)
Goodyear_Industrial_Portuario/Especial_0023,0.02575438257935742,0.2406215748573667,1231046.96,low
Goodyear_Industrial_Portuario/Especial_0025,0.052820178031443454,0.23224503732466684,1491356.78,low
Goodyear_Industrial_Portuario/Especial_0032,0.011288525594591084,0.24662556552537782,971701.85,low
Goodyear_SUV / 4x4_All Terrain (A/T)_0073,0.10552247110857853,0.28310419786968677,44753945.08,🟢 CORE (big + stable)
Goodyear_SUV / 4x4_All Terrain (A/T)_0078,0.01832619425636381,0.3458084444247413,13856842.33,⚠️ VOLATILE (small + risky)
Goodyear_SUV / 4x4_Highway Terrain (H/T)_0001,0.26464326193919885,0.25332829096421366,17404876.59,🟢 CORE (big + stable)
Goodyear_SUV / 4x4_Highway Terrain (H/T)_0040,0.16179299706739825,0.2856748348574909,31255946.07,🟢 CORE (big + stable)
Goodyear_SUV / 4x4_Highway Terrain (H/T)_0072,0.08916423656294772,0.283004716610136,24202733.62,🟢 CORE (big + stable)
Goodyear_SUV / 4x4_Highway Terrain (H/T)_0073,0.016552609777636604,0.291784345131311,7948569.67,low
Goodyear_SUV / 4x4_Mud Terrain (M/T)_0004,0.031146458494454552,0.2922243278484057,21428397.94,low
Goodyear_SUV / 4x4_Mud Terrain (M/T)_0007,0.06882218006480326,0.2607575534405682,39801105.04,🟢 CORE (big + stable)
Goodyear_SUV / 4x4_Mud Terrain (M/T)_0045,0.006332489239312921,0.2980495883749429,9640101.18,low
Goodyear_SUV / 4x4_Mud Terrain (M/T)_0065,0.00961552851271677,0.3385887223996078,13834635.95,⚠️ VOLATILE (small + risky)
Hankook_Agrícola_Implementos_0006,0.030080215122168807,0.2834634963538125,26096186.1,low
Hankook_Agrícola_Implementos_0010,0.029662836114506295,0.26888054468220945,25735322.7,low
Hankook_Agrícola_Implementos_0013,0.033794624010244724,0.28482247842772657,27572813.44,low
Hankook_Agrícola_Implementos_0024,0.040517751830273896,0.2954794548659704,26757662.35,low
Hankook_Agrícola_Implementos_0046,0.0699209994636066,0.2948285832638312,45584213.94,🟢 CORE (big + stable)
Hankook_Agrícola_Implementos_0049,0.08062714535317961,0.3151047036716092,53021547.22,🔥 CRITICAL (big + risky)
Hankook_Agrícola_Premium Radial_0070,0.013371370464927384,0.29370470960160466,8026487.58,low
Hankook_Agrícola_Tractor_0003,0.05730290855497836,0.2529215255574005,30426611.21,low
Hankook_Agrícola_Tractor_0017,0.11260950965291809,0.28328172800111023,59927956.31,🟢 CORE (big + stable)
Hankook_Agrícola_Tractor_0019,0.055786291352528314,0.24996221027651525,35979670.19,low
Hankook_Agrícola_Tractor_0020,0.011705707077358535,0.3001743368989375,15499633.81,low
Hankook_Agrícola_Tractor_0030,0.011363439900387707,0.263889579749091,18253852.22,low
Hankook_Agrícola_Tractor_0033,0.020875604368676588,0.289978513619682,25769933.54,low
Hankook_Agrícola_Tractor_0059,0.06025778949883394,0.3391388070461214,39082921.3,🔥 CRITICAL (big + risky)
Hankook_Agrícola_Tractor_0060,0.0049254102753439975,0.3321411588607742,7944555.34,⚠️ VOLATILE (small + risky)
Hankook_Camión_Long Haul_0015,0.08474130844685061,0.23585328891001142,44290489.08,🟢 CORE (big + stable)
Hankook_Camión_Long Haul_0051,0.020823077855337498,0.2395077021107607,21952323.82,low
Hankook_Camión_Long Haul_0055,0.051548957448218816,0.30057999944787867,33444032.62,low
Hankook_Camión_Regional_0009,0.091628168471588,0.32921982225557506,28509610.94,🔥 CRITICAL (big + risky)
Hankook_Camión_Regional_0012,0.014592597791442423,0.2765922091040931,15610743.87,low
Hankook_Camión_Regional_0025,0.060677799496321946,0.2877005107171701,31764566.94,🟢 CORE (big + stable)
Hankook_Camión_Regional_0046,0.015442157600770005,0.2795218271447747,16422827.18,low
Hankook_Camión_Regional_0059,0.016067261790603995,0.2749418722783744,12438735.19,low
Hankook_Coche_Budget_0049,0.041117494977577405,0.4545675382355265,6496054.72,⚠️ VOLATILE (small + risky)
Hankook_Coche_Budget_0059,0.08603406060672603,0.4275220352503927,13061634.94,🔥 CRITICAL (big + risky)
Hankook_Coche_Eco_0003,0.03585105448161766,0.33527617663195547,12508696.85,⚠️ VOLATILE (small + risky)
Hankook_Coche_Eco_0045,0.03127213441681228,0.36334310366669537,11923891.55,⚠️ VOLATILE (small + risky)
Hankook_Coche_Performance_0004,0.005147686517708005,0.2289319758846495,7073032.47,low
Hankook_Coche_Performance_0015,0.029896443107536926,0.31204180737139836,18634215.080000002,⚠️ VOLATILE (small + risky)
Hankook_Coche_Performance_0016,0.0784925640348903,0.2976986630289655,43466780.37,🟢 CORE (big + stable)
Hankook_Coche_Performance_0034,0.048167639202937595,0.27987893539606684,26587042.41,low
Hankook_Coche_Touring_0000,0.06789856062170163,0.2984834041063001,15962247.9,🟢 CORE (big + stable)
Hankook_Coche_Touring_0024,0.06471362683926214,0.3058551348598707,15239510.31,🟢 CORE (big + stable)
Hankook_Coche_Touring_0066,0.05499809805762524,0.37231836127971285,15431521.85,⚠️ VOLATILE (small + risky)
Hankook_Coche_Touring_0069,0.03892745623609668,0.2861048649760319,10148943.52,low
Hankook_Coche_Touring_0077,0.03533117544391653,0.3403109403062057,10216914.209999999,⚠️ VOLATILE (small + risky)
Hankook_Furgoneta_Reforzado_0022,0.016341351826050756,0.3387501928599916,11616748.15,⚠️ VOLATILE (small + risky)
Hankook_Furgoneta_Reforzado_0044,0.049890107163320194,0.2651441376547978,17051744.66,low
Hankook_Furgoneta_Standard_0000,0.037844087809325966,0.3364753464247822,11376578.45,⚠️ VOLATILE (small + risky)
Hankook_Furgoneta_Standard_0062,0.07529646505690327,0.29595089992792656,13697654.31,🟢 CORE (big + stable)
Hankook_Industrial_Construcción Pesada_0009,0.02626579930415149,0.2256550804502561,14009602.35,low
Hankook_Industrial_Construcción Pesada_0032,0.06327115157802331,0.25323029801433095,30285535.1,🟢 CORE (big + stable)
Hankook_Industrial_Construcción Pesada_0078,0.06030635044458075,0.28109675793169414,28820664.55,🟢 CORE (big + stable)
Hankook_Industrial_Portuario/Especial_0044,0.015796199278363864,0.233996178312422,955633.45,low
Hankook_SUV / 4x4_All Terrain (A/T)_0041,0.007907587703347789,0.31811906474258034,8368449.28,⚠️ VOLATILE (small + risky)
Hankook_SUV / 4x4_Highway Terrain (H/T)_0013,0.10733605660820754,0.2992104364107963,31933920.64,🟢 CORE (big + stable)
Hankook_SUV / 4x4_Highway Terrain (H/T)_0032,0.3023144221631502,0.34325186236753763,19760507.75,🔥 CRITICAL (big + risky)
Hankook_SUV / 4x4_Highway Terrain (H/T)_0045,0.05619025863673907,0.3584339242239366,16882134.62,⚠️ VOLATILE (small + risky)
Hankook_SUV / 4x4_Mud Terrain (M/T)_0002,0.047044889419732165,0.24364546570597953,27159202.9,low
Hankook_SUV / 4x4_Mud Terrain (M/T)_0058,0.06985631398737649,0.22982689379454582,42861213.67,🟢 CORE (big + stable)
Hifly_Agrícola_Premium Radial_0010,0.024171041000732363,0.2840414274896956,13561593.17,low
Hifly_Agrícola_Tractor_0016,0.06629390677632892,0.30595414576718205,42930047.48,🟢 CORE (big + stable)
Hifly_Agrícola_Tractor_0049,0.014179576133990316,0.29724131024763994,18158806.27,low
Hifly_Agrícola_Tractor_0065,0.03753133177533509,0.3163540825325951,29028873.77,⚠️ VOLATILE (small + risky)
Hifly_Camión_Long Haul_0010,0.009651515117430714,0.2533823888787202,12563636.52,low
Hifly_Camión_Long Haul_0046,0.008020574476646272,0.2654170261527474,10434496.65,low
Hifly_Camión_Obras / Mixto_0068,0.017214728217139104,0.23989853780809686,19639133.15,low
Hifly_Coche_Budget_0028,0.04503425402378748,0.407258972657872,7222758.4,⚠️ VOLATILE (small + risky)
Hifly_Coche_Eco_0018,0.00561680624674252,0.38441747821293126,5149133.37,⚠️ VOLATILE (small + risky)
Hifly_Coche_Eco_0019,0.006604837272352686,0.3634569865835736,5591833.69,⚠️ VOLATILE (small + risky)
Hifly_Coche_Performance_0049,0.015125379021501888,0.30159143609077355,15828259.33,low
Hifly_Coche_Touring_0019,0.01431608214481532,0.31332033906683454,7401904.17,⚠️ VOLATILE (small + risky)
Hifly_Coche_Touring_0037,0.04218428655283192,0.31653679782307237,4607681.21,⚠️ VOLATILE (small + risky)
Hifly_Coche_Touring_0071,0.007088376099733734,0.296066183690491,4935449.82,low
Hifly_Furgoneta_Standard_0027,0.07948436223954367,0.31282300866278673,21089003.59,🔥 CRITICAL (big + risky)
Hifly_Furgoneta_Standard_0045,0.0657881315120552,0.35295785880057967,12673619.93,🔥 CRITICAL (big + risky)
Hifly_Furgoneta_Standard_0060,0.012971127650426158,0.27160459401139025,5872803.48,low
Hifly_Industrial_Construcción Pesada_0045,0.05986338848273897,0.3094883236752142,28989795.96,🟢 CORE (big + stable)
Hifly_Industrial_Construcción Pesada_0058,0.05491782227834185,0.25385590209696823,24879595.77,low
Hifly_Industrial_Manipulación Ligera_0020,0.08117383586449771,0.3282939220557241,27403607.3,🔥 CRITICAL (big + risky)
Hifly_Industrial_Manipulación Ligera_0033,0.015272887957626814,0.2828524853585567,12521230.64,low
Hifly_Industrial_Manipulación Ligera_0044,0.007891437096164536,0.2950525514005574,7458510.95,low
Hifly_Industrial_Manipulación Ligera_0057,0.0839903831134327,0.2798660305933213,28257213.89,🟢 CORE (big + stable)
Hifly_Industrial_Portuario/Especial_0073,0.07385697602107487,0.24180555347040655,2611072.17,🟢 CORE (big + stable)
Hifly_SUV / 4x4_All Terrain (A/T)_0017,0.06214449417151655,0.30974202296153114,25326176.0,🔥 CRITICAL (big + risky)
Hifly_SUV / 4x4_Highway Terrain (H/T)_0007,0.03470886540362314,0.3229551414891953,12499508.23,⚠️ VOLATILE (small + risky)
Hifly_SUV / 4x4_Highway Terrain (H/T)_0059,0.10798755526233668,0.3398995548533009,20855667.78,🔥 CRITICAL (big + risky)
Kumho_Agrícola_Implementos_0001,0.014632808722893827,0.27328806278796935,21680587.64,low
Kumho_Agrícola_Implementos_0003,0.01770591674306061,0.3093688311188395,22839018.08,low
Kumho_Agrícola_Implementos_0005,0.010485180025403527,0.2750337598757158,17073136.12,low
Kumho_Agrícola_Implementos_0050,0.05218330078041999,0.28588383262504885,41771917.06,low
Kumho_Agrícola_Premium Radial_0031,0.01820962519885557,0.2509892988431475,10922206.64,low
Kumho_Agrícola_Premium Radial_0034,0.009824148330904994,0.23133550545627377,12134674.61,low
Kumho_Agrícola_Premium Radial_0049,0.07174582837354952,0.29573072789098037,17934974.28,🟢 CORE (big + stable)
Kumho_Agrícola_Premium Radial_0058,0.05590820411023107,0.25698197846463466,24961752.57,low
Kumho_Agrícola_Tractor_0001,0.025210963446411338,0.27506875278209464,26914094.79,low
Kumho_Agrícola_Tractor_0005,0.11098833342310965,0.2636717701899329,38070435.4,🟢 CORE (big + stable)
Kumho_Agrícola_Tractor_0024,0.021988928263851064,0.30034902634759,18755762.41,low
Kumho_Camión_Long Haul_0013,0.10313179653449711,0.24696300213737524,32306182.8,🟢 CORE (big + stable)
Kumho_Camión_Long Haul_0074,0.014667682028908774,0.255107198160768,19083560.2,low
Kumho_Camión_Obras / Mixto_0012,0.07818392988582527,0.2727685291576651,26355714.79,🟢 CORE (big + stable)
Kumho_Camión_Obras / Mixto_0021,0.07228414133104173,0.2747366434589007,40031152.6,🟢 CORE (big + stable)
Kumho_Camión_Obras / Mixto_0038,0.0315246160189274,0.30099675584638813,22548962.7,low
Kumho_Camión_Obras / Mixto_0065,0.04804245945471387,0.261537864217297,27303979.26,low
Kumho_Camión_Obras / Mixto_0074,0.0372253087280419,0.2501929085890455,24332119.48,low
Kumho_Camión_Regional_0071,0.10630810584340673,0.31712282083810794,33137399.75,🔥 CRITICAL (big + risky)
Kumho_Coche_Budget_0012,0.031197749779807476,0.3461660136079226,6236284.2,⚠️ VOLATILE (small + risky)
Kumho_Coche_Eco_0010,0.011533715360877994,0.33362901953515134,9457196.37,⚠️ VOLATILE (small + risky)
Kumho_Coche_Eco_0022,0.048728894690674186,0.37620139079965464,17905479.06,⚠️ VOLATILE (small + risky)
Kumho_Coche_Performance_0052,0.042009734875704356,0.28345884989648884,20609642.41,low
Kumho_Coche_Touring_0005,0.05961106661249851,0.30973971629052377,16764084.63,🟢 CORE (big + stable)
Kumho_Furgoneta_Reforzado_0071,0.023139040830442284,0.31549957200277584,10071958.23,⚠️ VOLATILE (small + risky)
Kumho_Furgoneta_Standard_0052,0.028099208224629378,0.3466625325190639,11146941.39,⚠️ VOLATILE (small + risky)
Kumho_Furgoneta_Standard_0078,0.0243889313299961,0.30974592959224295,9926289.64,⚠️ VOLATILE (small + risky)
Kumho_Industrial_Construcción Pesada_0002,0.08480875071032805,0.2728730150483046,40609241.32,🟢 CORE (big + stable)
Kumho_Industrial_Construcción Pesada_0062,0.06153961072067404,0.25979500344950873,29610374.33,🟢 CORE (big + stable)
Kumho_Industrial_Construcción Pesada_0071,0.05446150080614535,0.25176363830207016,26063938.94,low
Kumho_Industrial_Manipulación Ligera_0008,0.06810113910124865,0.23574234288806556,24077544.02,🟢 CORE (big + stable)
Kumho_Industrial_Manipulación Ligera_0017,0.0896285030598536,0.3076283736845013,31382867.32,🟢 CORE (big + stable)
Kumho_Industrial_Manipulación Ligera_0048,0.07708911158196531,0.3136725694847972,26937481.2,🔥 CRITICAL (big + risky)
Kumho_Industrial_Manipulación Ligera_0062,0.08465205365587027,0.29082888515945915,32133085.71,🟢 CORE (big + stable)
Kumho_Industrial_Portuario/Especial_0010,0.10647845680500648,0.25722873047260136,2710750.68,🟢 CORE (big + stable)
Kumho_Industrial_Portuario/Especial_0050,0.007476889920062015,0.27393118633990154,474245.37,low
Kumho_Industrial_Portuario/Especial_0065,0.05927801787333584,0.21275194376591794,1507732.41,🟢 CORE (big + stable)
Kumho_SUV / 4x4_All Terrain (A/T)_0035,0.023759554621761672,0.2996366551771406,14733072.25,low
Kumho_SUV / 4x4_All Terrain (A/T)_0056,0.06593920684234798,0.3079956474167371,26937591.74,🟢 CORE (big + stable)
Kumho_SUV / 4x4_All Terrain (A/T)_0076,0.008888636676462237,0.26044234422100737,9009450.81,low
Kumho_SUV / 4x4_Highway Terrain (H/T)_0009,0.06708667018405119,0.272019613980626,14378807.42,🟢 CORE (big + stable)
Kumho_SUV / 4x4_Mud Terrain (M/T)_0014,0.0034916216030451918,0.24489719617722377,5307908.48,low
Kumho_SUV / 4x4_Mud Terrain (M/T)_0067,0.08525581694085638,0.29409695187174717,49256735.61,🟢 CORE (big + stable)
Linglong_Agrícola_Implementos_0053,0.05697066607489197,0.32263097130768137,37356685.77,⚠️ VOLATILE (small + risky)
Linglong_Agrícola_Premium Radial_0063,0.06122459818884205,0.31477618167797244,27392402.12,🔥 CRITICAL (big + risky)
Linglong_Agrícola_Tractor_0055,0.07643709045432252,0.2887659561718519,40575908.88,🟢 CORE (big + stable)
Linglong_Camión_Long Haul_0001,0.013092795843167157,0.23117501847630437,10193503.6,low
Linglong_Camión_Long Haul_0023,0.008706431360409387,0.2604121460712956,14038213.06,low
Linglong_Camión_Long Haul_0057,0.06142486649310724,0.2673595213692849,39851543.36,🟢 CORE (big + stable)
Linglong_Camión_Long Haul_0060,0.08245691009380193,0.2759378155531533,53596621.43,🟢 CORE (big + stable)
Linglong_Camión_Obras / Mixto_0054,0.06476239021543362,0.2501159589265244,36961571.46,🟢 CORE (big + stable)
Linglong_Camión_Regional_0069,0.08868971415156658,0.3269083466949969,27621632.38,🔥 CRITICAL (big + risky)
Linglong_Coche_Budget_0055,0.03677042488658989,0.4099041738177582,6911579.31,⚠️ VOLATILE (small + risky)
Linglong_Coche_Budget_0065,0.07942287269630406,0.465496394810962,8907524.9,🔥 CRITICAL (big + risky)
Linglong_Coche_Eco_0009,0.060415682082203485,0.27070631374975324,22166842.53,🟢 CORE (big + stable)
Linglong_Coche_Eco_0025,0.0070362195583605035,0.267809199340766,5944079.89,low
Linglong_Coche_Eco_0059,0.03802907269339513,0.281751060707359,12921237.56,low
Linglong_Coche_Performance_0005,0.03988756047763975,0.2711139211058295,22357284.88,low
Linglong_Coche_Performance_0025,0.008624740480059508,0.2561558672645861,10559689.91,low
Linglong_Coche_Performance_0026,0.049169043156371696,0.25268922745973327,27083586.37,low
Linglong_Coche_Touring_0018,0.03962625347514873,0.296939769888186,10235144.31,low
Linglong_Furgoneta_Reforzado_0056,0.06177886103990102,0.32552756877697697,17818229.51,🔥 CRITICAL (big + risky)
Linglong_Furgoneta_Standard_0016,0.035275548447370825,0.2163152222945829,11674724.76,low
Linglong_Industrial_Manipulación Ligera_0025,0.05347025238019207,0.2637458553213136,20295918.76,low
Linglong_Industrial_Manipulación Ligera_0063,0.11337833720836658,0.3078736030169019,38242417.38,🟢 CORE (big + stable)
Linglong_Industrial_Manipulación Ligera_0067,0.03241133485579043,0.31863868802605116,18461012.68,⚠️ VOLATILE (small + risky)
Linglong_Industrial_Portuario/Especial_0045,0.0116540498420669,0.2801003238488412,737506.19,low
Linglong_SUV / 4x4_All Terrain (A/T)_0031,0.0753269476394329,0.2666695943722023,31936889.32,🟢 CORE (big + stable)
Linglong_SUV / 4x4_All Terrain (A/T)_0038,0.10173663758670444,0.29675672057642705,25113115.09,🟢 CORE (big + stable)
Linglong_SUV / 4x4_All Terrain (A/T)_0067,0.056682113191197855,0.34094067833842123,23233264.02,⚠️ VOLATILE (small + risky)
Linglong_SUV / 4x4_Highway Terrain (H/T)_0048,0.07337619662053387,0.35696160614628375,21833829.91,🔥 CRITICAL (big + risky)
Linglong_SUV / 4x4_Highway Terrain (H/T)_0058,0.016427571208267724,0.35630484566921866,10329702.28,⚠️ VOLATILE (small + risky)
Linglong_SUV / 4x4_Highway Terrain (H/T)_0076,0.009045378158074333,0.3284346639606662,6128370.24,⚠️ VOLATILE (small + risky)
Linglong_SUV / 4x4_Highway Terrain (H/T)_0077,0.018619134355628623,0.3560914792505629,8963313.54,⚠️ VOLATILE (small + risky)
Mazzini_Agrícola_Premium Radial_0040,0.009612810957634211,0.2692466810842694,11856101.31,low
Mazzini_Agrícola_Premium Radial_0067,0.029816905097467664,0.25927914287668274,19820187.22,low
Mazzini_Camión_Long Haul_0008,0.050219147544653966,0.24094737267272612,32667180.28,low
Mazzini_Camión_Long Haul_0066,0.007784033366639556,0.26894056061667365,12571038.08,low
Mazzini_Camión_Obras / Mixto_0059,0.023038988566716673,0.29237630244379986,18050710.19,low
Mazzini_Camión_Regional_0019,0.02398874009241662,0.27310687386324584,20018922.3,low
Mazzini_Camión_Regional_0043,0.013860891552765622,0.35031487203760553,14855075.44,⚠️ VOLATILE (small + risky)
Mazzini_Coche_Eco_0058,0.045331973070751076,0.3032722766439588,16676060.17,low
Mazzini_Coche_Performance_0006,0.031030579226047694,0.2902617630779171,17199507.68,low
Mazzini_Coche_Performance_0009,0.04866812795667456,0.30350745238518667,26868017.09,low
Mazzini_Coche_Performance_0043,0.020453411576101997,0.32784523056698645,15432653.22,⚠️ VOLATILE (small + risky)
Mazzini_Coche_Performance_0051,0.012621916739395141,0.2648317630549823,14061893.77,low
Mazzini_Coche_Performance_0078,0.03484770799804964,0.35202104174383886,20042913.02,⚠️ VOLATILE (small + risky)
Mazzini_Coche_Touring_0030,0.0475202964917687,0.2832175279285497,13252181.48,low
Mazzini_Coche_Touring_0041,0.020899535721340283,0.28719549365980224,8564309.48,low
Mazzini_Furgoneta_Reforzado_0016,0.0700199540556547,0.23815834370273026,20206795.05,🟢 CORE (big + stable)
Mazzini_Furgoneta_Reforzado_0036,0.06590568328030859,0.32426647312065193,19057354.19,🔥 CRITICAL (big + risky)
Mazzini_Furgoneta_Reforzado_0069,0.007384586443878397,0.2632291418878999,6214551.12,low
Mazzini_Furgoneta_Standard_0035,0.01729231710843575,0.33387670891973215,7433139.58,⚠️ VOLATILE (small + risky)
Mazzini_Industrial_Construcción Pesada_0075,0.04565347547970304,0.24477441863210903,21189259.8,low
Mazzini_Industrial_Manipulación Ligera_0021,0.06101140651768761,0.29953639304555574,23139375.85,🟢 CORE (big + stable)
Mazzini_Industrial_Manipulación Ligera_0040,0.016150021772422085,0.24506072355785932,14035658.99,low
Mazzini_Industrial_Manipulación Ligera_0043,0.008236726270342054,0.24783060848062508,7163707.45,low
Mazzini_Industrial_Portuario/Especial_0033,0.007394203336564397,0.26041316334155523,652283.87,low
Mazzini_Industrial_Portuario/Especial_0034,0.10375508977324027,0.2352279634282739,2639450.32,🟢 CORE (big + stable)
Mazzini_Industrial_Portuario/Especial_0048,0.03143055882189194,0.21352943750681888,1286640.18,low
Mazzini_Industrial_Portuario/Especial_0071,0.03478217329784385,0.24973917701969223,1345571.85,low
Mazzini_Industrial_Portuario/Especial_0077,0.03071135217255762,0.2499472084472815,1117593.4,low
Mazzini_SUV / 4x4_All Terrain (A/T)_0037,0.007954321640018833,0.2754800431695248,8098603.54,low
Mazzini_SUV / 4x4_Highway Terrain (H/T)_0003,0.017622999532735852,0.3297281690187435,11765032.43,⚠️ VOLATILE (small + risky)
Mazzini_SUV / 4x4_Mud Terrain (M/T)_0012,0.053433255066693136,0.2800590515364226,32659146.72,low
Mazzini_SUV / 4x4_Mud Terrain (M/T)_0063,0.004757949396314956,0.27713144259267414,6832501.25,low
Michelin_Agrícola_Implementos_0016,0.04067669589087133,0.3254910392765008,32526542.93,⚠️ VOLATILE (small + risky)
Michelin_Agrícola_Implementos_0037,0.007416806996072966,0.2894338912964819,12082810.7,low
Michelin_Agrícola_Implementos_0038,0.004879693586991072,0.2785132266321489,7912249.47,low
Michelin_Agrícola_Implementos_0051,0.01033621329988535,0.2747123247758402,19882131.490000002,low
Michelin_Agrícola_Implementos_0066,0.04178671748492368,0.24863379816831596,27340842.69,low
Michelin_Agrícola_Tractor_0007,0.045094429370876495,0.27576942854568615,31275332.58,low
Michelin_Agrícola_Tractor_0018,0.013624805892887393,0.27482704974578825,17442787.27,low
Michelin_Agrícola_Tractor_0036,0.04548885060534886,0.27926804576869274,31579303.05,low
Michelin_Agrícola_Tractor_0038,0.05744656979512979,0.26885626163359805,24913204.36,low
Michelin_Agrícola_Tractor_0045,0.0955591448992783,0.2327605460049318,50775483.0,🟢 CORE (big + stable)
Michelin_Agrícola_Tractor_0047,0.09761026318665672,0.2955540865454009,33380575.44,🟢 CORE (big + stable)
Michelin_Agrícola_Tractor_0053,0.07245177733384171,0.26514817560787446,38561144.11,🟢 CORE (big + stable)
Michelin_Camión_Long Haul_0006,0.011982431059536093,0.3396693726311324,18568346.53,⚠️ VOLATILE (small + risky)
Michelin_Camión_Long Haul_0035,0.07868260285485815,0.32642832780379694,41119410.49,🔥 CRITICAL (big + risky)
Michelin_Camión_Long Haul_0044,0.033158433377362496,0.24917813057868504,24206133.94,low
Michelin_Camión_Obras / Mixto_0029,0.047528231592477654,0.28554808926200215,26308825.22,low
Michelin_Camión_Obras / Mixto_0050,0.11115145882073774,0.29981724748501043,34993636.99,🟢 CORE (big + stable)
Michelin_Camión_Regional_0005,0.06199036697725207,0.2753883625583973,32414325.08,🟢 CORE (big + stable)
Michelin_Camión_Regional_0011,0.01708600902041933,0.2585332848838524,13204453.11,low
Michelin_Coche_Budget_0033,0.06322763548806014,0.5019261363244618,8084158.09,🔥 CRITICAL (big + risky)
Michelin_Coche_Budget_0035,0.01133034827992881,0.3486027937094228,4167437.24,⚠️ VOLATILE (small + risky)
Michelin_Coche_Eco_0015,0.069721256945375,0.307701359571832,23705519.48,🟢 CORE (big + stable)
Michelin_Coche_Eco_0053,0.028456719216177484,0.3205268067321922,11290363.120000001,⚠️ VOLATILE (small + risky)
Michelin_Coche_Eco_0062,0.07371769234238315,0.3490317341885447,27092050.04,🔥 CRITICAL (big + risky)
Michelin_Coche_Performance_0021,0.016311375582765967,0.3395927519337406,16212062.96,⚠️ VOLATILE (small + risky)
Michelin_Coche_Performance_0031,0.004564856610236616,0.2846096381980466,5581088.03,low
Michelin_Coche_Touring_0009,0.045239084163740444,0.33932516066072765,12696337.07,⚠️ VOLATILE (small + risky)
Michelin_Coche_Touring_0035,0.011487842864085718,0.3390626617728298,7296253.84,⚠️ VOLATILE (small + risky)
Michelin_Coche_Touring_0036,0.050654321300984205,0.3283644419959307,12041816.84,⚠️ VOLATILE (small + risky)
Michelin_Coche_Touring_0040,0.007424646391483416,0.3870197818679893,5187683.04,⚠️ VOLATILE (small + risky)
Michelin_Coche_Touring_0056,0.04630182428630255,0.42607425380348724,13018975.459999999,⚠️ VOLATILE (small + risky)
Michelin_Coche_Touring_0072,0.009266827689888825,0.3889010962568116,6457207.42,⚠️ VOLATILE (small + risky)
Michelin_Furgoneta_Reforzado_0026,0.007536061272228627,0.2529338167192946,6329713.36,low
Michelin_Furgoneta_Reforzado_0027,0.08198769725556068,0.2769421839879946,27731144.03,🟢 CORE (big + stable)
Michelin_Furgoneta_Reforzado_0035,0.08679960136609878,0.31157967896012767,17322137.25,🔥 CRITICAL (big + risky)
Michelin_Furgoneta_Reforzado_0039,0.019649280694310028,0.30973692943772013,12774486.2,low
Michelin_Furgoneta_Reforzado_0061,0.045259052928388666,0.310851244822573,15847585.84,⚠️ VOLATILE (small + risky)
Michelin_Furgoneta_Reforzado_0079,0.09299449748997796,0.26724650405180506,18492038.83,🟢 CORE (big + stable)
Michelin_Furgoneta_Standard_0022,0.05643773894163295,0.33602024279258075,14955283.55,⚠️ VOLATILE (small + risky)
Michelin_Furgoneta_Standard_0028,0.044132247671820606,0.28546607578197675,9556127.51,low
Michelin_Furgoneta_Standard_0055,0.1007505620640509,0.2710935698869901,18374409.49,🟢 CORE (big + stable)
Michelin_Furgoneta_Standard_0067,0.006578421122808317,0.3146056407138281,2979615.54,⚠️ VOLATILE (small + risky)
Michelin_Furgoneta_Standard_0069,0.09796921078233695,0.3402134642861515,17877933.73,🔥 CRITICAL (big + risky)
Michelin_Industrial_Construcción Pesada_0031,0.06912786718703522,0.2520078185466667,33124403.2,🟢 CORE (big + stable)
Michelin_Industrial_Construcción Pesada_0076,0.06500063338065472,0.3195646999340813,31086096.35,🔥 CRITICAL (big + risky)
Michelin_Industrial_Manipulación Ligera_0002,0.015338773952860497,0.3066120929721642,12544430.45,low
Michelin_Industrial_Manipulación Ligera_0016,0.022219139579944813,0.28257260718869837,14400991.65,low
Michelin_Industrial_Manipulación Ligera_0036,0.051371947380150225,0.32849143322464647,20676509.98,⚠️ VOLATILE (small + risky)
Michelin_Industrial_Manipulación Ligera_0069,0.07040821622566533,0.31185345596971775,26773050.49,🔥 CRITICAL (big + risky)
Michelin_Industrial_Portuario/Especial_0007,0.016708886953158208,0.22994447514149577,987073.09,low
Michelin_Industrial_Portuario/Especial_0019,0.07144035848609998,0.26284921188851096,2529482.81,🟢 CORE (big + stable)
Michelin_Industrial_Portuario/Especial_0036,0.009721815279963568,0.26150892296359735,856227.17,low
Michelin_Industrial_Portuario/Especial_0037,0.007033080785645062,0.2882605457887722,620692.29,low
Michelin_Industrial_Portuario/Especial_0061,0.016420414456683127,0.24758350108485447,969966.5,low
Michelin_Industrial_Portuario/Especial_0076,0.0050956646057529744,0.20265872992396425,449205.14,low
Michelin_SUV / 4x4_All Terrain (A/T)_0005,0.08879610493186137,0.2999753001571786,36250250.01,🟢 CORE (big + stable)
Michelin_SUV / 4x4_All Terrain (A/T)_0013,0.032480400785981633,0.32570689493434934,15853975.99,⚠️ VOLATILE (small + risky)
Michelin_SUV / 4x4_All Terrain (A/T)_0043,0.10343535849745797,0.3807208470631484,24664590.67,🔥 CRITICAL (big + risky)
Michelin_SUV / 4x4_Highway Terrain (H/T)_0049,0.0497019308727861,0.27959556792265594,16126919.75,low
Michelin_SUV / 4x4_Highway Terrain (H/T)_0053,0.08136820273203225,0.3356438052866856,22229959.22,🔥 CRITICAL (big + risky)
Michelin_SUV / 4x4_Highway Terrain (H/T)_0079,0.036629973252762404,0.38136230875112964,12385801.6,⚠️ VOLATILE (small + risky)
Michelin_SUV / 4x4_Mud Terrain (M/T)_0021,0.007456164065134068,0.31503864322436265,10741279.48,⚠️ VOLATILE (small + risky)
Michelin_SUV / 4x4_Mud Terrain (M/T)_0036,0.049152865933477626,0.31436180667872077,28386223.14,⚠️ VOLATILE (small + risky)
Minerva_Agrícola_Implementos_0012,0.00679133688306033,0.2993866032574612,13510232.35,low
Minerva_Agrícola_Premium Radial_0055,0.07106544812984995,0.2585915298768104,35295570.39,🟢 CORE (big + stable)
Minerva_Agrícola_Tractor_0023,0.007158310490515725,0.23749065454955567,9442177.93,low
Minerva_Agrícola_Tractor_0071,0.02247084496724043,0.27614012823629736,20262514.19,low
Minerva_Camión_Obras / Mixto_0006,0.06508791959455307,0.256823600589622,36070410.82,🟢 CORE (big + stable)
Minerva_Camión_Regional_0021,0.06712965935890909,0.25820687287159355,28891486.69,🟢 CORE (big + stable)
Minerva_Camión_Regional_0036,0.021051822937027013,0.2767409437426764,15784350.17,low
Minerva_Coche_Budget_0007,0.06462117373865618,0.4907626188011211,9915456.76,🔥 CRITICAL (big + risky)
Minerva_Coche_Budget_0038,0.052223593435717044,0.447600998975199,6596590.24,⚠️ VOLATILE (small + risky)
Minerva_Coche_Budget_0052,0.07552831864787218,0.481039831808397,9421394.18,🔥 CRITICAL (big + risky)
Minerva_Coche_Performance_0000,0.004728645296218308,0.30598885337150883,6507061.94,low
Minerva_Coche_Performance_0077,0.07776266572275117,0.2539151570305699,38076287.5,🟢 CORE (big + stable)
Minerva_Furgoneta_Standard_0014,0.0530089737124456,0.31478230553059316,10345999.25,⚠️ VOLATILE (small + risky)
Minerva_Furgoneta_Standard_0074,0.020270955880240953,0.2767597802241007,8970369.5,low
Minerva_Industrial_Construcción Pesada_0023,0.07944517868402523,0.2506193239212414,37964249.47,🟢 CORE (big + stable)
Minerva_Industrial_Construcción Pesada_0055,0.10674320959505286,0.23776507935072613,26027846.11,🟢 CORE (big + stable)
Minerva_Industrial_Manipulación Ligera_0047,0.016696336856993434,0.2881770323814375,13066609.94,low
Minerva_Industrial_Manipulación Ligera_0070,0.056161285603465394,0.2823201523312631,21711848.4,low
Minerva_Industrial_Manipulación Ligera_0075,0.0708423407965064,0.25230458438881115,24789135.6,🟢 CORE (big + stable)
Minerva_SUV / 4x4_Highway Terrain (H/T)_0036,0.01533138234399225,0.2986947731515465,10387888.39,low
Minerva_SUV / 4x4_Mud Terrain (M/T)_0000,0.044670113254926265,0.3025419624545058,25837677.64,low
Minerva_SUV / 4x4_Mud Terrain (M/T)_0020,0.01178035107671185,0.27683453955369175,16861018.31,low
Minerva_SUV / 4x4_Mud Terrain (M/T)_0037,0.02567969467841951,0.3066280818846957,19898238.05,low
Minerva_SUV / 4x4_Mud Terrain (M/T)_0069,0.05755954377550654,0.26066825463478954,33223008.03,low
Nexen_Agrícola_Implementos_0002,0.05293495843999146,0.3440319991250969,34723783.51,⚠️ VOLATILE (small + risky)
Nexen_Agrícola_Implementos_0035,0.03399248265752813,0.26544535463844604,27558374.36,low
Nexen_Agrícola_Implementos_0045,0.005657613551392549,0.2890700796884059,9208566.23,low
Nexen_Agrícola_Premium Radial_0014,0.02775431383735255,0.2637071269368364,19220917.71,low
Nexen_Agrícola_Premium Radial_0029,0.06121774342951779,0.22234904105696482,30237317.6,🟢 CORE (big + stable)
Nexen_Agrícola_Premium Radial_0039,0.08687689002749863,0.26467077363881486,20852014.41,🟢 CORE (big + stable)
Nexen_Agrícola_Premium Radial_0054,0.006525225697115042,0.24919305889947246,8053752.85,low
Nexen_Agrícola_Tractor_0008,0.0596480991670038,0.2743638707340664,31686558.05,🟢 CORE (big + stable)
Nexen_Agrícola_Tractor_0042,0.0054848593294177985,0.2688736752346871,7261495.56,low
Nexen_Agrícola_Tractor_0064,0.05068658953803615,0.2098419482702107,26933567.27,low
Nexen_Agrícola_Tractor_0078,0.029540143173176544,0.26053588401742617,27968954.58,low
Nexen_Camión_Long Haul_0003,0.0823708010612953,0.24663712717740793,43157165.04,🟢 CORE (big + stable)
Nexen_Camión_Long Haul_0045,0.047854346374175856,0.2343364093436561,31019836.53,low
Nexen_Camión_Long Haul_0070,0.036966614440062905,0.30378401862492777,25554016.85,low
Nexen_Camión_Obras / Mixto_0001,0.05569714357326602,0.313195133087182,30885932.46,⚠️ VOLATILE (small + risky)
Nexen_Camión_Obras / Mixto_0069,0.005759849503297459,0.3058281668075425,7944543.28,low
Nexen_Camión_Obras / Mixto_0076,0.007179774819647975,0.2423595653524343,10220195.72,low
Nexen_Camión_Obras / Mixto_0077,0.09368562648583777,0.25982197213061037,29494757.39,🟢 CORE (big + stable)
Nexen_Camión_Regional_0016,0.011350495753525883,0.2744010317512163,12166291.82,low
Nexen_Camión_Regional_0057,0.05435769825903203,0.32288209005911284,28483656.09,⚠️ VOLATILE (small + risky)
Nexen_Coche_Budget_0004,0.04420623693873793,0.4259189710216172,6625263.95,⚠️ VOLATILE (small + risky)
Nexen_Coche_Budget_0047,0.12828171798490168,0.41133371132487623,14304289.89,🔥 CRITICAL (big + risky)
Nexen_Coche_Eco_0051,0.04468524919951869,0.2911868340886981,15155669.16,low
Nexen_Coche_Eco_0060,0.04010207339634512,0.3384462024560946,13604711.39,⚠️ VOLATILE (small + risky)
Nexen_Coche_Eco_0067,0.027838819127928318,0.2707910412825922,11830835.41,low
Nexen_Coche_Performance_0050,0.010546819646249225,0.287027385123816,12613531.13,low
Nexen_Coche_Touring_0023,0.03994589129513007,0.3279191075379516,11194497.21,⚠️ VOLATILE (small + risky)
Nexen_Coche_Touring_0070,0.009808175737225821,0.30802106244150274,6698718.2700000005,low
Nexen_Furgoneta_Reforzado_0038,0.06336513226351871,0.31186935397401233,18289768.490000002,🔥 CRITICAL (big + risky)
Nexen_Furgoneta_Reforzado_0043,0.013003883999770097,0.2751611961870108,10812346.42,low
Nexen_Furgoneta_Reforzado_0053,0.020833623636782043,0.2906220193262532,12794173.68,low
Nexen_Furgoneta_Standard_0047,0.07239498731938382,0.30586243019168147,13930059.74,🟢 CORE (big + stable)
Nexen_Industrial_Construcción Pesada_0007,0.08080884332076055,0.26369013152036047,36671319.99,🟢 CORE (big + stable)
Nexen_Industrial_Construcción Pesada_0059,0.011571466186249848,0.26376133072200936,13066617.05,low
Nexen_Industrial_Construcción Pesada_0061,0.008623444528864257,0.23216952348827627,9731661.2,low
Nexen_Industrial_Manipulación Ligera_0037,0.05945272039492728,0.30516560507840823,22623483.73,🟢 CORE (big + stable)
Nexen_SUV / 4x4_All Terrain (A/T)_0007,0.06469869744976374,0.26614930064732073,26411525.16,🟢 CORE (big + stable)
Nexen_SUV / 4x4_All Terrain (A/T)_0021,0.008810119082353088,0.2963912314858724,8948929.92,low
Nexen_SUV / 4x4_All Terrain (A/T)_0024,0.012447546230961408,0.2354496899162057,12516581.47,low
Nexen_SUV / 4x4_All Terrain (A/T)_0025,0.046374866064515144,0.2517450696289769,19665627.92,low
Nexen_SUV / 4x4_All Terrain (A/T)_0040,0.4065088254896117,0.2941204901085768,22424889.2,🟢 CORE (big + stable)
Nexen_SUV / 4x4_Highway Terrain (H/T)_0011,0.08128094209603882,0.2938033894097413,22327706.169999998,🟢 CORE (big + stable)
Nexen_SUV / 4x4_Mud Terrain (M/T)_0048,0.006438490497454725,0.29610296699644323,9812437.28,low
Nokian_Agrícola_Implementos_0011,0.041167900177237975,0.2845858176444889,32932900.64,low
Nokian_Agrícola_Implementos_0014,0.011730382870043634,0.3084704761901242,18283195.45,low
Nokian_Agrícola_Implementos_0067,0.060250937916303385,0.30107285368512865,39268626.3,🟢 CORE (big + stable)
Nokian_Agrícola_Implementos_0068,0.04818577130767565,0.3058046738582998,38519322.49,low
Nokian_Agrícola_Implementos_0078,0.03536499307209762,0.32243453009133416,24641986.31,⚠️ VOLATILE (small + risky)
Nokian_Agrícola_Implementos_0079,0.045681442375319764,0.3701059157894151,36717152.51,⚠️ VOLATILE (small + risky)
Nokian_Agrícola_Premium Radial_0008,0.018701773596528342,0.2677811915055286,11164069.46,low
Nokian_Agrícola_Tractor_0025,0.04230382097036547,0.24833364155239593,23817699.1,low
Nokian_Agrícola_Tractor_0026,0.005698433379360115,0.24898766793713614,9178869.44,low
Nokian_Agrícola_Tractor_0032,0.036992628748261626,0.2843549461906369,29340881.92,low
Nokian_Camión_Long Haul_0007,0.07128663952431236,0.2542365891378242,37242356.08,🟢 CORE (big + stable)
Nokian_Camión_Long Haul_0058,0.05827233244989333,0.3130507902428066,31647857.96,⚠️ VOLATILE (small + risky)
Nokian_Camión_Long Haul_0078,0.01629435164772968,0.2417293915465801,20962918.92,low
Nokian_Camión_Obras / Mixto_0033,0.04869396411182325,0.23071332672819508,28097809.2,low
Nokian_Camión_Obras / Mixto_0071,0.07082475387206118,0.2787929292206635,24798476.23,🟢 CORE (big + stable)
Nokian_Camión_Regional_0031,0.06216357204897996,0.26180129886844206,32516652.99,🟢 CORE (big + stable)
Nokian_Camión_Regional_0054,0.03767607289782454,0.26419230251793846,20362854.1,low
Nokian_Camión_Regional_0064,0.017744711384572634,0.2638814609218689,17596596.41,low
Nokian_Camión_Regional_0076,0.06470190736379766,0.23922318019600303,27875968.42,🟢 CORE (big + stable)
Nokian_Coche_Budget_0002,0.02633890427041273,0.351471384053668,6008609.51,⚠️ VOLATILE (small + risky)
Nokian_Coche_Budget_0058,0.08087159427264352,0.4397418465401644,12425112.28,🔥 CRITICAL (big + risky)
Nokian_Coche_Performance_0033,0.042987819524747,0.3061591815390306,21158961.96,low
Nokian_Coche_Performance_0039,0.048968233197693105,0.24778568986620036,24103786.64,low
Nokian_Coche_Performance_0040,0.05178064830640415,0.30395387867287005,28643169.65,low
Nokian_Coche_Touring_0050,0.05285408425937748,0.2808339671245588,12542544.9,low
Nokian_Coche_Touring_0063,0.00947564450667383,0.3658402117880741,6526404.77,⚠️ VOLATILE (small + risky)
Nokian_Furgoneta_Reforzado_0037,0.09824995617069593,0.25464118034645444,19533962.07,🟢 CORE (big + stable)
Nokian_Furgoneta_Reforzado_0046,0.007859922018447756,0.27626557448952405,6603864.77,low
Nokian_Furgoneta_Reforzado_0072,0.057492633666866085,0.2789367395367311,19460347.26,low
Nokian_Furgoneta_Standard_0010,0.09546431839489285,0.3172872908986263,25356061.22,🔥 CRITICAL (big + risky)
Nokian_Furgoneta_Standard_0015,0.07272281146691235,0.28451626969588084,13966198.46,🟢 CORE (big + stable)
Nokian_Furgoneta_Standard_0020,0.05893903042554792,0.25982005129405156,15630622.4,low
Nokian_Furgoneta_Standard_0032,0.006034961425027381,0.3311740865422386,2737003.91,⚠️ VOLATILE (small + risky)
Nokian_Furgoneta_Standard_0042,0.028707564211390525,0.2687579565129769,11082337.95,low
Nokian_Furgoneta_Standard_0056,0.03485933513447233,0.2758506190914933,9014892.32,low
Nokian_Furgoneta_Standard_0061,0.09537634057675815,0.2599761044591639,17356867.3,🟢 CORE (big + stable)
Nokian_Furgoneta_Standard_0063,0.05170767104922062,0.23229125518109858,14020847.05,low
Nokian_Industrial_Construcción Pesada_0018,0.1371773968197672,0.3084263016754308,33507076.91,🟢 CORE (big + stable)
Nokian_Industrial_Construcción Pesada_0021,0.012810859314971015,0.2852742821242809,15227875.24,low
Nokian_Industrial_Construcción Pesada_0034,0.06122353226881848,0.32528911292249774,29282901.580000002,🔥 CRITICAL (big + risky)
Nokian_Industrial_Construcción Pesada_0047,0.020731232280596583,0.3137058627482029,17313688.35,⚠️ VOLATILE (small + risky)
Nokian_Industrial_Manipulación Ligera_0003,0.11098311932260536,0.31656691343560506,37488013.88,🔥 CRITICAL (big + risky)
Nokian_Industrial_Manipulación Ligera_0014,0.010329579479499964,0.2869621965951941,8980653.47,low
Nokian_Industrial_Manipulación Ligera_0031,0.06550883291629055,0.29871047063440215,24874577.51,🟢 CORE (big + stable)
Nokian_Industrial_Manipulación Ligera_0034,0.06198656002223475,0.24424705074422678,23482458.44,🟢 CORE (big + stable)
Nokian_Industrial_Manipulación Ligera_0059,0.053300635339064546,0.25607495133750036,21620538.0,low
Nokian_Industrial_Manipulación Ligera_0064,0.08079894654402496,0.3078779017392905,28283873.71,🟢 CORE (big + stable)
Nokian_Industrial_Manipulación Ligera_0076,1.4929577464788732,0.2555959948201646,12693409.87,🟢 CORE (big + stable)
Nokian_Industrial_Portuario/Especial_0004,0.011055238762167758,0.24227298274741402,960872.6,low
Nokian_Industrial_Portuario/Especial_0017,0.06024096781399275,0.23475182056271193,2133021.24,🟢 CORE (big + stable)
Nokian_Industrial_Portuario/Especial_0072,0.12451148501143024,0.26679059561256857,2959134.84,🟢 CORE (big + stable)
Nokian_SUV / 4x4_All Terrain (A/T)_0019,0.03252520461239372,0.3010445420811827,15497292.07,low
Nokian_SUV / 4x4_All Terrain (A/T)_0044,0.06196911026841272,0.31143163478883423,25318755.7,🔥 CRITICAL (big + risky)
Nokian_SUV / 4x4_All Terrain (A/T)_0045,0.07320605678400532,0.3630823054707148,29924523.64,🔥 CRITICAL (big + risky)
Nokian_SUV / 4x4_All Terrain (A/T)_0058,0.023653501982725506,0.3193530365682457,15536621.75,⚠️ VOLATILE (small + risky)
Nokian_SUV / 4x4_All Terrain (A/T)_0064,0.5497286547099521,0.2855008507648521,23672789.79,🟢 CORE (big + stable)
Nokian_SUV / 4x4_Highway Terrain (H/T)_0002,0.02259684634341534,0.3628995367075589,11325904.01,⚠️ VOLATILE (small + risky)
Nokian_SUV / 4x4_Highway Terrain (H/T)_0069,0.04155208023577892,0.32952263679202504,6734370.02,⚠️ VOLATILE (small + risky)
Nokian_SUV / 4x4_Mud Terrain (M/T)_0050,0.007172403354319525,0.25910320150001104,10918929.05,low
Nokian_SUV / 4x4_Mud Terrain (M/T)_0064,0.042756157318452094,0.22622380651971397,24662986.73,low
Nokian_SUV / 4x4_Mud Terrain (M/T)_0075,0.019683943497408398,0.2485260097506101,18011554.03,low
Pirelli_Agrícola_Implementos_0029,0.049785614182099557,0.29752505621669406,32647030.5,low
Pirelli_Agrícola_Implementos_0059,0.014489887815113294,0.31425849145381823,20070231.76,⚠️ VOLATILE (small + risky)
Pirelli_Agrícola_Premium Radial_0007,0.028047621175191245,0.2899019562040075,19915625.87,low
Pirelli_Agrícola_Premium Radial_0016,0.08069091175948151,0.26412665156757015,36100004.44,🟢 CORE (big + stable)
Pirelli_Agrícola_Premium Radial_0053,0.00804572900910371,0.31418508690761837,9917310.53,⚠️ VOLATILE (small + risky)
Pirelli_Agrícola_Premium Radial_0056,0.053194211021473495,0.26443757254838995,26319821.1,low
Pirelli_Agrícola_Premium Radial_0064,0.10494404164787793,0.2433953413272501,25187813.63,🟢 CORE (big + stable)
Pirelli_Agrícola_Premium Radial_0072,0.07727438222763126,0.2825721650813813,38561660.12,🟢 CORE (big + stable)
Pirelli_Agrícola_Premium Radial_0078,0.011902964785661274,0.2616333646348152,13242900.15,low
Pirelli_Agrícola_Tractor_0070,0.04392087867207819,0.33513230014306283,30473971.14,⚠️ VOLATILE (small + risky)
Pirelli_Agrícola_Tractor_0074,0.1125040310321802,0.3551375774454931,38632729.19,🔥 CRITICAL (big + risky)
Pirelli_Agrícola_Tractor_0076,0.013901457244843186,0.3272425384032496,11891182.44,⚠️ VOLATILE (small + risky)
Pirelli_Camión_Long Haul_0033,0.0585846095976813,0.2259105100116921,31345809.75,low
Pirelli_Camión_Obras / Mixto_0043,0.05852956236632546,0.2306612768891329,32402230.47,low
Pirelli_Camión_Obras / Mixto_0044,0.052516553009887855,0.22127927758382868,29962604.79,low
Pirelli_Camión_Obras / Mixto_0058,0.009625765772255719,0.2831428561084721,13260209.93,low
Pirelli_Camión_Obras / Mixto_0079,0.05297355895670108,0.26898573435059725,30301381.06,low
Pirelli_Camión_Regional_0024,0.1024144250718105,0.2806858007278586,31950559.38,🟢 CORE (big + stable)
Pirelli_Camión_Regional_0061,0.00898816163207838,0.2814758912791549,9616550.75,low
Pirelli_Camión_Regional_0072,0.09822285442818159,0.24766477013968768,30527977.56,🟢 CORE (big + stable)
Pirelli_Coche_Budget_0010,0.056273746069471525,0.3708623819878141,8625036.19,⚠️ VOLATILE (small + risky)
Pirelli_Coche_Budget_0025,0.016116532070389714,0.4260827951336811,4636476.22,⚠️ VOLATILE (small + risky)
Pirelli_Coche_Budget_0079,0.016597244242691205,0.4631345996051459,4842057.41,⚠️ VOLATILE (small + risky)
Pirelli_Coche_Eco_0006,0.008764636787792879,0.30142556313320434,8006969.38,low
Pirelli_Coche_Eco_0011,0.005554938477102316,0.312255009231663,5088353.81,⚠️ VOLATILE (small + risky)
Pirelli_Coche_Eco_0016,0.006526856131919323,0.35613272505099525,6002563.76,⚠️ VOLATILE (small + risky)
Pirelli_Coche_Eco_0078,0.011743181329210295,0.3563419733860566,9513188.26,⚠️ VOLATILE (small + risky)
Pirelli_Coche_Performance_0060,0.021239809955398203,0.2578079647999026,16975272.98,low
Pirelli_Furgoneta_Reforzado_0028,0.08518138746399023,0.23254340579693833,16926072.990000002,🟢 CORE (big + stable)
Pirelli_Furgoneta_Reforzado_0054,0.006505318809472572,0.28059642096754583,5476525.56,low
Pirelli_Furgoneta_Standard_0041,0.0061083797963409564,0.31534183752961087,2925452.73,⚠️ VOLATILE (small + risky)
Pirelli_Furgoneta_Standard_0049,0.016754403596522357,0.2684909566606278,7576280.13,low
Pirelli_Industrial_Construcción Pesada_0063,0.05282848034471331,0.2900188520050011,24262454.41,low
Pirelli_Industrial_Portuario/Especial_0040,0.02584421741870747,0.24893092335569722,1318811.6199999999,low
Pirelli_Industrial_Portuario/Especial_0056,0.006458991590030878,0.2422250755399726,570559.09,low
Pirelli_Industrial_Portuario/Especial_0068,0.07219809553626944,0.25568679436924885,1756413.8800000001,🟢 CORE (big + stable)
Pirelli_SUV / 4x4_All Terrain (A/T)_0003,0.06161123379724431,0.2840975877897048,26135172.0,🟢 CORE (big + stable)
Pirelli_SUV / 4x4_All Terrain (A/T)_0046,0.03808599824934124,0.3161008243752562,17292488.48,⚠️ VOLATILE (small + risky)
Pirelli_SUV / 4x4_All Terrain (A/T)_0063,0.034991323948932944,0.303963676244809,16889421.46,low
Pirelli_SUV / 4x4_All Terrain (A/T)_0068,0.06919790900663189,0.23967035870307415,29286374.48,🟢 CORE (big + stable)
Pirelli_SUV / 4x4_Highway Terrain (H/T)_0005,0.03510647762887446,0.31797916841498836,12680035.01,⚠️ VOLATILE (small + risky)
Pirelli_SUV / 4x4_Highway Terrain (H/T)_0037,0.07724265855186817,0.33337213138963695,21278818.66,🔥 CRITICAL (big + risky)
Pirelli_SUV / 4x4_Highway Terrain (H/T)_0061,0.0645514599380059,0.34431895190335554,18554190.55,🔥 CRITICAL (big + risky)
Pirelli_SUV / 4x4_Highway Terrain (H/T)_0066,0.048944068996193676,0.2891730907596884,14596878.56,low
Pirelli_SUV / 4x4_Highway Terrain (H/T)_0067,0.05341448581329141,0.3296112092634521,15897213.74,⚠️ VOLATILE (small + risky)
Pirelli_SUV / 4x4_Highway Terrain (H/T)_0074,0.04241666442049072,0.36941573614302065,13640315.31,⚠️ VOLATILE (small + risky)
Pirelli_SUV / 4x4_Highway Terrain (H/T)_0075,0.019471249095876973,0.29602521246701485,12266425.629999999,low
Pirelli_SUV / 4x4_Mud Terrain (M/T)_0017,0.05563948160736992,0.24248716033931103,32054248.37,low
Pirelli_SUV / 4x4_Mud Terrain (M/T)_0059,0.033450755747462015,0.274630294401776,21950348.91,low
Roadmarch_Agrícola_Implementos_0004,0.012490620313928294,0.3458739137775202,21142108.52,⚠️ VOLATILE (small + risky)
Roadmarch_Agrícola_Implementos_0023,0.0047608308825014,0.2813066292993996,9463752.72,low
Roadmarch_Agrícola_Premium Radial_0011,0.05448900341414102,0.2710728827982469,24347620.82,low
Roadmarch_Agrícola_Premium Radial_0027,0.06947521689456,0.25663353359979657,34536754.82,🟢 CORE (big + stable)
Roadmarch_Agrícola_Premium Radial_0061,0.020574925591489237,0.29071789455914865,12203557.25,low
Roadmarch_Agrícola_Tractor_0012,0.04267131785287173,0.24315532217090294,30315941.13,low
Roadmarch_Camión_Long Haul_0014,0.009030622936839795,0.22961101299260783,14580593.65,low
Roadmarch_Camión_Obras / Mixto_0008,0.018362110656106576,0.2356083330517569,20864107.87,low
Roadmarch_Camión_Obras / Mixto_0042,0.13451114578947576,0.24020282768389004,42374510.28,🟢 CORE (big + stable)
Roadmarch_Camión_Regional_0027,0.022679847573630993,0.2545473322450827,17637485.16,low
Roadmarch_Camión_Regional_0050,0.09563621591460189,0.31400474936871453,41197556.15,🔥 CRITICAL (big + risky)
Roadmarch_Camión_Regional_0079,0.018004515836354793,0.3209377784982766,13934846.19,⚠️ VOLATILE (small + risky)
Roadmarch_Coche_Budget_0024,0.00642144636229563,0.4408151353871957,2438105.79,⚠️ VOLATILE (small + risky)
Roadmarch_Coche_Budget_0057,0.010958710492743126,0.38569314371190905,3345872.4,⚠️ VOLATILE (small + risky)
Roadmarch_Coche_Eco_0013,0.07764692830388976,0.32041501874360034,28524194.54,🔥 CRITICAL (big + risky)
Roadmarch_Coche_Eco_0050,0.046800350073498205,0.29090269300623506,15927926.19,low
Roadmarch_Coche_Eco_0052,0.04627878837749964,0.2945416847003419,16984161.72,low
Roadmarch_Coche_Eco_0066,0.034888047966836845,0.37453632538540166,12316598.42,⚠️ VOLATILE (small + risky)
Roadmarch_Coche_Eco_0076,0.04828612886001135,0.280758556352345,16336834.44,low
Roadmarch_Coche_Performance_0003,0.06568148888863444,0.4109202731237763,32336625.22,🔥 CRITICAL (big + risky)
Roadmarch_Coche_Performance_0017,0.036034251277082395,0.29231819734955283,20090670.57,low
Roadmarch_Coche_Performance_0059,0.012549559150286873,0.28652011615949174,14029170.99,low
Roadmarch_Coche_Touring_0047,0.011779622951428974,0.36033118456180063,7350726.52,⚠️ VOLATILE (small + risky)
Roadmarch_Coche_Touring_0054,0.010103648436627618,0.3156218578484086,5916101.95,⚠️ VOLATILE (small + risky)
Roadmarch_Furgoneta_Standard_0018,0.031724096359869954,0.2689784334343853,8885475.15,low
Roadmarch_Industrial_Construcción Pesada_0006,0.009403094296144726,0.26304053432643315,5708400.62,low
Roadmarch_Industrial_Construcción Pesada_0011,0.05779938903473991,0.25363550454836997,27619013.29,low
Roadmarch_Industrial_Construcción Pesada_0035,0.006427153793081422,0.25465703060605055,7645111.21,low
Roadmarch_Industrial_Construcción Pesada_0038,0.018932519829240605,0.24810437030908736,11479067.47,low
Roadmarch_Industrial_Construcción Pesada_0050,0.07163520269682204,0.24094180370335458,32438523.87,🟢 CORE (big + stable)
Roadmarch_Industrial_Construcción Pesada_0068,0.05130081134571552,0.2544324756479751,23273554.33,low
Roadmarch_Industrial_Manipulación Ligera_0042,0.09435371685737416,0.35464656862312427,35887773.51,🔥 CRITICAL (big + risky)
Roadmarch_Industrial_Manipulación Ligera_0065,0.052903615696878625,0.31724259030397406,20337698.61,⚠️ VOLATILE (small + risky)
Roadmarch_Industrial_Portuario/Especial_0002,0.0880779070139129,0.21150820360324527,2090324.1400000001,🟢 CORE (big + stable)
Roadmarch_Industrial_Portuario/Especial_0062,0.04471466818078004,0.21252308214982268,1581478.49,low
Roadmarch_SUV / 4x4_All Terrain (A/T)_0026,0.037387760005973956,0.30261001189790304,16815830.01,low
Roadmarch_SUV / 4x4_All Terrain (A/T)_0042,0.011484169401132421,0.312918759461123,11650523.19,⚠️ VOLATILE (small + risky)
Roadmarch_SUV / 4x4_All Terrain (A/T)_0054,0.05171256906948868,0.2971402487318754,21869576.16,low
Roadmarch_SUV / 4x4_All Terrain (A/T)_0062,0.008635270440751663,0.28893055563602354,8792881.82,low
Roadmarch_SUV / 4x4_All Terrain (A/T)_0066,0.015334261860932997,0.27792186321489815,13589658.57,low
Roadmarch_SUV / 4x4_Highway Terrain (H/T)_0015,0.007099068033585323,0.3285776815779864,5259801.81,⚠️ VOLATILE (small + risky)
Roadmarch_SUV / 4x4_Highway Terrain (H/T)_0024,0.009601582038934011,0.3751410700875554,7147073.82,⚠️ VOLATILE (small + risky)
Sailun_Agrícola_Premium Radial_0021,0.061999699400121226,0.22080011558318363,17111673.09,🟢 CORE (big + stable)
Sailun_Agrícola_Premium Radial_0046,0.10862599800337211,0.23293323025055737,26119285.29,🟢 CORE (big + stable)
Sailun_Agrícola_Premium Radial_0066,0.04931781084655717,0.24828192986842504,24380568.42,low
Sailun_Camión_Obras / Mixto_0016,0.06506613706820023,0.2520611330941401,24736124.64,🟢 CORE (big + stable)
Sailun_Camión_Obras / Mixto_0019,0.04272298902132327,0.27024368328145787,23097199.47,low
Sailun_Camión_Obras / Mixto_0036,0.014165653209525638,0.20349213636158242,19246302.09,low
Sailun_Camión_Regional_0030,0.008164662093626195,0.27169791545406247,10623272.81,low
Sailun_Coche_Eco_0021,0.008930263691975316,0.3454105989105712,8156569.53,⚠️ VOLATILE (small + risky)
Sailun_Coche_Eco_0031,0.0412487501895917,0.26792035165772904,15174470.59,low
Sailun_Coche_Eco_0047,0.01754566809685356,0.3855442787229201,10075390.52,⚠️ VOLATILE (small + risky)
Sailun_Coche_Performance_0030,0.007992210124201078,0.25283034985707015,10976712.15,low
Sailun_Coche_Performance_0055,0.018592554446124832,0.257749221149475,15231667.32,low
Sailun_Coche_Touring_0025,0.017853415954721025,0.363804324190386,8218338.18,⚠️ VOLATILE (small + risky)
Sailun_Coche_Touring_0062,0.03674567043296279,0.36583846986465995,10819225.97,⚠️ VOLATILE (small + risky)
Sailun_Furgoneta_Reforzado_0047,0.026000593010612746,0.2502390812904422,13389796.01,low
Sailun_Industrial_Construcción Pesada_0026,0.024422616279734195,0.23960947360219365,13187442.540000001,low
Sailun_Industrial_Construcción Pesada_0057,0.050322695365595894,0.2310371137321148,25052028.87,low
Sailun_Industrial_Portuario/Especial_0006,0.02005088915580579,0.22910908577191616,1193908.94,low
Sailun_SUV / 4x4_All Terrain (A/T)_0027,0.0555224262387939,0.2653644062212898,23551690.64,low
Sailun_SUV / 4x4_Highway Terrain (H/T)_0047,0.04687734352145531,0.3270436004548848,14100166.95,⚠️ VOLATILE (small + risky)
Sailun_SUV / 4x4_Mud Terrain (M/T)_0008,0.004065794736881558,0.2418657943837393,5850954.11,low
Sailun_SUV / 4x4_Mud Terrain (M/T)_0022,0.00624154071019985,0.2736320569595875,8960225.66,low
Sailun_SUV / 4x4_Mud Terrain (M/T)_0049,0.03392264217825214,0.2788534591066551,22208499.4,low
Sailun_SUV / 4x4_Mud Terrain (M/T)_0071,0.0061649044052761144,0.2632619358789357,8849152.959999999,low
Tomket_Agrícola_Premium Radial_0009,0.05189332029543985,0.25891886949925047,25616744.28,low
Tomket_Agrícola_Premium Radial_0030,0.004702410574225364,0.2960235733439921,5236368.74,low
Tomket_Agrícola_Premium Radial_0050,0.019397107163557605,0.27747152102667183,18050829.52,low
Tomket_Agrícola_Premium Radial_0077,0.07549426765933792,0.2543539029975205,33835767.42,🟢 CORE (big + stable)
Tomket_Agrícola_Tractor_0054,0.007640558059619611,0.2785290623844192,12292717.25,low
Tomket_Camión_Long Haul_0025,0.016167645744652796,0.27640685872016535,20793399.3,low
Tomket_Camión_Long Haul_0028,0.06845019928898488,0.2714946707921529,35831884.05,🟢 CORE (big + stable)
Tomket_Camión_Long Haul_0031,0.09111534298226125,0.28881771541757084,47618232.75,🟢 CORE (big + stable)
Tomket_Camión_Long Haul_0050,0.04921686550184826,0.307556169836879,32011285.68,low
Tomket_Camión_Long Haul_0077,0.008776063972758824,0.23188541026693205,14155925.21,low
Tomket_Camión_Regional_0042,0.020516052281671988,0.27741687682013305,17167962.84,low
Tomket_Camión_Regional_0066,0.05432216230198014,0.27918191588245594,28397842.73,low
Tomket_Camión_Regional_0073,0.09607770506124959,0.33538438274886373,29909657.94,🔥 CRITICAL (big + risky)
Tomket_Coche_Eco_0002,0.055366398609842195,0.334828663886118,20344843.94,⚠️ VOLATILE (small + risky)
Tomket_Coche_Eco_0034,0.0648253849731992,0.3246763985553179,22121915.43,🔥 CRITICAL (big + risky)
Tomket_Coche_Eco_0037,0.007671966055362448,0.32422528925859645,6488736.64,⚠️ VOLATILE (small + risky)
Tomket_Coche_Performance_0073,0.00934568915020437,0.24363764922867365,12863052.86,low
Tomket_Coche_Performance_0079,0.021910506202299746,0.27021290320739244,17040163.830000002,low
Tomket_Coche_Touring_0057,0.05684269042020852,0.35544967044417397,15932810.43,⚠️ VOLATILE (small + risky)
Tomket_Coche_Touring_0058,0.020122723546742945,0.3432991252953502,8545147.02,⚠️ VOLATILE (small + risky)
Tomket_Furgoneta_Reforzado_0010,0.03627812075213863,0.23861502102284593,14427587.66,low
Tomket_Furgoneta_Reforzado_0041,0.06785937806910268,0.2825187897528025,22930594.58,🟢 CORE (big + stable)
Tomket_Furgoneta_Reforzado_0042,0.050838321819349074,0.2585440320668633,17207601.81,low
Tomket_Industrial_Construcción Pesada_0044,0.14947014799872108,0.23886648673030683,36441796.35,🟢 CORE (big + stable)
Tomket_Industrial_Construcción Pesada_0074,0.06767226257010796,0.23927505652232023,16928049.09,🟢 CORE (big + stable)
Tomket_Industrial_Manipulación Ligera_0054,0.07019206837607943,0.33812330088050047,23625591.05,🔥 CRITICAL (big + risky)
Tomket_Industrial_Portuario/Especial_0053,0.013285366608466216,0.2582109104651474,829977.03,low
Tomket_SUV / 4x4_All Terrain (A/T)_0049,0.02209940557641219,0.23193040514598606,15109378.32,low
Tomket_SUV / 4x4_All Terrain (A/T)_0069,0.051789411394434416,0.3835536797943999,21994495.58,⚠️ VOLATILE (small + risky)
Tomket_SUV / 4x4_Highway Terrain (H/T)_0028,0.04909001401768036,0.37904278565429206,14974019.69,⚠️ VOLATILE (small + risky)
Tomket_SUV / 4x4_Mud Terrain (M/T)_0011,0.06017831039916671,0.2766667205253301,34831919.38,🟢 CORE (big + stable)
Tomket_SUV / 4x4_Mud Terrain (M/T)_0029,0.024167339758111757,0.25431027655826843,18860715.4,low
Tomket_SUV / 4x4_Mud Terrain (M/T)_0034,0.011988634177211003,0.3123676641069934,17002339.330000002,⚠️ VOLATILE (small + risky)
Tomket_SUV / 4x4_Mud Terrain (M/T)_0046,0.00878682923733004,0.2821338648266704,12645986.05,low
Tomket_SUV / 4x4_Mud Terrain (M/T)_0057,0.005752179425127864,0.3214418530841865,8289656.9399999995,⚠️ VOLATILE (small + risky)
Toyo Tires_Agrícola_Implementos_0032,0.04244091434071665,0.3576685937628124,34099155.92,⚠️ VOLATILE (small + risky)
Toyo Tires_Agrícola_Implementos_0033,0.043321295155789204,0.3352675394733423,28318395.8,⚠️ VOLATILE (small + risky)
Toyo Tires_Agrícola_Implementos_0043,0.034200005042658896,0.2926112551814608,28058355.57,low
Toyo Tires_Agrícola_Implementos_0052,0.024298081926418292,0.3342638878016038,24617023.52,⚠️ VOLATILE (small + risky)
Toyo Tires_Agrícola_Premium Radial_0001,0.0424208258632476,0.2772643150360391,22092884.42,low
Toyo Tires_Agrícola_Premium Radial_0045,0.012176438811655534,0.2793103562136316,13533854.31,low
Toyo Tires_Agrícola_Premium Radial_0069,0.07729945391863627,0.2615062929361365,38346014.56,🟢 CORE (big + stable)
Toyo Tires_Agrícola_Tractor_0021,0.00585362693629002,0.2996040649018497,9420305.56,low
Toyo Tires_Agrícola_Tractor_0048,0.046088713926130155,0.23025722087046113,25161491.05,low
Toyo Tires_Agrícola_Tractor_0073,0.01159347418615366,0.2504515636967108,15385043.76,low
Toyo Tires_Camión_Long Haul_0000,0.02487387021845192,0.2539849352050477,22883914.94,low
Toyo Tires_Camión_Obras / Mixto_0004,0.06563645040182914,0.28673355560468805,36388654.26,🟢 CORE (big + stable)
Toyo Tires_Camión_Obras / Mixto_0017,0.04852670237319947,0.21557305379546757,28027975.7,low
Toyo Tires_Camión_Regional_0020,0.007221569664888365,0.28695339751480003,9415607.17,low
Toyo Tires_Camión_Regional_0022,0.04776694321591367,0.2545597822323363,24980990.53,low
Toyo Tires_Camión_Regional_0034,0.0064494681167937,0.2268851536986624,8383702.8,low
Toyo Tires_Camión_Regional_0048,0.011987624812255541,0.2956383305670615,14931280.08,low
Toyo Tires_Coche_Budget_0017,0.06787646664578086,0.47558397361040805,8477237.48,🔥 CRITICAL (big + risky)
Toyo Tires_Coche_Eco_0026,0.0266692010840907,0.3254579342072602,11248065.18,⚠️ VOLATILE (small + risky)
Toyo Tires_Coche_Eco_0074,0.004420497382944114,0.2976170084269036,4034374.78,low
Toyo Tires_Coche_Performance_0046,0.034732464434960704,0.32224014401291234,18087470.24,⚠️ VOLATILE (small + risky)
Toyo Tires_Coche_Performance_0062,0.007630467890833824,0.28622996064167455,10485844.14,low
Toyo Tires_Coche_Touring_0021,0.0418561812384863,0.3354678140196741,10548093.27,⚠️ VOLATILE (small + risky)
Toyo Tires_Coche_Touring_0029,0.04101835290437684,0.3041102415627256,11496515.38,low
Toyo Tires_Furgoneta_Reforzado_0001,0.0753470188663008,0.3013582854112264,14998083.17,🟢 CORE (big + stable)
Toyo Tires_Furgoneta_Reforzado_0062,0.10839386703056411,0.2553513697274125,31299552.44,🟢 CORE (big + stable)
Toyo Tires_Furgoneta_Reforzado_0063,0.08803857890476147,0.2883670450601156,25406060.77,🟢 CORE (big + stable)
Toyo Tires_Furgoneta_Reforzado_0070,0.015341287022120455,0.31388529855576863,10880382.57,⚠️ VOLATILE (small + risky)
Toyo Tires_Furgoneta_Standard_0004,0.08521992304437181,0.3347465687711636,16417969.83,🔥 CRITICAL (big + risky)
Toyo Tires_Furgoneta_Standard_0026,0.08474749230870822,0.25591345286626166,15441182.58,🟢 CORE (big + stable)
Toyo Tires_Furgoneta_Standard_0034,0.04550855453521267,0.2978235136224589,9635730.71,low
Toyo Tires_Furgoneta_Standard_0050,0.02084214940951099,0.2778231902031214,10610288.19,low
Toyo Tires_Furgoneta_Standard_0057,0.06957225364952416,0.2599093725059508,13239102.47,🟢 CORE (big + stable)
Toyo Tires_Industrial_Construcción Pesada_0024,0.023548221861746314,0.2568436986840806,18052367.13,low
Toyo Tires_Industrial_Construcción Pesada_0054,0.038573976988919643,0.23752592856567714,19665719.82,low
Toyo Tires_Industrial_Portuario/Especial_0015,0.011817692790468728,0.2206916818021525,995274.56,low
Toyo Tires_Industrial_Portuario/Especial_0018,0.15297481732281806,0.23438932420031677,3637503.77,🟢 CORE (big + stable)
Toyo Tires_Industrial_Portuario/Especial_0064,0.01843939409157663,0.2580029819442058,1078233.64,low
Toyo Tires_SUV / 4x4_All Terrain (A/T)_0008,0.09697907117287578,0.3201126319553327,39605378.95,🔥 CRITICAL (big + risky)
Toyo Tires_SUV / 4x4_All Terrain (A/T)_0010,0.05764291890684454,0.2802307268977985,23580975.84,low
Toyo Tires_SUV / 4x4_Highway Terrain (H/T)_0022,0.16826869549470932,0.25313750137828656,45713653.99,🟢 CORE (big + stable)
Toyo Tires_SUV / 4x4_Highway Terrain (H/T)_0030,0.013834690836574006,0.3335659930216039,9709182.76,⚠️ VOLATILE (small + risky)
Toyo Tires_SUV / 4x4_Highway Terrain (H/T)_0063,0.05042589101525401,0.32203514942054856,13277355.24,⚠️ VOLATILE (small + risky)
Toyo Tires_SUV / 4x4_Highway Terrain (H/T)_0064,0.05916978716177599,0.3327527080765534,17646408.24,🔥 CRITICAL (big + risky)
Toyo Tires_SUV / 4x4_Mud Terrain (M/T)_0005,0.08093792377507739,0.2954943872817029,46771135.19,🟢 CORE (big + stable)
Tracmax_Agrícola_Implementos_0015,0.02609706567276215,0.29728837245780165,22327554.66,low
Tracmax_Agrícola_Implementos_0036,0.05547384769371432,0.32101373956222135,44471406.63,⚠️ VOLATILE (small + risky)
Tracmax_Agrícola_Implementos_0042,0.05577088740293626,0.2945533330165963,44665016.74,low
Tracmax_Agrícola_Premium Radial_0060,0.0076187557288257745,0.2924229968565753,9370403.9,low
Tracmax_Agrícola_Tractor_0028,0.08514244611547722,0.2892689819009759,29540318.45,🟢 CORE (big + stable)
Tracmax_Camión_Long Haul_0018,0.06816171728797125,0.3457217700640043,35728499.39,🔥 CRITICAL (big + risky)
Tracmax_Camión_Long Haul_0034,0.051745163874861194,0.25660691680858627,33534977.76,low
Tracmax_Camión_Long Haul_0063,0.062165069489097544,0.2662204041672084,32513830.0,🟢 CORE (big + stable)
Tracmax_Camión_Obras / Mixto_0005,0.05665171644200241,0.2660050285081746,32407492.9,low
Tracmax_Camión_Obras / Mixto_0046,0.12335337963920719,0.2848236078491607,38842212.91,🟢 CORE (big + stable)
Tracmax_Camión_Obras / Mixto_0047,0.0480176105897735,0.27362315674379833,28451960.57,low
Tracmax_Camión_Regional_0014,0.013311856480169335,0.24225204285348442,14266269.43,low
Tracmax_Coche_Budget_0040,0.00571977887013964,0.4630015505012651,2163853.5,⚠️ VOLATILE (small + risky)
Tracmax_Coche_Budget_0056,0.0320573071047593,0.38430549799277297,6435058.43,⚠️ VOLATILE (small + risky)
Tracmax_Coche_Eco_0020,0.018461230348322148,0.3604552421213613,10105072.27,⚠️ VOLATILE (small + risky)
Tracmax_Coche_Eco_0028,0.0544153533752033,0.30608136227477634,20030260.7,low
Tracmax_Coche_Performance_0056,0.07816617730687533,0.2942965055841621,38434259.74,🟢 CORE (big + stable)
Tracmax_Coche_Performance_0065,0.053652340846821106,0.28044804592731654,26368033.01,low
Tracmax_Coche_Performance_0067,0.04527186467926952,0.26911098117426546,24940699.19,low
Tracmax_Coche_Touring_0014,0.00858876347455269,0.33951202757562127,5027597.77,⚠️ VOLATILE (small + risky)
Tracmax_Coche_Touring_0044,0.05817352098845149,0.3261798211983847,13687534.91,⚠️ VOLATILE (small + risky)
Tracmax_Furgoneta_Reforzado_0067,0.09963236292768364,0.27378588355021194,19840853.83,🟢 CORE (big + stable)
Tracmax_Furgoneta_Standard_0006,0.10761157489126796,0.29010286965862114,19620543.76,🟢 CORE (big + stable)
Tracmax_Furgoneta_Standard_0044,0.00923621571510125,0.32253864435825297,6090426.03,⚠️ VOLATILE (small + risky)
Tracmax_Industrial_Construcción Pesada_0030,0.01754610332693116,0.275242004488115,16713381.45,low
Tracmax_Industrial_Construcción Pesada_0033,0.048777225066735125,0.24448278252557273,24492721.91,low
Tracmax_Industrial_Manipulación Ligera_0011,0.019839078955494673,0.3626668012077529,15253710.4,⚠️ VOLATILE (small + risky)
Tracmax_Industrial_Manipulación Ligera_0052,0.05511213330870845,0.29915052701195094,20896253.26,low
Tracmax_Industrial_Portuario/Especial_0054,0.14724971745700097,0.2891615780888217,3748692.11,🟢 CORE (big + stable)
Tracmax_Industrial_Portuario/Especial_0078,0.07734692977763942,0.24965269314479574,2745901.08,🟢 CORE (big + stable)
Tracmax_SUV / 4x4_All Terrain (A/T)_0052,0.052924609570354976,0.24075281530198858,21616453.38,low
Tracmax_SUV / 4x4_All Terrain (A/T)_0075,0.06159640317110643,0.2470014235448925,26119188.33,🟢 CORE (big + stable)
Tracmax_SUV / 4x4_Highway Terrain (H/T)_0012,0.051451419296641196,0.3618335576546591,16671083.63,⚠️ VOLATILE (small + risky)
Tracmax_SUV / 4x4_Highway Terrain (H/T)_0026,0.056388291182897066,0.38570606096551635,16794716.01,⚠️ VOLATILE (small + risky)
Tracmax_SUV / 4x4_Mud Terrain (M/T)_0019,0.026308835839524976,0.257481427331431,18839379.830000002,low
Tracmax_SUV / 4x4_Mud Terrain (M/T)_0038,0.008047417224035779,0.24194224789135266,12233724.54,low
Triangle_Agrícola_Implementos_0047,0.039439965200360284,0.3305274979343733,31565523.03,⚠️ VOLATILE (small + risky)
Triangle_Agrícola_Implementos_0060,0.009946140610257127,0.278434267692707,19129497.76,low
Triangle_Agrícola_Premium Radial_0004,0.009675117945811966,0.2158778387149651,10771652.68,low
Triangle_Agrícola_Premium Radial_0037,0.013824847403478769,0.31016011850730507,15199768.32,⚠️ VOLATILE (small + risky)
Triangle_Agrícola_Tractor_0040,0.07235126858806883,0.25547445915310657,26032425.740000002,🟢 CORE (big + stable)
Triangle_Agrícola_Tractor_0068,0.07735364171798617,0.275471083105574,41035783.78,🟢 CORE (big + stable)
Triangle_Camión_Long Haul_0019,0.04285488040170932,0.2875543933286698,28163379.79,low
Triangle_Camión_Long Haul_0030,0.013915390383559673,0.23084456364426598,20204390.740000002,low
Triangle_Camión_Long Haul_0041,0.014012542682862249,0.23264848290700063,20480121.56,low
Triangle_Camión_Regional_0055,0.11110093503273197,0.2407820583436019,34549451.55,🟢 CORE (big + stable)
Triangle_Coche_Eco_0004,0.0272692656067554,0.30138742744784386,11185591.58,low
Triangle_Coche_Eco_0030,0.046488695189289324,0.3215966437061371,15768815.59,⚠️ VOLATILE (small + risky)
Triangle_Coche_Eco_0072,0.008462373049187639,0.30399195314211086,7724742.32,low
Triangle_Coche_Performance_0011,0.04883465600457731,0.2998887044822509,27013365.42,low
Triangle_Coche_Performance_0020,0.011698969795530633,0.27124502939090994,13697072.24,low
Triangle_Coche_Performance_0048,0.03181061735566983,0.2763525748053377,17397673.88,low
Triangle_Coche_Touring_0034,0.008839890953055513,0.3137723111540376,5181055.6,⚠️ VOLATILE (small + risky)
Triangle_Furgoneta_Reforzado_0015,0.015721379051354924,0.22925002073053635,7777090.42,low
Triangle_Furgoneta_Standard_0011,0.05235714237190297,0.2868953926197855,11736911.8,low
Triangle_Furgoneta_Standard_0068,0.01600465360503787,0.3103711838046729,7235574.7,⚠️ VOLATILE (small + risky)
Triangle_Furgoneta_Standard_0075,0.006911807876301559,0.348987724478403,3310250.86,⚠️ VOLATILE (small + risky)
Triangle_Industrial_Construcción Pesada_0039,0.0390739538525658,0.28084334253561954,20170106.75,low
Triangle_Industrial_Construcción Pesada_0066,0.136250695500779,0.20922256680497783,33236172.53,🟢 CORE (big + stable)
Triangle_Industrial_Construcción Pesada_0072,0.011979910257457886,0.2517134530796348,14252808.91,low
Triangle_Industrial_Manipulación Ligera_0079,0.08782109591652375,0.25050785409008697,29567681.94,🟢 CORE (big + stable)
Triangle_Industrial_Portuario/Especial_0035,0.00777492443299654,0.2473269486783723,686885.24,low
Triangle_Industrial_Portuario/Especial_0079,0.01571493958040818,0.3020780983433384,955017.91,low
Triangle_SUV / 4x4_All Terrain (A/T)_0051,0.03174885316783411,0.27702622495021173,15141774.620000001,low
Triangle_SUV / 4x4_All Terrain (A/T)_0057,0.048641862860973814,0.31608356197614357,20657432.98,⚠️ VOLATILE (small + risky)
Triangle_SUV / 4x4_All Terrain (A/T)_0060,0.0497041946908943,0.3246467050050738,20315950.93,⚠️ VOLATILE (small + risky)
Triangle_SUV / 4x4_Highway Terrain (H/T)_0042,0.06863279558008166,0.32554113515073574,20495598.06,🔥 CRITICAL (big + risky)
Triangle_SUV / 4x4_Mud Terrain (M/T)_0027,0.05533555201659057,0.2520906921979021,33933417.92,low
Uniroyal_Agrícola_Implementos_0019,0.05101683028508634,0.26151786240753805,33372405.3,low
Uniroyal_Agrícola_Implementos_0055,0.01103731468007934,0.3243473183326401,20165528.44,⚠️ VOLATILE (small + risky)
Uniroyal_Agrícola_Implementos_0074,0.029957676053056253,0.26195044443584015,23330684.22,low
Uniroyal_Agrícola_Premium Radial_0073,0.06758373689430708,0.27064899643795726,30246294.97,🟢 CORE (big + stable)
Uniroyal_Agrícola_Tractor_0044,0.09326672228722803,0.2970707959771229,60198458.06,🟢 CORE (big + stable)
Uniroyal_Camión_Long Haul_0062,0.036398667827203565,0.2500546860124824,26612427.4,low
Uniroyal_Camión_Obras / Mixto_0075,0.08979648502858453,0.2579710209984063,49784794.14,🟢 CORE (big + stable)
Uniroyal_Camión_Regional_0002,0.09487932761381215,0.24379472010910525,29475145.4,🟢 CORE (big + stable)
Uniroyal_Camión_Regional_0035,0.010298945213405094,0.23941556489437626,13399312.46,low
Uniroyal_Camión_Regional_0041,0.08561289099746641,0.26092750584342006,44742560.21,🟢 CORE (big + stable)
Uniroyal_Camión_Regional_0063,0.0759575967120949,0.2716945134750985,39705123.91,🟢 CORE (big + stable)
Uniroyal_Coche_Budget_0072,0.013671249086542346,0.45900403809329937,3695471.81,⚠️ VOLATILE (small + risky)
Uniroyal_Coche_Eco_0007,0.012237276791716082,0.26163385008204504,9580595.44,low
Uniroyal_Coche_Eco_0017,0.06636619890345445,0.2990051282183003,22501266.5,🟢 CORE (big + stable)
Uniroyal_Coche_Eco_0049,0.04501958019877802,0.26939183009481593,16506454.77,low
Uniroyal_Coche_Eco_0056,0.04890033183603293,0.38166729734849286,16643959.01,⚠️ VOLATILE (small + risky)
Uniroyal_Coche_Eco_0061,0.06085606665509059,0.30297079441010116,22332730.72,🟢 CORE (big + stable)
Uniroyal_Coche_Performance_0042,0.035933475084360275,0.28094018525791914,20568164.68,low
Uniroyal_Coche_Performance_0058,0.026938377179814822,0.26761966209661775,16521177.79,low
Uniroyal_Coche_Performance_0066,0.006056522019641972,0.27257288732903345,7394600.61,low
Uniroyal_Coche_Performance_0070,0.05433943771367485,0.3097341042792067,26711396.16,low
Uniroyal_Coche_Performance_0074,0.033832913391189996,0.2900243904789037,19892384.72,low
Uniroyal_Coche_Touring_0010,0.2371550758971344,0.33139537346717185,10982820.35,🔥 CRITICAL (big + risky)
Uniroyal_Coche_Touring_0020,0.007415833753196553,0.3958438730657247,5183148.73,⚠️ VOLATILE (small + risky)
Uniroyal_Furgoneta_Reforzado_0014,0.01597377998352629,0.23062529856223005,7895192.27,low
Uniroyal_Furgoneta_Reforzado_0025,0.07408596010282308,0.28132260039481816,25085535.95,🟢 CORE (big + stable)
Uniroyal_Furgoneta_Reforzado_0049,0.05117433257999658,0.2771578208115567,17256604.63,low
Uniroyal_Furgoneta_Reforzado_0050,0.05365546351364002,0.25657279360012397,18168422.97,low
Uniroyal_Furgoneta_Reforzado_0064,0.026859656871574024,0.3158104170687284,13965822.39,⚠️ VOLATILE (small + risky)
Uniroyal_Furgoneta_Standard_0023,0.021607770737551765,0.25691955963177376,8244093.45,low
Uniroyal_Furgoneta_Standard_0073,0.0709958418573138,0.3929219186317596,13872515.93,🔥 CRITICAL (big + risky)
Uniroyal_Industrial_Construcción Pesada_0008,0.01084042973743674,0.2799915668258316,12911781.66,low
Uniroyal_Industrial_Construcción Pesada_0073,0.05550699222602473,0.2758730220439039,26849456.78,low
Uniroyal_Industrial_Portuario/Especial_0020,0.06334301306276925,0.2609766006787517,2246215.25,🟢 CORE (big + stable)
Uniroyal_Industrial_Portuario/Especial_0041,0.030511625957808125,0.25596528014976777,1291402.08,low
Uniroyal_Industrial_Portuario/Especial_0070,0.013549021028025946,0.2796984477531014,848478.17,low
Uniroyal_SUV / 4x4_All Terrain (A/T)_0028,0.016323141271368302,0.26879172005843877,13550274.78,low
Uniroyal_SUV / 4x4_All Terrain (A/T)_0048,0.04371965783852982,0.321349161934475,18573475.72,⚠️ VOLATILE (small + risky)
Uniroyal_SUV / 4x4_Highway Terrain (H/T)_0000,0.15396937936558955,0.2991657596504096,29855544.91,🟢 CORE (big + stable)
Uniroyal_SUV / 4x4_Mud Terrain (M/T)_0023,0.05013531809160382,0.23191170734157682,30652033.79,low
Vredestein_Agrícola_Implementos_0030,0.05105537345777944,0.32227253500720504,33490254.54,⚠️ VOLATILE (small + risky)
Vredestein_Agrícola_Implementos_0044,0.009263880212104211,0.21999837188582966,15039979.52,low
Vredestein_Agrícola_Implementos_0056,0.0072244841340483755,0.24729361286903864,11735336.8,low
Vredestein_Agrícola_Implementos_0062,0.005167599299982922,0.2502354677571185,10259618.62,low
Vredestein_Agrícola_Premium Radial_0015,0.057991863200326704,0.2928857328377708,25959790.55,low
Vredestein_Agrícola_Premium Radial_0041,0.07276544446310249,0.29296022384293113,32661164.62,🟢 CORE (big + stable)
Vredestein_Agrícola_Tractor_0022,0.025083715653950924,0.2846313163965087,21247802.7,low
Vredestein_Agrícola_Tractor_0046,0.05790711806537195,0.3278974062074399,37514907.78,⚠️ VOLATILE (small + risky)
Vredestein_Agrícola_Tractor_0066,0.03434292390364981,0.30632766356481567,28275352.81,low
Vredestein_Camión_Long Haul_0061,0.016247482499055645,0.23301019069400086,12628126.94,low
Vredestein_Camión_Obras / Mixto_0007,0.011494318357200035,0.31329604891712454,9018083.42,⚠️ VOLATILE (small + risky)
Vredestein_Camión_Obras / Mixto_0015,0.07622464970572347,0.26638596738913756,43535354.58,🟢 CORE (big + stable)
Vredestein_Camión_Obras / Mixto_0024,0.012031357330383892,0.2740781814671086,16563494.93,low
Vredestein_Camión_Obras / Mixto_0034,0.038565811367462406,0.2221204837422322,24673698.71,low
Vredestein_Camión_Obras / Mixto_0037,0.12372257357939428,0.2975248802059355,38862399.94,🟢 CORE (big + stable)
Vredestein_Camión_Obras / Mixto_0064,0.0798098781339498,0.2640085207379221,44181848.64,🟢 CORE (big + stable)
Vredestein_Camión_Regional_0051,0.06467219492820311,0.23974667169536495,33867022.55,🟢 CORE (big + stable)
Vredestein_Coche_Budget_0034,0.005923999842965045,0.3354423715804805,1802747.75,⚠️ VOLATILE (small + risky)
Vredestein_Coche_Budget_0070,0.013910634597175467,0.43371129131253555,3763469.75,⚠️ VOLATILE (small + risky)
Vredestein_Coche_Budget_0074,0.12708488957814718,0.4274183957687848,14205284.79,🔥 CRITICAL (big + risky)
Vredestein_Coche_Eco_0073,0.00808058242690452,0.321059627426427,6827999.69,⚠️ VOLATILE (small + risky)
Vredestein_Coche_Performance_0045,0.02340032592877988,0.2654521804748544,15914290.38,low
Vredestein_Coche_Performance_0053,0.08036105043870169,0.31936490301418385,39578982.14,🔥 CRITICAL (big + risky)
Vredestein_Coche_Touring_0015,0.02202500159247126,0.305714390409884,8856896.36,low
Vredestein_Coche_Touring_0027,0.006623840418159412,0.36866049768484804,4620172.21,⚠️ VOLATILE (small + risky)
Vredestein_Coche_Touring_0052,0.018461967945717687,0.3399879177162011,8372397.52,⚠️ VOLATILE (small + risky)
Vredestein_Furgoneta_Reforzado_0000,0.011226887896033235,0.24862364419919677,8050604.17,low
Vredestein_Furgoneta_Reforzado_0032,0.013601071497040835,0.3020305960561491,11079506.82,low
Vredestein_Furgoneta_Reforzado_0065,0.05796740937294534,0.34975222221848584,17586936.97,⚠️ VOLATILE (small + risky)
Vredestein_Furgoneta_Standard_0051,0.00816129138185738,0.27552673223119617,3907541.22,low
Vredestein_Furgoneta_Standard_0059,0.018907358780355703,0.30292509385379984,10188193.35,low
Vredestein_Industrial_Construcción Pesada_0015,0.06490907793275297,0.2600641081140261,29409266.38,🟢 CORE (big + stable)
Vredestein_Industrial_Construcción Pesada_0046,0.0679984131575097,0.28190455127326147,32483573.1,🟢 CORE (big + stable)
Vredestein_Industrial_Manipulación Ligera_0027,0.05238517543357678,0.3148145314629327,20355109.6,⚠️ VOLATILE (small + risky)
Vredestein_Industrial_Manipulación Ligera_0035,0.0725495147146877,0.3123761076572237,24443341.71,🔥 CRITICAL (big + risky)
Vredestein_Industrial_Manipulación Ligera_0039,0.053768468688211446,0.3096207799668124,18580181.18,low
Vredestein_Industrial_Manipulación Ligera_0073,0.042353608256415355,0.2986980603858593,16848633.84,low
Vredestein_Industrial_Portuario/Especial_0014,0.016864978529816266,0.2748901447509007,966733.6900000001,low
Vredestein_Industrial_Portuario/Especial_0021,0.05604962585693383,0.22709341462579682,1986299.16,low
Vredestein_Industrial_Portuario/Especial_0027,0.059372006003846754,0.27024080778559945,1511005.02,🟢 CORE (big + stable)
Vredestein_Industrial_Portuario/Especial_0063,0.07970446735384157,0.2558953345430044,1894285.21,🟢 CORE (big + stable)
Vredestein_SUV / 4x4_All Terrain (A/T)_0022,0.17211255896250655,0.3224040240287006,33049142.28,🔥 CRITICAL (big + risky)
Vredestein_SUV / 4x4_All Terrain (A/T)_0029,0.16868654775450878,0.3383966324795456,32341253.95,🔥 CRITICAL (big + risky)
Vredestein_SUV / 4x4_Highway Terrain (H/T)_0033,0.07179651441268045,0.37243730364216177,19767156.64,🔥 CRITICAL (big + risky)
Vredestein_SUV / 4x4_Highway Terrain (H/T)_0043,0.012919648640028451,0.3720785919206112,6204805.62,⚠️ VOLATILE (small + risky)
Vredestein_SUV / 4x4_Mud Terrain (M/T)_0047,0.004206700994416532,0.267887883679475,6410883.56,low
Vredestein_SUV / 4x4_Mud Terrain (M/T)_0060,0.04365244366949575,0.2661471105923325,26688651.07,low
Wanli_Agrícola_Implementos_0008,0.00670085417487805,0.2946739484444408,13370878.13,low
Wanli_Agrícola_Implementos_0022,0.04760734929869287,0.27456917096470107,31130945.94,low
Wanli_Agrícola_Implementos_0025,0.04900898101559622,0.3624739863101087,32186534.01,⚠️ VOLATILE (small + risky)
Wanli_Agrícola_Implementos_0061,0.016872294565132836,0.29124070944518804,20266992.7,low
Wanli_Agrícola_Implementos_0063,0.008052101923079346,0.28802473462930395,16043875.54,low
Wanli_Agrícola_Implementos_0065,0.06303500460004484,0.30946857802564726,41321925.22,🟢 CORE (big + stable)
Wanli_Agrícola_Premium Radial_0006,0.0676241122265129,0.2753219338703722,30341689.12,🟢 CORE (big + stable)
Wanli_Agrícola_Premium Radial_0052,0.022561223845250625,0.266615513089901,12900854.48,low
Wanli_Agrícola_Premium Radial_0071,0.048669523266936895,0.27636902260326257,24141205.69,low
Wanli_Agrícola_Premium Radial_0074,0.09845235199494021,0.25726261917434007,23677633.37,🟢 CORE (big + stable)
Wanli_Agrícola_Tractor_0015,0.1160165420734764,0.24734796708118673,39786843.58,🟢 CORE (big + stable)
Wanli_Agrícola_Tractor_0043,0.08061564669838332,0.2525943197925777,52245279.410000004,🟢 CORE (big + stable)
Wanli_Agrícola_Tractor_0079,0.032618866752033494,0.2711329618437706,22308942.32,low
Wanli_Camión_Obras / Mixto_0002,0.008971910061527715,0.24114130326029812,12747768.33,low
Wanli_Camión_Obras / Mixto_0060,0.05183887787966989,0.2884999922110847,28739262.68,low
Wanli_Camión_Obras / Mixto_0070,0.007358261543881314,0.26256416759268697,10459630.11,low
Wanli_Camión_Regional_0017,0.03388739256821572,0.2925636251560396,19542043.24,low
Wanli_Coche_Budget_0027,0.019244183198138715,0.4868379117159533,4511324.53,⚠️ VOLATILE (small + risky)
Wanli_Coche_Eco_0001,0.010597515549800292,0.3271408222824908,8588257.0,⚠️ VOLATILE (small + risky)
Wanli_Coche_Eco_0079,0.04187104687556127,0.3220695328413753,15366584.73,⚠️ VOLATILE (small + risky)
Wanli_Coche_Performance_0072,0.043620983537122564,0.3043788417304879,21473783.81,low
Wanli_Coche_Touring_0004,0.037450674490490644,0.3589444733393591,9941219.14,⚠️ VOLATILE (small + risky)
Wanli_Coche_Touring_0013,0.27863979105870346,0.35809244494405135,12282770.46,🔥 CRITICAL (big + risky)
Wanli_Furgoneta_Reforzado_0011,0.04418325317134837,0.23698669241595388,15487859.27,low
Wanli_Furgoneta_Reforzado_0059,0.10381763198093345,0.296456030761074,20665068.87,🟢 CORE (big + stable)
Wanli_Furgoneta_Reforzado_0077,0.023793614966759427,0.28068676920166713,10197732.74,low
Wanli_Furgoneta_Standard_0017,0.019553460633303224,0.34652902157330334,10461492.71,⚠️ VOLATILE (small + risky)
Wanli_Furgoneta_Standard_0025,0.0841025655803972,0.3273113303173504,15328059.87,🔥 CRITICAL (big + risky)
Wanli_Industrial_Construcción Pesada_0042,0.03318814779162158,0.2562177336050398,14564856.56,low
Wanli_Industrial_Manipulación Ligera_0018,0.07161026799168141,0.30686596643807323,24149157.75,🟢 CORE (big + stable)
Wanli_Industrial_Manipulación Ligera_0060,0.01656374061141876,0.2912371906613825,14496620.72,low
Wanli_SUV / 4x4_All Terrain (A/T)_0050,0.07727043278364396,0.28799301106243874,31542812.19,🟢 CORE (big + stable)
Wanli_SUV / 4x4_All Terrain (A/T)_0055,0.01620198824551732,0.3120154442470829,13501508.12,⚠️ VOLATILE (small + risky)
Wanli_SUV / 4x4_Highway Terrain (H/T)_0008,0.2478286477045647,0.28520886053448474,16933278.74,🟢 CORE (big + stable)
Wanli_SUV / 4x4_Highway Terrain (H/T)_0010,0.05061398746587774,0.3122335221390937,16764309.870000001,⚠️ VOLATILE (small + risky)
Wanli_SUV / 4x4_Highway Terrain (H/T)_0034,0.00546376282602855,0.29093635863416045,3696532.5,low
Wanli_SUV / 4x4_Highway Terrain (H/T)_0038,0.0599704466651037,0.2923372411816718,17858104.11,🟢 CORE (big + stable)
Wanli_SUV / 4x4_Highway Terrain (H/T)_0044,0.07296141911608457,0.35608820815802666,19901695.35,🔥 CRITICAL (big + risky)
Wanli_SUV / 4x4_Highway Terrain (H/T)_0057,0.011871035763364648,0.3761640117484204,8039457.82,⚠️ VOLATILE (small + risky)
Wanli_SUV / 4x4_Mud Terrain (M/T)_0033,0.012121752171228729,0.21765004082266837,16938184.79,low
Wanli_SUV / 4x4_Mud Terrain (M/T)_0074,0.0073760766767762605,0.2987376699299707,11250977.07,low
Westlake_Agrícola_Implementos_0026,0.006429826655790909,0.3171423762932142,10452326.26,⚠️ VOLATILE (small + risky)
Westlake_Agrícola_Premium Radial_0024,0.07113441393452782,0.26370475269956906,35297087.58,🟢 CORE (big + stable)
Westlake_Agrícola_Premium Radial_0043,0.06654618929589852,0.2665285088578133,29748565.59,🟢 CORE (big + stable)
Westlake_Agrícola_Tractor_0011,0.010607370554011009,0.29022325382671615,17105850.8,low
Westlake_Agrícola_Tractor_0034,0.1080032360963738,0.25110177968611036,36943120.71,🟢 CORE (big + stable)
Westlake_Camión_Long Haul_0039,0.07272455338166857,0.2444760616223392,47272366.03,🟢 CORE (big + stable)
Westlake_Camión_Long Haul_0054,0.030996260058968474,0.2823526917396774,21649021.73,low
Westlake_Camión_Obras / Mixto_0025,0.01755422224664624,0.2597192920383005,19503640.91,low
Westlake_Camión_Obras / Mixto_0035,0.023702531955616765,0.2411493203021255,22470722.34,low
Westlake_Coche_Budget_0022,0.08020768467939746,0.4114812251710132,9848845.88,🔥 CRITICAL (big + risky)
Westlake_Coche_Budget_0075,0.03642704126696294,0.4319389321360676,6652991.13,⚠️ VOLATILE (small + risky)
Westlake_Coche_Budget_0076,0.03569667997440226,0.5256519190083104,5495605.43,⚠️ VOLATILE (small + risky)
Westlake_Coche_Performance_0061,0.024707747679039424,0.2400841903685684,17558758.15,low
Westlake_Coche_Touring_0042,0.35288115184559815,0.3260549753355249,15534426.33,🔥 CRITICAL (big + risky)
Westlake_Furgoneta_Reforzado_0002,0.04902612043176911,0.30411226891728826,11701887.99,low
Westlake_Furgoneta_Reforzado_0078,0.08637428688315146,0.2970827125660132,24978904.77,🟢 CORE (big + stable)
Westlake_Furgoneta_Standard_0007,0.05613226264296229,0.3107584021557811,15027984.83,⚠️ VOLATILE (small + risky)
Westlake_Industrial_Manipulación Ligera_0038,0.07218523115463513,0.2780387061890997,25279536.080000002,🟢 CORE (big + stable)
Westlake_Industrial_Manipulación Ligera_0049,0.030536489427439282,0.3059809209541327,16829101.63,low
Westlake_Industrial_Portuario/Especial_0038,0.10723447355759617,0.25560981202287214,3795387.02,🟢 CORE (big + stable)
Westlake_Industrial_Portuario/Especial_0046,0.05237939646861569,0.2234734084567015,1349164.8,low
Westlake_SUV / 4x4_All Terrain (A/T)_0015,0.006885981761303299,0.2992508806387459,7264451.63,low
Westlake_SUV / 4x4_Highway Terrain (H/T)_0006,0.012526602901174331,0.37092294222239025,9088890.07,⚠️ VOLATILE (small + risky)
Westlake_SUV / 4x4_Highway Terrain (H/T)_0050,0.07206864981904537,0.3434418573520474,21498924.36,🔥 CRITICAL (big + risky)
Westlake_SUV / 4x4_Highway Terrain (H/T)_0070,0.07666059968894576,0.33876209050763045,22834680.21,🔥 CRITICAL (big + risky)
Westlake_SUV / 4x4_Highway Terrain (H/T)_0071,0.010131447451266202,0.351617412303909,7524291.72,⚠️ VOLATILE (small + risky)
Westlake_SUV / 4x4_Mud Terrain (M/T)_0032,0.036895410369592235,0.24506553824601912,22843997.61,low
Westlake_SUV / 4x4_Mud Terrain (M/T)_0062,0.03883090462708263,0.29859650083287387,24026685.64,low
Westlake_SUV / 4x4_Mud Terrain (M/T)_0072,0.03989485755575351,0.2226887631101645,24372197.16,low
Yokohama_Agrícola_Implementos_0039,0.039920523477876196,0.2923090019969885,26331929.6,low
Yokohama_Agrícola_Implementos_0041,0.028267698001209044,0.3067040310692861,22600175.5,low
Yokohama_Agrícola_Premium Radial_0068,0.08384426841923784,0.2907235445054149,41585130.96,🟢 CORE (big + stable)
Yokohama_Agrícola_Tractor_0035,0.056563006666005,0.2633568652634838,36564503.94,low
Yokohama_Camión_Long Haul_0002,0.02141372527793208,0.2243688927093174,16670626.15,low
Yokohama_Camión_Long Haul_0004,0.0786037113580966,0.2203968814048995,27912516.11,🟢 CORE (big + stable)
Yokohama_Camión_Long Haul_0022,0.04370384979469721,0.26590023391589834,28743829.580000002,low
Yokohama_Camión_Long Haul_0042,0.12676830900309155,0.22023421362791726,39595947.0,🟢 CORE (big + stable)
Yokohama_Camión_Obras / Mixto_0051,0.010893825130734813,0.2746573738064953,15503874.18,low
Yokohama_Camión_Obras / Mixto_0063,0.015969547936452663,0.27862994028573296,12485532.55,low
Yokohama_Camión_Obras / Mixto_0067,0.052365139206980826,0.22479878687065713,29941983.35,low
Yokohama_Camión_Regional_0003,0.06755333506286085,0.278719910064077,35324002.31,🟢 CORE (big + stable)
Yokohama_Camión_Regional_0013,0.07867246710620127,0.2897780450428626,24486910.16,🟢 CORE (big + stable)
Yokohama_Camión_Regional_0018,0.05972520822185875,0.2552354175783955,26037314.68,🟢 CORE (big + stable)
Yokohama_Camión_Regional_0037,0.02008040441623452,0.2793045957772525,15383360.08,low
Yokohama_Camión_Regional_0058,0.07638496775040331,0.2945738232550232,24210471.73,🟢 CORE (big + stable)
Yokohama_Coche_Budget_0021,0.06851474838200201,0.4417619150578571,7679747.66,🔥 CRITICAL (big + risky)
Yokohama_Coche_Budget_0026,0.012106747132923782,0.34358919054610954,3304482.6,⚠️ VOLATILE (small + risky)
Yokohama_Coche_Budget_0031,0.03668007412089661,0.46188556066318937,6750465.16,⚠️ VOLATILE (small + risky)
Yokohama_Coche_Budget_0039,0.11005966224700378,0.33505446703751574,13529944.97,🔥 CRITICAL (big + risky)
Yokohama_Coche_Budget_0050,0.03387521019620379,0.3785078875068156,6103182.44,⚠️ VOLATILE (small + risky)
Yokohama_Coche_Eco_0039,0.007087663356198065,0.2553049228339016,6479838.32,low
Yokohama_Coche_Performance_0027,0.04844220839036628,0.2971071150290072,26674716.48,low
Yokohama_Coche_Performance_0029,0.029082377558711018,0.24846326446207162,18798907.65,low
Yokohama_Coche_Performance_0047,0.051079853806895704,0.2886625447641917,25092494.5,low
Yokohama_Coche_Performance_0054,0.035867241865356884,0.28048683139150693,20298695.12,low
Yokohama_Coche_Performance_0069,0.05781123295692076,0.24604219281106665,28375130.17,low
Yokohama_Furgoneta_Reforzado_0060,0.062092832903776124,0.30097886221455517,18198338.37,🟢 CORE (big + stable)
Yokohama_Furgoneta_Standard_0076,0.0498889378321486,0.2865349099044159,10033759.32,low
Yokohama_Furgoneta_Standard_0077,0.07574527346729895,0.3041114413310449,13814703.39,🟢 CORE (big + stable)
Yokohama_Industrial_Construcción Pesada_0000,0.06179251814460055,0.2644710576056977,29579922.11,🟢 CORE (big + stable)
Yokohama_Industrial_Construcción Pesada_0027,0.00596762865945429,0.2674724296247372,6747213.88,low
Yokohama_Industrial_Construcción Pesada_0052,0.011105675677064272,0.25473909234240066,12532015.96,low
Yokohama_Industrial_Manipulación Ligera_0030,0.05709156267593764,0.2745506383201501,21370698.78,low
Yokohama_Industrial_Manipulación Ligera_0045,0.0091272105577949,0.2770247347186809,7643603.6,low
Yokohama_Industrial_Manipulación Ligera_0061,0.028813708925811796,0.3149947007630726,18137041.23,⚠️ VOLATILE (small + risky)
Yokohama_Industrial_Portuario/Especial_0000,0.08310133079765986,0.2758598397634953,2113165.42,🟢 CORE (big + stable)
Yokohama_Industrial_Portuario/Especial_0024,0.009115748276860037,0.26001925459171255,801858.25,low
Yokohama_Industrial_Portuario/Especial_0049,0.10431351312081122,0.2540784485048756,2479049.98,🟢 CORE (big + stable)
Yokohama_Industrial_Portuario/Especial_0051,0.09594146337142898,0.29684083360983143,2282782.8,🟢 CORE (big + stable)
Yokohama_Industrial_Portuario/Especial_0066,0.14600402932668072,0.21117097313286584,3715112.09,🟢 CORE (big + stable)
Yokohama_Industrial_Portuario/Especial_0067,0.043651349020322736,0.2541278188573898,1546693.75,low
Yokohama_SUV / 4x4_All Terrain (A/T)_0030,0.0782752429585639,0.25979198758717076,33158457.51,🟢 CORE (big + stable)
Yokohama_SUV / 4x4_All Terrain (A/T)_0036,0.01589183514997731,0.34107859806660745,13671891.28,⚠️ VOLATILE (small + risky)
Yokohama_SUV / 4x4_All Terrain (A/T)_0047,0.0072079852121511795,0.26899418524904906,7603038.79,low
Yokohama_SUV / 4x4_Highway Terrain (H/T)_0017,0.04440230104226238,0.3440228944418846,7209480.97,⚠️ VOLATILE (small + risky)
Yokohama_SUV / 4x4_Highway Terrain (H/T)_0023,0.0770487838009241,0.306828120312011,15796998.48,🟢 CORE (big + stable)
Yokohama_SUV / 4x4_Highway Terrain (H/T)_0035,0.027668846017035065,0.3247088862931497,11628626.86,⚠️ VOLATILE (small + risky)
Yokohama_SUV / 4x4_Highway Terrain (H/T)_0046,0.1401374455888334,0.31906257517860737,27095773.42,🔥 CRITICAL (big + risky)
Yokohama_SUV / 4x4_Highway Terrain (H/T)_0051,0.007378665003259108,0.3682537517201902,5478849.62,⚠️ VOLATILE (small + risky)
Yokohama_SUV / 4x4_Mud Terrain (M/T)_0006,0.07495353437785986,0.2921328257889339,45967249.18,🟢 CORE (big + stable)
Yokohama_SUV / 4x4_Mud Terrain (M/T)_0039,0.04873892181875977,0.2682095559245839,29841956.88,low
Yokohama_SUV / 4x4_Mud Terrain (M/T)_0073,0.041579680579604,0.2916586484333489,24043914.32,low
